	T-175-F	T-176-F	L-177-F	K-178-F	D-179-F	L-180-F	I-181-F	Y-182-F	D-183-F	M-184-F	T-185-F	T-186-F	S-187-F	G-188-F	S-189-F	G-190-F	S-191-F	G-192-F	L-193-F	P-194-F	L-195-F	L-196-F	V-197-F	Q-198-F	R-199-F	T-200-F	I-201-F	A-202-F	R-203-F	T-204-F	I-205-F	V-206-F	L-207-F	Q-208-F	E-209-F	S-210-F	I-211-F	G-212-F	K-213-F	G-214-F	R-215-F	F-216-F	G-217-F	E-218-F	V-219-F	W-220-F	R-221-F	G-222-F	K-223-F	W-224-F	R-225-F	G-226-F	E-227-F	E-228-F	V-229-F	A-230-F	V-231-F	K-232-F	I-233-F	F-234-F	S-235-F	S-236-F	R-237-F	E-238-F	E-239-F	R-240-F	S-241-F	W-242-F	F-243-F	R-244-F	E-245-F	A-246-F	E-247-F	I-248-F	Y-249-F	Q-250-F	T-251-F	V-252-F	M-253-F	L-254-F	R-255-F	H-256-F	E-257-F	N-258-F	I-259-F	L-260-F	G-261-F	F-262-F	I-263-F	A-264-F	A-265-F	D-266-F	N-267-F	K-268-F	D-269-F	N-270-F	G-271-F	T-272-F	W-273-F	T-274-F	Q-275-F	L-276-F	W-277-F	L-278-F	V-279-F	S-280-F	D-281-F	Y-282-F	H-283-F	E-284-F	H-285-F	G-286-F	S-287-F	L-288-F	F-289-F	D-290-F	Y-291-F	L-292-F	N-293-F	R-294-F	Y-295-F	T-296-F	V-297-F	T-298-F	V-299-F	E-300-F	G-301-F	M-302-F	I-303-F	K-304-F	L-305-F	A-306-F	L-307-F	S-308-F	T-309-F	A-310-F	S-311-F	G-312-F	L-313-F	A-314-F	H-315-F	L-316-F	H-317-F	M-318-F	E-319-F	I-320-F	V-321-F	G-322-F	T-323-F	Q-324-F	G-325-F	K-326-F	P-327-F	A-328-F	I-329-F	A-330-F	H-331-F	R-332-F	D-333-F	L-334-F	K-335-F	S-336-F	K-337-F	N-338-F	I-339-F	L-340-F	V-341-F	K-342-F	K-343-F	N-344-F	G-345-F	T-346-F	C-347-F	C-348-F	I-349-F	A-350-F	D-351-F	L-352-F	G-353-F	L-354-F	A-355-F	V-356-F	R-357-F	H-358-F	D-359-F	S-360-F	A-361-F	T-362-F	D-363-F	T-364-F	I-365-F	D-366-F	I-367-F	A-368-F	P-369-F	N-370-F	H-371-F	R-372-F	V-373-F	G-374-F	T-375-F	K-376-F	R-377-F	Y-378-F	M-379-F	A-380-F	P-381-F	E-382-F	V-383-F	L-384-F	D-385-F	D-386-F	S-387-F	I-388-F	N-389-F	M-390-F	K-391-F	H-392-F	F-393-F	E-394-F	S-395-F	F-396-F	K-397-F	R-398-F	A-399-F	D-400-F	I-401-F	Y-402-F	A-403-F	M-404-F	G-405-F	L-406-F	V-407-F	F-408-F	W-409-F	E-410-F	I-411-F	A-412-F	R-413-F	R-414-F	C-415-F	S-416-F	I-417-F	G-418-F	G-419-F	I-420-F	H-421-F	E-422-F	D-423-F	Y-424-F	Q-425-F	L-426-F	P-427-F	Y-428-F	Y-429-F	D-430-F	L-431-F	V-432-F	P-433-F	S-434-F	D-435-F	P-436-F	S-437-F	V-438-F	E-439-F	E-440-F	M-441-F	R-442-F	K-443-F	V-444-F	V-445-F	C-446-F	E-447-F	Q-448-F	K-449-F	L-450-F	R-451-F	P-452-F	N-453-F	I-454-F	P-455-F	N-456-F	R-457-F	W-458-F	Q-459-F	S-460-F	C-461-F	E-462-F	A-463-F	L-464-F	R-465-F	V-466-F	M-467-F	A-468-F	K-469-F	I-470-F	M-471-F	R-472-F	E-473-F	C-474-F	W-475-F	Y-476-F	A-477-F	N-478-F	G-479-F	A-480-F	A-481-F	R-482-F	L-483-F	T-484-F	A-485-F	L-486-F	R-487-F	I-488-F	K-489-F	K-490-F	T-491-F	L-492-F	S-493-F	Q-494-F	L-495-F	S-496-F	Q-497-F	Q-498-F	E-499-F	G-500-F
G-1-E	37.13567	36.006184	32.88302	34.834644	35.563126	31.913969	31.080065	33.7476	32.7513	29.145697	30.395313	29.778593	30.84307	27.934883	27.267357	27.9424	30.43044	28.598402	26.156004	23.291157	19.83831	18.38669	21.87226	22.182741	19.759054	21.348972	24.69071	23.927597	22.555494	25.560469	28.152117	30.656353	31.973581	35.778927	37.48366	37.089317	39.04478	39.11162	37.826744	37.89143	37.277752	33.70981	32.47465	33.668888	34.33059	34.21661	35.79131	33.3632	33.62854	31.409943	32.901413	36.1398	36.118565	36.573956	34.063572	33.670486	30.745386	30.767086	28.617529	28.403557	28.419044	26.355192	29.062847	28.998587	25.293499	26.89645	29.380743	26.830795	24.785177	27.872923	29.425583	26.36741	25.892561	29.51574	29.662485	26.672245	27.980122	31.603312	33.06182	34.905006	36.52986	40.067383	42.317158	42.86471	39.295555	37.20029	35.084877	31.356226	29.123064	25.56642	23.636396	20.894993	18.892815	18.86115	17.743168	18.337639	17.683584	21.435993	22.120998	20.64446	22.789408	23.431784	25.007544	27.30856	28.86573	32.13743	35.504696	37.7157	41.21838	43.011517	45.51798	43.07135	43.99395	47.286533	47.909615	47.730453	49.662807	52.447098	52.778545	53.22934	55.384506	58.12129	57.98264	60.310577	61.23412	59.32633	56.410503	56.42308	56.410458	53.57887	51.45945	52.376682	52.245396	48.75464	47.513577	48.97907	47.472282	43.990204	44.44822	46.092827	43.1648	40.68586	42.967075	43.39243	41.705647	41.54447	41.26138	39.358322	36.1687	36.605564	37.564716	36.75082	37.262886	39.69607	38.432068	40.26763	39.654926	40.842674	41.18289	43.495903	45.389904	46.673912	43.609085	41.275833	43.09944	42.743855	45.576447	45.05441	47.38148	49.390495	50.583225	48.407112	45.842175	42.397438	40.9305	37.818848	35.618477	34.44073	32.66191	35.008755	35.64665	35.982548	35.53467	38.008793	36.59504	39.926975	38.17265	38.090897	40.629967	38.03211	37.450127	33.87137	34.27322	31.379314	31.457293	32.41899	34.583763	36.236183	39.153866	41.53584	43.63064	46.700905	49.56026	48.35654	47.850307	50.067677	52.717674	50.97124	47.84793	49.886097	51.698154	48.746857	50.65908	48.285885	47.28805	43.510464	43.47841	45.292213	43.49081	46.812305	47.10888	44.218178	45.714825	49.06414	47.634136	46.20112	49.67927	51.29489	48.980083	49.51441	53.19175	52.87164	51.06649	54.02225	56.286427	54.446655	54.870823	58.519855	59.40784	58.652874	60.545044	63.205223	66.4257	69.16014	67.57371	67.21999	63.908226	62.245514	59.87364	56.269836	55.53075	52.880527	54.176773	56.234795	56.399574	59.968952	59.59981	56.452785	54.94189	52.031563	48.762623	50.52493	49.49675	49.32516	52.623104	54.43291	53.352615	54.35305	57.862843	58.48364	56.8997	57.508575	60.493057	62.378956	61.096294	61.09965	59.440205	59.27106	62.726162	63.73689	66.573555	69.74024	69.833496	66.835846	69.20944	71.31911	68.72654	67.36781	63.760155	63.417797	65.29145	62.715694	59.904377	61.81635	62.34817	58.615482	57.837273	60.217003	58.785995	55.3915	56.7118	58.266266	57.30204	56.87688	53.59552	55.01231	57.85366	55.590485	55.192127	52.194912	49.976074	51.089954	54.714523	54.406044	52.820015	55.88303	58.70335	57.122765	57.082714	60.759056	61.518394	59.653008	61.81396	65.04651	64.42713	62.958084
V-2-E	35.67789	34.848305	31.879875	33.75396	34.10327	30.410172	29.75247	32.15262	30.818647	27.245924	28.60386	27.763245	28.929869	26.300364	25.828915	26.985943	29.649595	27.809341	25.090643	21.944141	18.821327	17.181051	20.680845	21.587198	19.480581	20.634867	24.172146	23.981369	22.72575	25.394022	28.241858	30.987608	32.655834	36.45546	38.42092	38.27731	40.083733	40.391956	39.4191	39.47024	39.081573	35.40962	34.17274	35.14325	35.419956	35.126305	36.355614	33.715874	33.60198	31.042503	32.24479	35.659416	35.622383	36.42754	34.05588	34.021988	31.390574	31.745586	29.958529	30.020115	30.46155	28.673864	31.329485	30.869911	27.129257	28.539555	30.75752	28.04739	25.882544	28.756598	30.069134	26.764353	26.20091	29.641844	29.49863	26.27996	27.518576	31.091368	32.242393	34.3239	35.754906	39.40463	41.74497	42.589172	39.137024	37.177498	34.771423	31.12271	28.714924	25.374376	23.943516	21.51063	20.117504	20.270706	19.798176	20.551758	20.412601	24.145973	24.67024	22.917103	24.604109	24.905603	25.98617	27.938911	29.101192	32.16658	35.363922	37.793877	41.366325	43.34638	45.94508	43.68375	44.69045	47.903038	48.811752	48.637012	50.320084	53.18532	53.739582	54.050774	56.00954	58.691574	58.33606	60.47578	61.315166	59.214977	56.43827	56.58057	56.359528	53.42645	51.538628	52.476482	52.080116	48.55893	47.57087	48.931095	47.159546	43.800446	44.446682	45.853653	42.742275	40.50371	42.833363	42.936638	41.073273	40.59221	40.062256	37.875088	34.546265	35.15277	36.384438	35.940636	36.74362	39.436234	38.47834	40.62034	40.195965	41.697132	42.165134	44.265263	46.284363	47.513554	44.58386	42.053352	43.600594	43.122997	45.782978	45.00939	47.26182	49.083527	50.49412	48.257668	45.864452	42.39987	41.15349	38.246662	36.33861	35.038383	33.62508	36.02009	36.28406	36.49942	35.68681	37.988636	36.34783	39.5222	37.55839	37.786655	40.516396	38.187668	37.81507	34.329334	35.10828	32.453175	32.955193	34.11928	36.569252	37.998566	40.7015	42.89194	45.077625	48.248	50.980843	49.53187	49.073254	51.12745	53.886406	52.087437	49.09979	51.33737	53.170822	50.1714	51.876717	49.30837	48.161884	44.372665	44.11878	45.722706	43.788914	47.06646	47.662434	44.792477	46.05442	49.533592	48.356647	46.78075	50.131588	51.99243	49.7598	50.045383	53.774586	53.68421	51.753986	54.531734	56.992344	55.246605	55.44003	59.04732	60.14806	59.308533	60.996075	63.67325	66.77726	69.53821	68.12786	67.87261	64.63786	63.16799	60.937958	57.319798	56.717415	54.106293	55.35538	57.59429	57.860214	61.484806	61.187363	58.164005	56.81986	53.87108	50.65072	52.37267	51.446556	51.133823	54.523838	56.285915	54.983932	55.964035	59.54305	60.014755	58.250088	58.87863	61.993378	63.82785	62.345684	62.340508	60.52666	60.340088	63.741127	64.54105	67.37147	70.43766	70.425255	67.317894	69.60128	71.61722	68.91868	67.41586	63.812485	63.693047	65.53765	62.824596	60.160393	62.247124	62.660034	58.885773	58.34727	60.77859	59.18222	55.897625	57.443825	58.98443	58.197746	57.59544	54.201466	55.40149	58.21676	55.94892	55.336926	52.18988	49.930195	50.769062	54.46015	54.30769	52.51811	55.436634	58.411022	56.88077	56.593163	60.248817	61.189114	59.233093	61.19632	64.53895	64.00624	62.37193
Q-3-E	37.49576	36.914883	34.07205	35.787643	35.823357	32.144936	31.548681	33.625008	32.024075	28.489864	29.77329	28.53697	29.553137	27.148548	27.115646	28.689852	31.594503	29.937223	27.132362	23.733694	20.926426	19.38613	22.866638	24.15666	22.369938	23.270103	26.874052	27.023203	25.876186	28.324938	31.296978	34.1539	35.985996	39.76824	41.836796	41.772842	43.4836	43.840492	42.95423	42.912807	42.510365	38.806057	37.685642	38.661377	38.806664	38.49987	39.581417	36.865536	36.549343	33.793064	34.785686	38.30269	38.241623	39.260563	36.954468	37.08741	34.61725	35.054768	33.434273	33.48748	34.02987	32.20478	34.726604	34.162285	30.39815	31.55261	33.779793	31.15436	28.778244	31.42017	32.78289	29.43029	28.581617	31.878271	31.742897	28.331549	29.254402	32.826145	33.88792	36.257614	37.671936	41.39099	43.886837	44.878136	41.501286	39.74752	37.215023	33.631615	31.234364	28.06604	26.889572	24.720419	23.563702	23.886051	23.538275	24.32435	24.150475	27.899664	28.442133	26.640205	28.259922	28.385958	29.328703	31.055317	32.074535	34.963894	38.06859	40.667694	44.242115	46.366226	48.962574	46.76566	47.727512	50.84725	51.89974	51.815872	53.37587	56.226643	56.925873	57.229115	59.06236	61.66624	61.161087	63.17042	63.88512	61.685238	59.033978	59.182045	58.778027	55.83843	54.09254	54.937763	54.34705	50.859703	49.984154	51.159565	49.235527	45.993134	46.63912	47.803303	44.610973	42.48651	44.69118	44.53687	42.422024	41.77312	40.91185	38.532158	35.191307	36.143044	37.456924	37.293392	38.15611	41.066986	40.414616	42.760742	42.601128	44.211277	44.89783	46.960297	49.140324	50.45441	47.64262	44.96965	46.404877	45.96667	48.560448	47.688473	49.943535	51.59101	53.09727	50.75853	48.43246	44.924385	43.726654	40.98322	39.178223	37.6675	36.399155	38.646378	38.664845	38.606358	37.504135	39.5315	37.58608	40.5606	38.30126	38.592537	41.555054	39.464508	39.427536	36.09037	37.172832	34.75567	35.43031	36.875027	39.46275	40.939217	43.508945	45.705837	48.04523	51.182144	53.924107	52.33827	51.760586	53.643055	56.361908	54.404625	51.547314	53.929607	55.62909	52.512634	54.036705	51.42118	50.04679	46.280186	45.74895	47.34529	45.49399	48.81962	49.608356	46.881516	48.099865	51.636562	50.662453	49.142685	52.428326	54.42721	52.349453	52.565968	56.301956	56.39428	54.491924	57.168915	59.73807	58.129196	58.24361	61.793823	63.037148	62.233257	63.798164	66.53358	69.55574	72.37174	71.08328	70.8249	67.61078	66.22098	64.09604	60.455112	59.84312	57.185093	58.31042	60.584095	60.98646	64.604614	64.23859	61.274693	60.04971	57.156036	53.900154	55.497414	54.490704	54.010532	57.388817	59.24935	57.865944	58.704773	62.332813	62.83286	60.938564	61.441807	64.60057	66.51419	64.940636	65.05337	63.236084	63.154285	66.56113	67.26584	70.15379	73.13631	73.13967	69.95113	72.119286	74.13835	71.42147	69.77605	66.21333	66.217094	67.95828	65.12906	62.592503	64.73416	64.98472	61.18606	60.806942	63.172794	61.407585	58.214474	59.859882	61.267567	60.493538	59.696636	56.272408	57.271046	60.162495	58.013874	57.34581	54.10309	51.944492	52.587055	56.30543	56.36567	54.506798	57.278183	60.37486	58.986897	58.548424	62.15072	63.280678	61.342854	63.150166	66.5602	66.17146	64.46423
V-4-E	36.139626	35.92184	33.337257	35.075703	34.721153	31.04649	30.780565	32.6144	30.641775	27.27879	28.805435	27.511967	28.776575	26.779322	26.778446	28.741257	31.625603	29.847113	26.773731	23.31126	20.96512	19.114279	22.326841	24.165968	22.581383	22.919249	26.605314	27.276283	26.098263	28.122993	31.315073	34.248074	36.412178	40.126217	42.455776	42.688023	44.342422	44.981487	44.38961	44.459953	44.330467	40.583305	39.338406	40.021435	39.84371	39.275654	40.01396	37.090107	36.39351	33.382156	34.007034	37.64343	37.693314	39.06243	37.000416	37.509872	35.32145	36.120903	34.772114	35.162148	36.017723	34.502254	37.08554	36.260838	32.531155	33.687862	35.61487	32.797104	30.514631	33.04179	34.07139	30.545656	29.82542	32.91558	32.410496	28.941658	29.950752	33.3564	34.023716	36.471073	37.576126	41.335575	43.788536	45.086124	41.867733	40.149773	37.355553	33.91862	31.30461	28.402868	27.715128	25.735826	25.06643	25.312197	25.429907	26.14681	26.330385	30.042534	30.580923	28.709488	29.972294	29.981792	30.484194	31.989086	32.582687	35.295666	38.160446	40.838657	44.467815	46.65768	49.384247	47.42199	48.552383	51.629295	52.90985	52.726025	54.061565	57.023952	57.861614	57.96572	59.652172	62.252106	61.596897	63.44727	64.161476	61.78242	59.238457	59.578304	59.044697	55.983574	54.46572	55.419617	54.622704	51.097645	50.49836	51.66633	49.511707	46.39217	47.28805	48.293545	44.948177	43.10148	45.421333	45.008392	42.83863	41.858353	40.849724	38.201256	34.72245	35.708134	37.35648	37.554657	38.755947	41.825863	41.382893	43.940372	43.833057	45.71452	46.38574	48.20515	50.38628	51.543915	48.818165	46.059082	47.219078	46.574333	48.949398	47.802113	49.889023	51.417217	53.16244	50.870983	48.769894	45.32307	44.409836	41.836308	40.341263	38.876007	37.940643	40.313442	40.078777	40.053677	38.716015	40.65668	38.626232	41.457962	39.11176	39.7435	42.784367	40.922176	40.959435	37.69998	39.00848	36.73953	37.71809	39.17067	41.909546	43.13682	45.56431	47.540638	49.84685	53.094765	55.676525	53.929127	53.493317	55.29634	58.14382	56.236217	53.465107	55.95401	57.745865	54.663	56.064342	53.286488	51.88296	48.12398	47.49791	48.852875	46.82817	50.042244	51.06388	48.304585	49.26176	52.885155	52.089493	50.37866	53.52427	55.710228	53.637478	53.59751	57.36355	57.60035	55.532127	58.04149	60.757053	59.16009	59.03844	62.559986	63.95013	62.997967	64.38717	67.06627	69.98504	72.762184	71.607895	71.503784	68.39598	67.19723	65.16244	61.54878	61.128056	58.579224	59.74958	62.194595	62.596622	66.26819	66.041725	63.177784	62.03781	59.066734	55.90833	57.55821	56.718918	56.21637	59.679	61.41872	59.8692	60.77762	64.43067	64.75238	62.758163	63.360985	66.617775	68.4189	66.69252	66.71555	64.73124	64.54987	67.86947	68.38465	71.2022	74.110985	73.95941	70.709045	72.84168	74.71836	71.88086	70.16371	66.59323	66.805916	68.58442	65.67734	63.256157	65.57437	65.79163	61.980896	61.795696	64.259705	62.41551	59.31819	61.160015	62.629993	62.058105	61.179203	57.664673	58.51828	61.314877	59.102406	58.20834	54.862404	52.60334	53.00481	56.760674	56.88272	54.80964	57.459717	60.659267	59.243687	58.5671	62.15211	63.38763	61.311157	62.93401	66.43208	66.0493	64.156715
E-5-E	37.662445	37.613884	35.13189	36.599678	35.984184	32.410736	32.097847	33.555008	31.420404	28.138058	29.449974	27.737198	28.750515	27.00785	27.485458	29.801199	32.89816	31.40113	28.375378	24.738932	22.739498	21.19899	24.346651	26.40311	25.232574	25.492485	29.105274	30.017523	29.103989	30.985086	34.159115	37.236183	39.46367	43.147438	45.503643	45.743015	47.220478	47.85493	47.352898	47.258263	47.095898	43.317802	42.257618	42.989086	42.670433	42.174458	42.793343	39.877495	39.056606	35.909054	36.43185	40.091484	39.993797	41.495255	39.43956	40.046825	38.033745	38.846878	37.705444	38.030903	39.02376	37.479115	39.87357	38.886593	35.152275	36.003445	37.907387	35.21434	32.71352	34.956657	36.03466	32.515255	31.489904	34.382206	33.919674	30.311989	30.958647	34.30476	34.89657	37.617878	38.736485	42.52104	45.144978	46.550755	43.429688	41.978466	39.115017	35.776443	33.27837	30.580805	30.106947	28.460365	28.01301	28.548038	28.803366	29.723349	29.970621	33.66706	34.058483	32.019226	33.172955	32.913116	33.29327	34.514385	35.015865	37.499016	40.272865	43.139366	46.716747	49.08749	51.745396	49.82589	50.847885	53.787014	55.222878	55.186707	56.382175	59.287197	60.306805	60.441334	61.965244	64.44017	63.607727	65.304276	65.84706	63.38461	60.99746	61.304684	60.560932	57.531784	56.16272	56.97682	55.974873	52.521534	52.024025	52.96367	50.671852	47.700836	48.56434	49.297752	45.90418	44.182575	46.33802	45.660015	43.248077	42.115128	40.77691	37.97771	34.553905	35.893913	37.571625	38.042717	39.279587	42.537647	42.420727	45.171818	45.354244	47.34572	48.25929	50.025772	52.388256	53.65785	51.09215	48.173214	49.214954	48.660515	50.97606	49.77398	51.90268	53.208286	55.002655	52.57678	50.53042	47.04454	46.156063	43.78395	42.39634	40.69454	39.92548	42.115963	41.60872	41.2966	39.665905	41.302006	38.990402	41.5809	38.972588	39.690586	42.923283	41.33606	41.704136	38.636074	40.253185	38.26354	39.450687	41.18427	44.083744	45.315998	47.561996	49.514668	51.988235	55.190197	57.762253	55.851112	55.285923	56.881466	59.68263	57.617584	55.009937	57.658916	59.311543	56.123974	57.30993	54.473663	52.843746	49.133877	48.226727	49.53183	47.58922	50.81893	52.04848	49.45537	50.34803	54.01134	53.4475	51.803883	54.85701	57.187218	55.302864	55.188274	58.941425	59.390583	57.37391	59.75935	62.586575	61.169075	60.970524	64.40648	65.960884	65.07974	66.32512	69.08442	71.89943	74.752884	73.748375	73.6094	70.52256	69.41255	67.521484	63.883224	63.4325	60.8232	61.828804	64.310814	64.88763	68.54223	68.23362	65.459785	64.48591	61.59025	58.398785	59.88752	58.972748	58.26855	61.721313	63.55268	61.88822	62.638233	66.34045	66.67204	64.52288	64.99239	68.301186	70.172935	68.3312	68.48378	66.49373	66.43781	69.75476	70.1552	73.03969	75.83875	75.71949	72.38177	74.36658	76.25512	73.41875	71.53822	68.03373	68.37323	70.01313	66.98429	64.71723	67.07877	67.10391	63.281822	63.275875	65.65097	63.622444	60.64263	62.59056	63.90748	63.36438	62.273014	58.73677	59.363907	62.222206	60.14773	59.19594	55.766117	53.637356	53.830082	57.589214	57.947468	55.82625	58.301872	61.61378	60.37649	59.556103	63.059628	64.501144	62.480507	63.936226	67.4833	67.28163	65.34644
T-6-E	36.87725	37.203613	35.02288	36.500027	35.502125	31.997564	32.032776	33.221474	30.738617	27.718811	29.256826	27.534012	28.787638	27.504604	27.984951	30.60614	33.609093	32.010273	28.794022	25.212114	23.700298	21.926077	24.697374	27.188599	26.20504	25.953613	29.543362	30.897816	29.954327	31.415861	34.734444	37.820652	40.32132	43.90299	46.4776	46.98679	48.41801	49.30625	49.06328	49.085003	49.16704	45.376312	44.196175	44.661934	44.072163	43.337475	43.64394	40.565884	39.403877	36.067574	36.223606	39.944336	39.96809	41.78586	39.99126	40.938313	39.19362	40.32061	39.408073	40.025436	41.25817	39.979736	42.43494	41.25723	37.577568	38.45854	40.098988	37.25507	34.88209	37.03131	37.803883	34.178734	33.307182	35.990543	35.19626	31.609364	32.34703	35.48443	35.694477	38.434742	39.23608	43.011677	45.556076	47.24231	44.298767	42.87993	39.80582	36.647335	33.979412	31.567625	31.521374	30.037395	29.972664	30.403278	31.00074	31.82598	32.329716	35.97422	36.384823	34.331436	35.204742	34.88433	34.902805	35.941406	36.061787	38.363403	40.87993	43.775993	47.37384	49.77409	52.54136	50.855347	52.036823	54.92709	56.557076	56.415676	57.40321	60.40305	61.534794	61.477314	62.865505	65.33406	64.372284	65.915375	66.46589	63.843437	61.565346	62.060833	61.207066	58.074024	56.927597	57.851013	56.666557	53.195663	52.963665	53.90367	51.412384	48.576473	49.67489	50.26626	46.75633	45.311295	47.566895	46.661655	44.23322	42.794132	41.338253	38.308388	34.79462	36.13631	38.125767	38.93502	40.480526	43.842228	43.902508	46.811573	47.019352	49.235264	50.10948	51.64691	53.982033	55.0905	52.606888	49.640636	50.428036	49.67666	51.77003	50.314655	52.258995	53.45008	55.465	53.110935	51.29566	47.899944	47.28806	45.081238	43.981358	42.355522	41.875637	44.17487	43.46947	43.212997	41.40678	42.96732	40.6203	43.06208	40.415977	41.4422	44.702606	43.32321	43.73142	40.747265	42.523533	40.653687	42.06977	43.771164	46.767124	47.78148	49.910545	51.660774	54.07797	57.369747	59.787716	57.750614	57.327847	58.86002	61.771267	59.771935	57.24082	59.962685	61.704205	58.566563	59.65437	56.687233	55.05566	51.36914	50.402687	51.48166	49.386303	52.488358	53.913326	51.294384	51.943054	55.662144	55.251373	53.43508	56.34545	58.82896	56.94526	56.59636	60.358967	60.927105	58.760517	60.98357	63.92917	62.516342	62.099693	65.49817	67.17537	66.15072	67.231094	69.91876	72.62866	75.4285	74.54889	74.5631	71.588585	70.65951	68.850136	65.2535	64.98666	62.49423	63.550785	66.17978	66.74017	70.43447	70.262505	67.58058	66.67229	63.707977	60.61717	62.16316	61.407448	60.703472	64.222694	65.93292	64.13278	64.956764	68.667465	68.8343	66.61183	67.18175	70.56722	72.324974	70.35534	70.414345	68.27507	68.11672	71.34047	71.56763	74.370544	77.09737	76.82643	73.4456	75.398445	77.14073	74.19567	72.2613	68.75953	69.29454	70.97288	67.88771	65.73365	68.25317	68.25814	64.44171	64.61053	67.07527	64.99161	62.10908	64.227066	65.60783	65.25462	64.10539	60.501415	61.003616	63.75449	61.620186	60.460396	56.955513	54.73554	54.70463	58.476395	58.879715	56.56445	58.914158	62.303413	61.035843	59.991344	63.4624	64.99142	62.839783	64.11086	67.72704	67.52299	65.4122
I-7-E	36.13641	36.572083	34.502144	35.64784	34.416195	31.080307	31.040146	31.82978	29.252703	26.368544	27.667604	25.617687	26.687769	25.740946	26.583105	29.511965	32.62058	31.296926	28.180037	24.531599	23.475872	22.061274	24.65574	27.316927	26.85201	26.545725	29.945087	31.553768	31.004927	32.300144	35.497932	38.76366	41.2903	44.8002	47.37512	47.895267	49.061516	49.974052	49.910755	49.7584	49.894505	46.087147	45.090996	45.534943	44.709282	44.04721	44.178062	41.15201	39.87313	36.429497	36.54414	40.21908	39.995934	41.912907	40.125694	41.185726	39.700043	40.880707	40.2881	40.911934	42.4077	41.24688	43.49564	42.03184	38.41182	38.996223	40.451485	37.69041	35.195667	37.01579	37.684956	34.076206	33.013134	35.402924	34.53619	30.899948	31.369762	34.329796	34.355038	37.287857	38.024166	41.77744	44.442657	46.257545	43.46654	42.325287	39.184364	36.19404	33.66706	31.54966	31.808817	30.75691	31.05834	31.832502	32.741245	33.888367	34.68285	38.23305	38.329124	35.99664	36.582813	35.890354	35.655552	36.309032	36.25999	38.250134	40.61373	43.6968	47.200127	49.798744	52.467525	50.86769	51.94539	54.658493	56.489143	56.49093	57.277103	60.21297	61.565586	61.512417	62.68608	65.00119	63.833664	65.18897	65.5636	62.850834	60.753857	61.24033	60.169804	57.06872	56.10768	56.914005	55.51126	52.12432	52.042915	52.774895	50.1335	47.479435	48.607094	48.929153	45.374157	44.12713	46.273182	45.097885	42.51619	40.878143	39.180737	36.010784	32.54746	34.119934	36.190548	37.292667	38.96442	42.46438	42.833977	45.932247	46.379166	48.770218	49.82769	51.21233	53.69061	54.849564	52.57008	49.4464	50.039894	49.34467	51.32516	49.79725	51.767147	52.700993	54.763832	52.292236	50.575745	47.184006	46.66226	44.71139	43.81376	42.011845	41.807903	43.978664	42.956913	42.510723	40.422855	41.72572	39.21189	41.410786	38.631813	39.878963	43.22135	42.13291	42.753666	39.972115	42.037113	40.464302	42.18306	44.07408	47.257435	48.11941	49.998898	51.601967	54.12881	57.406395	59.724747	57.487873	57.02337	58.34255	61.262253	59.19079	56.84214	59.721085	61.40308	58.23679	59.099445	56.02077	54.248394	50.631626	49.459682	50.35498	48.235912	51.2583	52.917538	50.41821	50.89596	54.646957	54.48673	52.65526	55.414047	58.06435	56.349335	55.84865	59.583103	60.379646	58.220295	60.26718	63.33828	62.10635	61.557915	64.84753	66.71067	65.73031	66.62543	69.37405	71.9496	74.81374	74.11512	74.11393	71.19305	70.401505	68.7749	65.17584	64.93044	62.424988	63.331882	66.046326	66.77137	70.45182	70.26074	67.72239	67.02094	64.11373	61.050404	62.45511	61.723057	60.835518	64.375275	66.08379	64.10508	64.83115	68.57517	68.65393	66.26622	66.78115	70.2421	71.98475	69.856316	69.97605	67.77014	67.68171	70.8551	70.91401	73.74319	76.33683	76.054474	72.59163	74.394554	76.10587	73.14828	71.060585	67.63232	68.32348	69.879974	66.686195	64.70517	67.29751	67.13221	63.32416	63.701416	66.1141	63.87013	61.13201	63.39652	64.68012	64.44448	63.115067	59.477093	59.756977	62.485718	60.433414	59.151466	55.574074	53.43368	53.17021	56.927094	57.52637	55.13213	57.29742	60.77875	59.658035	58.451965	61.83212	63.544888	61.431293	62.524323	66.176735	66.13673	63.980637
S-8-E	35.644363	36.463432	34.72375	36.01142	34.45888	31.186695	31.588991	32.235752	29.336973	26.77483	28.426926	26.585533	28.017735	27.465622	28.093838	31.14614	34.033024	32.482826	29.170057	25.713303	25.011425	23.231056	25.407827	28.394836	27.91384	27.096096	30.468102	32.415096	31.68146	32.57245	35.921413	39.07969	41.86115	45.254642	48.044598	48.84941	50.069714	51.24362	51.385204	51.438732	51.817867	48.027336	46.82422	46.987305	45.977566	45.029892	44.89347	41.69876	40.10884	36.546864	36.268196	39.98082	39.99849	42.20572	40.726524	42.1009	40.81122	42.296284	41.813538	42.741055	44.363518	43.440765	45.835663	44.308697	40.745655	41.50124	42.748615	39.808334	37.536633	39.400486	39.777687	36.08919	35.306507	37.583435	36.39327	32.865433	33.571033	36.338547	36.019455	38.83012	39.221607	42.929832	45.41443	47.473305	44.837616	43.609394	40.29721	37.46963	34.72494	32.82391	33.399853	32.339993	32.868084	33.375843	34.4872	35.396366	36.325443	39.831608	40.070988	37.858776	38.27368	37.6884	37.188225	37.81217	37.42656	39.33202	41.449192	44.4479	47.98443	50.50623	53.322533	51.956852	53.25398	55.977703	57.922825	57.739662	58.379696	61.43687	62.807476	62.536	63.64834	66.016365	64.80285	66.064644	66.530914	63.689735	61.642242	62.347588	61.26165	58.042084	57.25363	58.239124	56.742355	53.315754	53.467243	54.300213	51.522507	48.954224	50.33064	50.625763	46.98894	45.97253	48.275517	46.991024	44.502728	42.628773	40.95084	37.625847	34.080273	35.49556	37.86409	39.189598	41.134876	44.639465	45.041813	48.193558	48.539085	51.07927	51.990433	53.181713	55.542076	56.48635	54.215572	51.13464	51.52979	50.589806	52.35685	50.58608	52.31936	53.23414	55.51367	53.197193	51.71114	48.44789	48.202435	46.330482	45.66536	44.05244	44.035374	46.375984	45.302505	45.02638	42.910984	44.25929	41.830235	43.973194	41.266273	42.740112	46.02743	45.0215	45.55508	42.779976	44.84808	43.2619	45.065617	46.808815	49.988373	50.676926	52.540157	53.978573	56.372986	59.74486	61.92608	59.654667	59.378185	60.728413	63.76018	61.814587	59.46819	62.336918	64.149506	61.07079	61.93731	58.777668	57.093384	53.4846	52.369892	53.092693	50.8173	53.7105	55.459526	52.87827	53.15887	56.934288	56.819435	54.805008	57.460304	60.187458	58.394703	57.703102	61.442596	62.257153	59.932213	61.86883	64.99947	63.689728	62.957623	66.24169	68.14783	66.98574	67.77614	70.40204	72.9106	75.67228	75.034515	75.21612	72.40915	71.76268	70.149506	66.613235	66.567986	64.21242	65.24651	68.077415	68.70085	72.42109	72.39747	69.902985	69.17926	66.17628	63.22506	64.75799	64.19943	63.407055	67.002266	68.565125	66.52492	67.38501	71.11001	71.04012	68.65937	69.319885	72.82103	74.43106	72.24084	72.21829	69.879456	69.63665	72.71547	72.656784	75.36807	77.935356	77.482956	74.022644	75.8571	77.40714	74.3394	72.273674	68.82567	69.6636	71.32013	68.129295	66.201	68.92948	68.8291	65.04051	65.5128	68.04723	65.83297	63.14588	65.52268	66.92823	66.85604	65.56226	61.87889	62.132446	64.73054	62.571033	61.114986	57.508854	55.231018	54.830032	58.58548	59.12944	56.562798	58.66314	62.16727	60.940193	59.560703	62.931095	64.6432	62.36721	63.32799	67.02568	66.900375	64.57151
P-9-E	36.535156	37.517788	35.910545	37.538586	35.972645	32.6246	33.350273	34.20978	31.205248	28.742508	30.758892	29.264666	30.999044	30.40622	30.684525	33.581745	36.273346	34.40056	30.913322	27.62518	26.788506	24.55293	26.600574	29.637356	28.755136	27.660028	31.14315	33.097855	31.934675	32.68087	36.214725	39.140648	42.064194	45.427284	48.35377	49.33457	50.799206	52.116383	52.2425	52.55794	53.038128	49.276733	47.8111	47.820316	46.88481	45.702133	45.53375	42.196	40.497868	36.95594	36.441177	40.20395	40.58752	42.901733	41.621403	43.10266	41.736557	43.362995	42.69952	43.801357	45.28956	44.415634	47.04675	45.707134	42.137764	43.20552	44.47816	41.383053	39.325584	41.449753	41.748154	38.00908	37.511074	39.938797	38.63283	35.19832	36.20812	39.005817	38.641357	41.249866	41.499115	45.193962	47.48249	49.58536	46.928432	45.445095	42.08837	39.23487	36.264076	34.27436	34.8035	33.41809	33.7999	33.87911	34.86479	35.359974	36.130478	39.664307	40.251556	38.348003	38.883198	38.653835	38.192013	39.090996	38.634502	40.72216	42.80159	45.596092	49.21987	51.533215	54.515472	53.230495	54.739933	57.602962	59.46079	59.05487	59.760834	62.938828	64.1477	63.73759	64.97826	67.49637	66.41428	67.7614	68.4176	65.568504	63.415546	64.26012	63.328793	60.016796	59.192806	60.37097	58.982285	55.472794	55.64729	56.690216	53.946365	51.29505	52.78744	53.261627	49.61318	48.57883	51.04193	49.889595	47.552258	45.694996	44.187386	40.877586	37.257465	38.439983	40.90262	42.139908	44.134163	47.549686	47.753246	50.799812	50.921112	53.412605	54.11108	55.309105	57.495544	58.277752	55.85877	52.924995	53.35114	52.225113	53.94746	52.085903	53.64872	54.749092	57.12378	54.99465	53.573833	50.386726	50.233604	48.21765	47.53373	46.156097	46.037	48.560078	47.688934	47.63308	45.699444	47.24757	44.96497	47.24722	44.650436	46.078545	49.298347	48.133953	48.48768	45.57302	47.4441	45.640648	47.26786	48.799553	51.835793	52.548244	54.58806	56.048355	58.288044	61.72058	63.90076	61.760952	61.617382	63.14084	66.225395	64.396164	61.9178	64.66652	66.589424	63.574097	64.60536	61.484783	59.940495	56.28354	55.335896	56.10763	53.77326	56.66208	58.29284	55.584995	55.887157	59.654015	59.383007	57.28304	59.99306	62.64047	60.681786	59.996758	63.759056	64.41408	61.9905	63.9947	67.06443	65.57346	64.83343	68.19477	69.98427	68.67983	69.54795	72.0502	74.618935	77.26558	76.52624	76.833336	74.056656	73.39283	71.647354	68.15357	68.21153	65.95551	67.17641	70.00768	70.44689	74.19899	74.28567	71.70703	70.81165	67.71154	64.80527	66.51787	66.03667	65.43476	69.04281	70.528885	68.59116	69.59616	73.28579	73.202286	70.949036	71.72741	75.19399	76.745125	74.63976	74.49502	72.13281	71.75115	74.81322	74.81349	77.435776	80.08725	79.543304	76.147446	78.11208	79.58951	76.466515	74.52914	71.01619	71.82409	73.62943	70.521416	68.49639	71.24858	71.31058	67.527245	67.8999	70.54022	68.45889	65.69465	68.025764	69.567535	69.496124	68.349724	64.665855	65.06323	67.61145	65.33699	63.875282	60.304596	57.89613	57.586468	61.351753	61.72484	59.119404	61.31542	64.76526	63.37111	62.009808	65.43892	67.0157	64.61683	65.62917	69.3249	69.026505	66.62747
G-10-E	34.280933	35.44737	34.04398	35.93253	34.29263	30.943224	32.032146	33.01709	29.900656	27.63205	30.031933	28.967072	31.107393	30.617914	30.459503	33.23571	35.625504	33.43638	29.798172	26.78545	26.088642	23.46126	25.139631	28.313574	27.278688	25.776222	29.213211	31.34201	29.947983	30.377535	34.008114	36.76633	39.856857	43.10896	46.184483	47.39534	48.9594	50.492752	50.76633	51.31957	52.02999	48.32069	46.61687	46.355125	45.31242	43.867	43.521442	40.063755	38.174168	34.61993	33.838367	37.602978	38.249207	40.716537	39.689293	41.37508	40.113182	41.98441	41.35692	42.74799	44.310303	43.69612	46.48993	45.137447	41.661392	42.977562	44.04588	40.766357	39.012974	41.26558	41.281857	37.500393	37.378933	39.78496	38.199474	34.942837	36.31707	38.985176	38.40179	40.749664	40.727383	44.360546	46.401924	48.620758	46.038628	44.348354	40.908928	38.151894	34.968864	33.083332	33.793137	32.30882	32.842815	32.610077	33.77615	34.030727	34.97717	38.389423	39.081184	37.324173	37.683094	37.613976	36.943996	37.90445	37.19909	39.301815	41.212154	43.829105	47.48802	49.639984	52.76188	51.65016	53.384636	56.31374	58.181385	57.55417	58.20694	61.501408	62.63092	62.03084	63.300846	65.92015	64.9017	66.26201	67.08822	64.19712	61.991688	63.02166	62.20534	58.790302	58.012722	59.408646	58.073147	54.497566	54.792065	56.045166	53.285355	50.616985	52.318428	52.93257	49.258022	48.328903	51.00637	49.9334	47.821144	45.89085	44.61955	41.306835	37.59261	38.42471	41.073864	42.29743	44.473064	47.775955	47.81687	50.793163	50.676098	53.23006	53.68081	54.7357	56.72423	57.26858	54.789223	51.980167	52.29932	50.933018	52.509514	50.493534	51.845028	53.055794	55.56092	53.63428	52.36485	49.311134	49.3652	47.318676	46.7818	45.683105	45.651955	48.39307	47.60856	47.84226	46.04394	47.797245	45.746864	48.13445	45.754955	47.309616	50.37236	49.110672	49.20384	46.196396	47.913227	45.976555	47.59374	48.86313	51.822155	52.35415	54.440506	55.752888	57.789272	61.31469	63.368847	61.2842	61.369366	63.021736	66.22228	64.591255	62.03502	64.68857	66.79709	63.922096	65.06615	61.907288	60.567467	56.89428	56.15329	56.80371	54.291122	57.0623	58.644863	55.778374	55.952698	59.710823	59.34793	57.06278	59.733677	62.357845	60.236523	59.436493	63.20146	63.75318	61.17221	63.150166	66.198975	64.55176	63.70681	67.10356	68.83275	67.34777	68.21102	70.56776	73.13964	75.65977	74.88345	75.351166	72.657684	72.06367	70.25971	66.83878	67.07712	64.98335	66.3895	69.29452	69.560646	73.34517	73.61718	71.04268	70.05757	66.849495	64.07032	65.96107	65.67651	65.25257	68.90749	70.21037	68.27323	69.473885	73.113884	72.89047	70.72639	71.70188	75.17174	76.56424	74.46898	74.131874	71.66367	71.08578	74.06431	74.03154	76.51646	79.205414	78.50889	75.1712	77.24603	78.589554	75.38534	73.568375	70.00398	70.84624	72.81036	69.78371	67.70856	70.53745	70.76589	67.010025	67.35135	70.13747	68.1926	65.40373	67.761894	69.490524	69.5402	68.54798	64.84258	65.353294	67.75547	65.31234	63.748795	60.211483	57.618996	57.334465	61.092266	61.272995	58.570255	60.827023	64.216705	62.629864	61.23352	64.70507	66.14421	63.591663	64.615654	68.30768	67.82777	65.33325
D-11-E	35.650364	37.072556	35.926464	38.021503	36.26265	32.981594	34.399605	35.403976	32.169785	30.14776	32.786808	31.95845	34.295258	33.932247	33.583054	36.295853	38.48861	36.103992	32.385387	29.596518	28.976685	26.099567	27.499554	30.723494	29.498884	27.68696	31.06332	33.280388	31.591757	31.740034	35.462105	37.96738	41.206684	44.336315	47.551918	48.979618	50.695255	52.40561	52.749863	53.52883	54.381092	50.726585	48.816402	48.361828	47.30125	45.6196	45.145138	41.579723	39.51561	35.990227	34.888855	38.6241	39.600807	42.225563	41.46958	43.32507	42.119602	44.164253	43.484985	45.068077	46.580406	46.081055	49.026947	47.76999	44.343933	45.86238	46.869785	43.48647	41.931553	44.301125	44.186607	40.397816	40.49784	42.912075	41.185257	38.04532	39.603077	42.197006	41.483356	43.675396	43.45753	47.02571	48.877457	51.197475	48.69155	46.857883	43.369434	40.70213	37.372925	35.56124	36.348156	34.718525	35.238884	34.675686	35.81308	35.72413	36.597572	39.94951	40.901566	39.40236	39.767136	39.940792	39.208363	40.292652	39.43187	41.56503	43.325047	45.757393	49.434734	51.411648	54.66172	53.7058	55.633076	58.61909	60.47287	59.65074	60.27396	63.664104	64.703896	63.935993	65.24377	67.95416	66.99398	68.35152	69.31538	66.379425	64.15363	65.34626	64.60822	61.11602	60.399467	61.960014	60.64748	57.03864	57.43818	58.825855	56.045223	53.391373	55.2319	55.91375	52.226772	51.382793	54.17028	53.119392	51.11273	49.114838	47.919117	44.576447	40.839188	41.52544	44.294445	45.5552	47.82775	51.078373	51.047302	53.978374	53.724243	56.291183	56.58456	57.566677	59.4104	59.783707	57.24617	54.552742	54.808228	53.257053	54.70665	52.55587	53.695683	54.98834	57.620483	55.877083	54.750233	51.814953	52.024742	49.954254	49.499084	48.59358	48.575985	51.4411	50.740818	51.126534	49.40721	51.2463	49.28459	51.69573	49.379745	50.977165	53.996235	52.70382	52.703686	49.653496	51.27929	49.25132	50.79934	51.915977	54.782658	55.271103	57.43084	58.692898	60.59282	64.16483	66.15991	64.14076	64.35985	66.102066	69.355804	67.82885	65.2185	67.80018	69.99934	67.19154	68.41195	65.25479	64.00873	60.327206	59.675873	60.29409	57.71663	60.434288	61.9903	59.051334	59.16747	62.914665	62.497	60.11713	62.763428	65.366234	63.144615	62.279922	66.03942	66.51525	63.83245	65.79054	68.8168	67.0515	66.131714	69.549034	71.22574	69.59498	70.45095	72.67516	75.23797	77.637634	76.83559	77.4517	74.83644	74.297424	72.434296	69.080635	69.45628	67.48689	69.035545	71.97266	72.099396	75.90101	76.295944	73.70211	72.61861	69.3353	66.63601	68.66235	68.48153	68.19273	71.85959	73.06736	71.16992	72.48821	76.091736	75.80921	73.72041	74.80385	78.26057	79.57222	77.50374	77.0531	74.53119	73.82445	76.74583	76.69683	79.07785	81.790634	80.97695	77.68662	79.8344	81.066666	77.798134	76.06402	72.473335	73.35939	75.43355	72.46185	70.36947	73.254295	73.589	69.85839	70.18727	73.06267	71.20055	68.404884	70.77454	72.60842	72.717606	71.810074	68.09935	68.66369	70.98951	68.46232	66.83614	63.318153	60.626198	60.330467	64.073944	64.15332	61.376442	63.63849	66.99594	65.29264	63.838436	67.31534	68.68165	66.01051	66.995186	70.68754	70.08433	67.48849
G-12-E	37.502464	38.6358	37.21646	39.442863	38.00078	34.558468	35.76132	37.074425	34.050232	31.734262	34.30207	33.470352	35.682396	34.93131	34.55327	37.062115	39.351467	36.933495	33.245827	30.352995	29.256529	26.337534	28.102488	31.051638	29.460066	27.959648	31.514128	33.359543	31.446688	31.951334	35.704067	38.124905	41.21212	44.471474	47.57484	48.837994	50.7405	52.28393	52.366085	53.162857	53.826916	50.17433	48.24123	47.96676	47.19815	45.618923	45.43278	41.912945	40.108818	36.722046	35.870026	39.63062	40.660114	43.054745	42.11509	43.712566	42.198105	44.031197	43.03836	44.44251	45.666996	44.929394	47.953476	46.96364	43.459736	45.093304	46.364883	43.031372	41.426746	43.992886	44.129158	40.37113	40.41971	43.08807	41.60113	38.4083	39.97132	42.794647	42.39229	44.57429	44.606354	48.233814	50.138435	52.242527	49.541054	47.584217	44.227936	41.345814	38.041107	35.90024	36.297604	34.35471	34.466415	33.75938	34.513737	34.23985	34.74964	38.21543	39.404297	38.103	38.813732	39.23723	38.85343	40.245117	39.69868	42.105247	44.12022	46.48132	50.214993	52.100185	55.34152	54.184757	56.05811	59.165176	60.813145	59.998966	60.854206	64.22151	65.09469	64.45233	65.95202	68.741776	67.94733	69.48651	70.508736	67.70111	65.32798	66.39566	65.79892	62.35208	61.414402	62.93933	61.811592	58.168507	58.33442	59.78347	57.165592	54.346535	56.017036	56.866814	53.24361	52.14087	54.892117	54.047764	52.04157	50.282196	49.163696	45.95461	42.222507	42.93002	45.49163	46.483063	48.52324	51.716	51.501335	54.29809	53.970165	56.334187	56.60689	57.814785	59.64288	60.117672	57.430553	54.8149	55.322716	53.88026	55.536934	53.57374	54.839104	56.31409	58.79346	57.026844	55.69519	52.670326	52.653778	50.366196	49.633125	48.722244	48.40609	51.248627	50.78126	51.165924	49.620033	51.56547	49.617615	52.185078	49.860306	51.193386	54.228214	52.734898	52.694027	49.52648	50.984924	48.783257	50.07244	51.159286	53.89031	54.606857	56.9535	58.42733	60.340015	63.861153	66.01752	64.15545	64.27648	66.135864	69.30832	67.7352	65.00778	67.495735	69.63965	66.7851	68.1433	65.11334	63.881435	60.152378	59.570087	60.419273	57.96747	60.8255	62.193024	59.24125	59.59127	63.310394	62.715256	60.465275	63.275265	65.7312	63.45404	62.80724	66.5871	66.908264	64.323326	66.466965	69.37998	67.54273	66.82331	70.320114	71.85019	70.29953	71.34412	73.60529	76.300835	78.72209	77.76032	78.278175	75.55439	74.831314	72.829254	69.435684	69.67288	67.61688	69.18951	71.994606	72.07132	75.859406	76.15854	73.431816	72.21045	68.94548	66.15257	68.200294	67.88534	67.66358	71.276474	72.587326	70.85818	72.150894	75.74566	75.62723	73.64344	74.66077	78.04042	79.45715	77.53479	77.142975	74.75257	74.10182	77.121	77.25785	79.70032	82.518654	81.819466	78.57547	80.79887	82.15389	78.957306	77.29872	73.670586	74.371826	76.45956	73.544754	71.31287	74.07108	74.46526	70.71054	70.854225	73.684395	71.8931	68.974815	71.18458	72.994606	72.91901	72.09011	68.42701	69.132904	71.56804	69.067314	67.6246	64.157074	61.507927	61.425117	65.18812	65.20015	62.570366	64.97816	68.28188	66.56267	65.30225	68.84321	70.11415	67.51648	68.68316	72.33694	71.69283	69.22146
R-13-E	36.821	38.014812	36.726936	39.243202	37.88042	34.442726	35.899433	37.43256	34.443176	32.255386	35.093594	34.6586	37.135574	36.345013	35.584957	37.86315	39.87318	37.178337	33.431953	30.833273	29.699442	26.475914	27.970398	30.84782	28.96466	27.212494	30.697468	32.51111	30.260662	30.557375	34.36285	36.492043	39.657597	42.807613	45.998077	47.43507	49.52307	51.21419	51.33383	52.390545	53.207203	49.643078	47.464718	46.98358	46.244667	44.439106	44.192745	40.602474	38.727077	35.452213	34.41441	38.12266	39.475475	41.904465	41.17965	42.861523	41.337555	43.312984	42.22301	43.835934	44.988277	44.421623	47.619957	46.74957	43.34547	45.260006	46.430515	42.973423	41.67005	44.412804	44.379887	40.643223	41.029823	43.7476	42.11306	39.111485	40.9875	43.747894	43.270473	45.179478	45.05112	48.600857	50.263447	52.3752	49.694355	47.49989	44.156612	41.321262	37.865505	35.726635	36.126244	33.973976	34.048462	32.945187	33.688065	33.045162	33.55053	36.881096	38.301617	37.286644	37.966248	38.679768	38.245995	39.824764	39.168076	41.677025	43.597622	45.7055	49.460464	51.109272	54.470573	53.421593	55.494858	58.70005	60.257015	59.217163	60.11215	63.57119	64.28137	63.49376	65.10069	68.01722	67.36531	68.98604	70.2039	67.420715	64.94685	66.148224	65.73036	62.218792	61.244213	62.965275	61.97286	58.275593	58.46521	60.13654	57.586334	54.706875	56.499306	57.543743	53.947884	52.85244	55.77012	55.085102	53.29915	51.575478	50.703403	47.56427	43.78691	44.189266	46.814564	47.684986	49.783203	52.827023	52.392754	55.049084	54.46633	56.789856	56.809505	57.96163	59.571926	59.844433	57.049656	54.616882	55.119385	53.488094	55.067066	53.03886	54.120922	55.77822	58.31139	56.759933	55.509632	52.60967	52.707314	50.319057	49.622345	48.994747	48.641853	51.661285	51.377415	52.03163	50.69146	52.849865	51.128147	53.83012	51.704895	53.044147	55.93153	54.285297	53.995426	50.720547	51.960598	49.582626	50.745102	51.558395	54.133846	54.76517	57.220963	58.628754	60.331387	63.90249	65.989174	64.2597	64.565796	66.59033	69.82707	68.434105	65.59694	67.94125	70.23315	67.50764	69.02364	66.02217	64.99387	61.249218	60.887627	61.71079	59.156696	61.94489	63.186665	60.096878	60.416847	64.0956	63.344643	60.98182	63.803417	66.16376	63.71677	63.049946	66.81915	66.97166	64.283936	66.4659	69.29498	67.277824	66.539246	70.08678	71.48541	69.78874	70.90258	73.01568	75.75765	78.043915	76.97956	77.623924	74.953606	74.22847	72.113884	68.79695	69.161865	67.247734	69.01256	71.82267	71.69982	75.49856	75.945404	73.17711	71.80846	68.4553	65.76739	67.99681	67.82472	67.811745	71.431335	72.59696	70.94828	72.41932	75.946205	75.75795	73.91526	75.09537	78.43341	79.731865	77.88733	77.33051	74.8988	74.07711	77.039856	77.220146	79.538666	82.42822	81.62316	78.470406	80.82761	82.091545	78.853966	77.35479	73.67582	74.33382	76.57797	73.78011	71.452614	74.223366	74.805275	71.08496	71.12227	74.06531	72.44387	69.46589	71.62713	73.60186	73.5694	72.92376	69.27449	70.14059	72.47004	69.82935	68.36806	64.969604	62.176426	62.20104	65.943436	65.7439	63.092556	65.60177	68.80884	66.90372	65.691696	69.27984	70.37125	67.66292	68.90572	72.5222	71.68236	69.17571
T-14-E	33.215683	34.468674	33.30021	35.915047	34.53045	31.13479	32.77826	34.364464	31.375711	29.334259	32.358208	32.22512	34.935226	34.241154	33.192398	35.37206	37.145023	34.297108	30.514902	28.157303	27.226585	23.844946	24.994017	27.952698	26.121439	24.080183	27.444496	29.434376	27.18463	27.215397	31.024776	33.126232	36.394077	39.454765	42.7256	44.29906	46.334423	48.168755	48.46381	49.607388	50.61389	47.089745	44.821835	44.138786	43.22923	41.286026	40.868504	37.233406	35.221256	31.91934	30.749973	34.443886	35.858486	38.37391	37.792007	39.62179	38.254177	40.409473	39.478615	41.303566	42.636433	42.338055	45.552986	44.53663	41.24877	43.232918	44.154694	40.599022	39.506264	42.222847	41.929806	38.194912	38.828213	41.42712	39.573177	36.734776	38.82658	41.420643	40.75702	42.477203	42.15413	45.628807	47.131767	49.31706	46.72606	44.45523	41.06893	38.35327	34.81114	32.831642	33.444996	31.381735	31.724457	30.55049	31.606579	30.996124	31.860685	35.025776	36.286682	35.202713	35.58091	36.23069	35.53334	37.008595	36.126568	38.548244	40.314945	42.34509	46.085056	47.68549	51.092094	50.17177	52.352177	55.54246	57.15779	56.022266	56.823986	60.328953	61.053658	60.155968	61.717503	64.64806	63.988544	65.57945	66.86206	64.05235	61.57951	62.88271	62.5037	58.948086	58.030613	59.8632	58.8786	55.166927	55.45557	57.22853	54.66198	51.81084	53.744358	54.843452	51.24719	50.263203	53.30573	52.649162	51.0331	49.253216	48.55882	45.44949	41.647232	41.790405	44.52033	45.39103	47.626328	50.5752	50.069603	52.692482	51.98211	54.39018	54.268784	55.26253	56.760853	56.8781	54.111168	51.727753	52.101852	50.33102	51.787632	49.66287	50.630657	52.305477	54.904118	53.45659	52.318233	49.518898	49.773827	47.435837	46.904972	46.44381	46.244514	49.382126	49.076584	49.914215	48.628277	50.88823	49.34628	52.076435	50.137794	51.61763	54.35818	52.69813	52.229427	48.947918	50.12751	47.742977	48.999817	49.655167	52.23436	52.64522	55.032448	56.260563	57.83546	61.464054	63.410854	61.661606	62.13192	64.186	67.50843	66.261475	63.427006	65.73796	68.1586	65.55205	67.08482	64.025635	63.138084	59.4159	59.181755	59.845947	57.146557	59.80364	61.052017	57.875187	58.05023	61.711105	60.950874	58.44904	61.19311	63.565178	61.047344	60.260616	64.01115	64.14492	61.355904	63.471233	66.30666	64.23518	63.396915	66.93339	68.33363	66.53871	67.60578	69.64338	72.356224	74.58315	73.537315	74.265305	71.66011	71.01477	68.921104	65.65443	66.14383	64.340645	66.1847	69.07017	68.87955	72.69018	73.26482	70.55893	69.20892	65.80425	63.227722	65.53086	65.52513	65.58104	69.23992	70.25296	68.53815	70.12717	73.61841	73.28626	71.46132	72.77872	76.137474	77.29972	75.41526	74.729095	72.20274	71.25921	74.14135	74.253716	76.48106	79.358315	78.45424	75.32821	77.722595	78.894875	75.613785	74.17041	70.479515	71.17963	73.49896	70.74588	68.4194	71.2463	71.90931	68.2217	68.27689	71.30452	69.75569	66.79951	69.00749	71.09598	71.18966	70.62432	66.962555	67.86784	70.06678	67.320595	65.76575	62.39612	59.492718	59.50628	63.222908	62.91194	60.19804	62.720955	65.88076	63.871635	62.63197	66.22718	67.2401	64.454285	65.6947	69.29624	68.3656	65.81802
F-15-E	32.273678	33.137894	31.645714	34.34587	33.327995	29.787127	31.169222	33.080124	30.372272	28.04109	30.98752	30.952023	33.59535	32.543335	31.349152	33.266876	35.050644	32.159653	28.437267	26.055729	24.730879	21.302443	22.724813	25.402061	23.281013	21.535357	25.042646	26.695465	24.333399	24.7326	28.53144	30.655804	33.751305	36.95773	40.092804	41.47625	43.598034	45.270424	45.378895	46.494972	47.373444	43.848278	41.58447	41.04034	40.32799	38.512383	38.348183	34.786137	33.05244	29.872742	29.060406	32.771732	34.100647	36.344875	35.52899	37.10143	35.484993	37.45899	36.327534	38.027157	39.20952	38.799706	42.051033	41.16546	37.852234	39.92577	40.970303	37.437813	36.36068	39.21529	39.05236	35.356724	36.021168	38.78963	37.091137	34.272392	36.441334	39.171684	38.748547	40.391693	40.274757	43.77744	45.311085	47.28005	44.5239	42.147095	38.89529	36.0043	32.50312	30.253786	30.563267	28.282686	28.377481	27.130695	28.01269	27.373291	28.147232	31.368206	32.65508	31.611118	32.145107	32.91325	32.43122	34.11031	33.47902	36.114037	38.111153	40.102844	43.8771	45.437077	48.798855	47.68478	49.788918	53.06297	54.51707	53.418983	54.405926	57.871124	58.48263	57.71922	59.42256	62.39469	61.864708	63.612953	64.92622	62.247517	59.645645	60.814274	60.56069	57.061565	55.93796	57.729305	56.919994	53.18661	53.262287	55.098335	52.693096	49.69747	51.49177	52.759525	49.23786	48.03911	51.076214	50.63174	49.088688	47.534946	47.002068	44.0638	40.278004	40.33068	42.868134	43.459007	45.512447	48.353676	47.649918	50.13143	49.32002	51.57536	51.405365	52.549755	54.021717	54.214935	51.343437	49.018806	49.590313	47.923485	49.566082	47.63287	48.753147	50.575886	53.00096	51.51208	50.178783	47.30517	47.366447	44.85614	44.118443	43.681915	43.27822	46.421677	46.301445	47.201126	46.096024	48.49129	47.05582	49.939625	48.101753	49.4018	52.064693	50.21621	49.62082	46.24224	47.2459	44.72104	45.80972	46.383846	48.867287	49.373035	51.87104	53.209995	54.77056	58.367786	60.407265	58.77129	59.195877	61.34559	64.621445	63.383327	60.460247	62.68652	65.100815	62.501633	64.14775	61.174995	60.35904	56.613472	56.498585	57.290897	54.64616	57.369133	58.447838	55.23385	55.56504	59.186806	58.270973	55.846767	58.708054	60.95171	58.37807	57.755608	61.51357	61.517635	58.805634	61.06729	63.80493	61.68272	61.011383	64.60673	65.889	64.17815	65.40176	67.488716	70.31371	72.580086	71.40526	72.019966	69.315056	68.51595	66.32813	63.02307	63.392708	61.51895	63.37376	66.164635	65.9437	69.74201	70.2509	67.46373	66.03415	62.645397	60.011936	62.326492	62.25381	62.363556	65.9918	67.045715	65.4341	67.02563	70.50078	70.25921	68.5153	69.81209	73.11502	74.32443	72.54371	71.87993	69.44372	68.53316	71.48332	71.7391	74.01403	76.97284	76.17006	73.08515	75.5405	76.82245	73.61471	72.24119	68.52262	69.05146	71.37917	68.68625	66.23645	68.949745	69.67343	65.97548	65.86891	68.86571	67.396706	64.34174	66.4187	68.511246	68.48338	68.01102	64.39241	65.43647	67.685	64.93435	63.524086	60.217804	57.331333	57.54804	61.267	60.86497	58.289356	60.95404	64.04233	62.007317	60.963295	64.615685	65.520805	62.814743	64.24234	67.79282	66.82592	64.42187
P-16-E	29.144289	29.901731	28.421038	31.298115	30.437113	26.90684	28.399601	30.523016	27.970776	25.718248	28.82272	29.187143	32.030098	30.942389	29.366392	31.020248	32.508865	29.419703	25.709246	23.656221	22.38666	18.764444	19.848202	22.436325	20.193476	18.216248	21.622261	23.298485	20.817228	21.047276	24.856651	26.90466	30.049192	33.207092	36.384552	37.85947	39.996227	41.771935	41.98733	43.22242	44.262756	40.798805	38.40927	37.68136	36.882244	34.93904	34.69499	31.10509	29.338223	26.209572	25.389204	29.077883	30.491676	32.70876	31.979343	33.60745	32.046986	34.15371	33.08759	34.987053	36.27596	36.124325	39.421795	38.466255	35.292313	37.505924	38.329975	34.703854	33.903404	36.79762	36.400734	32.748062	33.72487	36.43038	34.563744	31.969683	34.41267	37.001175	36.48218	37.856354	37.60514	41.01554	42.36081	44.310978	41.58957	39.063145	35.836784	33.01443	29.4319	27.245054	27.646738	25.341206	25.61016	24.18631	25.327112	24.646046	25.763075	28.777355	29.940128	28.898682	29.170067	29.970877	29.294884	30.981108	30.203362	32.850616	34.76572	36.613213	40.385742	41.838585	45.245667	44.19985	46.41083	49.715977	51.14772	49.934998	50.90972	54.416695	54.971863	54.13082	55.86214	58.88265	58.41764	60.20865	61.62378	58.97594	56.31355	57.547543	57.40617	53.882023	52.730175	54.640057	53.926865	50.1712	50.26372	52.250824	49.907887	46.884	48.77355	50.18229	46.705517	45.53776	48.703903	48.390335	47.072834	45.56336	45.292374	42.474503	38.69829	38.429634	40.98271	41.447575	43.557747	46.231712	45.357433	47.72206	46.71463	48.97923	48.6167	49.654713	50.971474	51.01159	48.112934	45.893135	46.414715	44.623943	46.20518	44.2456	45.28272	47.209026	49.634502	48.267113	46.98165	44.20337	44.36045	41.821575	41.173626	40.958805	40.621525	43.89782	43.85679	44.992588	44.04324	46.60142	45.412804	48.378185	46.785458	48.142307	50.608242	48.670177	47.832417	44.416553	45.260376	42.664845	43.755028	44.102207	46.517967	46.83276	49.315838	50.51079	51.90719	55.54807	57.475323	55.88624	56.476597	58.709694	62.05106	60.980858	58.019234	60.156815	62.70471	60.243458	61.964134	58.981777	58.352886	54.63099	54.707897	55.393	52.630093	55.234867	56.23657	52.918644	53.165894	56.73967	55.737545	53.200768	56.027023	58.21489	55.533257	54.856895	58.59145	58.503754	55.71266	57.96888	60.65953	58.44121	57.73583	61.34721	62.565414	60.771553	62.019753	64.029526	66.8745	69.07789	67.857155	68.527664	65.85632	65.075066	62.85499	59.596786	60.059593	58.28857	60.250732	63.075256	62.74855	66.552124	67.17861	64.41625	62.953384	59.511387	56.98191	59.395927	59.477364	59.703335	63.351303	64.25438	62.63348	64.3601	67.78075	67.42862	65.7542	67.192665	70.48325	71.5652	69.79888	69.00008	66.505615	65.468735	68.35716	68.60848	70.795364	73.78092	72.90791	69.878914	72.40873	73.63097	70.40624	69.13512	65.39206	65.89013	68.31177	65.7032	63.19823	65.920555	66.76869	63.10817	62.94329	66.01986	64.67456	61.60074	63.662434	65.88237	65.93347	65.595795	61.991447	63.1417	65.267685	62.40419	60.960133	57.72203	54.725574	55.022007	58.70442	58.1351	55.55493	58.29289	61.289803	59.12491	58.13665	61.8157	62.580196	59.819412	61.322414	64.828445	63.73624	61.345352
K-17-E	30.018948	30.652645	29.212051	32.362873	31.770765	28.29856	29.878416	32.284615	29.95621	27.788559	30.977327	31.671286	34.590313	33.34828	31.481544	32.77267	33.987164	30.707731	27.104326	25.406599	23.941004	20.214102	21.099548	23.292051	20.622328	18.635172	21.852663	23.19114	20.244406	20.41513	24.176174	25.76339	28.851702	31.911259	35.085197	36.649414	39.063908	40.895382	41.02028	42.533066	43.63825	40.31462	37.676765	36.81454	36.206787	34.09221	33.940536	30.361406	28.704239	25.876383	25.02681	28.5639	30.33055	32.397495	31.818583	33.362984	31.65991	33.775032	32.46035	34.476906	35.527897	35.466908	38.940647	38.249363	35.21053	37.736237	38.554417	34.893402	34.416206	37.51666	37.06773	33.544968	34.821114	37.621227	35.76498	33.41282	36.088276	38.651215	38.21231	39.28951	39.004585	42.293922	43.403538	45.224213	42.47797	39.700397	36.62342	33.816055	30.19522	27.919336	28.108799	25.484772	25.493345	23.55082	24.460413	23.238409	24.18373	27.015608	28.53853	27.95254	28.338001	29.58772	29.043468	31.057192	30.338926	33.171562	35.07128	36.57056	40.3289	41.46355	44.947315	43.92419	46.288662	49.714912	50.93927	49.51104	50.63142	54.18723	54.49243	53.572968	55.493267	58.65489	58.41474	60.359097	61.979576	59.43978	56.633453	57.92538	58.025623	54.497334	53.216206	55.27953	54.79151	51.013416	51.01793	53.223896	51.05079	47.936333	49.83803	51.48862	48.117176	46.859207	50.117786	50.046917	48.94957	47.596886	47.576218	44.919155	41.180847	40.668953	43.137386	43.37217	45.39603	47.86368	46.71816	48.852375	47.578575	49.680378	49.06037	50.13192	51.20679	51.08934	48.042416	46.075996	46.705555	44.799534	46.382145	44.478413	45.379635	47.555645	49.92657	48.777863	47.490654	44.835434	44.996387	42.293507	41.56217	41.640717	41.134686	44.525597	44.77299	46.15328	45.491642	48.25105	47.29225	50.39587	48.995724	50.231377	52.54108	50.410664	49.340313	45.828907	46.379223	43.58064	44.415314	44.465954	46.6292	46.9495	49.594368	50.80108	51.974533	55.60737	57.518715	56.146694	56.871574	59.29694	62.63592	61.72926	58.63859	60.576084	63.223618	60.888996	62.804134	59.9298	59.506195	55.789413	56.101147	56.850567	54.078506	56.64704	57.439438	54.023155	54.340458	57.82311	56.604992	54.04472	56.92349	58.9315	56.086323	55.496136	59.192055	58.870205	56.049076	58.40727	60.939877	58.529785	57.905796	61.57392	62.585564	60.69976	62.096405	63.96566	66.90041	68.97137	67.58191	68.32318	65.66798	64.80239	62.4198	59.240677	59.762688	58.10689	60.256317	63.005222	62.46008	66.244255	66.97029	64.125336	62.463894	58.96327	56.517197	59.10688	59.273792	59.736042	63.340046	64.136475	62.679234	64.55806	67.884926	67.53717	66.05748	67.61539	70.81097	71.81669	70.199524	69.271996	66.81221	65.641205	68.49942	68.87523	70.95701	74.041466	73.12499	70.2229	72.89873	74.083916	70.87392	69.79688	66.015755	66.38291	68.94203	66.48957	63.849937	66.50491	67.55214	63.94272	63.594116	66.73385	65.59199	62.433243	64.36013	66.70918	66.72088	66.593475	63.05314	64.40411	66.46045	63.501865	62.13391	59.014732	55.935036	56.423107	60.055042	59.263878	56.75744	59.626137	62.47974	60.154285	59.31012	63.02661	63.573467	60.768314	62.413216	65.83626	64.55156	62.207424
R-18-E	28.683868	28.996243	27.441673	30.766056	30.549215	27.121641	28.624702	31.341167	29.361912	27.198284	30.374086	31.416544	34.3711	32.94097	30.748482	31.620829	32.54741	29.132786	25.699194	24.37472	22.746292	19.008305	19.68415	21.422867	18.439716	16.535975	19.546356	20.527271	17.295275	17.534063	21.193033	22.528818	25.498745	28.55076	31.659168	33.20637	35.75956	37.58618	37.657898	39.32144	40.488308	37.270004	34.481403	33.52152	33.026016	30.846014	30.810968	27.290562	25.830738	23.271479	22.636	26.038313	27.905186	29.720587	29.131844	30.526478	28.696896	30.789312	29.339327	31.456657	32.41673	32.51616	36.069996	35.485367	32.606403	35.344303	36.06133	32.378963	32.211823	35.42691	34.875298	31.495417	33.06602	35.889133	34.031574	31.950825	34.852505	37.338642	36.981422	37.753387	37.476723	40.641907	41.567688	43.215527	40.432705	37.462154	34.555187	31.753618	28.155542	25.802448	25.817318	23.001644	22.90648	20.621653	21.531355	20.061838	21.163906	23.755693	25.311344	24.922235	25.22744	26.71567	26.200262	28.416197	27.760588	30.734228	32.666847	33.91749	37.65124	38.584606	42.075542	41.01151	43.440376	46.94509	48.007206	46.464924	47.708584	51.26994	51.40875	50.48652	52.543198	55.7843	55.712868	57.794815	59.54255	57.126274	54.194927	55.472134	55.768612	52.271458	50.844944	52.993385	52.714233	48.932495	48.82078	51.19676	49.20195	46.003124	47.8856	49.755924	46.5062	45.154964	48.485645	48.658443	47.8002	46.63087	46.90116	44.46189	40.79894	40.00535	42.339127	42.308968	44.23672	46.47045	45.065872	46.976555	45.466446	47.43847	46.60102	47.678413	48.563183	48.337948	45.19461	43.415005	44.137234	42.181526	43.80597	42.01279	42.88972	45.261776	47.513844	46.492817	45.14988	42.57783	42.705395	39.87491	39.081898	39.40754	38.80002	42.28273	42.75154	44.367764	43.97471	46.921806	46.23253	49.45643	48.309784	49.457954	51.553978	49.256638	47.929665	44.361317	44.643547	41.70636	42.38145	42.157368	44.138607	44.37624	47.093678	48.25464	49.24249	52.86878	54.738525	53.51834	54.362408	56.926872	60.269234	59.521	56.345806	58.123253	60.868084	58.66936	60.725693	57.92866	57.711388	54.024246	54.56884	55.32103	52.518997	55.015812	55.62251	52.121143	52.474674	55.8615	54.466133	51.880695	54.788586	56.64095	53.671227	53.15204	56.805996	56.301365	53.47187	55.913464	58.314423	55.775455	55.235996	58.942726	59.79634	57.87986	59.403732	61.203026	64.21884	66.22755	64.70575	65.44426	62.77401	61.824722	59.3374	56.201286	56.74007	55.154724	57.42353	60.118263	59.431458	63.197445	63.993095	61.110554	59.338802	55.803844	53.429955	56.131912	56.391205	57.01868	60.595543	61.28188	59.917023	61.91854	65.16653	64.79278	63.45266	65.11719	68.24309	69.16685	67.65143	66.61787	64.180954	62.913197	65.74711	66.22007	68.23461	71.39153	70.47023	67.664825	70.44519	71.63147	68.45992	67.533516	63.729523	63.960453	66.608215	64.287125	61.53131	64.10926	65.31059	61.749016	61.240856	64.41942	63.45022	60.226284	62.037605	64.49224	64.486755	64.54162	61.063835	62.589153	64.56429	61.52398	60.228916	57.230522	54.08887	54.76746	58.340744	57.351204	54.941856	57.936832	60.647346	58.201168	57.52554	61.272705	61.624233	58.82644	60.632725	63.965565	62.544014	60.299732
G-19-E	25.681412	26.195677	24.975674	28.434044	28.097036	24.853716	26.717966	29.381916	27.387337	25.60178	28.977137	30.381056	33.57073	32.41694	29.960197	30.756426	31.316563	27.747528	24.329798	23.461414	22.319193	18.531994	18.471346	20.32221	17.595856	15.087078	17.67295	19.054232	15.857551	15.32844	18.986706	20.17231	23.422483	26.2364	29.557394	31.431816	33.881264	36.006863	36.426506	38.23738	39.730865	36.60644	33.703518	32.370453	31.531979	29.0623	28.632769	24.999235	23.178862	20.56374	19.51971	22.882973	24.976707	27.033766	26.81176	28.551605	27.087784	29.538143	28.433086	30.914173	32.188545	32.727222	36.224613	35.393044	32.740253	35.48271	35.79833	32.02832	32.15909	35.22177	34.26947	30.93916	32.811924	35.357315	33.172596	31.356642	34.45575	36.62915	35.945	36.469845	35.847324	38.85546	39.52278	41.340645	38.76923	35.73944	32.751427	30.23287	26.531761	24.574463	25.03619	22.5089	22.944317	20.63629	22.09744	20.747395	22.40335	24.589872	25.83911	25.349525	25.101404	26.417728	25.401823	27.347301	26.232952	28.964033	30.540987	31.639465	35.327206	36.170162	39.757435	38.97422	41.599625	45.04425	46.244507	44.539658	45.575485	49.218548	49.41279	48.27022	50.212555	53.463642	53.339108	55.32057	57.152534	54.654285	51.77412	53.248566	53.556404	49.98469	48.718945	51.037403	50.707222	46.92987	47.036694	49.519325	47.4549	44.36962	46.4839	48.35018	45.09884	43.988476	47.452354	47.577385	46.91042	45.598335	46.018684	43.583443	39.944107	38.876614	41.37335	41.447624	43.58869	45.72138	44.320923	46.22556	44.603523	46.72957	45.73109	46.526733	47.259262	46.783665	43.73128	42.01704	42.47546	40.27705	41.639744	39.632954	40.26307	42.620514	45.031326	44.193714	43.09445	40.71568	41.14431	38.468815	38.001175	38.554497	38.245094	41.842167	42.202484	44.00812	43.61222	46.590492	46.07537	49.229183	48.262444	49.628284	51.57362	49.36765	47.906578	44.41589	44.699745	41.85573	42.712193	42.333797	44.33809	44.250183	46.804268	47.675682	48.492146	52.183342	53.82079	52.53617	53.608128	56.155293	59.605217	59.035664	55.922382	57.68416	60.571426	58.525265	60.536995	57.65227	57.56978	53.948433	54.58224	55.089012	52.117294	54.409706	55.09137	51.526886	51.633644	54.99041	53.65666	50.879745	53.622475	55.530956	52.506718	51.766415	55.375286	54.897533	51.911255	54.196896	56.635307	54.0458	53.304787	56.96628	57.86283	55.776154	57.174862	58.842594	61.774338	63.67977	62.229794	63.133205	60.595306	59.816982	57.394176	54.350746	55.11266	53.7159	56.08359	58.906876	58.141636	61.91742	62.906162	60.14768	58.43813	54.841644	52.653053	55.435127	55.93615	56.62411	60.24225	60.717194	59.23214	61.37036	64.565895	63.976307	62.630135	64.46561	67.6272	68.360886	66.75802	65.55746	62.97164	61.536007	64.22881	64.554794	66.424965	69.528595	68.437004	65.656364	68.45814	69.4778	66.22385	65.34792	61.54597	61.898933	64.63923	62.360184	59.66105	62.350525	63.630795	60.127842	59.708366	62.99738	62.092007	58.949337	60.865128	63.449783	63.650066	63.762363	60.26948	61.775036	63.562275	60.409855	58.946102	55.97492	52.70495	53.286343	56.80493	55.712013	53.179443	56.123127	58.787052	56.22259	55.43869	59.158596	59.444866	56.519577	58.24674	61.568657	60.0389	57.688286
Q-20-E	24.597246	25.485355	24.419876	27.671228	26.87721	23.597048	25.617683	27.925978	25.548813	23.839375	27.298468	28.470116	31.720098	30.861542	28.631447	29.858507	30.62165	27.163792	23.545471	22.396818	21.630775	17.826763	17.742569	20.19746	17.97364	15.190103	17.958456	19.931236	17.222692	16.509502	20.276932	21.917551	25.339964	28.158241	31.56742	33.4742	35.629044	37.803	38.40561	39.994984	41.504536	38.251892	35.55316	34.262493	33.1425	30.745136	30.075912	26.36839	24.245317	21.219059	19.921799	23.484318	25.339285	27.743517	27.536402	29.532051	28.339725	30.903221	30.125687	32.57671	34.136272	34.64185	37.988777	36.867805	34.09339	36.54626	36.806858	33.026985	32.875717	35.721493	34.72916	31.235338	32.870945	35.27036	32.957924	30.92056	33.845108	35.978634	35.07939	35.873383	35.140312	38.256435	39.09123	41.15739	38.684616	35.89386	32.66948	30.217546	26.46633	24.724438	25.565912	23.410454	24.211267	22.393082	24.129694	23.257622	25.046509	27.429686	28.393063	27.48931	27.091545	27.956612	26.705616	28.258884	26.928854	29.394068	30.855593	32.29049	35.996265	37.14229	40.707844	40.019413	42.571964	45.8803	47.349575	45.796555	46.60499	50.241898	50.707603	49.548836	51.256615	54.376835	53.9954	55.769413	57.428806	54.760437	52.056404	53.57045	53.618084	49.999027	48.950203	51.184437	50.57609	46.80693	47.109493	49.401146	47.100433	44.148743	46.3517	47.949623	44.553658	43.63047	47.05534	46.88163	46.01528	44.451176	44.61884	41.959923	38.248016	37.369072	40.066696	40.46422	42.79567	45.152885	44.05508	46.226967	44.856487	47.209335	46.43605	47.12131	48.06473	47.670033	44.7889	42.82532	43.081165	40.903088	42.159725	39.978115	40.63116	42.709976	45.284485	44.291664	43.30447	40.856533	41.40217	38.94436	38.664455	38.96925	38.911865	42.43649	42.466614	44.0631	43.34622	46.123837	45.38607	48.379375	47.225464	48.789513	50.89211	48.913094	47.676365	44.286995	44.88998	42.26024	43.413193	43.31172	45.57919	45.438023	47.812946	48.617	49.622585	53.3485	54.950863	53.426853	54.42316	56.775795	60.26518	59.56612	56.590515	58.55858	61.381996	59.230396	61.039165	58.014652	57.741615	54.114677	54.514965	54.901806	51.887608	54.177635	55.112686	51.62466	51.587894	55.050472	53.96267	51.145668	53.792072	55.919125	53.04135	52.13553	55.783653	55.560802	52.543312	54.67167	57.298073	54.88167	53.976616	57.570225	58.70017	56.63258	57.82614	59.580772	62.384193	64.37553	63.13004	64.04422	61.5461	60.921944	58.67947	55.589314	56.373722	54.922047	57.139442	60.08224	59.506065	63.309692	64.25828	61.606434	60.096745	56.534203	54.305984	56.94508	57.415253	57.88853	61.56582	62.102573	60.42917	62.452465	65.73579	65.09066	63.545963	65.3065	68.578575	69.34455	67.5662	66.44821	63.77869	62.424503	65.10733	65.25558	67.18338	70.17047	69.05209	66.14426	68.80661	69.79411	66.4787	65.41313	61.64363	62.19648	64.83561	62.39719	59.861973	62.677006	63.77613	60.22934	60.040943	63.3104	62.204365	59.17163	61.271072	63.764954	64.065735	63.97007	60.393547	61.678757	63.492764	60.400112	58.79039	55.682785	52.44681	52.77224	56.344074	55.46052	52.77957	55.560608	58.383076	55.94003	54.931683	58.609615	59.119495	56.16773	57.689922	61.117676	59.745758	57.26703
T-21-E	21.479654	22.37846	21.262693	24.348509	23.403074	20.07297	22.09806	24.27639	21.819883	20.122066	23.611002	24.807331	28.122849	27.42441	25.178976	26.537647	27.305067	23.906187	20.222698	19.063911	18.668121	14.935376	14.579761	17.373968	15.648796	12.634753	15.400241	17.816475	15.658597	14.823135	18.568455	20.694475	24.160685	27.026957	30.42519	32.268677	34.092903	36.262196	37.044724	38.40101	39.955036	36.625828	34.129944	32.853638	31.45306	29.175587	28.34248	24.639338	22.386894	19.061749	17.837196	21.544655	22.995275	25.527237	25.203386	27.3303	26.371933	29.016663	28.598148	31.057156	32.95244	33.567493	36.712265	35.2576	32.496017	34.690277	34.759933	30.987062	30.731152	33.33773	32.200253	28.648232	30.218885	32.41469	29.955898	27.892496	30.774794	32.77181	31.6982	32.56662	31.750967	34.90528	35.838764	38.021492	35.6132	32.988365	29.633812	27.250303	23.498375	21.969051	23.16262	21.42271	22.68931	21.347591	23.52299	23.226387	25.41132	27.758482	28.21585	26.84404	26.097918	26.465418	24.899115	26.043245	24.509672	26.735434	28.128298	29.839054	33.544262	34.969498	38.464294	37.796894	40.245766	43.432304	45.10613	43.71524	44.355415	47.956036	48.653584	47.537937	49.057224	52.049965	51.47422	53.118	54.624176	51.872513	49.276867	50.763775	50.637127	47.01254	46.075302	48.225365	47.454014	43.698627	44.103344	46.271824	43.847164	40.977146	43.235348	44.683323	41.224857	40.429024	43.84512	43.52241	42.615902	40.932575	41.058475	38.35345	34.64185	33.74143	36.523193	37.055122	39.512383	41.930595	40.98768	43.29614	42.058903	44.58248	43.93582	44.494354	45.57392	45.234978	42.507732	40.356773	40.452454	38.314117	39.521946	37.271336	38.02411	39.904472	42.52328	41.377407	40.42336	37.920967	38.537457	36.25115	36.14524	36.31408	36.50502	39.985638	39.766647	41.286186	40.39687	43.073994	42.30686	45.19766	44.05607	45.78141	47.867977	46.033127	44.851566	41.563934	42.34137	39.89806	41.315296	41.34509	43.806866	43.505367	45.674248	46.34352	47.454227	51.20378	52.729958	51.0144	51.990437	54.19258	57.721428	56.981422	54.12572	56.228577	59.036972	56.867844	58.521145	55.38946	55.04915	51.45601	51.760563	51.991203	48.90805	51.12856	52.218204	48.76849	48.58931	52.09549	51.17308	48.303917	50.856804	53.124107	50.347446	49.31156	52.972572	52.930412	49.895607	51.907215	54.6608	52.386036	51.374874	54.91369	56.215107	54.19699	55.25199	57.107765	59.831413	61.92666	60.826458	61.690224	59.194344	58.667404	56.58113	53.442684	54.222862	52.723022	54.809566	57.848663	57.432777	61.2502	62.1725	59.6348	58.319904	54.795765	52.563465	55.075092	55.567276	55.87353	59.596592	60.132065	58.28331	60.238438	63.569206	62.840145	61.145267	62.879528	66.23241	66.98326	65.06351	63.985806	61.244656	59.94521	62.611507	62.62739	64.60413	67.50348	66.38955	63.390255	65.94877	66.93981	63.604916	62.408722	58.66473	59.325645	61.88165	59.343616	56.910183	59.79469	60.773117	57.205563	57.165184	60.41897	59.194035	56.242336	58.46566	60.912373	61.31199	61.098663	57.47771	58.631214	60.419533	57.349033	55.64003	52.469368	49.245335	49.43302	53.02101	52.243404	49.490555	52.188847	55.08651	52.71979	51.610905	55.267704	55.899178	52.963577	54.40108	57.87894	56.6228	54.117935
C-22-E	22.537504	23.33818	21.926224	24.633457	23.566208	20.062672	21.703457	23.669323	21.045458	18.962933	22.238167	22.906164	26.026888	25.279943	23.43521	25.172533	26.422384	23.302996	19.517345	17.705893	17.200937	13.593598	13.930162	17.0264	15.582538	13.04821	16.226336	18.626337	16.907743	16.66163	20.359106	22.925842	26.207945	29.282757	32.517582	34.066074	35.711384	37.633648	38.27749	39.302456	40.603546	37.112812	34.909653	33.975304	32.628105	30.695408	30.048487	26.450277	24.390432	20.918589	20.071646	23.849115	24.808935	27.246325	26.53412	28.474598	27.409456	29.80166	29.39622	31.526196	33.4421	33.73842	36.744656	35.198215	32.20828	34.115448	34.40768	30.728823	30.019812	32.518284	31.656317	27.96754	29.09262	31.359856	29.086773	26.646208	29.209606	31.415487	30.471281	31.756863	31.200819	34.561283	35.871624	38.041454	35.519684	33.160393	29.74379	27.167645	23.54107	21.841572	22.946938	21.348969	22.550491	21.706638	23.774315	23.887392	25.921196	28.593473	28.899359	27.200731	26.654129	26.716778	25.3319	26.33483	25.049423	27.25185	28.891272	30.995386	34.718563	36.466564	39.81151	38.94092	41.12052	44.2313	45.987617	44.887894	45.537415	49.031685	49.902206	48.99905	50.43032	53.289524	52.563175	54.14362	55.418995	52.64105	50.135452	51.43634	51.101837	47.539875	46.60353	48.507153	47.58343	43.851254	44.184177	46.095505	43.577335	40.712994	42.809242	44.05474	40.51035	39.638947	42.894302	42.397236	41.18951	39.462612	39.2925	36.449276	32.67879	32.14821	34.902405	35.56237	37.968704	40.623783	39.90868	42.41771	41.47623	44.046772	43.716747	44.41344	45.790462	45.741444	43.092327	40.689796	40.858234	38.98329	40.359295	38.21818	39.256203	40.929955	43.46976	42.017128	40.901157	38.172672	38.587658	36.35163	36.118095	35.892696	36.05775	39.36621	38.958122	40.157513	39.02192	41.512318	40.454052	43.27386	41.873665	43.585506	45.883537	44.157085	43.241722	39.991943	41.020794	38.705154	40.24783	40.61594	43.279083	43.148335	45.26306	46.08377	47.482082	51.194153	52.865707	51.00616	51.73326	53.77988	57.24561	56.26687	53.487354	55.766422	58.40872	56.050537	57.563705	54.390965	53.80431	50.171337	50.230587	50.5414	47.559376	49.9275	51.14944	47.819305	47.724632	51.324123	50.548016	47.81418	50.41987	52.802753	50.20031	49.227863	52.944363	53.08297	50.175808	52.196007	55.053963	52.976604	52.02758	55.5408	56.984917	55.157883	56.16871	58.2248	60.924725	63.19515	62.188457	62.88196	60.290817	59.725124	57.738495	54.481983	55.070995	53.361034	55.22495	58.245567	58.06187	61.88336	62.605766	60.068935	58.888157	55.4562	53.05036	55.361702	55.643566	55.71473	59.447033	60.190514	58.274086	60.02048	63.45638	62.847916	60.994526	62.528576	65.938	66.860825	64.86859	63.9975	61.3187	60.2346	63.008774	63.01153	65.16363	68.01089	67.043	63.926853	66.347916	67.476585	64.18842	62.80148	59.092514	59.779568	62.158546	59.46784	57.111755	59.977062	60.73978	57.09632	57.153076	60.28273	58.850735	55.922047	58.1929	60.4525	60.763687	60.34205	56.67777	57.676098	59.632668	56.708775	55.040123	51.75532	48.68155	48.771893	52.435078	51.90663	49.17531	51.79829	54.84115	52.686398	51.534386	55.175407	56.026432	53.21881	54.595222	58.142006	57.11856	54.657043
V-23-E	20.765469	21.81181	20.565601	22.885843	21.394423	17.985695	19.692429	21.187407	18.248915	16.324963	19.604166	20.093214	23.287733	22.956982	21.307291	23.430796	24.761091	21.863663	18.060263	16.141233	16.331173	13.112017	13.130712	16.654411	16.055536	13.469849	16.331776	19.176207	18.158876	17.693228	21.139477	24.001303	27.280546	30.243101	33.455143	34.997562	36.276527	38.22386	39.091484	39.884872	41.24302	37.722034	35.760128	34.82145	33.168736	31.348938	30.458893	26.936657	24.694897	21.021606	20.094883	23.82896	24.392506	27.02605	26.324497	28.455078	27.75643	30.220814	30.238897	32.34819	34.57876	34.97337	37.728134	35.849968	32.907536	34.46684	34.554737	30.957182	30.087574	32.223648	31.216112	27.505302	28.441359	30.383698	27.947212	25.439997	27.802465	29.79696	28.558182	30.032776	29.316347	32.694782	34.131405	36.520344	34.173832	32.116344	28.543442	26.168629	22.64302	21.358116	22.925	21.920864	23.586466	23.266912	25.650051	26.223993	28.490797	31.09551	31.01726	28.960804	28.115244	27.678644	25.986643	26.46347	24.927792	26.704803	28.132507	30.52329	34.152985	36.18378	39.42282	38.669884	40.737072	43.644333	45.663754	44.731556	45.12395	48.56091	49.708443	48.80066	49.966267	52.651695	51.668972	53.026062	54.11018	51.196697	48.891613	50.211395	49.622013	46.055836	45.349213	47.151096	45.960922	42.286133	42.826736	44.53414	41.808968	39.133057	41.32161	42.28546	38.648464	38.02451	41.224277	40.434338	39.103592	37.122868	36.766136	33.75399	29.967794	29.541237	32.48993	33.480026	36.098812	38.898262	38.49134	41.221214	40.51571	43.31154	43.171383	43.680004	45.220615	45.216618	42.802616	40.196842	40.11472	38.2761	39.503353	37.22886	38.29193	39.64861	42.29409	40.697914	39.717308	36.981834	37.543243	35.606846	35.63808	35.216324	35.71983	38.912888	38.146763	39.176178	37.744556	40.01087	38.824173	41.429756	39.951195	41.915333	44.261673	42.80372	42.05696	38.98971	40.309654	38.28755	40.161396	40.733902	43.6138	43.318027	45.162636	45.81545	47.33785	51.049606	52.608055	50.514362	51.21154	53.03644	56.53364	55.48979	52.89325	55.345318	57.941723	55.555042	56.841988	53.53765	52.822514	49.24914	49.1213	49.224422	46.1771	48.449703	49.922264	46.68586	46.38241	50.03459	49.52261	46.735226	49.176712	51.759697	49.321476	48.153812	51.858356	52.25462	49.327087	51.145126	54.165413	52.28164	51.159504	54.562614	56.232353	54.437477	55.22634	57.35519	59.904312	62.252926	61.459934	62.148174	59.617645	59.22023	57.44509	54.178368	54.803024	53.078808	54.781666	57.91528	57.915222	61.73105	62.439655	60.06085	59.11242	55.73962	53.3605	55.51565	55.826046	55.69623	59.46118	60.20062	58.080826	59.731293	63.210007	62.496296	60.459057	61.949623	65.45015	66.349075	64.17727	63.35758	60.58766	59.565353	62.284637	62.090145	64.269	66.97498	65.976776	62.757572	65.0255	66.108734	62.78208	61.221992	57.572567	58.452564	60.719006	57.898045	55.725033	58.69931	59.289005	55.64056	55.934464	59.035446	57.432472	54.650776	57.10066	59.281055	59.73636	59.133934	55.417126	56.19319	58.111214	55.241318	53.41271	50.034035	46.998993	46.827404	50.497684	50.156715	47.29577	49.735764	52.89633	50.865517	49.507156	53.078087	54.12823	51.32004	52.49708	56.114037	55.251263	52.70147
V-24-E	22.294401	23.017601	21.387527	23.267513	21.86846	18.376286	19.45458	20.781519	17.912355	15.491386	18.31336	18.164934	21.022383	20.528223	19.350548	21.788992	23.629572	21.117348	17.38294	14.79842	14.799746	12.01197	12.844846	16.345062	16.050665	14.191905	17.240307	19.828169	19.234026	19.366568	22.649242	25.817078	28.826927	31.969587	34.956223	36.160004	37.276356	38.927166	39.61479	40.071983	41.14877	37.51233	35.865475	35.289948	33.74944	32.313824	31.679901	28.33759	26.407545	22.753828	22.318342	26.015238	26.111568	28.490562	27.362694	29.187994	28.3356	30.46742	30.467808	32.20499	34.412727	34.498634	37.067757	35.124268	32.012264	33.258965	33.56807	30.131535	28.828686	30.822126	30.128061	26.359821	26.816465	28.820127	26.656792	23.802885	25.785255	28.001717	26.988838	28.871208	28.515705	32.064835	33.885895	36.15225	33.667538	31.88335	28.358376	25.785643	22.508442	21.024786	22.389423	21.553837	23.099497	23.286896	25.52163	26.499529	28.625402	31.434078	31.164946	28.821003	28.158785	27.430344	25.971054	26.323029	25.127724	26.892956	28.605484	31.317268	34.91692	37.21593	40.25937	39.257397	41.016445	43.844887	45.8826	45.254406	45.70696	49.000984	50.27728	49.62221	50.73791	53.288395	52.205368	53.543224	54.40123	51.52569	49.283028	50.36214	49.609863	46.154686	45.385487	46.910057	45.631947	42.00731	42.39996	43.84808	41.102844	38.413998	40.369503	41.164417	37.495373	36.734196	39.733162	38.827206	37.209095	35.26729	34.642864	31.560535	27.752468	27.721714	30.537333	31.571836	34.059326	37.056217	36.842545	39.72147	39.30319	42.088196	42.25894	42.935722	44.755802	45.061153	42.71993	39.904633	39.949142	38.425297	39.864048	37.790123	39.173664	40.3662	42.84172	40.94211	39.743233	36.787582	37.07744	35.169823	35.021587	34.210014	34.644344	37.62414	36.705578	37.408775	35.771805	37.853184	36.397713	38.9463	37.233284	39.137516	41.668106	40.292786	39.79607	36.777332	38.314556	36.427155	38.39583	39.288025	42.33063	42.207756	43.991695	44.804523	46.59815	50.239655	51.949284	49.749287	50.183605	51.86121	55.2665	53.992115	51.46948	54.067707	56.485607	53.92674	55.086975	51.773384	50.830757	47.23379	46.8837	47.089024	44.172424	46.596382	48.1562	45.05316	44.873814	48.587868	48.19065	45.578075	48.08596	50.736664	48.47637	47.42389	51.161594	51.70263	48.943577	50.799393	53.877518	52.188324	51.183937	54.557938	56.325203	54.755287	55.54438	57.87553	60.42429	62.947685	62.208656	62.69021	60.046707	59.567333	57.872673	54.496643	54.896893	52.956963	54.430855	57.506657	57.73031	61.528774	62.02147	59.63831	58.812874	55.55257	53.00713	54.95268	55.04416	54.690746	58.439972	59.386246	57.227573	58.663662	62.227283	61.653015	59.484135	60.76502	64.29617	65.37123	63.158253	62.552784	59.87875	59.08464	61.916676	61.748993	64.10716	66.77385	65.95568	62.64583	64.784874	66.036	62.79416	61.072407	57.467983	58.31437	60.39394	57.451725	55.33008	58.234684	58.621746	54.911892	55.255367	58.20664	56.42427	53.6529	56.10337	58.08597	58.42096	57.63411	53.901043	54.55079	56.643604	53.934856	52.197266	48.739193	45.88428	45.675285	49.399773	49.289394	46.515217	48.90668	52.172832	50.364162	49.037777	52.587734	53.81887	51.187626	52.36056	56.006004	55.37178	52.934658
H-25-E	22.588558	23.138924	21.358845	22.659874	21.183895	17.81902	18.389584	19.294836	16.45364	13.816647	16.12103	15.35399	17.929825	17.571213	16.897161	19.739847	21.944017	19.920038	16.39951	13.413195	13.755547	11.81597	12.900636	16.330153	16.736792	15.415637	18.200413	20.729925	20.775515	21.134201	24.081783	27.501104	30.28	33.425304	36.212196	37.18096	37.98065	39.435085	40.127995	40.239357	41.16599	37.487137	36.195538	35.844917	34.22505	33.117046	32.529766	29.407581	27.634302	23.997675	23.868086	27.422457	27.011051	29.249958	27.863909	29.54309	28.8079	30.725975	30.959423	32.431126	34.780598	34.755577	37.02161	34.85839	31.73444	32.556923	32.857773	29.631489	27.999033	29.633629	29.053444	25.319899	25.344606	27.137823	25.097027	22.039871	23.595324	25.786348	24.77116	27.013618	26.833519	30.455227	32.588932	34.848576	32.39398	30.988684	27.482094	24.945305	21.997768	20.674282	22.129263	21.789576	23.496721	24.276066	26.566597	28.017212	30.188835	32.996483	32.381226	29.703615	28.964779	27.78395	26.31369	26.27188	25.18445	26.65969	28.412428	31.435286	34.906044	37.499676	40.317974	39.220085	40.693535	43.331886	45.503536	45.171844	45.525272	48.66561	50.16426	49.681717	50.61882	52.971024	51.697525	52.904144	53.50563	50.6105	48.523106	49.435116	48.44972	45.09626	44.40252	45.672333	44.210236	40.679916	41.072514	42.226078	39.384727	36.81028	38.63739	39.162296	35.455822	34.743263	37.551144	36.417183	34.55678	32.520916	31.627829	28.435234	24.63328	24.934456	27.727825	28.962194	31.459826	34.63913	34.728374	37.802402	37.706966	40.58965	41.063335	41.731968	43.80663	44.334682	42.192814	39.159157	39.148663	37.873344	39.36186	37.38571	38.991737	39.90221	42.280037	40.114643	38.843605	35.767788	35.947506	34.25011	34.13816	32.974865	33.563244	36.302372	35.083443	35.475338	33.54931	35.363968	33.682545	36.053986	34.171093	36.183605	38.82963	37.67168	37.423878	34.57426	36.406464	34.806355	37.021645	38.21473	41.45495	41.32624	42.889465	43.68841	45.705063	49.275383	50.999557	48.614166	48.8658	50.314095	53.66238	52.2189	49.86247	52.63467	54.907505	52.24588	53.191006	49.8106	48.66538	45.111546	44.524128	44.661793	41.800552	44.246178	45.9933	43.045288	42.824314	46.58266	46.40861	43.89367	46.33494	49.122093	47.081215	46.00322	49.730618	50.50161	47.86025	49.620518	52.803062	51.355827	50.345695	53.62175	55.56085	54.168495	54.840534	57.334595	59.795982	62.46809	61.87452	62.207745	59.5303	59.08475	57.564117	54.13	54.399757	52.324917	53.553623	56.637962	57.104687	60.869213	61.21635	58.932766	58.32195	55.18396	52.568867	54.28273	54.26002	53.655777	57.394352	58.455235	56.164715	57.40845	61.03075	60.481956	58.13757	59.2607	62.847843	64.01069	61.67975	61.23784	58.58548	57.974205	60.835423	60.581055	63.06092	65.61787	64.90807	61.49907	63.465736	64.80371	61.614758	59.705753	56.177902	57.091183	58.978207	55.903194	53.91825	56.81676	56.97927	53.24416	53.74174	56.565884	54.58592	51.913143	54.448193	56.253803	56.592724	55.59589	51.840492	52.287018	54.458084	51.89156	50.13598	46.595726	43.89676	43.529423	47.271896	47.41073	44.64836	46.90282	50.27973	48.693726	47.30017	50.782963	52.226135	49.734753	50.808765	54.486267	54.090775	51.710655
Y-26-E	24.123493	24.102762	21.821274	22.912056	21.951849	18.513737	18.329878	19.484383	17.198013	13.999839	15.667198	14.503962	16.551842	15.515505	15.121818	17.86865	20.502228	18.780668	15.494746	12.001393	11.643334	10.265288	12.297315	15.212003	15.625253	15.176316	18.06816	20.048128	20.339174	21.343895	24.09397	27.651663	30.08147	33.405888	35.913624	36.505768	37.262516	38.375355	38.78934	38.64236	39.25942	35.515133	34.470127	34.491955	33.12261	32.393356	32.19043	29.285286	27.96461	24.518784	24.962597	28.440907	27.727278	29.537647	27.702623	28.924498	27.876135	29.380104	29.443699	30.524172	32.732994	32.402824	34.52413	32.41118	29.158216	29.786335	30.357418	27.295717	25.330051	26.95723	26.754665	23.027946	22.67099	24.686823	23.04839	19.725655	21.02242	23.567287	23.034275	25.501673	25.836485	29.571198	31.981997	33.91187	31.206436	29.897503	26.601301	23.766174	21.098143	19.370562	20.349611	19.9971	21.41995	22.588964	24.647457	26.422562	28.444664	31.335932	30.548409	27.687433	27.166893	25.82888	24.711489	24.731375	24.13953	25.7871	27.93814	31.091755	34.539818	37.236362	39.872948	38.44771	39.64118	42.293373	44.31853	44.21942	44.7783	47.779	49.24952	49.045383	50.076927	52.376663	51.166782	52.502396	52.993282	50.256516	48.096004	48.727837	47.76319	44.551113	43.62187	44.66506	43.32281	39.822994	39.90105	40.93385	38.254753	35.535862	37.043873	37.617466	33.98092	32.938496	35.580235	34.58429	32.580734	30.835573	29.91138	26.884037	23.128378	23.655136	26.071045	27.0062	29.181032	32.402996	32.4358	35.481533	35.506	38.23045	38.89063	39.82495	42.070026	42.882305	40.700294	37.586136	37.85237	36.897285	38.69336	37.042824	38.97403	39.92184	42.013653	39.636093	38.04139	34.763695	34.557983	32.718475	32.274563	30.840801	31.180264	33.75494	32.593117	32.786453	30.87392	32.68281	30.885237	33.381283	31.402967	33.17543	35.905304	34.616253	34.444675	31.526197	33.371204	31.745607	33.894867	35.272266	38.55898	38.638832	40.249985	41.267647	43.468834	46.957195	48.87155	46.516815	46.536827	47.967953	51.20707	49.601772	47.214542	50.01832	52.156326	49.37066	50.327736	47.016544	45.763645	42.16069	41.512638	41.85863	39.149757	41.78408	43.43109	40.544994	40.57443	44.34108	44.09983	41.790123	44.39344	47.102596	45.136696	44.300144	48.05202	48.798267	46.349964	48.27107	51.39277	50.02983	49.25547	52.558678	54.445484	53.276268	54.09092	56.745407	59.301064	62.103214	61.426685	61.534958	58.705853	58.071136	56.518833	52.99032	53.006554	50.729584	51.81206	54.766937	55.35592	59.093018	59.236485	56.878838	56.28164	53.23862	50.464325	52.03963	51.803997	51.087276	54.787308	56.030804	53.80601	54.900036	58.568577	58.199677	55.837578	56.793484	60.352528	61.682518	59.418266	59.14558	56.643536	56.21828	59.214718	59.11103	61.747738	64.350815	63.849106	60.427235	62.364418	63.906788	60.84568	58.905308	55.390537	56.119442	57.889732	54.799706	52.73635	55.47516	55.55968	51.779606	52.155296	54.84433	52.81829	50.059925	52.468212	54.137474	54.274742	53.23255	49.504753	49.993378	52.341393	49.887695	48.340473	44.81035	42.263973	42.07643	45.84857	46.058277	43.503086	45.85581	49.221134	47.76457	46.58932	50.096638	51.547337	49.256428	50.500183	54.12834	53.841362	51.675568
T-27-E	25.56348	25.14507	22.586205	23.185673	22.517607	19.263515	18.351778	19.348635	17.553259	14.117071	14.885853	13.0882225	14.391778	12.933953	13.189911	16.035742	19.124527	18.015589	15.229243	11.4493065	10.914879	10.755259	13.185342	15.489334	16.33431	16.654911	19.262201	20.83975	21.625492	23.01107	25.38691	29.065334	31.13784	34.491486	36.69951	36.946045	37.46972	38.26343	38.530285	38.021255	38.367085	34.608925	33.95176	34.315887	33.04799	32.73856	32.766758	30.164234	29.192287	25.936993	26.813007	30.102081	28.97054	30.439014	28.256819	29.115612	27.999762	29.109268	29.238825	29.912476	32.108223	31.556034	33.34997	31.135206	27.866417	28.064062	28.765654	26.008265	23.657423	24.975716	25.08466	21.481182	20.570185	22.523249	21.274445	17.724768	18.474377	21.191444	21.00273	23.809801	24.58858	28.359419	31.092855	32.78508	29.9894	29.007248	25.924408	23.014791	20.828623	19.050648	19.772102	19.782145	21.114143	22.851032	24.7768	26.983015	28.934742	31.78419	30.682133	27.5625	27.097729	25.397133	24.486736	24.269716	24.041676	25.548191	27.892876	31.240135	34.535194	37.427174	39.79221	38.144142	38.986774	41.497475	43.50464	43.72292	44.328655	47.129265	48.71079	48.768917	49.73515	51.86775	50.58696	51.90846	52.178555	49.541924	47.44772	47.810432	46.72472	43.684853	42.67075	43.414272	42.043095	38.6541	38.541714	39.307156	36.694874	33.99002	35.201637	35.627697	32.051258	30.842777	33.226147	32.180824	29.94697	28.35506	27.252388	24.311598	20.65572	21.549795	23.634098	24.47782	26.413305	29.754065	29.953876	33.084362	33.39902	36.069374	37.035957	38.109863	40.598766	41.70963	39.65558	36.389416	36.77638	36.176506	38.156742	36.774834	38.999287	39.789974	41.634254	38.999744	37.18969	33.761875	33.258625	31.499708	30.892582	29.081043	29.376293	31.65147	30.326199	30.17967	28.090836	29.69832	27.685528	30.132425	27.994173	29.680573	32.525757	31.304	31.34646	28.522593	30.572027	29.15445	31.428284	33.11032	36.532368	36.716267	38.184185	39.30469	41.741013	45.110874	47.127007	44.683266	44.452312	45.714745	48.83902	47.03966	44.755714	47.67874	49.637936	46.72813	47.54586	44.241535	42.79995	39.211704	38.37436	38.795097	36.224754	38.9741	40.67443	37.94235	38.09465	41.871952	41.736954	39.627537	42.265934	44.999226	43.23107	42.525658	46.258965	47.131676	44.886852	46.82715	49.95804	48.803932	48.166473	51.40239	53.353554	52.42791	53.24726	56.076145	58.619034	61.57017	60.936962	60.82793	57.906998	57.19008	55.73679	52.14142	51.934605	49.474384	50.31132	53.182728	53.991978	57.673084	57.611423	55.28931	54.84277	51.947872	49.060574	50.398193	49.974777	49.03387	52.688416	54.098972	51.833035	52.714478	56.43143	56.178047	53.7027	54.460617	58.027863	59.500904	57.20621	57.13286	54.73957	54.536995	57.613956	57.54248	60.33191	62.883373	62.568905	59.09469	60.90213	62.609165	59.667854	57.60702	54.163998	54.820522	56.39713	53.233997	51.218437	53.84472	53.74591	49.943207	50.34005	52.857616	50.691803	47.9581	50.33328	51.8048	51.82797	50.630985	46.919613	47.303318	49.795673	47.507687	46.082012	42.527164	40.189003	40.01624	43.79148	44.19525	41.793404	44.106506	47.508263	46.27364	45.200485	48.658657	50.22916	48.157494	49.43805	53.03141	52.950012	50.960335
G-28-E	26.852793	25.938007	22.98902	23.634066	23.5701	20.270632	18.880323	20.356356	19.167221	15.480415	15.901265	14.312705	15.1777525	12.833865	12.95538	15.146206	18.387796	17.390505	14.9292	11.104495	9.455733	9.819137	12.954592	14.457385	15.014126	16.14733	18.771599	19.680292	20.526014	22.477789	24.652136	28.301271	30.023575	33.508392	35.449226	35.365166	35.955967	36.441032	36.393833	35.7442	35.807323	32.021324	31.502094	32.19143	31.25237	31.244188	31.68105	29.282751	28.766375	25.789331	27.135706	30.32282	29.086298	30.12086	27.596119	27.984928	26.48596	27.184824	27.026434	27.34437	29.308153	28.471176	30.202887	28.141712	24.75639	24.915606	25.930414	23.292824	20.720701	22.212988	22.725681	19.168982	18.032322	20.38896	19.60556	15.942153	16.64224	19.782274	20.219118	22.961943	24.223413	28.000147	30.810354	32.099766	29.030285	27.953184	25.1674	21.953669	19.99792	17.722559	17.775055	17.575298	18.469666	20.456207	22.076588	24.501581	26.286795	29.13801	27.91984	24.724024	24.511354	22.799925	22.324598	22.344698	22.666523	24.471037	27.204216	30.488821	33.770798	36.60325	38.84557	36.890762	37.548588	40.15289	41.909374	42.240356	43.122086	45.824993	47.25331	47.537712	48.691906	50.855484	49.754547	51.28641	51.575634	49.144714	46.891087	47.02913	46.111767	43.19352	41.8735	42.503635	41.39464	38.010857	37.53543	38.34127	36.005886	33.08546	33.993347	34.658684	31.23285	29.61062	31.907774	31.213243	29.036274	27.900564	27.028126	24.465162	20.977276	21.790789	23.375036	23.652943	25.144632	28.338266	28.23318	31.161047	31.397882	33.80319	34.79702	36.17715	38.69976	40.005714	37.81402	34.597008	35.33176	34.97246	37.258137	36.209244	38.660576	39.634262	41.19234	38.489502	36.367977	32.814487	31.930754	29.902454	28.887154	26.972624	26.874287	29.07994	28.019413	27.849	26.007057	27.809328	25.877556	28.610325	26.562065	27.852337	30.648823	29.090302	29.004772	25.979393	27.8179	26.180214	28.229036	29.943071	33.310425	33.721252	35.356373	36.726006	39.23762	42.543907	44.75636	42.459656	42.076347	43.455055	46.48555	44.6207	42.201935	45.04746	46.94722	43.97335	44.94187	41.762043	40.349716	36.68489	35.963024	36.662067	34.23119	37.16418	38.60313	35.842632	36.312614	40.047596	39.68484	37.75726	40.6116	43.15336	41.341682	40.932777	44.680237	45.381447	43.298565	45.467884	48.452488	47.26139	46.897396	50.20301	51.98927	51.221485	52.26177	55.168438	57.854393	60.85827	60.056538	59.77552	56.714523	55.771206	54.19796	50.542816	50.121742	47.517162	48.31988	51.03314	51.84481	55.502983	55.29667	52.84716	52.30754	49.46287	46.4455	47.744896	47.152645	46.22544	49.840298	51.3803	49.260128	50.087208	53.8147	53.740044	51.351967	52.021515	55.519608	57.1172	54.96914	54.982914	52.74863	52.64651	55.847485	55.994713	58.879436	61.538593	61.394474	57.97599	59.847546	61.72648	58.90829	56.934673	53.474358	53.87777	55.433426	52.350666	50.16925	52.606144	52.561115	48.740635	48.898613	51.333576	49.25322	46.369095	48.536716	49.965305	49.761852	48.659187	45.006027	45.580482	48.205307	45.954224	44.785866	41.322056	39.066746	39.21749	42.985504	43.29427	41.14152	43.645767	46.934578	45.70727	44.937225	48.446117	49.87521	47.955273	49.486305	52.98237	52.873764	51.103786
M-29-E	29.891968	28.740795	25.653788	25.953142	26.117342	23.027172	21.18193	22.491266	21.680834	18.015781	17.741552	15.695824	15.656904	12.928251	13.843004	15.821872	19.369598	19.015583	17.152233	13.442108	11.626874	12.793689	16.003618	16.924799	17.581247	19.233551	21.657396	22.147038	23.20455	25.456219	27.369516	31.000856	32.40294	35.901325	37.557266	37.139645	37.596943	37.73274	37.441612	36.45964	36.15736	32.40226	32.273964	33.366817	32.66162	33.05409	33.770332	31.655245	31.462812	28.69489	30.314035	33.355556	31.891953	32.63095	29.857388	29.872696	28.237675	28.482468	28.239384	28.061369	29.82112	28.613789	30.00939	28.019861	24.60851	24.31744	25.659832	23.46353	20.453352	21.659845	22.71551	19.447504	17.619333	19.988916	19.869923	16.104038	16.021431	19.38707	20.384478	23.392275	25.151058	28.857176	31.925076	32.903316	29.75742	28.99332	26.532911	23.292898	21.858482	19.52287	19.138428	19.105522	19.620367	21.99271	23.226261	25.903616	27.398546	30.24855	28.87646	25.582365	25.631588	23.746887	23.679678	23.635721	24.41521	26.144205	29.044743	32.393604	35.503418	38.42943	40.408657	38.22236	38.52739	41.001663	42.649944	43.28381	44.274055	46.75451	48.2218	48.78504	49.925198	51.938232	50.8229	52.37023	52.459385	50.171085	47.97269	47.823193	46.827354	44.120464	42.68415	42.996468	41.915718	38.685684	37.96146	38.486237	36.302044	33.4078	33.917297	34.451675	31.181602	29.317142	31.234123	30.558203	28.1229	27.282108	26.19467	23.843737	20.644417	21.910902	22.969147	23.040485	24.059273	27.316177	27.35582	30.276468	30.838123	33.04306	34.38246	36.006977	38.76054	40.405594	38.314938	35.018124	35.961395	35.994087	38.47846	37.73626	40.431973	41.29469	42.58513	39.678925	37.336334	33.67506	32.432796	30.447992	29.15736	26.854664	26.538897	28.325222	27.208473	26.58572	24.628582	26.162376	23.929829	26.615423	24.311123	25.288425	28.281624	26.735678	26.974539	24.044239	26.060598	24.612747	26.635983	28.74089	32.178726	32.86241	34.41867	36.0184	38.790382	41.909733	44.297974	41.98682	41.268845	42.48661	45.320507	43.19921	40.869316	43.804783	45.44315	42.292675	43.14283	40.049217	38.386906	34.73345	33.771465	34.701847	32.55551	35.683784	37.10068	34.566704	35.295456	38.991585	38.692677	37.086666	40.01391	42.503857	40.918915	40.744938	44.438824	45.219994	43.412697	45.640537	48.571583	47.585823	47.427254	50.657757	52.452293	51.955246	53.042435	56.10375	58.790092	61.920242	61.127026	60.61842	57.45978	56.389748	54.88085	51.173992	50.486	47.68118	48.22627	50.779297	51.803234	55.375698	54.91121	52.45793	52.02605	49.363613	46.199734	47.23867	46.370026	45.21558	48.73563	50.517265	48.436195	48.99575	52.762924	52.895985	50.430733	50.830948	54.29233	56.09967	53.98331	54.252968	52.204624	52.37177	55.67406	55.91442	58.9618	61.581043	61.663097	58.223217	59.96564	62.03304	59.370415	57.301804	53.933784	54.21896	55.56323	52.438812	50.293873	52.55668	52.326157	48.505398	48.632446	50.840347	48.635147	45.76548	47.822075	48.995564	48.584393	47.32299	43.73299	44.2188	47.04777	45.030655	44.077755	40.635067	38.670948	38.891594	42.619328	43.133747	41.212452	43.668156	46.952305	45.976715	45.355923	48.784542	50.31313	48.647297	50.22292	53.649616	53.742058	52.17155
L-30-E	32.340508	30.84731	27.53796	27.817606	28.42116	25.39421	23.241179	24.801126	24.426556	20.7236	20.185102	18.30252	17.860746	14.679174	15.578001	16.843403	20.352976	20.239704	18.826504	15.388049	12.987089	14.489184	17.892622	18.108152	18.487034	20.72341	23.037186	22.91678	23.989025	26.65804	28.332678	31.841034	32.872612	36.422165	37.7733	37.006393	37.49878	37.27632	36.632736	35.454887	34.779514	31.067663	31.17937	32.669052	32.348495	33.08715	34.20332	32.350037	32.582546	30.119024	32.082798	34.984875	33.445778	33.79457	30.76677	30.322412	28.364096	28.126888	27.584024	26.928001	28.33498	26.726797	27.93289	26.189796	22.717941	22.242044	24.026033	22.169647	18.882093	20.141447	21.779041	18.801586	16.601765	19.278816	19.831898	16.17324	15.788286	19.421206	21.079453	23.969694	26.178444	29.769474	32.88623	33.445183	30.117489	29.362617	27.292383	23.90487	22.824215	20.182648	19.120749	18.914953	18.834589	21.417002	22.155603	24.996857	26.167265	28.971134	27.505867	24.21691	24.626526	22.773823	23.26299	23.444004	24.794302	26.708084	29.882614	33.113876	36.123085	38.96786	40.76456	38.294044	38.353043	40.848213	42.222145	43.01901	44.270195	46.588646	47.910904	48.731766	50.02583	52.01749	51.065334	52.78392	52.845108	50.780296	48.479336	48.07643	47.21628	44.68759	42.982243	43.11898	42.283154	39.13627	38.05129	38.533615	36.65972	33.63789	33.767017	34.468956	31.43603	29.182905	30.868076	30.529062	28.126493	27.78919	26.86479	24.95243	22.081593	23.34205	23.836819	23.369965	23.804316	26.84487	26.63831	29.29067	29.865662	31.703007	33.153038	35.122337	37.930454	39.824196	37.657818	34.440765	35.741653	36.080257	38.834743	38.448143	41.340282	42.321014	43.309128	40.340897	37.721706	33.99154	32.3535	30.177494	28.458305	26.00448	25.225548	26.758686	25.928318	25.139177	23.451044	25.045355	22.844559	25.72515	23.475258	23.895561	26.854086	24.990038	25.217888	22.167562	23.972496	22.373495	24.077	26.338095	29.688902	30.717548	32.412678	34.329468	37.221973	40.188007	42.802307	40.655926	39.695923	40.96873	43.624035	41.37284	38.954678	41.8147	43.29555	40.040665	41.00137	38.09055	36.38521	32.692852	31.77305	33.06646	31.193226	34.5223	35.65687	33.203938	34.31597	37.908813	37.41293	36.1019	39.21628	41.481853	39.938164	40.109966	43.76027	44.39555	42.830048	45.257835	48.014282	47.054886	47.195107	50.440666	52.074677	51.78596	53.070286	56.211193	59.003857	62.187893	61.254955	60.549324	57.26484	55.969883	54.376842	50.632225	49.688015	46.72204	47.16377	49.502068	50.57586	54.079758	53.41029	50.845963	50.35212	47.80644	44.497643	45.418507	44.302486	43.10324	46.529785	48.50644	46.599007	47.020134	50.787495	51.159103	48.77323	49.002853	52.364765	54.34799	52.395607	52.821316	50.990402	51.32438	54.74652	55.210865	58.36662	61.057716	61.347015	57.972008	59.728443	61.98031	59.477142	57.474045	54.136803	54.17262	55.437096	52.395428	50.132	52.16438	51.93535	48.13038	48.03284	50.08554	47.941814	44.96413	46.777195	47.826588	47.140232	45.929993	42.44621	43.081078	46.07153	44.176865	43.53152	40.21641	38.43431	38.95556	42.618637	43.099113	41.47554	44.051975	47.20525	46.30813	45.98353	49.40227	50.82383	49.357426	51.134552	54.439854	54.55456	53.217655
E-31-E	35.92757	34.535297	31.251963	31.590057	32.114338	29.04524	26.98288	28.468124	27.947006	24.260176	23.751865	21.646868	21.01611	17.986504	19.20859	20.545877	24.087837	24.035677	22.58616	19.09847	16.630848	17.798683	21.334492	21.639803	21.692287	23.885967	26.415722	26.210682	26.992098	29.772118	31.596626	35.02421	36.05313	39.670544	40.998978	40.15715	40.78426	40.44063	39.582443	38.3779	37.471725	33.801033	33.96883	35.64895	35.57002	36.36456	37.629593	35.76118	36.03902	33.57351	35.47629	38.46273	37.054146	37.411922	34.380928	33.86105	31.743078	31.36408	30.562231	29.69693	30.761702	28.79692	29.984499	28.57782	25.044367	24.538588	26.696686	25.057264	21.665113	22.970425	24.951553	22.151459	19.791378	22.51718	23.36692	19.764399	19.112675	22.743982	24.57209	27.536106	29.851665	33.40724	36.578632	37.05295	33.710598	33.006996	31.029852	27.623352	26.564365	23.82269	22.550167	22.053009	21.529593	23.91145	24.171534	26.800539	27.487688	30.487642	29.301409	26.23407	27.0927	25.522062	26.369272	26.80506	28.334822	30.367517	33.6026	36.782776	39.79467	42.58643	44.36315	41.805965	41.79064	44.290398	45.539616	46.396107	47.761456	50.014072	51.263954	52.184776	53.548096	55.52997	54.62685	56.38119	56.396416	54.392967	52.098564	51.599144	50.73514	48.286755	46.53035	46.557064	45.752625	42.675644	41.48798	41.859932	40.068317	37.0771	37.019894	37.655975	34.72594	32.382008	33.8265	33.48702	30.923914	30.708364	29.554096	27.677794	24.968803	26.54992	26.885984	26.432287	26.59789	29.634737	29.51806	32.08148	32.80263	34.409966	36.001583	38.164833	41.02643	43.065105	40.875412	37.70942	39.16246	39.625553	42.45911	42.161446	45.084743	46.08113	47.011555	44.01548	41.330845	37.58536	35.812122	33.60045	31.697947	29.15597	28.124985	29.419216	28.7185	27.672384	26.015398	27.368877	24.943062	27.672174	25.157764	25.213387	28.36147	26.542683	27.100021	24.17887	25.974957	24.425028	25.816006	28.27024	31.48278	32.87831	34.669506	36.841476	39.83616	42.647923	45.427525	43.38282	42.202766	43.42635	45.888397	43.45599	41.066105	43.90193	45.15067	41.76123	42.697353	39.958824	38.062252	34.413593	33.306606	34.888504	33.34381	36.810688	37.868027	35.622463	36.964508	40.476086	39.97501	38.92149	42.087303	44.257187	42.832314	43.190804	46.78771	47.40503	46.005917	48.49555	51.177032	50.277935	50.555256	53.778534	55.362118	55.18629	56.53258	59.712585	62.526245	65.7382	64.76991	63.979786	60.6468	59.25433	57.629566	53.87275	52.7877	49.728924	50.078373	52.263084	53.393505	56.833874	55.99819	53.367355	52.833855	50.39038	46.975353	47.78988	46.442055	45.173588	48.479637	50.660034	48.899097	49.141712	52.90286	53.49351	51.135063	51.156162	54.428894	56.592655	54.743435	55.34832	53.69066	54.183243	57.67104	58.24059	61.47227	64.16253	64.57828	61.218853	62.923737	65.27066	62.851055	60.820873	57.53241	57.498238	58.664944	55.622482	53.37276	55.29038	54.976524	51.19117	51.044785	52.94858	50.75914	47.79018	49.479534	50.350365	49.468178	48.17601	44.787395	45.37501	48.514412	46.810585	46.336334	43.06523	41.480732	42.03054	45.644585	46.24572	44.74816	47.271236	50.41717	49.652138	49.380714	52.744087	54.221394	52.860363	54.62962	57.908737	58.10753	56.828693
D-32-E	36.863045	35.423233	32.19004	32.08038	32.553783	29.759491	27.422457	28.505646	28.170382	24.632645	23.581585	21.08661	19.822996	16.91547	18.79803	20.240276	23.920256	24.442856	23.396212	20.000706	18.036572	19.772415	23.039257	23.287855	23.881563	26.103998	28.331537	28.223816	29.412863	32.07363	33.668697	37.19024	38.110905	41.61394	42.813557	41.863598	42.174618	41.714397	40.948578	39.451595	38.464745	34.874813	35.393562	37.17038	36.94934	37.959183	39.149094	37.471745	37.77163	35.333565	37.297073	40.148823	38.444027	38.746532	35.654053	35.08928	33.21086	32.71633	32.234062	31.215324	32.449944	30.544098	31.323198	29.671553	26.345856	25.308775	27.302595	26.022675	22.45691	23.150301	25.192049	22.662626	19.857363	22.10707	23.190672	19.632315	18.282106	21.704628	23.622833	26.842096	29.326975	32.769848	36.14587	36.558445	33.359863	33.09007	31.244463	28.056564	27.39601	25.000233	23.934637	23.989079	23.771854	26.493095	26.942669	29.815357	30.657429	33.475006	32.000027	28.754343	29.36598	27.41201	28.097355	28.08616	29.577793	31.223642	34.331085	37.665936	40.472115	43.456463	45.000515	42.443604	42.163456	44.402264	45.77787	46.906097	48.12009	50.18508	51.649498	52.699802	53.850334	55.605915	54.518604	56.107933	55.867153	53.874977	51.77601	51.119865	50.032135	47.740803	46.095848	45.849968	44.87549	41.979004	40.802692	40.830917	39.005714	36.220875	35.973385	36.28183	33.43132	31.162466	32.266422	31.692589	28.867144	28.673544	27.218187	25.423462	23.005676	24.9865	25.035776	24.69934	24.68029	27.841528	28.12434	30.840971	31.98169	33.64445	35.58564	37.680176	40.765915	42.99747	41.087193	37.770374	39.111908	39.815685	42.609474	42.403625	45.446804	46.159824	46.982487	43.8023	41.11456	37.35925	35.51183	33.612396	31.825165	28.961367	28.160967	29.059431	27.983528	26.491816	24.481937	25.363558	22.601131	25.024591	22.23421	22.293686	25.640173	24.154812	25.152927	22.586206	24.80356	23.783136	25.499153	28.311543	31.68764	32.9988	34.42463	36.5063	39.69929	42.36511	45.09239	42.857464	41.478935	42.385895	44.734325	42.114304	39.986023	43.006527	44.04834	40.5698	41.19343	38.402306	36.234867	32.699955	31.238913	32.74407	31.350504	34.821476	36.09598	34.121517	35.418236	38.909817	38.700253	37.814037	40.838753	43.126404	42.000076	42.328285	45.840157	46.71348	45.47403	47.806812	50.558563	49.94056	50.196526	53.259983	55.007507	55.00993	56.20579	59.501797	62.185608	65.5046	64.70062	63.784523	60.46651	59.143284	57.72932	53.972393	52.787243	49.64584	49.71923	51.891193	53.277473	56.635857	55.663395	53.195465	52.926517	50.650864	47.23671	47.772972	46.335896	44.778507	48.024036	50.296516	48.386147	48.394127	52.17819	52.776318	50.230488	50.061333	53.37113	55.610126	53.63044	54.419357	52.800457	53.49282	56.962288	57.4193	60.742096	63.280334	63.80109	60.372414	61.87183	64.28344	61.944946	59.742733	56.579346	56.615673	57.559147	54.41396	52.34522	54.225475	53.66307	49.90333	49.930916	51.656765	49.264717	46.453873	48.213726	48.853012	47.98105	46.43637	43.06576	43.388355	46.60455	45.11129	44.64497	41.338654	39.99968	40.380497	43.937107	44.81816	43.391796	45.720043	48.922283	48.42339	48.106125	51.335705	53.008087	51.826744	53.474876	56.72818	57.167213	55.972366
G-33-E	34.356026	33.19947	30.165897	30.009766	30.107891	27.315739	25.193998	26.001528	25.336422	21.881071	20.939981	18.222158	17.147938	14.628152	16.68295	18.730349	22.485723	22.885689	21.543589	17.9768	16.523163	18.110489	21.170555	21.93089	22.80687	24.593527	26.856855	27.241165	28.47552	30.789461	32.546757	36.186012	37.408	40.861443	42.31595	41.662132	41.911884	41.765263	41.32962	39.985733	39.345142	35.687542	36.00672	37.43758	36.85428	37.58248	38.419216	36.534374	36.47862	33.792564	35.477848	38.421486	36.743393	37.36809	34.481205	34.301933	32.717747	32.62902	32.43724	31.82979	33.42421	31.889297	32.844807	30.908962	27.597729	26.71172	28.294151	26.680712	23.29998	23.950106	25.47679	22.656149	20.110657	22.114664	22.620527	18.921478	17.768244	20.999138	22.35137	25.724953	27.842388	31.39078	34.753098	35.540752	32.504105	32.258675	30.075378	27.021542	26.10879	23.991055	23.48257	23.7333	24.0355	26.661823	27.572165	30.37689	31.555481	34.416607	32.96673	29.647207	29.909826	27.862444	28.056435	27.811815	28.828604	30.286436	33.156544	36.616474	39.496834	42.57827	44.268578	41.962276	41.8869	44.09707	45.743935	46.740906	47.7043	49.913773	51.53381	52.353638	53.346817	55.10994	53.854195	55.274124	55.042435	52.837242	50.84405	50.413902	49.181885	46.72861	45.338154	45.24039	44.02181	41.04989	40.207882	40.258823	38.130497	35.46515	35.566685	35.703197	32.614273	30.703604	32.03142	31.118214	28.23345	27.546186	25.904564	23.668465	20.936666	22.996197	23.54072	23.719229	24.263363	27.673368	28.204521	31.213654	32.35234	34.397064	36.245193	38.012066	41.069767	43.081	41.248455	37.82984	38.836655	39.277	41.83049	41.31014	44.19341	44.774895	45.86355	42.71853	40.27654	36.57015	35.072918	33.35718	31.959978	29.198496	28.839426	29.997467	28.621983	27.291363	24.990479	25.839869	23.034039	25.29496	22.440933	23.139252	26.523647	25.351233	26.320993	23.825783	26.272736	25.368612	27.453045	30.115963	33.627625	34.578976	35.871487	37.63896	40.733532	43.57016	46.07859	43.66144	42.521263	43.375736	45.923206	43.43451	41.38457	44.497902	45.72018	42.345318	42.86224	39.858036	37.74453	34.226425	32.73975	33.849346	32.138958	35.41735	36.99056	34.909863	35.818966	39.435997	39.42588	38.234245	41.085365	43.610588	42.442028	42.428738	45.995556	47.023872	45.548042	47.68861	50.622105	49.98872	49.956505	53.005474	54.92077	54.73253	55.73388	58.967503	61.54634	64.825615	64.16434	63.427326	60.225185	59.120262	57.79646	54.06609	53.12078	50.122696	50.287994	52.682816	54.0325	57.467667	56.69628	54.338596	54.14079	51.743263	48.46109	49.112995	47.926716	46.40683	49.767902	51.84114	49.737972	49.891907	53.689518	54.037193	51.398262	51.409492	54.835907	56.8938	54.735546	55.3654	53.5189	54.04898	57.407516	57.638676	60.864983	63.331654	63.65341	60.15176	61.63208	63.870106	61.376595	59.099087	55.90611	56.18642	57.19997	53.963146	52.011814	54.12099	53.54814	49.76314	50.017715	51.899906	49.43576	46.726265	48.739758	49.50791	48.919827	47.320347	43.825104	43.99843	47.055946	45.429924	44.650307	41.202778	39.682323	39.76616	43.398087	44.323868	42.607677	44.81877	48.158886	47.59489	46.992096	50.23146	52.01969	50.656887	52.11045	55.48239	55.915627	54.505497
K-34-E	31.654198	30.284843	27.204924	26.798012	27.071554	24.464447	22.059801	22.831654	22.525051	19.11051	17.81272	15.192421	13.924109	11.101049	13.179841	15.087688	18.859251	19.518183	18.5171	15.164821	14.020263	16.213526	18.953579	19.441416	20.79388	22.708887	24.56583	24.931255	26.58263	28.802895	30.244215	33.922127	35.002316	38.32675	39.66929	38.970695	38.983788	38.830894	38.557106	37.10551	36.582	32.962963	33.4013	34.75651	33.98271	34.807354	35.55685	33.839085	33.851006	31.279238	33.120834	35.869473	33.940712	34.432747	31.488369	31.262768	29.875565	29.775978	29.890696	29.330608	31.201603	29.950668	30.729273	28.481731	25.354084	24.285238	25.508612	23.926563	20.60839	20.952478	22.238676	19.470715	16.879765	18.613613	19.022455	15.352542	14.08068	17.238825	18.56441	21.953228	24.122105	27.638731	31.032223	31.786295	28.785212	28.66048	26.531487	23.584831	22.909393	21.0271	20.707306	21.43351	22.134687	25.03425	26.299507	29.352064	30.903847	33.482544	31.690285	28.175905	28.026882	25.633951	25.543282	24.924599	25.848404	27.045866	29.836464	33.356083	36.114544	39.283066	40.857536	38.58204	38.430042	40.539337	42.28262	43.34588	44.202686	46.36837	48.089985	48.91304	49.80263	51.492855	50.17292	51.546383	51.275074	49.07055	47.10765	46.662075	45.39874	42.959984	41.593082	41.4761	40.23112	37.268097	36.451286	36.491592	34.33997	31.684605	31.828909	31.961521	28.841576	26.968794	28.383984	27.466183	24.669847	23.967152	22.522062	20.364927	17.588917	19.44128	19.929508	20.019192	20.68123	24.103828	24.63112	27.725365	28.857807	31.069262	32.904808	34.515804	37.59243	39.569733	37.848507	34.36461	35.251747	35.720013	38.231457	37.740997	40.6752	41.17057	42.2021	39.01251	36.574776	32.87506	31.406893	29.814106	28.569065	25.768734	25.667124	26.851158	25.275467	24.025778	21.627714	22.579315	19.922205	22.30033	19.685204	20.682856	23.884165	22.691042	23.429276	20.912682	23.446884	22.661743	25.066954	27.653278	31.285625	31.919487	33.015747	34.554497	37.616764	40.508656	42.874493	40.344574	39.314972	40.13191	42.793037	40.414734	38.399845	41.560017	42.916714	39.644382	40.12396	36.98222	34.991108	31.467361	30.095005	30.953543	29.001646	32.171333	33.82268	31.631527	32.366238	36.03154	36.071304	34.735878	37.523785	40.126904	38.942516	38.807415	42.383976	43.473408	41.93987	44.00964	46.99333	46.394585	46.28914	49.3083	51.28186	51.087135	52.02676	55.271984	57.814503	61.10829	60.495934	59.755802	56.579918	55.539497	54.29449	50.5778	49.682693	46.723656	46.87037	49.35658	50.734184	54.18057	53.488007	51.225826	51.13188	48.722416	45.52772	46.16866	45.133213	43.594315	47.020046	48.95381	46.71048	46.942852	50.739758	50.92497	48.232063	48.360794	51.854343	53.78691	51.53296	52.068356	50.113884	50.5805	53.88915	54.035828	57.23377	59.67319	59.949078	56.43167	57.908615	60.114616	57.60181	55.320934	52.122807	52.43109	53.45897	50.2159	48.2744	50.43099	49.87464	46.083042	46.383934	48.327286	45.870235	43.174347	45.27457	46.12988	45.681816	44.113426	40.555717	40.740784	43.69866	41.96211	41.08038	37.6076	35.99652	36.070347	39.724712	40.5985	38.84483	41.08632	44.41987	43.816257	43.220757	46.47959	48.23883	46.872173	48.35393	51.714878	52.136875	50.755447
K-35-E	28.210081	27.036247	24.07302	23.83268	23.863258	21.115479	18.982574	19.784931	19.166037	15.683426	14.771148	12.294307	11.780989	9.1679535	10.734573	13.147574	16.84755	17.038359	15.568968	12.024508	11.257541	13.207397	15.74126	16.676836	18.188486	19.702332	21.596394	22.367252	23.987316	25.907036	27.500973	31.237553	32.59076	35.881943	37.475773	37.08009	37.14511	37.325478	37.329388	36.149048	35.997303	32.320396	32.42645	33.39858	32.337906	32.81976	33.271416	31.32016	31.026358	28.256657	29.87448	32.71679	30.895452	31.661171	28.919777	29.053877	27.861498	28.189627	28.477385	28.380629	30.52772	29.655071	30.726965	28.320976	25.19812	24.50802	25.362015	23.327282	20.3611	20.931818	21.635475	18.507141	16.5068	18.202673	17.87088	14.132314	13.611278	16.606157	17.285374	20.566305	22.263306	25.9252	29.152157	30.260967	27.33269	26.97265	24.477137	21.557838	20.456554	18.716702	18.889896	19.647701	20.801136	23.484934	25.166252	28.080507	29.948782	32.51605	30.791666	27.289143	26.830072	24.477005	23.939459	23.24558	23.71094	24.880222	27.4997	31.046186	33.953545	37.107906	38.91049	36.864872	37.02741	39.23529	41.146404	41.950356	42.656055	45.036724	46.77948	47.333393	48.190063	50.000263	48.642273	49.96557	49.854443	47.47595	45.486233	45.32328	44.083527	41.421	40.202736	40.381783	39.048462	35.91825	35.38454	35.67209	33.30219	30.626923	31.206009	31.42211	28.073866	26.483458	28.327448	27.31628	24.74396	23.634493	22.370659	19.868607	16.634584	18.078558	19.22218	19.629772	20.921486	24.367634	24.799679	27.992037	28.827265	31.326586	32.84419	34.172867	37.065746	38.719093	36.93254	33.46205	34.095818	34.191803	36.500362	35.69263	38.424366	38.96382	40.269787	37.22472	35.007214	31.376284	30.277641	28.688822	27.765108	25.283731	25.48553	27.11309	25.504807	24.717836	22.36074	23.61149	21.272688	23.70277	21.380451	22.833712	25.804796	24.629244	24.995548	22.362333	24.76044	23.790157	26.311453	28.524876	32.15195	32.4659	33.60494	34.874603	37.703884	40.809635	42.97995	40.408077	39.724422	40.678818	43.572292	41.454197	39.36417	42.470833	44.111423	41.01782	41.593166	38.319393	36.58313	33.039482	31.911953	32.46724	30.156433	33.10607	34.83878	32.391636	32.802017	36.54908	36.567753	34.86056	37.55945	40.27336	38.870533	38.44878	42.10239	43.162975	41.331505	43.314568	46.39916	45.624363	45.278378	48.36669	50.381733	49.92128	50.77732	53.8948	56.418385	59.6117	59.026867	58.50791	55.430325	54.543495	53.268967	49.58956	48.966125	46.196217	46.57818	49.261517	50.45822	54.003002	53.57375	51.33725	51.173374	48.578613	45.528713	46.41474	45.67213	44.33346	47.87904	49.560192	47.231018	47.733536	51.507263	51.452576	48.800323	49.211826	52.77116	54.47942	52.153454	52.426777	50.25247	50.44958	53.654667	53.669884	56.71593	59.178764	59.219154	55.69388	57.280754	59.29403	56.608803	54.385147	51.09084	51.554386	52.782005	49.544308	47.588863	49.954765	49.55775	45.747025	46.12527	48.31169	45.94512	43.246624	45.509	46.628513	46.430046	44.997833	41.345436	41.59062	44.329437	42.337646	41.187653	37.650658	35.71857	35.66839	39.398396	40.095554	38.061897	40.338516	43.721813	42.87753	42.088966	45.438667	47.14238	45.513367	46.925014	50.38466	50.637287	49.039543
F-36-E	25.58003	24.088549	20.919817	20.817873	21.247156	18.428059	16.108519	17.423624	17.193195	13.559105	12.7774	11.126586	11.175407	8.029961	8.329074	10.166444	13.732669	13.622265	12.202966	8.765716	7.703859	10.195315	12.621968	13.113525	14.805408	16.585064	18.213581	18.786484	20.631483	22.616161	23.981426	27.703882	28.921602	32.186962	33.70983	33.285465	33.340927	33.54635	33.600197	32.495502	32.477776	28.789795	28.789307	29.656557	28.543411	29.019932	29.50514	27.620394	27.467733	24.842743	26.692926	29.415327	27.519182	28.09743	25.256695	25.289486	24.058832	24.405315	24.759762	24.785906	27.08201	26.45333	27.591463	25.062737	22.012402	21.510136	22.120934	19.86688	17.121916	17.859207	18.277498	14.976133	13.354218	15.226744	14.614848	10.862059	11.067955	14.189555	14.872034	17.805819	19.486938	23.197739	26.266392	27.291424	24.217085	23.57295	21.073877	17.992329	16.824389	14.945763	15.1020565	16.007404	17.414507	20.197338	22.13729	25.166918	27.31703	29.645817	27.72796	24.151262	23.408855	20.931335	20.216516	19.455154	19.921013	21.178993	23.91285	27.40165	30.356077	33.446186	35.289787	33.20832	33.462326	35.79248	37.648033	38.335567	39.10825	41.567383	43.215584	43.72546	44.681175	46.5976	45.35982	46.814526	46.867565	44.537155	42.38623	42.276535	41.22876	38.492233	37.133842	37.485832	36.337757	33.081802	32.475365	33.047672	30.774122	27.894602	28.599535	29.154308	25.792112	24.08437	26.26029	25.57061	23.400255	22.440779	21.770563	19.527603	16.227833	16.895288	18.06648	18.061005	19.455103	22.638647	22.61898	25.653128	26.104961	28.638542	29.863792	31.149075	33.879013	35.386135	33.46947	30.066416	30.738485	30.717424	33.08276	32.304604	35.046635	35.77352	37.04119	34.087975	31.80607	28.167126	27.079834	25.299692	24.366085	22.110361	22.32529	24.269606	22.835943	22.50577	20.47204	22.229427	20.410559	23.184958	21.401442	22.858541	25.429546	23.916067	23.715221	20.816385	22.857647	21.583693	24.088495	25.946955	29.524664	29.620619	30.847887	32.000286	34.650036	37.88532	39.988937	37.492737	37.02974	38.201572	41.238964	39.35292	37.09266	40.070778	41.950886	39.01708	39.80607	36.510315	35.097027	31.493826	30.761595	31.232355	28.68234	31.536211	33.075886	30.34858	30.712215	34.4639	34.246716	32.3363	35.117336	37.74483	36.097347	35.65606	39.36894	40.245773	38.281704	40.365578	43.399094	42.43818	42.102245	45.294373	47.198174	46.635784	47.597603	50.654396	53.273067	56.410965	55.710857	55.240326	52.14576	51.217186	49.837925	46.161343	45.613018	42.914455	43.472416	46.207973	47.24559	50.846012	50.554886	48.271946	48.00309	45.298096	42.31421	43.371883	42.801006	41.65176	45.271202	46.782425	44.468773	45.19135	48.933937	48.76776	46.22917	46.857124	50.417522	51.984573	49.70854	49.78651	47.53229	47.549274	50.74153	50.813663	53.782608	56.35209	56.316204	52.849197	54.59747	56.572582	53.84734	51.779045	48.39017	48.759502	50.160187	47.028194	44.90766	47.28852	47.110012	43.288002	43.512726	45.85763	43.685055	40.856777	43.078857	44.430325	44.292294	43.10433	39.428577	39.93022	42.537357	40.315727	39.14753	35.67433	33.50335	33.673756	37.429996	37.82128	35.778763	38.278015	41.552376	40.465496	39.808445	43.277634	44.751102	43.02378	44.62081	48.048782	48.094177	46.521194
D-37-E	22.535273	21.404146	18.449522	18.674826	18.669382	15.589559	13.838227	15.199444	14.369085	10.640862	10.733799	9.517923	10.816396	8.571935	7.910738	10.327122	13.435879	12.52029	10.215655	6.4253483	6.19335	7.8075647	9.843948	11.265481	13.060443	14.074509	15.857419	17.095194	18.753035	20.270435	21.941706	25.715162	27.351957	30.573996	32.455467	32.44973	32.621387	33.25464	33.623047	32.884644	33.281776	29.587368	29.1664	29.55737	28.132328	28.123013	28.210344	25.975737	25.35899	22.418657	23.880377	26.789389	25.1166	26.131191	23.629515	24.19506	23.220215	24.148912	24.655838	25.259981	27.772987	27.533302	29.011557	26.43692	23.444878	23.403898	23.669529	20.98245	18.75938	19.75494	19.546108	15.9938	15.204411	16.912611	15.472879	11.982208	13.050819	15.667988	15.504647	18.146887	19.110598	22.895582	25.677643	27.15577	24.256971	23.32346	20.377337	17.423325	15.589255	13.953288	14.830638	15.612758	17.49471	19.80295	22.146643	24.85726	27.266567	29.614252	27.902388	24.469896	23.459284	21.193481	19.972843	19.221045	19.030392	20.270025	22.710365	26.174492	29.317476	32.342495	34.487053	32.724194	33.38106	35.808704	37.836384	38.19745	38.786674	41.48729	43.13879	43.31772	44.233765	46.284935	45.00778	46.384125	46.61925	44.089954	41.9363	42.16963	41.143574	38.1681	37.019432	37.710205	36.45286	33.05226	32.805378	33.630917	31.1292	28.307423	29.492937	30.087994	26.547846	25.228994	27.76548	26.943481	25.004944	23.616539	23.04763	20.479057	16.874477	17.13077	19.014906	19.437016	21.404888	24.533157	24.485783	27.545515	27.715626	30.475197	31.36253	32.330456	34.81599	35.939514	33.967934	30.644363	31.00995	30.527973	32.60133	31.41219	33.847935	34.626293	36.250427	33.513603	31.548893	28.060522	27.456034	25.722672	25.187172	23.370937	23.886063	26.218008	24.80125	24.887987	22.925848	24.811913	23.227812	25.88819	24.267466	26.050476	28.485828	27.08912	26.698193	23.824797	25.731773	24.351902	26.851515	28.350412	31.83069	31.666073	32.93498	33.82636	36.201973	39.602673	41.49422	38.990627	38.86856	40.14826	43.36097	41.718185	39.427883	42.326786	44.428738	41.66918	42.518105	39.147255	37.934128	34.37009	33.796844	34.01706	31.231323	33.8438	35.464497	32.580616	32.627266	36.394806	36.187588	33.955692	36.589935	39.30352	37.47206	36.733315	40.474724	41.322975	39.06489	41.02127	44.138474	42.998886	42.392303	45.629242	47.56985	46.70943	47.56191	50.449383	53.024685	56.029453	55.37079	55.16182	52.199894	51.453465	50.047695	46.440693	46.20087	43.733692	44.538517	47.45074	48.289303	51.96418	51.941673	49.69646	49.347958	46.47269	43.660152	44.96168	44.6724	43.729164	47.421352	48.69189	46.325512	47.290405	50.981144	50.596737	48.1159	48.993748	52.586655	53.94077	51.610535	51.44409	48.992924	48.74209	51.80109	51.72899	54.517975	57.088547	56.79931	53.33997	55.183315	56.934277	54.033005	52.025845	48.56152	49.117302	50.714706	47.600895	45.50302	48.094414	48.066772	44.261414	44.585453	47.149704	45.06964	42.28536	44.65535	46.234722	46.33674	45.261986	41.537155	42.053528	44.436787	42.015945	40.586372	37.083195	34.636738	34.634323	38.413155	38.649185	36.31813	38.79045	42.09962	40.782345	39.886997	43.40932	44.837498	42.826313	44.298584	47.82278	47.692196	45.861294
S-38-E	21.887833	21.399876	18.920172	19.24307	18.480793	15.366787	14.361464	15.177745	13.44512	9.9857645	10.7458315	9.235186	11.145484	10.09512	9.774443	12.84282	15.656859	14.526387	11.763684	8.187764	8.912666	9.2775345	10.735103	13.1569	14.832389	14.92311	16.915102	18.826462	20.147879	21.138014	23.174381	26.924746	28.978378	32.115215	34.31374	34.666325	34.89744	35.84449	36.44288	35.91352	36.537426	32.8656	32.23762	32.337925	30.697855	30.3296	30.050835	27.536997	26.42501	23.164165	24.04754	27.14482	25.725103	27.249657	25.161024	26.226656	25.537653	26.873373	27.484724	28.412638	30.993845	30.892004	32.534554	29.975784	27.000849	27.105597	27.26363	24.45842	22.418623	23.41558	22.97424	19.413942	18.83189	20.290787	18.526567	15.23131	16.267239	18.492424	17.752167	20.412947	20.838144	24.579168	27.228834	29.124033	26.513952	25.618353	22.38729	19.751286	17.59036	16.37073	17.746357	18.391462	20.406786	22.302086	24.746181	27.124662	29.534687	32.022293	30.585981	27.321527	26.28679	24.241882	22.780588	22.038074	21.36166	22.43127	24.475977	27.921736	31.11475	34.12355	36.44344	34.98947	35.876686	38.253906	40.470192	40.670788	41.035797	43.85154	45.59143	45.532528	46.313915	48.371925	46.958714	48.149227	48.39969	45.670845	43.660057	44.13645	42.973816	39.871998	39.021446	39.84806	38.35488	34.953465	35.062584	35.8653	33.11159	30.513092	31.981068	32.349472	28.690865	27.772516	30.347254	29.192623	27.170618	25.34196	24.469334	21.487572	17.72492	18.161535	20.571009	21.596155	23.927065	27.188143	27.432993	30.635124	30.872433	33.797905	34.646957	35.384228	37.803616	38.73219	36.8442	33.53279	33.610683	32.867237	34.636055	33.098392	35.253937	35.895653	37.834606	35.215492	33.580185	30.247414	30.020277	28.503654	28.29527	26.62102	27.372257	29.75198	28.19224	28.266342	26.118137	27.78074	26.050896	28.419456	26.617937	28.67406	31.232746	30.135387	29.94047	27.239721	29.306568	28.060877	30.625053	32.116085	35.590317	35.350117	36.560944	37.313774	39.612118	43.050823	44.807415	42.22593	42.21949	43.41823	46.68008	45.07281	42.883717	45.82446	47.94605	45.21633	45.956337	42.51987	41.248753	37.747845	37.039627	37.095512	34.25994	36.74076	38.570602	35.7472	35.5617	39.34409	39.322384	36.971104	39.419	42.273483	40.479397	39.50455	43.218426	44.19158	41.79606	43.555912	46.7814	45.649296	44.804188	47.982193	50.04513	49.019478	49.683716	52.47012	54.918964	57.848606	57.32806	57.303112	54.478073	53.929115	52.599957	49.059456	49.020508	46.69516	47.557854	50.58213	51.386032	55.07624	55.17687	53.01214	52.695213	49.769093	47.05615	48.41669	48.240032	47.313194	51.019917	52.208584	49.768406	50.77249	54.447304	53.94889	51.421276	52.354557	55.983803	57.254566	54.8295	54.598633	52.033882	51.694027	54.643654	54.396378	57.08766	59.56848	59.118927	55.623844	57.41743	59.000053	55.982723	53.90877	50.4624	51.25329	52.87962	49.704155	47.760025	50.51676	50.44857	46.671223	47.200447	49.82911	47.68153	45.03551	47.565334	49.167248	49.43716	48.278465	44.5227	44.86659	47.150246	44.72366	43.08298	39.510338	37.012154	36.70209	40.471558	40.803738	38.242764	40.515747	43.927094	42.60273	41.405838	44.869553	46.431812	44.261276	45.475174	49.09526	48.976562	46.91059
S-39-E	19.236414	19.263165	17.214672	17.904335	16.618927	13.386829	13.302898	14.048525	11.591294	8.5374975	10.502896	9.877005	12.717847	12.475134	11.461296	14.404378	16.532948	14.801702	11.555684	8.623236	10.080243	9.362943	9.775689	12.954059	14.550721	13.681856	15.625883	18.16649	19.224237	19.582907	21.844498	25.498533	27.92534	30.913624	33.41975	34.176632	34.497044	35.829704	36.71751	36.520058	37.50373	33.89584	32.92858	32.597076	30.698559	29.884764	29.2088	26.42475	24.842249	21.347374	21.707819	24.92287	23.798744	25.770485	24.132153	25.705135	25.311682	27.138437	27.890385	29.29382	32.014503	32.262844	34.132923	31.561	28.71355	29.152174	29.021324	25.959848	24.37731	25.518074	24.620659	21.022243	21.040861	22.346413	20.073065	17.17252	18.721382	20.541065	19.247286	21.488642	21.265343	24.89375	27.161573	29.417084	27.041323	25.90659	22.405905	20.046392	17.42412	16.58263	18.49283	19.029343	21.349737	22.762566	25.484602	27.516438	30.122229	32.525024	31.2706	28.206226	26.93387	25.113098	23.258307	22.529722	21.281643	22.25357	23.8997	27.188345	30.468365	33.34021	35.904644	34.788628	36.03424	38.459263	40.798077	40.69292	40.878395	43.88282	45.60327	45.231155	45.96497	48.13048	46.70012	47.808357	48.239655	45.35508	43.358047	44.157104	43.042736	39.756172	39.108795	40.24615	38.690216	35.209427	35.638187	36.67192	33.77881	31.275808	33.131706	33.55656	29.833206	29.24591	32.079174	30.87873	29.128	27.036476	26.340666	23.250057	19.44389	19.430374	22.277487	23.529865	26.202608	29.31644	29.487381	32.633194	32.616455	35.675793	36.22286	36.682915	38.84861	39.42041	37.511864	34.33291	34.13918	32.989834	34.445263	32.544903	34.346195	35.031246	37.286922	34.93359	33.63252	30.522032	30.732908	29.290264	29.42447	28.156105	29.124857	31.769224	30.259388	30.673143	28.64173	30.42321	28.93691	31.241682	29.642202	31.888836	34.28449	33.232067	32.842922	30.154701	32.075623	30.745945	33.287895	34.47735	37.843792	37.37907	38.606632	39.130245	41.167328	44.716778	46.2712	43.71084	44.004948	45.29756	48.692184	47.314873	45.102512	47.950302	50.261444	47.701138	48.50297	45.021908	43.945972	40.48893	39.945023	39.80501	36.79131	39.054783	40.910027	37.964542	37.529697	41.281937	41.246925	38.644596	40.94781	43.835293	41.88726	40.66984	44.36726	45.292164	42.65824	44.28913	47.550224	46.25912	45.177654	48.366726	50.436764	49.140102	49.70003	52.296272	54.687054	57.46282	56.980698	57.207264	54.529438	54.154144	52.80892	49.366837	49.614403	47.52405	48.60526	51.763462	52.37767	56.109604	56.456768	54.339718	53.9539	50.895878	48.361423	49.927345	50.00509	49.266663	53.018196	53.98225	51.50941	52.727867	56.33675	55.643265	53.18689	54.344284	57.984238	59.05402	56.597084	56.1409	53.41466	52.82956	55.63751	55.265778	57.769215	60.24143	59.556538	56.09787	57.977467	59.33897	56.17698	54.1889	50.696114	51.645203	53.45099	50.329166	48.4115	51.332954	51.41815	47.68974	48.288586	51.0992	49.066948	46.47133	49.101933	50.90584	51.382225	50.347767	46.575222	46.95428	49.022224	46.426086	44.579327	41.028606	38.31005	37.87913	41.61552	41.77874	38.999523	41.234463	44.621815	43.08351	41.694912	45.17255	46.6539	44.234478	45.32924	48.997795	48.694763	46.403
R-40-E	21.554567	21.939201	20.213663	20.518328	18.811518	15.966476	15.908996	15.879437	13.138939	10.632031	11.986307	10.379276	12.71163	13.1054125	13.094772	16.522358	18.907637	17.701075	14.780644	11.858144	13.375284	12.969564	13.553277	16.658539	18.290106	17.426064	19.36743	21.947758	22.981321	23.270607	25.56364	29.193823	31.664753	34.596394	37.11441	37.878956	38.096573	39.400574	40.310364	39.98335	40.8849	37.274567	36.46828	36.22751	34.30162	33.55719	32.81441	30.068596	28.388166	24.857622	25.001152	28.177202	27.030909	29.13298	27.591036	29.218824	28.946207	30.709856	31.523355	32.79502	35.496803	35.601566	37.352715	34.75018	31.858446	32.04932	32.01313	29.130531	27.298845	28.199186	27.465881	23.960638	23.572393	24.682936	22.585945	19.567774	20.53762	22.26292	20.893826	23.493023	23.283981	26.847492	29.289558	31.663485	29.473381	28.69864	25.222057	23.065521	20.70616	20.066261	21.96562	22.611803	24.817781	26.334288	28.91057	30.953371	33.39473	35.94581	34.752026	31.660383	30.521362	28.640358	26.876694	26.036953	24.820944	25.572865	27.068642	30.448147	33.598057	36.58319	39.04627	38.001274	39.12261	41.371464	43.836864	43.87484	43.918247	46.832085	48.714043	48.366146	48.926346	50.94219	49.3301	50.242672	50.479378	47.507862	45.727448	46.50072	45.143227	41.921856	41.4821	42.44928	40.64757	37.30076	37.86857	38.60734	35.560345	33.297405	35.094482	35.156693	31.406149	31.009245	33.595757	32.039738	29.96998	27.631756	26.439617	23.059563	19.29004	19.87112	22.813116	24.517769	27.241928	30.591454	31.189362	34.540337	34.87154	38.00508	38.820126	39.2396	41.580563	42.271557	40.545246	37.249275	36.944115	35.914085	37.26959	35.324757	37.111996	37.516335	39.821083	37.3595	36.167133	33.07508	33.31384	32.123573	32.33857	30.815853	31.891783	34.29242	32.52535	32.58613	30.225206	31.611645	29.772291	31.755249	29.823132	32.21789	34.84426	34.130207	34.13561	31.676817	33.92856	32.8857	35.576706	37.056156	40.54112	40.15254	41.230938	41.767624	43.969917	47.4397	48.993275	46.29245	46.43557	47.50111	50.822315	49.276318	47.244747	50.244003	52.393135	49.72461	50.302162	46.774776	45.450016	42.055946	41.1972	41.001194	38.093807	40.36349	42.459183	39.72492	39.220108	42.994987	43.228504	40.72903	42.90519	45.937687	44.21808	42.929966	46.578556	47.733707	45.18117	46.653965	50.01261	48.926632	47.766365	50.82852	53.063465	51.845093	52.234524	54.88555	57.134308	59.962536	59.65391	59.85874	57.232986	56.96238	55.77341	52.337727	52.554512	50.41885	51.32362	54.492558	55.27649	58.968437	59.227818	57.202183	56.96722	53.99901	51.43366	52.837452	52.820057	51.890877	55.612267	56.677906	54.11612	55.16307	58.808456	58.13873	55.536926	56.545128	60.223267	61.366768	58.801723	58.485508	55.7686	55.320145	58.106552	57.609	60.163963	62.499115	61.841003	58.30582	60.00725	61.358696	58.205387	56.03868	52.64697	53.75457	55.393974	52.147465	50.4335	53.394875	53.258797	49.54274	50.35467	53.05008	50.815987	48.377373	51.116745	52.740265	53.24974	51.98127	48.198586	48.309414	50.43419	48.0079	46.089783	42.453876	39.91073	39.19873	42.91408	43.374195	40.538353	42.517925	46.03243	44.721794	43.135345	46.48029	48.217525	45.866528	46.716423	50.431458	50.34837	47.99349
D-41-E	21.082924	21.142145	19.35247	18.976158	17.371582	14.959618	14.260409	13.696622	11.421762	8.999711	9.272181	6.964623	9.045792	9.951058	10.363615	14.034352	16.480381	15.910137	13.607961	10.954557	13.093547	13.708761	13.99646	16.603037	18.895273	18.431276	19.799112	22.227638	23.85265	24.185474	25.99359	29.693254	31.871283	34.659237	36.92996	37.500763	37.35371	38.504066	39.507454	38.891754	39.75156	36.22357	35.74156	35.5976	33.53435	33.073975	32.30996	29.879923	28.382092	25.042953	25.487436	28.351131	26.72056	28.58574	26.883015	28.360685	28.333002	29.920391	31.0697	32.17558	35.058273	35.253975	36.655537	33.805077	31.118376	30.91876	30.647602	28.030483	26.131687	26.546352	25.711182	22.43776	21.818975	22.45146	20.359404	17.466393	18.053726	19.415743	17.85385	20.642311	20.490887	23.993273	26.64502	28.992872	26.939684	26.569921	23.20942	21.29914	19.434242	19.211452	21.28806	22.540888	24.994589	26.939892	29.648016	32.038055	34.633778	36.968784	35.40389	32.09206	30.709513	28.416739	26.517962	25.19829	23.982191	24.284973	25.657772	29.215076	32.120052	35.320965	37.510334	36.446716	37.30331	39.306225	41.903187	42.19152	42.087418	44.826763	46.913704	46.693913	47.0525	48.85722	47.078014	47.854607	47.870728	44.90807	43.282207	43.915848	42.37004	39.265053	38.9163	39.671257	37.718533	34.493675	35.099964	35.59149	32.47493	30.373407	32.104916	31.925264	28.178446	27.92938	30.376923	28.622166	26.471455	24.008577	22.725477	19.301914	15.544898	16.22053	19.200146	21.118338	23.957952	27.35634	28.216265	31.690037	32.25477	35.50736	36.511265	36.79021	39.278385	40.085247	38.612965	35.18391	34.73767	33.908684	35.22723	33.388798	35.340473	35.464767	37.635975	34.97761	33.77207	30.663706	30.879368	29.99038	30.376534	28.647371	30.00836	32.178497	30.104471	29.994583	27.4217	28.58063	26.730122	28.508627	26.650236	29.264818	31.79043	31.302094	31.383863	29.170696	31.616652	30.913568	33.86704	35.467167	39.057167	38.48938	39.261044	39.62611	41.918003	45.305477	46.751984	43.88653	43.96647	44.814754	48.110554	46.52867	44.684036	47.79004	49.874157	47.231815	47.61115	44.013626	42.628063	39.344357	38.380375	37.973633	35.027546	37.173218	39.437042	36.819027	36.154213	39.919	40.36501	37.88539	39.912212	43.05877	41.524902	40.142773	43.733543	45.0909	42.618546	43.94417	47.377037	46.506428	45.30145	48.236973	50.616642	49.53598	49.794624	52.55266	54.699196	57.63069	57.45789	57.545864	54.92877	54.723812	53.721134	50.286537	50.439342	48.258537	48.961666	52.155514	53.12473	56.758144	56.954945	55.081665	55.066574	52.216717	49.690044	50.900402	50.889454	49.78043	53.475807	54.531147	51.82435	52.760704	56.40266	55.66475	52.931293	53.878563	57.594524	58.718853	56.03618	55.78949	53.052143	52.70504	55.453114	54.842606	57.449646	59.669216	59.070953	55.476913	57.034447	58.425426	55.32152	53.025066	49.71197	50.88078	52.370296	49.043526	47.458485	50.421173	50.124935	46.422466	47.37995	49.989807	47.631405	45.312294	48.14227	49.665565	50.261944	48.8655	45.07994	45.030514	47.121155	44.766235	42.782112	39.111305	36.661873	35.801052	39.49788	40.11814	37.284252	39.143875	42.712814	41.56105	39.930393	43.208675	45.081573	42.852245	43.636982	47.347237	47.442	45.167747
R-42-E	17.323551	17.564774	16.029089	15.844127	13.954535	11.478387	11.368106	10.8436575	8.071167	5.8999357	7.371484	6.6754155	9.957454	11.111013	10.272937	13.523415	15.214137	14.069427	11.509776	9.610387	12.434686	12.647717	11.951922	14.782783	17.251143	16.262648	17.234266	20.029907	21.69746	21.552174	23.264812	26.872242	29.194239	31.795275	34.207108	35.03939	34.875614	36.30838	37.57893	37.20628	38.394955	34.95727	34.228466	33.715702	31.404114	30.64635	29.567616	27.039175	25.270329	21.87226	22.082806	24.880217	23.308485	25.397835	23.99298	25.816088	26.087454	28.037926	29.397507	30.890064	33.950775	34.532772	36.05743	33.133644	30.644577	30.716412	30.087227	27.260046	25.838219	26.348843	25.02199	21.749971	21.764359	22.248188	19.638794	17.188187	18.437632	19.425089	17.386484	19.613249	18.873049	22.280592	24.544428	27.14928	25.253265	24.613548	21.04852	19.38371	17.20274	17.392904	19.953777	21.298695	24.111275	25.787987	28.804447	31.035656	33.90063	36.004208	34.424088	31.21877	29.502249	27.274603	24.9793	23.545362	21.846521	21.979984	23.013508	26.445467	29.386303	32.486084	34.835262	34.02929	35.16824	37.218304	39.89879	39.93099	39.690907	42.582165	44.63595	44.173027	44.50936	46.41543	44.661987	45.425343	45.638203	42.585224	40.90335	41.79581	40.36792	37.096252	36.84648	37.90746	35.990215	32.65653	33.485764	34.27723	31.105959	29.003365	31.096107	31.112272	27.333332	27.310038	30.092056	28.470577	26.75854	24.20808	23.4167	20.140572	16.406284	16.219414	19.507044	21.35335	24.46622	27.578007	28.173351	31.500227	31.707113	35.063293	35.71253	35.731106	37.945835	38.41332	36.91175	33.619663	32.948627	31.767273	32.844357	30.741714	32.439426	32.64625	35.033524	32.606236	31.640804	28.719505	29.303751	28.443974	29.139137	27.831606	29.402946	31.85803	29.885792	30.22315	27.898975	29.346464	27.934097	29.81397	28.376593	31.083227	33.28844	32.674473	32.36384	30.08254	32.255222	31.404701	34.327908	35.554234	39.022057	38.17235	38.947117	39.05923	41.063637	44.56221	45.801807	42.983177	43.387993	44.38188	47.82532	46.529938	44.614887	47.58417	49.903606	47.476562	47.983692	44.358227	43.272285	40.02046	39.360394	38.76828	35.60008	37.51702	39.697353	36.8826	36.000423	39.71676	40.05221	37.30245	39.230778	42.35259	40.6098	39.02744	42.611423	43.857292	41.156185	42.408978	45.8408	44.785496	43.400635	46.374237	48.715504	47.39751	47.613155	50.207134	52.345757	55.145733	54.95813	55.24229	52.730396	52.643696	51.604748	48.25496	48.653816	46.688854	47.61378	50.92474	51.69471	55.366035	55.804974	53.97126	53.884605	50.912655	48.569397	49.98073	50.24093	49.34298	53.084667	53.888096	51.15915	52.342175	55.9049	54.965023	52.336483	53.544052	57.25735	58.159897	55.47696	54.975643	52.087013	51.479836	54.102978	53.418583	55.846558	58.09891	57.295883	53.75907	55.448914	56.66055	53.437965	51.27953	47.89183	49.131824	50.8296	47.598835	45.960644	49.04682	48.965935	45.306164	46.245758	49.055866	46.88197	44.552624	47.43272	49.2077	49.989765	48.803883	45.012844	45.110477	46.965084	44.382355	42.24193	38.637592	35.91646	35.075237	38.742943	39.07874	36.084354	38.024223	41.50798	40.076336	38.37385	41.721577	43.41145	40.9532	41.750286	45.47704	45.332886	42.91276
N-43-E	18.287136	19.26203	18.2658	18.385326	15.956963	13.612761	14.338901	13.583031	10.206589	8.979995	10.875659	10.136853	13.140164	14.593635	14.067767	17.347124	18.945442	17.613972	14.829621	12.961257	15.470864	14.970284	14.298185	17.553759	19.5829	18.057898	19.325407	22.416315	23.617363	23.153727	25.224474	28.694254	31.340647	33.895294	36.562138	37.66933	37.673035	39.319744	40.66476	40.497314	41.79158	38.344532	37.41684	36.74552	34.40498	33.36454	32.10016	29.336767	27.221006	23.643238	23.289099	26.239199	25.087812	27.569212	26.538052	28.660772	28.982126	31.156961	32.411045	34.07915	37.072605	37.645977	39.364597	36.552967	33.973648	34.21985	33.68001	30.73834	29.352875	30.03286	28.72673	25.38818	25.461016	26.052774	23.430752	20.96899	22.20368	23.219475	21.117973	23.29499	22.326794	25.594837	27.660563	30.464914	28.741953	28.03523	24.38803	22.845175	20.433458	20.60482	23.176361	24.188375	26.882523	28.220425	31.175312	33.10286	35.865166	38.12964	36.846676	33.8169	32.225807	30.270689	27.981787	26.770302	24.916513	25.136057	25.970137	29.23833	32.222748	35.18481	37.696606	37.10093	38.439617	40.50745	43.234364	43.099247	42.766506	45.75111	47.784966	47.135685	47.43622	49.38706	47.59914	48.25483	48.52916	45.36012	43.768684	44.856148	43.391132	40.049274	39.988472	41.170708	39.15352	35.849033	36.879467	37.689518	34.425148	32.465862	34.683327	34.604984	30.82412	30.974958	33.73486	31.97744	30.211185	27.488625	26.477095	23.025652	19.366657	19.408144	22.819094	24.908033	28.071703	31.23517	31.939388	35.291107	35.504803	38.87556	39.480713	39.442493	41.5803	41.91786	40.40195	37.180786	36.411827	35.04832	35.935104	33.61212	35.02981	35.207138	37.818817	35.568825	34.84229	32.071754	32.852604	32.02984	32.799915	31.59666	33.142086	35.65091	33.70867	34.02914	31.659014	33.008465	31.465326	33.213665	31.602388	34.354218	36.692764	36.19649	36.02736	33.769875	35.9932	35.112095	37.97917	39.213875	42.65886	41.869095	42.7167	42.841293	44.797276	48.320328	49.530216	46.72475	47.182613	48.17572	51.627644	50.337063	48.438156	51.40674	53.72679	51.28838	51.77612	48.14544	47.008915	43.763664	43.019924	42.426044	39.288784	41.1834	43.43575	40.66173	39.726547	43.43267	43.8273	41.04975	42.904186	46.059856	44.317303	42.648346	46.201843	47.469193	44.696022	45.857555	49.311916	48.219616	46.711018	49.651287	52.01998	50.570232	50.68899	53.163914	55.219017	57.91667	57.798435	58.243107	55.84125	55.870785	54.838707	51.551403	52.08543	50.222553	51.22377	54.57318	55.276566	58.957966	59.475643	57.64899	57.5194	54.497246	52.193832	53.68099	53.97973	53.129326	56.877	57.6574	54.937027	56.151	59.705013	58.735287	56.114838	57.34649	61.06267	61.93608	59.234074	58.695072	55.762913	55.091785	57.649197	56.885914	59.22899	61.434826	60.515495	56.987823	58.66091	59.738567	56.444134	54.278763	50.91809	52.301376	54.03425	50.800117	49.25666	52.42579	52.344627	48.726757	49.7608	52.602535	50.415768	48.162914	51.09863	52.883324	53.727154	52.507236	48.716362	48.732323	50.544994	47.978924	45.748486	42.13507	39.41237	38.413303	42.03292	42.414726	39.310577	41.10115	44.607857	43.167427	41.276363	44.54398	46.294365	43.72425	44.31823	48.076843	47.910206	45.31198
K-44-E	15.945284	17.025309	16.04666	16.884916	14.567613	11.763915	13.156069	13.186625	9.711124	8.394155	11.377519	11.732833	15.187655	16.109035	14.734316	17.504032	18.697939	16.654015	13.429175	11.896606	14.241208	12.989551	11.846247	15.369233	17.048931	15.023628	16.353445	19.656006	20.53529	19.805182	22.072102	25.433428	28.277205	30.835512	33.681915	34.9965	35.24052	37.086353	38.468735	38.609966	40.082348	36.655563	35.39889	34.490112	32.15233	30.809578	29.462505	26.48054	24.191736	20.51146	19.943548	23.070742	22.267931	24.914444	24.075354	26.384436	26.64164	29.068548	30.19547	32.151115	35.106144	35.85373	37.828335	35.146557	32.593525	33.23599	32.636585	29.441586	28.398905	29.43738	27.947882	24.50873	25.08775	25.929668	23.098213	20.816734	22.654306	23.768057	21.70068	23.427874	22.2772	25.541988	27.262081	30.061666	28.229328	27.040846	23.300457	21.645426	18.779087	18.818663	21.450623	22.134726	24.863096	25.796898	28.848331	30.501463	33.35623	35.529106	34.40473	31.575546	29.91504	28.2454	25.84493	24.897491	22.852745	23.340748	24.165026	27.197153	30.373392	33.09488	35.85678	35.33193	36.9707	39.266983	41.870148	41.437344	41.214058	44.38008	46.196762	45.383915	45.88054	48.056423	46.476936	47.313477	47.88077	44.7431	42.928802	44.18132	43.00097	39.524254	39.323795	40.802876	39.0289	35.56859	36.55795	37.746635	34.61075	32.44226	34.81286	35.116245	31.361969	31.388758	34.42717	33.01016	31.573278	29.046715	28.474895	25.250086	21.559416	21.072533	24.440489	26.144186	29.273926	32.20653	32.482494	35.60859	35.41913	38.705673	38.963318	38.933628	40.804214	40.90524	39.160213	36.13691	35.429466	33.787083	34.65853	32.22755	33.46315	33.986076	36.698963	34.706738	34.006824	31.316261	32.204906	31.112328	31.853123	31.031527	32.442467	35.255737	33.634354	34.34691	32.326508	34.062096	32.82592	34.87026	33.506218	36.102467	38.282898	37.466137	36.946983	34.445824	36.324387	35.104877	37.752346	38.65621	41.930595	41.095108	42.161133	42.278103	43.999584	47.626263	48.81739	46.19559	46.866848	48.13173	51.671394	50.580204	48.47587	51.260056	53.766357	51.445835	52.18819	48.615646	47.73317	44.416668	43.980022	43.466103	40.233818	42.120235	44.129856	41.135933	40.25937	43.933277	44.04168	41.129333	43.093216	46.09263	44.07439	42.438686	46.033142	47.030083	44.11077	45.40993	48.75772	47.384605	45.892483	48.972805	51.151684	49.514137	49.786175	52.113316	54.29831	56.862377	56.56498	57.145756	54.74861	54.721626	53.49479	50.241974	50.90628	49.169594	50.439133	53.796837	54.24592	57.980927	58.656082	56.720547	56.375393	53.21397	50.97906	52.71126	53.147152	52.55872	56.339108	56.98565	54.385666	55.822662	59.32468	58.314224	55.878807	57.300507	60.968395	61.740154	59.162766	58.433773	55.467327	54.589634	57.133537	56.47958	58.706085	61.05678	60.03115	56.604378	58.493095	59.50169	56.149	54.204723	50.729473	52.002632	53.968407	50.886326	49.14426	52.315884	52.509274	48.898808	49.726223	52.728455	50.77964	48.37852	51.213104	53.219437	54.05295	53.09185	49.31371	49.602516	51.33251	48.575264	46.382637	42.863815	39.92913	39.180054	42.802475	42.849525	39.74786	41.7694	45.136124	43.405254	41.646942	45.0379	46.503708	43.774082	44.556854	48.28006	47.81605	45.18254
P-45-E	17.793306	18.788322	17.551273	19.028437	17.119078	13.903407	15.329273	16.097342	12.889192	11.034947	14.143156	14.419302	17.718985	17.982338	16.541609	19.128016	20.52901	18.11821	14.520368	12.557591	13.963508	11.849872	11.313624	15.051388	15.897654	13.696878	15.781627	18.951864	19.17515	18.658594	21.434553	24.7271	27.735258	30.534779	33.513447	34.860287	35.50587	37.344128	38.481514	38.82511	40.199993	36.683773	35.18848	34.336105	32.287376	30.81282	29.701937	26.48921	24.255095	20.50392	19.885197	23.339603	23.013807	25.636023	24.742697	26.937115	26.748865	29.1525	29.824057	31.78826	34.471123	35.02009	37.290886	34.903538	32.130062	33.096287	32.82495	29.456705	28.384678	29.876244	28.643898	25.023912	25.66867	27.02492	24.392603	21.89265	23.922403	25.507082	23.857573	25.576044	24.706636	28.093597	29.782549	32.37834	30.262802	28.72686	25.033209	22.97183	19.799196	19.185143	21.370605	21.392597	23.72404	24.28083	27.09295	28.435074	31.072487	33.46355	32.69155	30.076714	28.75279	27.497408	25.39901	25.01217	23.227034	24.296911	25.475416	28.331768	31.73687	34.23757	37.184673	36.498444	38.266396	40.827145	43.19187	42.607803	42.665596	45.93222	47.49431	46.694027	47.47276	49.84874	48.504005	49.5698	50.316673	47.280537	45.25451	46.48517	45.5295	42.02727	41.58206	43.148453	41.61307	38.053432	38.808205	40.17863	37.21411	34.7986	37.045185	37.614212	33.889805	33.585094	36.669857	35.508656	34.051586	31.777187	31.247044	28.093592	24.327805	23.954924	27.110691	28.495174	31.38064	34.313145	34.32182	37.321457	36.962765	40.050556	40.202217	40.444622	42.24126	42.365013	40.33431	37.428345	37.021168	35.35197	36.43735	34.10871	35.350796	36.21686	38.8714	36.977894	36.095074	33.316402	34.000248	32.526352	32.919132	32.181843	33.19339	36.15031	34.858265	35.647373	33.83068	35.77745	34.50039	36.79853	35.328156	37.645233	39.94743	38.859314	38.287056	35.530426	37.223568	35.676277	38.034523	38.869514	42.033344	41.454216	42.84411	43.224377	44.926643	48.591663	49.97709	47.549774	48.178967	49.66012	53.173992	52.051487	49.7426	52.42479	54.941105	52.549103	53.501415	50.03028	49.170437	45.72436	45.37493	45.149277	42.011517	44.1088	45.90693	42.821552	42.22145	45.913387	45.77296	42.940994	45.139038	47.979645	45.807693	44.397396	48.060856	48.828438	45.93195	47.47357	50.700394	49.141975	47.8338	51.059734	53.042957	51.38232	51.882618	54.174904	56.525406	59.040455	58.537685	59.119457	56.63278	56.426075	54.976334	51.682667	52.282413	50.4976	51.90896	55.16833	55.474396	59.251198	59.896088	57.765278	57.18946	53.951904	51.61231	53.485626	53.82423	53.381004	57.164413	57.895317	55.483047	56.9706	60.490402	59.633163	57.334003	58.74501	62.356876	63.221848	60.804	60.07974	57.211422	56.318092	58.96912	58.519608	60.76972	63.271355	62.29603	58.93369	60.964096	62.04508	58.717678	56.904274	53.355076	54.44786	56.50898	53.51003	51.58332	54.659004	54.98349	51.33449	51.93807	54.95847	53.118805	50.54522	53.21829	55.26365	55.908497	55.0625	51.297504	51.77515	53.629654	50.850185	48.83377	45.350887	42.401222	41.904697	45.570717	45.493114	42.512306	44.719795	48.023266	46.202744	44.631012	48.106236	49.42664	46.6971	47.661354	51.348423	50.755802	48.18281
F-46-E	17.435368	17.844572	16.087442	18.02283	16.80529	13.217333	14.385242	16.018349	13.407164	11.004067	14.193028	14.912075	18.183044	17.746336	15.804006	17.840748	19.142752	16.350872	12.568552	10.611573	11.345382	8.624558	8.226461	11.946008	12.323459	10.138073	12.616126	15.569921	15.591976	15.394755	18.30945	21.656282	24.585178	27.582922	30.508738	31.741354	32.592377	34.344257	35.29964	35.73922	37.05806	33.51662	31.883825	31.076632	29.223671	27.756529	26.901701	23.644333	21.663027	17.98012	17.754642	21.336227	21.088919	23.427935	22.293114	24.25456	23.71994	26.050493	26.465734	28.439644	30.999157	31.528683	33.94042	31.700373	28.890993	30.106844	29.926813	26.437246	25.507654	27.30767	26.13165	22.453695	23.352839	25.03211	22.479967	20.026981	22.420221	24.243961	22.925983	24.404587	23.766182	27.213703	28.830196	31.14366	28.750072	26.873432	23.288012	20.892496	17.524752	16.424597	18.310337	17.969856	20.174076	20.563251	23.366943	24.66446	27.345898	29.691662	28.933857	26.376974	25.102064	24.017637	22.039177	21.972298	20.385084	21.883932	23.404284	26.137814	29.697626	32.055603	35.072212	34.17444	35.98632	38.758766	40.89444	40.227825	40.551373	43.861507	45.20654	44.487263	45.517952	48.044983	46.93571	48.26098	49.164516	46.29085	44.020847	45.160667	44.463783	40.97127	40.218605	41.85389	40.61906	36.963505	37.437603	39.031143	36.302353	33.614155	35.749596	36.667698	33.027035	32.396503	35.590027	34.802486	33.53058	31.600712	31.4019	28.530148	24.777092	24.143148	27.021503	27.916328	30.569569	33.314285	32.930077	35.70345	35.075462	37.976856	37.94491	38.372944	40.05175	40.175938	37.915016	35.131874	34.98865	33.3269	34.647995	32.50812	33.86867	35.06857	37.551353	35.707325	34.583946	31.722857	32.200897	30.388077	30.514902	29.94253	30.672588	33.78555	32.815872	33.828	32.33459	34.592827	33.533367	36.126846	34.84012	36.899635	39.077682	37.65854	36.82007	33.844902	35.227715	33.387184	35.504997	36.133167	39.15652	38.651577	40.254063	40.75843	42.369198	46.0631	47.55545	45.312687	45.971672	47.67149	51.182182	50.132812	47.636242	50.171516	52.759735	50.40411	51.578453	48.208485	47.51031	43.992653	43.879692	43.83203	40.71145	42.90082	44.426643	41.202984	40.808483	44.46612	44.04015	41.235165	43.628265	46.27645	43.92544	42.715847	46.423805	46.94139	44.065144	45.841434	48.926384	47.192173	46.081135	49.443226	51.22049	49.57482	50.319954	52.611313	55.146023	57.649677	56.926113	57.442028	54.841103	54.4367	52.794243	49.459946	49.978966	48.155544	49.691956	52.862057	53.035076	56.835228	57.47096	55.19713	54.444942	51.154617	48.767467	50.758965	51.07788	50.790688	54.570866	55.300854	53.03836	54.618477	58.117153	57.344013	55.195045	56.657253	60.20361	61.08949	58.82568	58.054813	55.26511	54.328056	57.06223	56.817112	59.08285	61.73973	60.833992	57.550632	59.737904	60.917206	57.644592	55.993572	52.363884	53.219006	55.383125	52.50352	50.354053	53.30754	53.804394	50.133774	50.474125	53.52846	51.859226	49.105587	51.60078	53.737732	54.239388	53.585648	49.857594	50.59169	52.487347	49.627487	47.788227	44.39789	41.38453	41.22114	44.903957	44.60248	41.782154	44.247204	47.423252	45.465958	44.174458	47.763428	48.85591	46.159912	47.412857	51.025196	50.278515	47.858944
K-47-E	17.497986	18.0434	16.500713	19.08963	18.069996	14.519671	16.177713	18.218834	15.771662	13.755062	17.171453	18.343742	21.690752	21.109344	18.84343	20.407959	21.310034	18.11367	14.334029	12.976503	13.218938	9.837988	9.113065	12.525066	11.967785	9.064227	11.759502	14.71283	13.899323	13.330571	16.65829	19.65915	22.861343	25.837673	28.986423	30.48999	31.703545	33.670742	34.61805	35.449883	36.933254	33.477154	31.45627	30.386526	28.637505	26.79363	25.890745	22.396545	20.246414	16.590185	15.99365	19.73723	20.137392	22.594019	21.78488	23.882872	23.212898	25.76831	25.914581	28.18382	30.565643	31.240372	33.954185	31.972097	29.227613	30.888409	30.709923	27.046522	26.50766	28.658783	27.385277	23.758678	25.095367	26.96664	24.365946	22.190577	24.932493	26.7629	25.51111	26.591553	25.81127	29.104864	30.355703	32.615906	30.2153	27.943958	24.430706	22.047651	18.415457	17.154707	18.854416	17.945805	19.93171	19.613573	22.356901	23.11005	25.776165	28.042109	27.639214	25.480543	24.260057	23.704391	21.750372	22.145782	20.464605	22.285156	23.735544	26.038324	29.703386	31.684298	34.932343	34.142494	36.25989	39.225445	41.184326	40.190277	40.633278	44.09036	45.172035	44.270317	45.504585	48.241394	47.35987	48.834896	50.016987	47.195667	44.76014	46.0639	45.63747	42.069077	41.22271	43.11796	42.10818	38.387733	38.838333	40.735493	38.153023	35.365597	37.596783	38.798862	35.249294	34.55753	37.902435	37.369503	36.350136	34.554775	34.61241	31.883589	28.177671	27.279408	30.103218	30.77291	33.35571	35.884	35.188896	37.719875	36.757103	39.514362	39.155987	39.594673	40.977905	40.858524	38.39188	35.884758	35.81481	33.899464	35.161575	32.951202	34.05338	35.578175	38.128605	36.599022	35.552666	32.858086	33.435963	31.406109	31.48078	31.305252	31.849447	35.17833	34.546566	35.869144	34.695156	37.196552	36.365105	39.113415	37.991356	39.918274	41.97459	40.3461	39.26922	36.1513	37.216404	35.099087	36.934784	37.235004	40.016663	39.51501	41.338196	41.852066	43.205624	46.948578	48.415417	46.392242	47.242027	49.177586	52.72474	51.860447	49.202435	51.53507	54.26267	52.029987	53.424927	50.14696	49.664318	46.125107	46.25711	46.285614	43.13802	45.29456	46.60857	43.250107	42.9126	46.491886	45.82798	42.94889	45.399014	47.87478	45.305107	44.142532	47.832615	48.091614	45.113415	46.989143	49.933353	47.94363	46.856667	50.307865	51.879253	50.053337	50.93394	53.03776	55.66463	57.997715	57.107662	57.77565	55.216404	54.767292	52.936134	49.6807	50.335705	48.6687	50.46446	53.604248	53.51084	57.329613	58.119194	55.74712	54.765152	51.357407	49.061092	51.29436	51.737762	51.72328	55.49447	56.09562	53.986877	55.765755	59.18397	58.387695	56.43924	58.06206	61.53131	62.320316	60.19509	59.25389	56.458157	55.330784	58.02305	57.88025	60.0072	62.77588	61.764145	58.60519	60.971676	62.06101	58.752422	57.31623	53.622383	54.38688	56.746258	54.02912	51.737495	54.67142	55.40869	51.786217	51.94946	55.11856	53.672527	50.82599	53.208256	55.519577	56.00811	55.58172	51.900593	52.84764	54.65581	51.66611	49.868195	46.592197	43.445652	43.463665	47.096947	46.5324	43.73607	46.334297	49.364178	47.185688	45.99318	49.62956	50.48084	47.663044	49.029438	52.577778	51.57745	49.127033
F-48-E	19.339788	19.437937	17.589558	20.529076	20.118132	16.526869	17.90572	20.475256	18.50949	16.274881	19.505783	20.798012	23.964144	22.875637	20.43244	21.499916	22.327951	18.94937	15.299889	14.0633745	13.385594	9.623254	9.416853	12.090982	10.411811	7.646194	10.87271	13.159122	11.531787	11.427666	15.065951	17.847263	20.980768	24.167652	27.280458	28.699648	30.29085	32.165596	32.83262	33.865063	35.253334	31.811785	29.559725	28.542202	27.151367	25.255665	24.708073	21.16849	19.354902	15.977518	15.715101	19.470861	20.190924	22.28221	21.327429	23.097841	21.941172	24.356388	24.018959	26.282225	28.3455	28.919418	31.883028	30.231218	27.436266	29.463001	29.501059	25.755522	25.394104	27.940523	26.845325	23.26207	24.805439	27.043045	24.675207	22.590696	25.535795	27.605427	26.744783	27.614252	27.092218	30.353237	31.499872	33.44372	30.817959	28.229504	24.951984	22.30233	18.62296	16.801373	17.8841	16.274624	17.764496	16.910633	19.410929	19.796976	22.350258	24.649294	24.52285	22.650826	21.693615	21.629946	20.018887	21.021362	19.702797	22.055845	23.829792	25.832287	29.592552	31.289976	34.60813	33.616905	35.799767	38.986774	40.635452	39.508255	40.267277	43.755424	44.54041	43.70396	45.23736	48.143353	47.54599	49.283512	50.642292	48.00417	45.343864	46.56663	46.41929	42.892624	41.753056	43.712654	43.017937	39.25284	39.419548	41.517303	39.19965	36.193188	38.267994	39.787434	36.36958	35.364414	38.739773	38.556385	37.675198	36.207073	36.48104	33.98238	30.331333	29.338509	31.878662	32.13671	34.434673	36.779087	35.729473	37.994617	36.777565	39.264217	38.71184	39.382996	40.60633	40.47968	37.753925	35.457336	35.705723	33.809605	35.29385	33.3052	34.45512	36.32681	38.689224	37.27342	36.017406	33.303337	33.65352	31.272812	31.008669	31.02985	31.176193	34.617783	34.390453	35.89467	35.06613	37.81377	37.141735	40.12564	39.113018	40.744026	42.721157	40.791336	39.51693	36.20746	36.937035	34.502975	35.978195	36.051277	38.603477	38.272537	40.380867	41.08457	42.318817	46.05368	47.657448	45.887924	46.747395	48.91795	52.417995	51.616295	48.76341	50.909172	53.677002	51.47511	53.11172	49.984173	49.644688	46.04928	46.393913	46.652157	43.59005	45.85174	46.87505	43.424343	43.336266	46.845795	45.88599	43.090355	45.73142	47.97327	45.237507	44.31994	48.018696	47.995117	45.070797	47.187042	49.94281	47.7624	46.902752	50.472298	51.79348	49.977997	51.120735	53.18028	55.98307	58.262344	57.13307	57.756004	55.102844	54.440674	52.384186	49.120255	49.692024	48.00662	49.94988	52.95208	52.684723	56.506012	57.281834	54.737583	53.51966	50.061157	47.7163	50.09622	50.492245	50.677246	54.411606	55.029568	53.13716	55.00372	58.379025	57.70844	55.95264	57.606335	60.97461	61.80197	59.873768	58.896637	56.217358	55.049988	57.817917	57.90673	60.029556	62.95234	62.01059	58.961006	61.481564	62.655003	59.415886	58.1598	54.411274	54.934082	57.389187	54.814304	52.3166	55.1022	56.01261	52.396152	52.284405	55.4607	54.197407	51.186108	53.354576	55.73377	56.0472	55.815495	52.2019	53.396233	55.255936	52.223858	50.629242	47.468903	44.307167	44.639847	48.2555	47.494556	44.881107	47.687153	50.57602	48.28941	47.36359	51.069477	51.703724	48.932083	50.54302	53.996906	52.849384	50.54499
M-49-E	21.4318	21.619057	19.987436	23.231998	22.962467	19.51859	21.089321	23.79454	21.908903	19.868847	23.143778	24.549273	27.709623	26.528282	24.01983	24.856668	25.509905	22.007736	18.504572	17.526043	16.535395	12.743009	12.597184	14.717187	12.349912	9.666572	12.644265	14.438132	11.895101	11.636188	15.452441	17.59794	20.832153	23.950588	27.175686	28.778103	30.772148	32.753174	33.298573	34.683277	36.12434	32.804943	30.234072	29.069098	27.93006	25.767208	25.307407	21.682005	19.893196	16.830088	16.29705	19.959524	21.300304	23.333284	22.657072	24.384119	23.025955	25.470934	24.755842	27.151045	28.880089	29.46525	32.695057	31.402016	28.668211	31.063046	31.214613	27.427412	27.33683	30.160112	29.11712	25.656218	27.412395	29.816927	27.541712	25.626196	28.691187	30.809975	30.06838	30.723337	30.17868	33.312584	34.222668	36.06547	33.43325	30.596392	27.476284	24.854542	21.148895	19.200712	19.935663	17.809172	18.807907	17.211845	19.333797	18.981466	21.277115	23.536064	23.944372	22.631002	21.943142	22.521585	21.166206	22.665054	21.4579	24.060947	25.794138	27.368319	31.129955	32.439926	35.892437	34.95538	37.341362	40.673996	42.10081	40.71357	41.62937	45.194283	45.70217	44.749233	46.49219	49.56703	49.200974	51.080547	52.660572	50.10614	47.31595	48.631447	48.716507	45.17354	43.93469	46.05977	45.56755	41.78726	41.88902	44.188076	42.01944	38.946545	41.024635	42.746506	39.424644	38.3362	41.763264	41.772015	41.027187	39.67866	40.07471	37.656597	34.031715	32.957626	35.433224	35.540184	37.73362	39.93858	38.675358	40.737854	39.296436	41.598953	40.81581	41.557934	42.544937	42.261425	39.360413	37.33528	37.709335	35.677364	37.143093	35.174545	36.121113	38.25429	40.609993	39.450546	38.22842	35.655075	36.01519	33.457848	33.072727	33.37006	33.281254	36.820312	36.9004	38.582233	38.000893	40.892715	40.33928	43.428875	42.482174	43.966476	45.892128	43.80075	42.39546	38.98614	39.465683	36.813496	37.98677	37.817005	40.112076	39.8772	42.203297	42.98357	44.01668	47.742245	49.36762	47.828842	48.792988	51.156082	54.63748	53.95511	50.967384	52.925587	55.76181	53.64104	55.467865	52.45736	52.26209	48.653667	49.166447	49.543823	46.519783	48.792274	49.627193	46.108047	46.124134	49.554485	48.39331	45.604786	48.30953	50.378365	47.491493	46.673836	50.336693	50.08262	47.131298	49.35105	51.951344	49.570843	48.787407	52.41608	53.529774	51.601196	52.887054	54.785126	57.670307	59.79663	58.50244	59.229645	56.605103	55.866375	53.62963	50.447716	51.09024	49.52176	51.66531	54.584576	54.088284	57.897655	58.766064	56.114487	54.66882	51.13899	48.85468	51.42563	51.873367	52.295334	55.984543	56.533337	54.82692	56.827717	60.12309	59.489475	57.926914	59.671814	62.945045	63.728336	61.955395	60.871754	58.238346	56.94712	59.692844	59.907516	61.925243	64.94531	63.94986	61.02364	63.684593	64.807175	61.57003	60.497536	56.715687	57.132275	59.72285	57.29236	54.678165	57.405605	58.499237	54.9316	54.651764	57.882183	56.799408	53.710228	55.74623	58.22977	58.481937	58.428413	54.875084	56.23972	58.06379	54.966846	53.450928	50.392155	47.174507	47.66222	51.230087	50.28988	47.73652	50.635757	53.403667	50.977634	50.154915	53.879795	54.329777	51.49934	53.20263	56.586784	55.25541	52.956993
L-50-E	25.04797	25.069094	23.18045	26.315271	26.19974	22.641562	23.852577	26.614252	24.768604	22.378777	25.426222	26.451847	29.353811	27.853178	25.621563	26.495024	27.51059	24.167685	20.70261	19.253832	17.627483	13.875526	14.666202	16.515257	13.710258	11.871584	15.199656	16.355154	13.573226	14.148034	17.891933	19.926603	22.865425	26.167112	29.196457	30.522987	32.730297	34.43472	34.596336	35.924248	37.04758	33.666134	31.133545	30.312733	29.597576	27.666676	27.636963	24.137793	22.74778	19.90638	19.699654	23.285532	24.585804	26.33307	25.375652	26.714148	24.928629	26.98943	25.81512	27.859789	29.181643	29.32071	32.677406	31.718836	28.758514	31.238256	31.835451	28.127941	27.781368	30.834805	30.229317	26.744192	28.221516	30.96455	29.06348	26.898111	29.776522	32.24363	31.878613	32.747524	32.56488	35.819664	36.934776	38.571136	35.73014	32.90621	29.927599	27.028141	23.456726	21.055567	21.201727	18.632408	18.920855	17.169933	18.624935	17.98425	19.701492	22.367582	23.198812	22.10633	22.058184	22.976896	22.22764	24.139112	23.466516	26.371698	28.453001	30.053879	33.834557	35.117226	38.493904	37.296074	39.530067	42.95062	44.176773	42.88524	44.046688	47.54135	47.91857	47.15187	49.059597	52.162857	51.91192	53.922546	55.47494	53.028934	50.162586	51.304806	51.438374	47.975136	46.55504	48.54685	48.157776	44.38043	44.24536	46.480534	44.42393	41.227722	43.06451	44.8355	41.54435	40.189903	43.487225	43.589466	42.678913	41.505657	41.772636	39.36814	35.724846	34.924026	37.212185	37.17666	39.123028	41.401558	40.08565	42.1067	40.72877	42.82814	42.154686	43.200302	44.281395	44.21088	41.17979	39.162746	39.836388	38.023018	39.741585	38.00174	39.132496	41.34011	43.527294	42.258305	40.805542	38.08216	38.134872	35.38179	34.6299	34.755707	34.299637	37.742874	38.00692	39.53362	39.01085	41.905167	41.197384	44.386776	43.268288	44.499077	46.570557	44.34623	43.046894	39.529472	39.95236	37.149982	38.071926	38.005344	40.22263	40.3396	42.884106	43.976166	45.133377	48.79003	50.65192	49.235554	49.995995	52.421963	55.790432	54.958054	51.87604	53.805775	56.517	54.26237	56.17903	53.28209	52.98472	49.30404	49.765453	50.418785	47.57412	50.057552	50.772778	47.301506	47.59312	51.03356	49.762848	47.171696	50.056206	52.02461	49.158592	48.589207	52.282993	51.94504	49.148262	51.545727	54.064785	51.68728	51.124756	54.805878	55.821384	54.03381	55.47726	57.45662	60.439445	62.62048	61.215096	61.809902	59.0692	58.14503	55.801197	52.55597	52.996754	51.274654	53.368557	56.136765	55.660236	59.45359	60.155453	57.356674	55.79357	52.30811	49.85738	52.395607	52.616817	53.03599	56.67417	57.414776	55.872585	57.770355	61.097977	60.686108	59.17724	60.77468	63.989437	64.948875	63.300434	62.355846	59.88248	58.72726	61.603466	61.99413	64.12408	67.21738	66.37534	63.460773	66.13285	67.4033	64.25181	63.17876	59.393246	59.662327	62.19223	59.76053	57.065556	59.66391	60.723824	57.115044	56.70586	59.836246	58.73546	55.54941	57.447052	59.824837	59.857513	59.78946	56.2665	57.690876	59.693584	56.695057	55.36827	52.309635	49.212254	49.834396	53.440502	52.562195	50.15174	53.119026	55.898937	53.560936	52.872772	56.621105	57.089005	54.37564	56.175236	59.545147	58.275734	56.087494
G-51-E	26.80355	26.472727	24.442354	27.718426	28.049799	24.57598	25.597403	28.659119	27.193924	24.768974	27.673225	28.881836	31.666492	29.876116	27.477467	27.897276	28.722513	25.335428	22.155035	20.99975	18.972597	15.409915	16.256283	17.34493	14.013407	12.710778	15.733339	16.094425	12.81056	13.806296	17.308153	18.864817	21.493168	24.822355	27.675852	28.874147	31.397566	32.97596	32.868103	34.396053	35.43436	32.18084	29.45415	28.672129	28.340172	26.412642	26.728191	23.37436	22.403679	20.051956	20.173532	23.49644	24.968596	26.300892	25.27361	26.258415	24.123154	25.963772	24.356237	26.347013	27.280012	27.367737	30.905632	30.319632	27.46481	30.267391	30.992386	27.33247	27.261484	30.562622	30.069712	26.796062	28.478344	31.392263	29.696428	27.767864	30.771008	33.288322	33.189857	33.79659	33.76803	36.898434	37.86331	39.213436	36.264412	33.222305	30.533405	27.561562	24.114523	21.467354	21.102497	18.080069	17.801872	15.450301	16.430635	15.176284	16.653854	19.217852	20.432602	19.831419	20.085922	21.573189	21.214018	23.611607	23.276525	26.473076	28.706736	29.964508	33.700123	34.678776	38.037945	36.698566	38.961166	42.517395	43.43613	42.0217	43.449272	46.922535	47.01143	46.30409	48.462578	51.685696	51.703228	53.93091	55.639114	53.383358	50.344067	51.413654	51.808247	48.41715	46.761505	48.806698	48.709488	44.941788	44.57777	46.984085	45.18904	41.860348	43.564323	45.603672	42.48141	40.912743	44.21323	44.63019	43.908783	43.016247	43.52054	41.35693	37.81593	36.860947	38.911896	38.53681	40.24561	42.28485	40.658493	42.38418	40.76117	42.584877	41.69726	42.89977	43.777306	43.66271	40.448353	38.693142	39.619804	37.83437	39.69397	38.176563	39.31355	41.7884	43.777164	42.64623	41.053566	38.391544	38.278587	35.290092	34.289413	34.648724	33.872665	37.358814	37.9976	39.714874	39.54151	42.62626	42.13728	45.482067	44.544754	45.534798	47.447052	44.983936	43.46957	39.85374	39.92637	36.890064	37.45141	37.10042	39.016895	39.244953	42.00484	43.212597	44.191467	47.79215	49.72478	48.574585	49.377693	52.005383	55.30812	54.588352	51.359272	53.067974	55.820457	53.660023	55.79423	53.065174	52.952244	49.280964	49.97761	50.78764	48.022327	50.523705	50.9598	47.430077	47.905346	51.22481	49.691708	47.179768	50.177082	51.902397	48.900448	48.53868	52.18515	51.579605	48.84815	51.42351	53.735493	51.19451	50.833977	54.57983	55.347805	53.57292	55.239716	57.14631	60.26286	62.36859	60.751324	61.307285	58.5116	57.405624	54.873272	51.667408	52.045734	50.352432	52.58122	55.19879	54.54012	58.29708	59.00773	56.081753	54.302376	50.79616	48.357395	51.029175	51.24273	51.87904	55.44368	56.15179	54.8284	56.822876	60.061897	59.741768	58.443398	60.090862	63.17998	64.132805	62.682144	61.678417	59.318836	58.107376	61.009758	61.604034	63.692543	66.90608	66.118065	63.334766	66.13879	67.46241	64.39139	63.504555	59.696434	59.746105	62.358788	60.08931	57.22809	59.67547	60.906376	57.344715	56.687305	59.813698	58.913464	55.61222	57.299465	59.746975	59.64628	59.786957	56.36295	58.014915	60.008667	56.972237	55.82261	52.912228	49.809242	50.702965	54.24615	53.17084	50.93673	54.062153	56.67738	54.240005	53.793213	57.572834	57.82353	55.161594	57.167725	60.423237	59.014362	56.972515
K-52-E	24.132912	23.50254	21.415525	24.788675	25.42326	22.09334	23.078798	26.336256	25.219114	22.952978	25.821688	27.428965	30.277489	28.492817	25.754633	25.7909	26.21498	22.705751	19.740925	19.139835	17.278719	13.860518	14.113378	14.745041	11.3403	9.938923	12.510605	12.669015	9.197335	10.139183	13.551614	15.098371	17.724255	21.077103	23.944408	25.194557	27.668379	29.346281	29.398602	31.00895	32.25315	29.068527	26.237392	25.223429	24.731852	22.689222	22.937105	19.582708	18.69314	16.497019	16.886938	20.078188	21.484049	22.63604	21.608183	22.581589	20.503323	22.499817	21.04294	23.307512	24.472939	24.963291	28.457396	27.692425	25.079172	27.960533	28.338964	24.614061	24.91644	28.155794	27.34962	24.21001	26.259598	28.996033	27.133522	25.561466	28.802713	31.069435	30.875172	31.14504	30.991812	33.958725	34.71682	35.997677	33.105877	29.932308	27.33645	24.483818	21.044422	18.52043	18.25992	15.312309	15.39314	12.886534	14.45843	13.411158	15.633325	17.687635	18.425978	17.665579	17.353817	18.7487	18.040407	20.384253	19.872978	23.063574	25.21577	26.308561	30.021326	30.917591	34.288956	32.99193	35.334377	38.90239	39.81615	38.320133	39.7235	43.221165	43.29031	42.532913	44.695835	47.939983	47.999363	50.26133	52.03622	49.82581	46.739067	47.8412	48.333534	44.945995	43.25545	45.39049	45.391396	41.62972	41.26963	43.80641	42.097603	38.766033	40.54557	42.712585	39.67889	38.15858	41.554676	42.105938	41.63853	40.815613	41.59422	39.61424	36.1798	34.90238	36.896553	36.376984	38.110252	39.928345	38.14515	39.72645	37.913414	39.75171	38.67032	39.72746	40.448845	40.181797	36.96815	35.310387	36.16961	34.277607	36.08526	34.581043	35.678562	38.243122	40.18315	39.15051	37.587997	35.032856	35.0089	32.018322	31.140772	31.751125	31.09667	34.694187	35.38312	37.34277	37.33133	40.53622	40.32596	43.688595	43.030483	44.08457	45.75546	43.257816	41.510517	37.930054	37.847855	34.815025	35.4259	34.835217	36.69543	36.64793	39.31809	40.31953	41.126194	44.76621	46.55105	45.41742	46.394547	49.070545	52.43515	51.890892	48.664665	50.296776	53.177044	51.174297	53.33922	50.595078	50.67075	47.065884	47.944214	48.601257	45.727657	48.064972	48.436924	44.832203	45.192505	48.437565	46.846527	44.22365	47.151978	48.82543	45.739178	45.30815	48.914173	48.240005	45.437054	47.988144	50.25972	47.65036	47.251324	50.999077	51.7245	49.889763	51.56814	53.424923	56.55313	58.625515	56.983086	57.563976	54.79174	53.710316	51.175636	48.0027	48.465862	46.866337	49.17619	51.84282	51.111366	54.87379	55.69756	52.829193	51.06712	47.517113	45.19435	47.93756	48.327305	49.046535	52.631866	53.1736	51.79932	53.916443	57.099243	56.64272	55.386494	57.17181	60.257057	61.071373	59.607487	58.476322	56.04892	54.723232	57.55701	58.125534	60.137257	63.35869	62.51387	59.77425	62.628075	63.90325	60.828228	60.024246	56.207832	56.22738	58.90801	56.716927	53.81848	56.268326	57.601	54.08736	53.38796	56.57859	55.790546	52.49492	54.175426	56.735386	56.733692	56.992176	53.594994	55.32696	57.17921	54.048046	52.861835	50.03706	46.848072	47.8159	51.29364	50.063435	47.84663	51.02534	53.53359	50.992523	50.615704	54.398697	54.516632	51.833126	53.91476	57.10782	55.603664	53.607307
Q-53-E	24.721664	23.698864	21.12537	24.17246	25.053362	21.587564	21.971613	25.304186	24.415163	21.731245	24.226635	25.55497	28.098047	25.97532	23.401508	23.357267	24.110336	20.835167	17.982754	16.993473	14.581253	11.409338	12.472062	12.731634	9.113547	8.866839	11.8559885	11.484999	8.564463	10.746437	13.861486	15.978612	18.13332	21.773033	24.28144	25.013624	27.2905	28.558924	28.333971	29.543833	30.437412	27.059546	24.540634	24.017057	23.723913	22.206995	22.866194	19.757915	19.339754	17.14359	18.204523	21.381258	22.160286	22.968948	21.343912	21.867796	19.460016	21.002148	19.39295	21.204998	22.32774	22.431986	25.837719	25.032179	22.15067	24.880987	25.54364	21.879549	21.813671	25.12142	24.654491	21.434269	23.188143	26.144953	24.593624	22.793293	25.869299	28.3877	28.53376	29.02294	29.276066	32.39106	33.476532	34.542618	31.426147	28.406155	25.911633	22.743755	19.510767	16.541782	15.799585	12.657732	12.389472	10.305489	11.79184	11.4508295	13.718414	16.16968	16.519701	15.228656	15.179975	16.29669	15.972638	18.399303	18.41739	21.78675	24.37926	25.811972	29.533865	30.724796	33.879486	32.232006	34.2323	37.78024	38.654663	37.486168	39.026264	42.377712	42.545143	42.10153	44.26138	47.3888	47.39105	49.696278	51.271183	49.14083	46.055412	46.8811	47.277164	44.004383	42.16238	44.035362	44.040623	40.3007	39.705097	42.062572	40.41748	36.986603	38.503567	40.639755	37.62085	35.859905	39.1096	39.708965	39.08845	38.443306	39.150684	37.262215	33.874844	32.7801	34.535107	33.84666	35.356632	37.23213	35.450066	37.05908	35.39861	37.15307	36.302284	37.601395	38.57275	38.636032	35.419964	33.564587	34.652138	33.101105	35.2128	33.97775	35.46083	37.92249	39.63993	38.298027	36.438663	33.631153	33.259235	30.168682	28.99116	29.278723	28.419407	31.89472	32.587933	34.35684	34.323265	37.503124	37.190506	40.61446	39.881897	40.771202	42.501778	39.93474	38.26612	34.63796	34.586918	31.52747	32.113777	31.723406	33.70892	33.859478	36.569466	37.782726	38.84185	42.439526	44.422905	43.23211	43.958702	46.57308	49.857964	49.12156	45.89084	47.618603	50.36454	48.208603	50.340572	47.617447	47.556454	43.90236	44.692192	45.500412	42.74608	45.240917	45.582184	42.041756	42.591812	45.87751	44.28649	41.834743	44.897327	46.57018	43.591797	43.341625	46.99923	46.390747	43.761494	46.426815	48.7196	46.2604	46.040707	49.79999	50.57572	48.986023	50.727444	52.805683	55.979397	58.24104	56.608784	56.946587	54.020752	52.801456	50.308624	46.995804	47.189175	45.33639	47.44138	50.031116	49.502705	53.264927	53.858494	50.93921	49.26059	45.80454	43.271458	45.833313	45.98988	46.527348	50.116245	50.869087	49.48861	51.427002	54.70051	54.404106	53.055172	54.657078	57.762142	58.75579	57.29123	56.355038	54.040325	52.931305	55.910328	56.563084	58.767097	61.992615	61.351173	58.536003	61.303226	62.776096	59.800415	58.876606	55.081627	55.00125	57.52411	55.24688	52.332336	54.67849	55.863976	52.28294	51.549545	54.607403	53.70116	50.35512	51.980152	54.3847	54.22431	54.377163	50.975914	52.685646	54.70639	51.693893	50.651764	47.790485	44.74627	45.79617	49.32138	48.228622	46.148064	49.361897	51.923733	49.551388	49.29121	53.086124	53.308414	50.807014	52.96652	56.1654	54.843586	52.99996
E-54-E	21.221197	20.191278	17.578304	20.566631	21.331972	17.833277	18.27234	21.567635	20.66392	18.05117	20.637209	22.154158	24.863455	22.967484	20.214533	20.261396	20.887451	17.498138	14.4716625	13.645149	11.699401	8.343966	8.83548	9.461516	6.1782174	5.224399	8.55716	8.959594	6.713318	8.540112	11.803964	14.560036	16.974905	20.578455	23.228434	24.093851	25.962814	27.408875	27.580328	28.612568	29.734627	26.28465	23.93062	23.21307	22.380573	20.819386	21.074068	17.841042	17.085524	14.467469	15.550075	18.881744	19.32232	20.370708	18.725159	19.585901	17.590693	19.48214	18.509516	20.56211	22.292198	22.750196	25.87851	24.535118	21.746206	24.158606	24.403677	20.638342	20.559578	23.546364	22.699543	19.324198	21.1782	23.83116	21.91133	20.134165	23.327349	25.615175	25.431005	25.916225	25.94437	29.09609	30.20132	31.48752	28.482866	25.566336	22.822073	19.75256	16.340061	13.635038	13.57033	11.046122	11.890797	10.595935	13.065113	13.568281	16.375114	18.500576	18.161331	16.277575	15.447927	15.749926	14.656382	16.434227	15.935654	19.027805	21.467896	23.189367	26.961876	28.437609	31.605705	30.10655	32.117435	35.540985	36.723442	35.637436	36.899	40.284115	40.7301	40.208736	42.124184	45.144882	44.913597	47.04203	48.507854	46.230003	43.266216	44.17018	44.38301	41.03932	39.382294	41.261677	41.058525	37.296837	36.91116	39.202362	37.36405	34.032753	35.73586	37.71972	34.58751	33.051167	36.388996	36.795284	36.18762	35.336273	36.048393	34.08243	30.669231	29.443375	31.373634	30.873386	32.636707	34.579304	32.966526	34.765965	33.200798	35.25243	34.475792	35.513264	36.585587	36.5934	33.561733	31.494392	32.28315	30.63699	32.596066	31.163555	32.653267	34.921112	36.782413	35.34844	33.61836	30.796219	30.638058	27.766409	26.931032	27.157276	26.729914	30.254436	30.598274	32.369347	32.11312	35.217308	34.914734	38.220684	37.53919	38.708405	40.40208	38.028072	36.37861	32.864685	33.042564	30.220903	31.220335	30.94043	33.1908	33.01706	35.431408	36.37158	37.488895	41.170197	42.976337	41.528786	42.337578	44.789032	48.186897	47.467896	44.38122	46.27215	49.071186	46.939125	48.882168	45.981796	45.883358	42.26532	42.967113	43.507957	40.585907	42.94658	43.50976	39.960033	40.246197	43.60515	42.2232	39.6056	42.51809	44.395065	41.484016	40.981033	44.66694	44.271698	41.526024	44.009014	46.480335	44.134106	43.695354	47.400444	48.38896	46.753654	48.29294	50.419983	53.481087	55.802902	54.352303	54.73227	51.86638	50.83305	48.523514	45.189934	45.49525	43.67286	45.69658	48.469154	48.07343	51.873093	52.5335	49.781754	48.333023	44.874653	42.414738	44.886032	45.17486	45.553753	49.22622	49.891518	48.259384	50.188927	53.507767	53.02534	51.500206	53.152096	56.37667	57.278595	55.613235	54.644672	52.171383	51.03886	53.949387	54.390846	56.588318	59.708557	58.98252	56.067722	58.74687	60.145714	57.091633	56.045826	52.2586	52.35858	54.850544	52.468456	49.67636	52.169487	53.26367	49.66179	49.13263	52.24371	51.22285	47.982002	49.807495	52.228664	52.26658	52.304768	48.821857	50.377182	52.308475	49.256416	48.01854	45.069263	41.957428	42.812515	46.364838	45.343292	43.10567	46.22671	48.874996	46.51844	46.089596	49.87311	50.20522	47.64237	49.67901	52.94744	51.691956	49.75181
V-55-E	23.226984	22.161398	19.293064	21.827656	22.495466	18.845905	18.785843	21.882122	20.888796	17.806107	20.042955	20.947407	23.330805	21.156816	18.855448	19.229595	20.522606	17.52352	14.442875	12.680408	10.09341	6.828395	8.9134245	9.753413	6.88783	7.226305	10.823346	11.078689	9.697222	11.984597	14.9491	17.939636	20.047976	23.74221	26.135874	26.626505	28.314104	29.39887	29.31008	29.932676	30.653038	27.02849	25.075375	24.885036	24.251501	23.179949	23.710476	20.70673	20.181185	17.503206	18.760975	22.113203	22.154446	23.107752	21.090084	21.655376	19.50057	20.916962	19.846802	21.312283	22.909817	22.804558	25.780188	24.435646	21.276815	23.359835	24.04548	20.432589	19.667253	22.638945	22.298838	18.741005	19.950617	22.86596	21.318718	19.00242	21.80746	24.495125	24.631737	25.621902	26.071178	29.459219	31.00756	32.2024	29.025806	26.422953	23.68768	20.341969	17.181963	14.147131	13.704307	11.244847	11.658487	11.187167	13.164274	14.203549	16.554277	19.192656	18.781075	16.538752	16.232162	16.202526	15.617675	17.29595	17.310225	20.376781	23.133942	25.255022	28.98564	30.766132	33.72441	31.973724	33.634487	36.96978	38.173767	37.429573	38.750843	41.98165	42.56745	42.311497	44.163128	47.038303	46.688038	48.776356	50.003338	47.738895	44.85707	45.52575	45.54633	42.3029	40.603233	42.185055	41.864315	38.14319	37.608807	39.609814	37.72587	34.366295	35.80955	37.60831	34.411125	32.6902	35.815193	36.098297	35.14233	34.34172	34.75185	32.69627	29.234425	28.435326	30.230112	29.754082	31.350782	33.549416	32.12844	34.115692	32.88306	34.90796	34.514732	35.804455	37.223618	37.60907	34.644802	32.319954	33.276054	31.992138	34.17701	32.92622	34.725235	36.784348	38.517353	36.759266	34.812305	31.730282	31.257858	28.394382	27.29257	27.004297	26.406507	29.700642	29.908476	31.28429	30.803968	33.747643	33.110706	36.421604	35.445694	36.489876	38.43455	36.082718	34.713223	31.164906	31.574274	28.806786	29.858192	29.99645	32.46037	32.60026	35.02855	36.242718	37.715813	41.32416	43.357723	41.80032	42.275627	44.583622	47.87675	46.862022	43.818306	45.88428	48.470604	46.095886	47.930855	45.02341	44.642693	40.945843	41.392178	42.120068	39.35673	41.950394	42.595745	39.176823	39.655006	43.112206	41.836716	39.43104	42.45965	44.415737	41.696663	41.34542	45.0883	44.851974	42.298103	44.83588	47.37858	45.24536	44.93717	48.614437	49.713753	48.317734	49.84816	52.184196	55.23454	57.73031	56.347866	56.52716	53.54927	52.432156	50.205505	46.75387	46.8044	44.727936	46.494656	49.191753	49.04534	52.82984	53.23185	50.44503	49.107605	45.774956	43.089756	45.32539	45.317112	45.441902	49.105026	50.04895	48.399475	50.07528	53.510666	53.22321	51.55396	52.951557	56.213375	57.345528	55.648304	54.934982	52.5806	51.71306	54.765076	55.2461	57.64588	60.72823	60.192947	57.175552	59.716923	61.2905	58.315113	57.0884	53.344406	53.424606	55.718067	53.193386	50.458145	52.884125	53.753056	50.070408	49.595074	52.543167	51.313774	48.066067	49.88885	52.084866	51.95889	51.78612	48.270256	49.69823	51.85818	48.9845	47.85649	44.799686	41.882446	42.695812	46.329247	45.570404	43.411064	46.479313	49.26313	47.145313	46.72329	50.49057	51.03453	48.638622	50.642666	53.96212	52.94765	51.08624
I-56-E	26.601973	25.28078	22.173923	24.431732	25.356434	21.751394	21.183764	24.264261	23.515947	20.171345	21.918377	22.406158	24.300844	21.68414	19.764355	19.986378	21.653202	19.070759	16.379116	14.267911	10.972424	8.651494	11.568331	11.7079525	8.912981	10.443581	13.716422	13.169469	11.988444	14.906091	17.481768	20.335983	21.951393	25.744686	27.767395	27.805304	29.545746	30.18685	29.641872	30.015995	30.270834	26.591866	24.888935	25.246138	25.106071	24.499275	25.543022	22.861893	22.84609	20.492073	22.10614	25.289932	25.148573	25.707098	23.343016	23.363766	20.797071	21.579977	20.063967	20.895414	22.032476	21.308407	24.259562	23.234716	19.804426	21.83178	23.09085	19.718521	18.531754	21.698532	21.990772	18.547905	19.28849	22.578661	21.643627	19.125952	21.575533	24.635313	25.332012	26.519537	27.478008	30.903841	32.691536	33.54553	30.157497	27.678373	25.253183	21.67583	18.939455	15.517833	14.224011	11.446936	10.77366	10.625303	11.6696205	12.970815	14.727135	17.747412	17.392	15.083481	15.537966	15.641097	15.924041	17.934217	18.718369	21.966782	25.081919	27.232956	30.864323	32.662758	35.40588	33.318348	34.670383	38.019653	38.987118	38.469673	40.05529	43.11437	43.602184	43.64501	45.62837	48.45467	48.207165	50.42553	51.55251	49.461323	46.525852	46.916355	46.97307	43.896446	41.972427	43.31583	43.133022	39.482525	38.62096	40.48481	38.799114	35.330738	36.401012	38.24576	35.171635	33.10594	35.99473	36.441113	35.334873	34.847427	35.17586	33.282654	29.935112	29.417955	30.835894	30.080936	31.265753	33.45916	31.95365	33.82843	32.7066	34.43883	34.232254	35.896706	37.464943	38.171555	35.131638	32.797924	34.122543	33.205715	35.699993	34.80257	36.869675	38.94869	40.399223	38.473213	36.227562	32.988327	32.08805	29.052288	27.48541	26.92094	25.859303	28.93317	29.356293	30.50401	30.139194	33.068283	32.310513	35.733665	34.642056	35.32022	37.35262	34.819443	33.543324	29.89828	30.203182	27.286598	28.039639	28.346493	30.754263	31.31021	33.93304	35.5169	37.182106	40.660244	42.97062	41.534203	41.718117	44.05026	47.1737	45.9677	42.84917	44.89296	47.29778	44.768044	46.678528	43.919632	43.422516	39.671516	40.07248	41.126034	38.61128	41.43267	41.90495	38.58319	39.411118	42.834293	41.43867	39.32252	42.543804	44.355953	41.717926	41.692276	45.43096	45.1221	42.816452	45.544262	47.973396	45.91541	45.897163	49.588917	50.58946	49.43378	51.13074	53.599567	56.73911	59.334656	57.853466	57.811802	54.68959	53.351357	51.060017	47.532913	47.289104	44.995773	46.619488	49.11439	49.064255	52.798714	52.95509	50.036972	48.64019	45.419792	42.52645	44.632202	44.32401	44.3739	47.96211	49.153736	47.667618	49.1702	52.642094	52.621025	50.986855	52.17402	55.362648	56.71292	55.14982	54.637844	52.497562	51.84209	55.04481	55.727936	58.282433	61.418888	61.1098	58.107185	60.61841	62.39644	59.567055	58.324425	54.614323	54.49716	56.66418	54.146915	51.338135	53.567474	54.361214	50.65545	50.02526	52.803734	51.547726	48.209316	49.84403	51.873753	51.476093	51.2761	47.826927	49.32177	51.686085	48.96473	48.099785	45.086124	42.3688	43.37214	47.002266	46.327003	44.404526	47.53717	50.292576	48.32483	48.11212	51.869843	52.427933	50.238533	52.371517	55.630722	54.728493	53.063305
R-57-E	29.740915	28.597464	25.6215	28.042929	28.879541	25.238546	24.866646	27.917662	26.987532	23.674335	25.526459	25.859495	27.70826	25.079674	23.371626	23.691696	25.430027	22.861061	20.142675	17.975346	14.70299	12.298589	15.124273	15.394338	12.3478985	13.508179	16.854431	16.197237	14.381458	17.227028	19.982397	22.44513	24.070818	27.855179	29.889027	29.945822	32.00611	32.59947	31.804728	32.356785	32.457756	28.869865	27.02765	27.474186	27.680126	26.993511	28.196815	25.48166	25.494629	23.254293	24.650976	27.871397	28.092299	28.675718	26.459204	26.431215	23.68052	24.352488	22.427803	23.126793	23.748579	22.693956	25.84684	25.319859	21.848785	24.084637	25.696268	22.457893	21.285135	24.623383	25.19148	21.893486	22.527328	25.960718	25.243986	22.713263	25.008665	28.190144	29.027214	30.252785	31.264269	34.67511	36.425457	37.22325	33.80708	31.25527	28.916983	25.339132	22.603083	19.149326	17.641546	14.553843	13.191897	12.367319	12.415749	12.84485	13.710539	17.16482	17.5831	15.925827	17.116636	17.902294	18.671862	21.079523	22.02715	25.414469	28.52761	30.47345	34.11008	35.696037	38.49551	36.37864	37.7854	41.219986	41.996143	41.378944	43.125496	46.19091	46.482307	46.528404	48.673233	51.590687	51.492714	53.809296	55.027588	52.99722	49.9934	50.382683	50.54696	47.48576	45.485928	46.855774	46.775345	43.130516	42.188126	44.092293	42.491432	38.98843	39.973557	41.877342	38.854595	36.693314	39.50845	40.02358	38.858765	38.44509	38.682323	36.76174	33.40371	33.046185	34.425827	33.649323	34.69854	36.894077	35.341347	37.113514	35.965347	37.490818	37.250854	39.0837	40.574383	41.294456	38.135563	35.962776	37.448433	36.53955	39.07621	38.226185	40.21558	42.42262	43.85841	42.02755	39.75894	36.55598	35.58255	32.43631	30.69085	30.178102	28.838139	31.833069	32.482903	33.572296	33.31575	36.224964	35.38029	38.831066	37.61437	38.086075	40.21495	37.593513	36.397785	32.70982	32.89524	29.84556	30.254076	30.53049	32.705948	33.572475	36.416515	38.22092	39.846024	43.24085	45.68373	44.438522	44.549488	46.980247	50.000496	48.755222	45.549263	47.475876	49.803307	47.233322	49.26508	46.654453	46.137394	42.369827	42.77507	44.05016	41.695503	44.62398	44.965767	41.688507	42.70025	46.072475	44.558434	42.573807	45.88102	47.56392	44.8968	45.03033	48.743656	48.300434	46.06705	48.89813	51.213947	49.07485	49.17899	52.90367	53.766506	52.61298	54.428192	56.84047	60.04486	62.57964	60.983677	60.950287	57.806675	56.36103	53.939415	50.441475	50.145115	47.850193	49.537888	51.89746	51.744583	55.444393	55.551804	52.51003	50.933895	47.72384	44.78216	46.949905	46.520912	46.684586	50.18718	51.46741	50.18797	51.67493	55.10804	55.245586	53.74202	54.868477	57.958565	59.39429	57.983566	57.51015	55.491314	54.855465	58.098415	58.919533	61.468544	64.67115	64.40335	61.46706	64.035225	65.84375	63.04953	61.881718	58.164608	57.957684	60.151505	57.69507	54.822346	56.97031	57.81721	54.12716	53.380856	56.12007	54.92762	51.533348	53.03766	55.037067	54.492584	54.34886	50.962482	52.533672	54.973812	52.302296	51.56026	48.593018	45.930313	47.01732	50.633327	49.937397	48.086586	51.250473	53.971977	51.995686	51.84435	55.60572	56.116257	53.93512	56.107376	59.3444	58.39394	56.74176
G-58-E	31.028517	30.063124	27.086283	29.212168	29.753212	26.053535	25.54805	28.267223	27.09694	23.62044	25.278658	25.066141	26.676023	24.07014	22.889515	23.694115	25.913597	23.660206	20.846552	18.09922	14.8924885	12.766113	16.050611	16.795145	14.344665	15.450541	18.96841	18.717842	17.331099	20.013134	22.85342	25.587736	27.314018	31.104002	33.159588	33.170586	35.014217	35.53229	34.766636	35.04237	34.987926	31.31052	29.782677	30.421038	30.512867	29.99386	31.10258	28.38256	28.23929	25.735754	27.010637	30.369469	30.394348	31.162703	28.872578	28.933243	26.339434	26.949726	25.245296	25.711643	26.433443	25.13111	28.015606	27.339626	23.70923	25.487934	27.280329	24.213856	22.51538	25.589922	26.413301	23.000383	23.066113	26.476875	25.91603	22.981323	24.832954	28.196798	29.089327	30.762783	31.92068	35.488243	37.54398	38.442272	35.028267	32.787563	30.32593	26.714159	24.080235	20.715645	19.391167	16.750042	15.613582	15.476766	15.545517	16.345772	16.957129	20.51644	20.81167	18.91103	20.14084	20.482975	21.221004	23.2557	24.19427	27.360205	30.484589	32.755108	36.380466	38.236538	40.952557	38.8124	40.04054	43.34228	44.279533	43.887566	45.520668	48.512177	49.011116	49.148903	51.13498	53.916527	53.625233	55.803707	56.816116	54.698887	51.83768	52.143646	52.068283	49.035225	47.14788	48.323395	48.02304	44.418076	43.523243	45.15574	43.399475	39.983192	40.875805	42.500748	39.375896	37.240215	39.87698	40.129406	38.624725	38.095497	37.966534	35.861332	32.458065	32.52247	33.91663	33.36519	34.404068	36.88943	35.66643	37.7003	36.918858	38.547493	38.662884	40.54595	42.324574	43.26578	40.25971	37.842197	39.26894	38.53108	41.083324	40.203163	42.31621	44.281948	45.758648	43.707005	41.41866	38.07577	37.03544	34.056427	32.325832	31.404362	30.15414	32.914368	33.26771	33.954685	33.34903	35.98002	34.752617	38.072197	36.510975	36.990776	39.408268	36.96691	36.14459	32.542923	33.094875	30.270855	30.88154	31.612167	34.033802	35.056217	37.761738	39.66615	41.579727	44.919594	47.44692	46.017082	45.89612	48.11166	51.067867	49.57162	46.49713	48.63299	50.769382	48.000244	49.82922	47.157017	46.33688	42.54316	42.618126	43.953327	41.70962	44.773643	45.316998	42.200474	43.241302	46.711098	45.41818	43.553017	46.84621	48.690723	46.234592	46.352676	50.097565	49.887405	47.74606	50.49958	52.94845	51.020325	51.091694	54.752186	55.79582	54.764927	56.45673	59.0052	62.12868	64.78417	63.331306	63.21727	60.05156	58.656456	56.37623	52.812515	52.415985	49.983234	51.45168	53.82543	53.90298	57.591736	57.542595	54.55549	53.152386	50.045906	46.992085	48.940907	48.33208	48.230213	51.728313	53.198414	51.81841	53.082035	56.609528	56.832348	55.14605	56.07123	59.225685	60.81143	59.294353	59.017384	57.02947	56.58536	59.88364	60.624195	63.300953	66.41143	66.2262	63.174763	65.588646	67.464806	64.681015	63.317905	59.649273	59.546318	61.57598	58.961193	56.220848	58.39797	59.017956	55.27233	54.69091	57.317116	55.896427	52.57768	54.17751	55.981956	55.39654	55.003387	51.568176	52.92119	55.51067	52.997986	52.24154	49.14578	46.63357	47.538754	51.215553	50.79539	48.90935	51.93552	54.814537	53.044327	52.76699	56.48406	57.233734	55.128048	57.161057	60.477837	59.73944	58.055157
W-59-E	27.9813	27.333372	24.58665	26.806007	26.990965	23.242561	23.115355	25.69718	24.190933	20.861013	22.88319	22.814451	24.817282	22.607733	21.24684	22.385933	24.48319	21.986387	18.805374	16.047443	13.359434	10.613181	13.585805	15.054017	12.832026	13.147264	16.855606	17.315937	15.9397745	18.081804	21.211164	24.111525	26.254942	29.963526	32.33365	32.708454	34.43903	35.314827	34.954597	35.360123	35.679134	31.977253	30.30697	30.539436	30.175482	29.327261	29.986584	27.010128	26.4043	23.569912	24.476517	27.99651	28.108442	29.270275	27.249077	27.778704	25.562117	26.663126	25.376328	26.31442	27.502447	26.683418	29.576273	28.520197	25.012167	26.76192	28.09038	24.786095	23.275877	26.168808	26.500954	22.885288	23.20195	26.327131	25.255777	22.317663	24.387959	27.512213	27.916021	29.583704	30.347147	33.95024	35.908466	37.149467	33.91535	31.669878	28.892487	25.451584	22.508562	19.466343	18.82836	16.496252	16.191944	16.010359	16.901878	17.698181	18.937908	22.270237	22.420258	20.38366	20.977104	21.07168	21.120863	22.807081	23.151579	26.100784	28.936012	31.296782	34.996906	36.93244	39.80434	37.948635	39.38908	42.6407	43.850395	43.330025	44.688667	47.81457	48.476326	48.373898	50.18583	52.966164	52.511993	54.52223	55.555286	53.245716	50.4843	51.017635	50.824654	47.645344	46.00193	47.330803	46.825455	43.163876	42.583824	44.254116	42.254936	38.958874	40.168037	41.662605	38.374046	36.557957	39.37556	39.38675	37.906555	37.032154	36.859283	34.517284	30.957994	30.902975	32.673306	32.461285	33.90393	36.507217	35.460155	37.701668	36.924118	38.878696	38.929253	40.488613	42.23324	42.955963	40.057487	37.55284	38.634254	37.626938	39.91503	38.71247	40.632088	42.48877	44.2322	42.252285	40.223293	36.965252	36.280155	33.496845	32.17195	31.358015	30.548544	33.48293	33.542843	34.337856	33.507515	36.097527	34.868668	38.06576	36.511536	37.3825	39.807148	37.58473	36.760696	33.242016	34.01017	31.361258	32.349476	33.042908	35.63276	36.289326	38.789005	40.378155	42.212925	45.686302	47.986103	46.370697	46.45806	48.594234	51.714798	50.324684	47.347866	49.584843	51.859783	49.172783	50.873478	48.013306	47.217724	43.445637	43.473534	44.497974	42.018272	44.914978	45.69683	42.512096	43.224827	46.778336	45.666187	43.546993	46.666996	48.71143	46.234562	46.038322	49.81166	49.747505	47.394814	49.951817	52.55928	50.626938	50.416454	54.047787	55.248287	54.033028	55.528408	58.002342	61.01531	63.62013	62.31013	62.375694	59.335506	58.16456	55.99051	52.46751	52.31191	50.02915	51.565506	54.148056	54.210186	57.95678	58.09536	55.243942	53.951275	50.75427	47.848503	49.86438	49.492767	49.380196	52.974945	54.26262	52.678284	54.050793	57.58873	57.57177	55.78387	56.859894	60.12248	61.541733	59.849884	59.435337	57.23984	56.65128	59.831345	60.351116	62.927235	65.95924	65.5839	62.475014	64.86826	66.57298	63.65068	62.234207	58.546783	58.666756	60.763447	58.083763	55.454117	57.83299	58.45017	54.69974	54.32073	57.08061	55.606518	52.390064	54.210022	56.12146	55.790977	55.34462	51.812515	53.036064	55.47905	52.857674	51.8367	48.645924	45.98177	46.64773	50.359215	49.95086	47.823536	50.747704	53.71321	51.86856	51.349476	55.064278	55.88461	53.609127	55.47241	58.87561	58.10585	56.22578
E-60-E	28.096882	27.59775	25.072086	27.711548	27.91579	24.187445	24.499039	27.275661	25.70663	22.649797	25.050781	25.405836	27.709555	25.639708	23.92462	24.839727	26.530499	23.67678	20.414804	18.158644	15.629074	12.40983	14.712415	16.120895	13.305068	13.044913	16.745329	17.160559	15.011249	16.90086	20.267519	22.757624	25.080751	28.723412	31.2674	31.900768	33.962074	35.055878	34.716717	35.520195	36.038998	32.458714	30.395908	30.331024	30.046663	28.834393	29.430157	26.287464	25.563723	22.842531	23.472755	26.999395	27.606518	28.851267	27.14277	27.815866	25.545527	26.877636	25.375671	26.641045	27.65732	27.047766	30.24259	29.435335	26.078587	28.264965	29.482502	26.026958	24.989813	28.11537	28.22399	24.691399	25.48139	28.61115	27.34942	24.721523	27.13078	30.099306	30.357143	31.683363	32.191807	35.670513	37.307602	38.589413	35.41531	32.864727	30.09586	26.756702	23.582685	20.582733	19.963713	17.22626	16.771688	15.719919	16.487179	16.486746	17.639309	20.92146	21.580873	20.086494	20.741838	21.432161	21.452202	23.504438	23.672161	26.79481	29.480663	31.47924	35.234875	36.84268	39.906433	38.195324	39.924225	43.31719	44.402664	43.570415	44.99252	48.25108	48.692547	48.39569	50.360012	53.31453	53.038757	55.145428	56.41961	54.126072	51.250168	51.96295	51.979496	48.71557	47.04728	48.62436	48.26735	44.54935	44.023743	45.955494	44.025307	40.689903	42.05792	43.754627	40.508366	38.745556	41.73208	41.89165	40.647057	39.77091	39.805492	37.499577	33.920334	33.58629	35.466682	35.198635	36.71934	39.14799	37.886833	39.948887	38.874004	40.756687	40.487118	41.976067	43.43192	43.88899	40.840527	38.591938	39.665356	38.39609	40.57198	39.26378	40.92826	43.019848	44.856487	43.158344	41.255188	38.172905	37.657326	34.75479	33.484715	33.066586	32.199036	35.337814	35.6443	36.750557	36.163216	38.937153	37.93769	41.205555	39.828514	40.702328	42.982548	40.650784	39.602924	36.0193	36.525684	33.690735	34.464756	34.79949	37.134277	37.722057	40.378742	41.90161	43.45848	46.978504	49.20076	47.7698	48.077484	50.40873	53.58182	52.398247	49.30462	51.352028	53.777473	51.243908	53.1226	50.326668	49.750935	45.99214	46.246407	47.250664	44.697063	47.497032	48.140015	44.83252	45.507717	48.991577	47.70916	45.474464	48.58918	50.512558	47.843	47.62355	51.370663	51.101406	48.62648	51.22393	53.72547	51.568928	51.33259	55.025063	56.063465	54.66124	56.24093	58.52932	61.59831	64.03757	62.603035	62.83063	59.85533	58.680023	56.354927	52.924393	52.929462	50.825314	52.607964	55.185165	54.99171	58.750084	59.063553	56.14874	54.652767	51.342857	48.561153	50.81468	50.604267	50.7617	54.344223	55.468643	54.008755	55.587154	59.03294	58.95257	57.346127	58.5999	61.79554	63.086525	61.500973	60.901207	58.669907	57.880173	60.990704	61.56479	63.990086	67.10377	66.60066	63.60034	66.14574	67.7362	64.762	63.52664	59.785667	59.868366	62.14621	59.601723	56.87493	59.27077	60.10086	56.400753	55.90685	58.790104	57.510796	54.24237	56.000088	58.088654	57.801556	57.558323	54.061523	55.44672	57.765892	55.008175	53.964344	50.860775	48.048378	48.80702	52.477703	51.84469	49.683056	52.69098	55.549305	53.500572	53.00988	56.761494	57.392296	54.979847	56.89969	60.265644	59.276054	57.333122
E-61-E	31.772545	31.318266	28.761372	31.299734	31.464901	27.717487	27.903322	30.570652	28.932173	25.765108	27.99143	27.9825	30.030354	27.842064	26.501274	27.548443	29.521275	26.880234	23.692562	21.158215	18.438068	15.535525	18.175306	19.50749	16.729952	16.762196	20.452961	20.670052	18.501196	20.546968	23.85807	26.22604	28.41253	32.07947	34.512108	34.995705	37.157864	38.067844	37.476337	38.204487	38.458466	34.88079	32.924866	33.127087	33.118988	32.066406	32.86963	29.811817	29.223795	26.581074	27.214748	30.731062	31.372742	32.55269	30.76562	31.26979	28.828733	29.902002	28.150515	29.096743	29.765709	28.7441	31.929977	31.41634	27.927542	30.049501	31.649471	28.378853	27.076933	30.252764	30.745049	27.271992	27.720076	31.014261	30.074814	27.264761	29.371807	32.556328	33.062977	34.60217	35.33615	38.875324	40.667286	41.85129	38.591003	36.131104	33.450737	30.013987	26.983946	23.851961	22.939913	20.101448	19.15506	18.144062	18.237099	18.023546	18.419035	21.989775	23.023344	21.77638	22.983994	23.868229	24.331997	26.544182	27.01321	30.204659	33.02003	35.04247	38.776814	40.378284	43.381298	41.539894	43.14736	46.551453	47.52229	46.780167	48.33032	51.520695	51.899242	51.725018	53.763805	56.71005	56.47959	58.634438	59.85949	57.61834	54.733444	55.33453	55.338768	52.137432	50.395634	51.853233	51.51793	47.830452	47.179035	49.005413	47.124462	43.760498	44.946774	46.59961	43.37907	41.471645	44.296844	44.45454	43.02484	42.24106	42.083603	39.75327	36.19585	36.162342	37.913967	37.624912	38.952656	41.47258	40.268433	42.32986	41.3903	43.11701	42.998802	44.701206	46.25668	46.88886	43.801746	41.548275	42.795853	41.693504	43.99607	42.808357	44.562344	46.650066	48.408115	46.630844	44.61346	41.448444	40.744656	37.781197	36.28853	35.68755	34.578434	37.542454	37.930653	38.81461	38.204803	40.87076	39.668026	42.93061	41.340645	41.99919	44.448414	42.085632	41.234524	37.63897	38.170933	35.306183	35.881104	36.391617	38.661266	39.578728	42.35783	44.133854	45.81978	49.240143	51.64233	50.286503	50.393787	52.713684	55.760353	54.4153	51.298065	53.344704	55.609062	52.943123	54.839615	52.14956	51.42721	47.640263	47.771786	49.00834	46.652164	49.6184	50.208805	47.00746	47.890385	51.370853	50.063625	48.020653	51.234936	53.102894	50.509285	50.463875	54.211487	53.926754	51.590836	54.2772	56.73252	54.622925	54.526775	58.224865	59.22207	57.932503	59.586082	61.932854	65.039795	67.51948	66.03996	66.178566	63.137856	61.853943	59.484417	56.02138	55.87687	53.65936	55.36228	57.81345	57.670036	61.39286	61.554016	58.550373	56.996708	53.7604	50.854233	53.029675	52.605663	52.714363	56.223972	57.53343	56.201412	57.64489	61.11101	61.225666	59.63927	60.729637	63.870636	65.32461	63.82652	63.374004	61.281723	60.6295	63.82769	64.510155	67.02401	70.16139	69.776	66.77418	69.291565	70.98421	68.07336	66.80597	63.083607	63.094265	65.29574	62.729782	59.98828	62.29444	63.05489	59.333843	58.786762	61.56323	60.2321	56.929756	58.5954	60.553783	60.092873	59.78741	56.32743	57.69951	60.17107	57.537933	56.63193	53.52041	50.843338	51.642605	55.328564	54.801113	52.733387	55.73453	58.62251	56.68095	56.242584	59.98262	60.674007	58.350494	60.285206	63.651917	62.741276	60.85134
G-62-E	31.702301	31.39287	28.84435	31.067987	30.950165	27.192682	27.25912	29.586102	27.740654	24.48322	26.536264	26.083954	27.965721	25.911022	24.991152	26.47772	28.7991	26.425945	23.16803	20.205667	17.70265	15.058346	17.952467	19.69047	17.497967	17.522476	21.285833	21.882748	20.223392	22.159204	25.476181	28.191206	30.463108	34.142975	36.602406	37.055294	38.93608	39.81957	39.351357	39.810482	40.012306	36.32846	34.647858	34.95407	34.727364	33.817577	34.475403	31.415686	30.672724	27.770163	28.347162	31.962503	32.32295	33.67253	31.803213	32.42177	30.185934	31.267073	29.821589	30.653358	31.576887	30.487831	33.42624	32.624813	29.032917	30.748571	32.347424	29.163885	27.481266	30.369095	30.938675	27.348503	27.395742	30.564236	29.646542	26.543158	28.31425	31.54862	31.991985	33.89129	34.67951	38.33579	40.379982	41.699097	38.486294	36.322014	33.499763	30.081139	27.13395	24.150751	23.500422	21.108702	20.513283	20.126734	20.507051	20.843246	21.41689	25.001734	25.669136	24.000982	25.02299	25.394817	25.678247	27.47849	27.854893	30.794851	33.579044	35.92945	39.646675	41.54269	44.464443	42.636913	44.09303	47.34977	48.536674	48.004738	49.385677	52.5192	53.149254	53.032913	54.868935	57.666428	57.20722	59.19202	60.208775	57.857414	55.134327	55.68493	55.435776	52.24723	50.655815	51.94979	51.372066	47.72411	47.174133	48.75238	46.691643	43.442444	44.60465	45.976635	42.649605	40.842617	43.54078	43.418236	41.718266	40.76664	40.298138	37.785355	34.193237	34.485928	36.305233	36.27724	37.6795	40.44866	39.57216	41.897144	41.278336	43.17793	43.357582	45.01525	46.82672	47.618248	44.708595	42.201668	43.318024	42.335094	44.608063	43.35476	45.215828	47.039536	48.858154	46.8738	44.879208	41.60558	40.905792	38.145214	36.75921	35.824944	34.913822	37.71431	37.76356	38.33653	37.37937	39.787098	38.28409	41.38083	39.53019	40.30796	42.970715	40.837257	40.291515	36.817665	37.712387	35.10806	35.98021	36.85656	39.40184	40.31705	42.89486	44.65334	46.578392	49.987442	52.395267	50.81027	50.765987	52.86169	55.896744	54.36483	51.403343	53.66847	55.80634	52.998486	54.667267	51.865646	50.89563	47.108173	46.949413	48.128128	45.802708	48.81995	49.64919	46.577023	47.388786	50.964233	49.906013	47.90419	51.051098	53.11245	50.711235	50.572186	54.3478	54.318504	52.022163	54.585556	57.20114	55.299618	55.110767	58.734734	59.94461	58.743942	60.23314	62.706097	65.70781	68.30533	67.00274	67.08488	64.045876	62.86154	60.665897	57.142334	56.950573	54.63164	56.134274	58.657658	58.74047	62.46938	62.530716	59.626274	58.28566	55.12358	52.150806	54.13115	53.61749	53.468422	57.00856	58.43103	56.93003	58.199753	61.756104	61.868652	60.077023	61.029297	64.26395	65.80035	64.14622	63.836105	61.713253	61.20511	64.42286	64.969215	67.58234	70.60729	70.261635	67.13598	69.494965	71.216736	68.293304	66.82697	63.154114	63.307407	65.360466	62.634846	60.046413	62.42028	62.965034	59.198383	58.853138	61.552876	60.00121	56.800797	58.608963	60.41633	59.994812	59.45152	55.92811	57.068584	59.622612	57.107033	56.12293	52.884563	50.314075	50.89765	54.631546	54.355053	52.213642	55.061424	58.09993	56.339138	55.744255	59.432602	60.356674	58.083836	59.858322	63.30462	62.59579	60.65569
V-63-E	29.270098	29.343082	27.119232	29.456812	28.97071	25.238262	25.761284	27.917929	25.72861	22.743963	25.17284	24.908167	27.172512	25.554907	24.455538	26.188046	28.305695	25.715275	22.195015	19.38387	17.473839	14.409194	16.733091	19.048822	17.070728	16.304646	20.066818	21.272383	19.558268	20.888319	24.418528	27.149918	29.786074	33.328392	36.06773	36.8743	38.691986	39.90955	39.790455	40.414047	40.953907	37.284096	35.44115	35.370605	34.77826	33.543777	33.79185	30.519548	29.342003	26.19874	26.333021	30.050226	30.585297	32.311478	30.773653	31.82534	29.93856	31.44773	30.325819	31.570047	32.83156	32.152863	35.13383	34.069256	30.605871	32.35899	33.570683	30.197422	28.74227	31.50576	31.645952	27.94463	28.26055	31.167398	29.81081	26.795027	28.76981	31.738907	31.730068	33.55433	33.94119	37.571716	39.460106	41.088303	38.074455	35.883255	32.81512	29.613321	26.416098	23.78818	23.713089	21.556236	21.55503	21.03645	21.98263	22.233551	23.268545	26.648933	27.25015	25.547695	26.093266	26.351954	26.100178	27.647738	27.501606	30.230064	32.692234	35.038067	38.79112	40.689857	43.759403	42.222466	43.89943	47.11365	48.514942	47.824944	48.964462	52.222656	52.96056	52.599613	54.293797	57.10528	56.52743	58.363884	59.433083	56.915543	54.28039	55.06527	54.74135	51.42112	50.058628	51.522587	50.783546	47.096657	46.84306	48.485165	46.22726	43.102722	44.562256	45.839912	42.394135	40.8916	43.75594	43.442863	41.81009	40.553997	40.07605	37.3683	33.663765	33.810173	35.974594	36.246902	38.00391	40.829826	40.07789	42.539246	41.880928	44.036213	44.11088	45.475155	47.205105	47.76339	44.938843	42.410072	43.21942	41.967144	43.969982	42.416233	44.042583	45.786514	47.857353	45.995983	44.271614	41.125652	40.77069	38.1836	37.159878	36.38122	35.82914	38.78937	38.634815	39.344418	38.24383	40.63356	39.175842	42.161686	40.357235	41.470196	44.101208	42.143948	41.558716	38.15651	39.180862	36.69524	37.83487	38.620247	41.259403	41.863174	44.290695	45.771507	47.581944	51.102734	53.29875	51.587257	51.755898	53.809013	56.98779	55.583492	52.692307	55.00975	57.28804	54.579014	56.16519	53.21687	52.306618	48.547344	48.388096	49.29355	46.76007	49.60628	50.616936	47.476063	47.996223	51.620308	50.695362	48.463337	51.446556	53.656643	51.215717	50.799507	54.5815	54.64916	52.15703	54.54235	57.272987	55.339985	54.89696	58.49	59.81145	58.420204	59.738922	62.10564	65.00422	67.5203	66.33393	66.60626	63.70115	62.722145	60.604836	57.14379	57.19044	55.037846	56.633167	59.331406	59.361023	63.134167	63.38686	60.59576	59.321693	56.070137	53.249092	55.31948	55.03403	54.91813	58.535477	59.773922	58.118317	59.512592	63.059166	62.953114	61.104446	62.214676	65.52883	66.89734	65.109184	64.64966	62.342976	61.6775	64.77213	65.12886	67.62169	70.581345	70.04416	66.89145	69.24889	70.79153	67.74071	66.25752	62.5712	62.92258	65.0582	62.302685	59.80889	62.359783	62.93311	59.181732	59.001102	61.831062	60.26629	57.1583	59.145824	61.070713	60.880966	60.3245	56.729927	57.77951	60.177864	57.551666	56.332134	53.034355	50.31712	50.696594	54.4389	54.14083	51.78484	54.537674	57.62713	55.774868	54.96274	58.638176	59.596436	57.15384	58.768627	62.277596	61.508698	59.380535
A-64-E	31.055624	31.22785	29.151909	31.794832	31.37125	27.661407	28.443624	30.768642	28.576872	25.758038	28.389723	28.37506	30.76601	29.13604	27.839027	29.36293	31.258316	28.453875	24.926226	22.414698	20.412281	17.121298	19.170328	21.299595	18.852705	17.87759	21.590593	22.620132	20.3381	21.541256	25.18572	27.510672	30.208426	33.685368	36.503796	37.4537	39.57861	40.892113	40.685055	41.600487	42.19556	38.62504	36.511726	36.312233	35.900917	34.447712	34.739296	31.38785	30.194822	27.214437	27.145338	30.82654	31.784601	33.519474	32.19455	33.26648	31.25434	32.827026	31.432024	32.801712	33.795383	33.12888	36.341305	35.582104	32.181107	34.262474	35.53805	32.104065	30.914799	33.91134	34.031372	30.40564	30.97721	33.99408	32.62515	29.783304	31.949732	34.908947	34.91967	36.527157	36.823723	40.375294	42.05541	43.65132	40.632385	38.209293	35.202415	32.01965	28.705275	26.012112	25.783825	23.25512	22.944515	21.83044	22.448246	22.050312	22.744184	26.126955	27.243475	26.046873	26.83017	27.603605	27.508986	29.41445	29.278564	32.193478	34.609436	36.656975	40.44128	42.05607	45.252934	43.773384	45.63558	48.978104	50.21801	49.304203	50.55888	53.897976	54.41652	53.946644	55.80732	58.765633	58.368523	60.317787	61.57875	59.107414	56.360405	57.244663	57.107594	53.74505	52.31355	53.93936	53.35326	49.627415	49.348244	51.180084	49.017334	45.82872	47.337254	48.79258	45.39878	43.854084	46.805367	46.64729	45.15569	43.967632	43.624702	40.971462	37.26735	37.265957	39.43727	39.60191	41.325108	44.025764	43.08274	45.38129	44.510868	46.537056	46.39772	47.8008	49.32753	49.73752	46.763508	44.448135	45.336964	43.941242	45.915916	44.340183	45.79633	47.749557	49.850628	48.196815	46.515713	43.47764	43.1688	40.437378	39.349026	38.824047	38.109734	41.182663	41.28125	42.178005	41.293427	43.828022	42.504406	45.581932	43.866673	44.879066	47.440483	45.345276	44.619728	41.131256	41.927505	39.24973	40.13219	40.683594	43.093002	43.766872	46.38143	47.91276	49.542866	53.06791	55.275547	53.75383	54.029156	56.25436	59.432026	58.141766	55.12936	57.283768	59.633614	57.00173	58.758595	55.90523	55.13366	51.363106	51.365025	52.354576	49.829777	52.66962	53.525257	50.307373	50.891903	54.458706	53.3618	51.107334	54.141037	56.218067	53.633656	53.278816	57.043705	56.919666	54.381393	56.84954	59.465336	57.354366	56.95636	60.60908	61.76669	60.26467	61.695683	63.927406	66.89597	69.284805	67.964676	68.33615	65.45637	64.4218	62.152206	58.75624	58.874325	56.82461	58.59963	61.240578	61.070076	64.840195	65.180435	62.295433	60.82227	57.503418	54.735878	56.9779	56.74405	56.840157	60.422466	61.59525	60.097794	61.61812	65.09678	65.01564	63.333088	64.53382	67.77025	69.09453	67.43612	66.87433	64.59408	63.810516	66.8858	67.34143	69.7424	72.78876	72.19288	69.13639	71.6206	73.11156	70.04524	68.71322	64.98491	65.26198	67.5266	64.88437	62.28893	64.81158	65.54789	61.82829	61.513683	64.40898	62.99798	59.81959	61.7095	63.740177	63.511486	63.11378	59.561394	60.760826	63.118065	60.416992	59.24293	56.01981	53.22507	53.7238	57.440166	56.978302	54.64228	57.481747	60.483074	58.491875	57.744522	61.45313	62.258972	59.739426	61.426502	64.897	63.963104	61.814213
Q-65-E	33.85503	34.12181	32.02682	34.441387	33.851906	30.142233	30.780153	32.85318	30.520277	27.615793	30.034626	29.567045	31.699009	30.104918	29.261637	31.078857	33.30313	30.762033	27.256222	24.399498	22.403683	19.422682	21.772547	24.011143	21.820438	21.058073	24.815289	25.879105	23.824446	25.133255	28.743935	31.193327	33.844025	37.361942	40.12663	40.96495	43.011192	44.201164	43.9039	44.638905	45.05133	41.420372	39.50176	39.512962	39.15534	37.869804	38.22109	34.9152	33.740032	30.67916	30.617071	34.33416	35.152935	36.923817	35.49484	36.51603	34.490963	35.916622	34.519566	35.652912	36.57596	35.639168	38.729446	37.99699	34.46713	36.315613	37.809307	34.51964	32.998596	35.880928	36.257595	32.609722	32.79442	35.833652	34.662373	31.58024	33.39554	36.488934	36.607384	38.522465	38.97683	42.619774	44.523106	46.132885	43.088753	40.870544	37.84327	34.609913	31.420315	28.712187	28.431921	26.036848	25.614851	24.805117	25.206959	24.971466	25.355844	28.906288	30.04354	28.768566	29.76915	30.40667	30.477352	32.288033	32.288063	35.13213	37.61854	39.85138	43.62055	45.38772	48.509853	46.95462	48.66819	51.945858	53.231422	52.480263	53.72602	56.998608	57.612305	57.246544	59.04753	61.924973	61.43212	63.31926	64.43851	61.936363	59.271606	60.06325	59.780853	56.46134	55.067562	56.53517	55.829807	52.14383	51.845287	53.48096	51.249954	48.108917	49.49708	50.77258	47.33973	45.76785	48.55079	48.236355	46.48767	45.259823	44.622543	41.85553	38.16381	38.52769	40.65656	40.95887	42.60556	45.489075	44.760323	47.195408	46.57503	48.598316	48.70383	50.21089	51.931507	52.529694	49.620617	47.16842	48.094303	46.85856	48.896614	47.357853	48.926155	50.737686	52.8254	51.013298	49.275715	46.12991	45.71158	43.046455	41.880005	41.079773	40.32468	43.212193	43.18459	43.78696	42.706932	45.02835	43.4215	46.386417	44.398285	45.34489	48.121643	46.147923	45.71416	42.298183	43.29955	40.747696	41.66234	42.50235	45.01016	45.878597	48.462646	50.13608	51.967873	55.42901	57.74954	56.151844	56.22645	58.325245	61.41882	59.929523	56.98865	59.25816	61.440125	58.65236	60.294926	57.44953	56.453465	52.672947	52.439865	53.53686	51.155	54.117355	55.071934	51.99319	52.6626	56.275387	55.29967	53.18335	56.238895	58.386726	55.951073	55.650204	59.430977	59.434723	56.999474	59.456326	62.13191	60.15879	59.795017	63.4138	64.66193	63.273724	64.66158	66.99752	69.93317	72.41099	71.15953	71.44823	68.52827	67.48106	65.274956	61.82344	61.82633	59.652393	61.275135	63.87995	63.85947	67.61442	67.80876	64.919945	63.522396	60.284073	57.40321	59.498028	59.086773	59.017918	62.571682	63.918476	62.40963	63.754948	67.294495	67.33246	65.551796	66.57756	69.83042	71.30023	69.611015	69.216736	67.00425	66.38151	69.522	69.9696	72.47901	75.47945	74.97559	71.849014	74.22974	75.79767	72.76089	71.2988	67.60872	67.92246	70.0602	67.31624	64.79686	67.30377	67.879295	64.12228	63.886875	66.675964	65.11213	61.97048	63.882504	65.75089	65.43799	64.87114	61.30893	62.37006	64.863914	62.306007	61.171867	57.87576	55.22305	55.624634	59.373287	59.115116	56.794342	59.54084	62.64317	60.81743	60.012093	63.682186	64.65564	62.216484	63.81937	67.334854	66.561325	64.41353
M-66-E	32.42541	32.96682	31.060968	33.262173	32.304893	28.67302	29.432941	31.138329	28.527657	25.769384	28.198324	27.522825	29.699032	28.470676	27.838282	30.036663	32.34804	29.92638	26.328611	23.346106	21.847033	18.963654	21.111483	23.787392	22.116037	21.058788	24.746832	26.284786	24.58791	25.573687	29.202486	31.881407	34.70887	38.155067	41.035954	41.99695	43.794582	45.11188	45.070847	45.688637	46.23279	42.5466	40.746056	40.650528	39.96952	38.649994	38.716507	35.350346	33.899555	30.59625	30.321104	34.094997	34.760082	36.79043	35.459183	36.738743	35.030277	36.641846	35.613216	36.85848	38.12125	37.355076	40.29401	39.228172	35.714664	37.313156	38.59029	35.282364	33.650043	36.259823	36.460155	32.723396	32.790154	35.57528	34.208813	31.03073	32.706367	35.646473	35.48526	37.576912	37.859657	41.528267	43.51051	45.35219	42.466084	40.45806	37.248775	34.17355	30.9723	28.57483	28.728756	26.755714	26.820557	26.349155	27.194304	27.307072	28.076267	31.54707	32.35855	30.759512	31.399864	31.6407	31.34615	32.752827	32.454468	34.99636	37.284348	39.723003	43.463444	45.43275	48.542713	47.1413	48.841675	51.976646	53.51572	52.8429	53.8444	57.121582	57.96966	57.53107	59.107197	61.8704	61.154026	62.837597	63.82607	61.173656	58.68092	59.546715	59.04744	55.689144	54.522346	55.950977	54.998066	51.342606	51.265156	52.751514	50.31001	47.334156	48.848354	49.875126	46.333973	45.001797	47.765934	47.16475	45.28676	43.792797	42.94766	39.978786	36.246334	36.750187	39.083866	39.71921	41.5896	44.640816	44.20071	46.864014	46.43888	48.701454	48.949688	50.264397	52.11001	52.697803	49.969658	47.34297	48.01974	46.744038	48.61852	46.901768	48.427998	49.997875	52.23445	50.34362	48.76455	45.628086	45.38621	42.96612	42.061264	41.125046	40.6916	43.53748	43.179565	43.65022	42.276466	44.402096	42.642357	45.4124	43.30144	44.512566	47.383705	45.672672	45.41193	42.14025	43.437256	41.135456	42.38607	43.403473	46.136112	46.822277	49.178112	50.679794	52.60524	56.108047	58.31006	56.490513	56.576576	58.49168	61.647057	60.108974	57.322945	59.76236	61.9336	59.116814	60.554115	57.559185	56.43982	52.69252	52.27371	53.167553	50.699673	53.58182	54.790756	51.77454	52.23238	55.91625	55.185272	52.981987	55.888824	58.238544	55.923737	55.413857	59.200397	59.4327	56.933357	59.20207	62.039394	60.205246	59.648438	63.18471	64.63792	63.22375	64.40285	66.77125	69.569626	72.08799	71.028496	71.36678	68.52224	67.65355	65.620995	62.165848	62.254555	60.099247	61.622646	64.36428	64.477776	68.25243	68.4775	65.72757	64.522896	61.295757	58.454445	60.45517	60.109287	59.87964	63.491657	64.80938	63.097713	64.389534	67.97867	67.89122	65.93951	66.9564	70.31204	71.740326	69.87051	69.493576	67.16488	66.56094	69.64154	69.89092	72.40196	75.27978	74.70708	71.48595	73.74531	75.2379	72.136444	70.52762	66.879135	67.393906	69.46081	66.59809	64.24498	66.88212	67.31907	63.552265	63.544964	66.3399	64.62206	61.61232	63.712063	65.534775	65.37873	64.64527	61.013515	61.864296	64.31684	61.787647	60.47749	57.07909	54.434853	54.57932	58.34462	58.2489	55.77807	58.35431	61.572308	59.834423	58.812767	62.422077	63.572662	61.095356	62.497124	66.085335	65.43	63.163326
S-67-E	32.533634	33.485054	31.957533	34.267113	32.987324	29.474968	30.665215	32.184532	29.29309	26.897804	29.593718	29.065884	31.484299	30.626318	29.901506	32.229053	34.344746	31.780918	28.06659	25.307913	24.21977	21.143131	22.790194	25.73821	24.143543	22.563108	26.110788	27.99249	26.148191	26.638332	30.369955	32.881565	35.95755	39.232	42.31898	43.574608	45.406136	46.978645	47.148262	47.95327	48.7243	45.08453	43.119144	42.75073	41.88361	40.2891	40.068966	36.561142	34.783344	31.391867	30.6643	34.438534	35.37525	37.703022	36.7177	38.313755	36.838894	38.73655	37.84723	39.366497	40.74672	40.211124	43.231506	42.101475	38.678715	40.370747	41.44766	38.030033	36.58669	39.16448	39.11202	35.34733	35.61192	38.241974	36.61222	33.543827	35.34304	38.08799	37.621918	39.62243	39.59166	43.191105	45.00265	47.070557	44.3589	42.309006	38.96106	36.085552	32.730064	30.604448	31.084084	29.18531	29.493446	28.804262	29.841265	29.722687	30.606997	33.957226	34.896088	33.436012	33.888107	34.20361	33.64365	34.97023	34.33643	36.740055	38.748318	41.085155	44.823246	46.704754	49.94056	48.78674	50.68558	53.802338	55.453247	54.61163	55.45572	58.832344	59.702583	59.050205	60.551533	63.35046	62.584488	64.16309	65.2301	62.45884	60.031536	61.10474	60.580902	57.125027	56.138477	57.721954	56.670258	52.999916	53.149475	54.70338	52.136063	49.267906	50.997913	51.968117	48.365555	47.259323	50.12921	49.40391	47.58348	45.87541	45.00856	41.90313	38.128426	38.54275	41.117916	41.974678	44.07143	47.140217	46.773724	49.49614	49.01957	51.4159	51.559254	52.68519	54.42897	54.82099	52.12984	49.548	50.02252	48.52701	50.17639	48.227825	49.507145	51.041172	53.483307	51.74921	50.40614	47.410343	47.432735	45.123207	44.45307	43.669827	43.428288	46.3806	45.94345	46.518463	45.08468	47.194855	45.466373	48.14755	46.056175	47.46117	50.316803	48.718487	48.439095	45.213123	46.556396	44.297768	45.64498	46.570267	49.30331	49.833275	52.139557	53.483765	55.296707	58.863728	60.92991	59.07156	59.31485	61.22925	64.46978	63.03002	60.27257	62.71285	64.97768	62.232807	63.644466	60.579525	59.50929	55.783432	55.374134	56.11488	53.531578	56.298515	57.60765	54.55016	54.826855	58.524883	57.862274	55.511944	58.305202	60.730194	58.371986	57.682743	61.4578	61.723824	59.08496	61.231274	64.12165	62.233723	61.49913	65.01078	66.50939	64.92908	65.994865	68.238495	70.95785	73.370316	72.378914	72.89507	70.172	69.45151	67.44629	64.065186	64.34489	62.337856	63.96259	66.80519	66.83555	70.63266	71.00787	68.314766	67.105774	63.80795	61.08256	63.179947	62.987457	62.82572	66.47359	67.66388	65.89232	67.286064	70.85209	70.631325	68.677956	69.81036	73.198616	74.51053	72.57941	72.08536	69.64108	68.90628	71.88901	72.01974	74.416954	77.25566	76.524994	73.310074	75.584595	76.92136	73.722916	72.130554	68.47756	69.137535	71.28431	68.424416	66.13839	68.897644	69.37945	65.64043	65.7351	68.626305	66.92424	63.979828	66.18484	68.09822	68.091286	67.36919	63.7032	64.50428	66.84349	64.238914	62.77106	59.348415	56.603	56.603336	60.355385	60.230564	57.606846	60.100388	63.337692	61.51999	60.330307	63.91305	65.07223	62.452744	63.714993	67.33746	66.61101	64.182915
V-68-E	29.971905	31.236506	30.014946	32.23426	30.623932	27.264309	28.742495	29.978153	26.856304	24.789978	27.641573	27.220415	29.852179	29.404623	28.612255	31.114632	33.06197	30.478498	26.712915	24.134087	23.609715	20.537382	21.67814	24.944029	23.7568	21.762428	25.077837	27.396927	25.791714	25.829744	29.521835	32.10288	35.353233	38.465714	41.680927	43.134666	44.77194	46.54464	47.012264	47.82684	48.8273	45.20739	43.241924	42.64439	41.451324	39.718307	39.166645	35.603344	33.525776	29.984556	28.961367	32.713142	33.617844	36.20557	35.44641	37.343094	36.220665	38.3748	37.83653	39.583096	41.27832	41.041355	43.98112	42.568993	39.266212	40.862255	41.61766	38.136227	36.805603	39.17904	38.8117	35.02611	35.41165	37.755676	35.829018	32.864136	34.72104	37.191837	36.36608	38.3197	37.984413	41.510223	43.22396	45.52587	43.02655	41.070057	37.57625	34.94676	31.537088	29.793566	30.729471	29.178772	29.966246	29.40158	30.881702	30.940044	32.238384	35.40766	36.08854	34.443806	34.484093	34.542862	33.57103	34.561264	33.549404	35.65403	37.364197	39.748474	43.430206	45.38499	48.64528	47.72263	49.706127	52.70449	54.565624	53.68644	54.284615	57.697666	58.72624	57.922203	59.231808	61.963165	61.04107	62.442787	63.477398	60.575386	58.28315	59.50637	58.86241	55.3461	54.584194	56.237255	55.01365	51.36666	51.767693	53.296234	50.56796	47.861855	49.797268	50.62629	46.960068	46.132477	49.07503	48.1634	46.39259	44.441044	43.555363	40.329548	36.535824	36.846245	39.65812	40.77279	43.132645	46.22797	46.013992	48.851986	48.408016	51.017002	51.138714	52.00627	53.730377	53.980606	51.4388	48.800568	48.997543	47.355396	48.770462	46.610397	47.734795	49.103394	51.715443	50.034157	48.91924	46.037292	46.32427	44.237133	43.88255	43.154537	43.24181	46.24355	45.581635	46.209034	44.62905	46.666077	44.97713	47.517998	45.4892	47.17694	49.974403	48.56037	48.27051	45.157703	46.638096	44.54526	46.15435	47.062073	49.91232	50.17159	52.281815	53.377773	55.139614	58.765163	60.64115	58.63465	59.015373	60.829082	64.16586	62.8103	60.16329	62.676975	65.02497	62.3583	63.647686	60.45441	59.410675	55.738953	55.301132	55.785442	53.047806	55.64609	57.130646	54.06257	54.08021	57.79806	57.297318	54.787327	57.405125	59.96924	57.642345	56.71526	60.465996	60.869385	58.10967	60.063812	63.061394	61.223087	60.272198	63.708107	65.34266	63.657322	64.53482	66.721344	69.31092	71.68565	70.8457	71.479256	68.87546	68.34831	66.47624	63.1482	63.593452	61.70072	63.32678	66.31075	66.36598	70.17652	70.676125	68.12318	67.0445	63.71851	61.11433	63.211365	63.187885	62.98559	66.68806	67.74119	65.801155	67.250114	70.81048	70.401146	68.359344	69.58978	73.05083	74.22872	72.15544	71.571106	68.98069	68.15901	71.027916	70.96878	73.28244	76.02182	75.15614	71.90597	74.12371	75.3206	72.04068	70.39505	66.76995	67.614044	69.772736	66.8723	64.71403	67.6084	68.0601	64.351555	64.62252	67.58089	65.83489	63.009506	65.37516	67.34298	67.54091	66.770004	63.05818	63.74019	65.941605	63.282272	61.61751	58.155453	55.336105	55.134163	58.863304	58.767437	55.98498	58.349407	61.625706	59.788994	58.4085	61.938583	63.16345	60.447987	61.54175	65.20058	64.48241	61.921856
G-69-E	30.353203	31.665487	30.442667	32.27179	30.449661	27.197279	28.480574	29.319689	26.082148	24.031351	26.592625	25.731758	28.132944	27.925121	27.563795	30.398264	32.58287	30.330072	26.65744	23.841024	23.597204	20.94485	22.184246	25.577911	24.874977	23.06607	26.292994	28.742828	27.583794	27.688726	31.242453	34.081787	37.26762	40.394684	43.537266	44.878143	46.261856	47.945293	48.47103	49.03166	49.952915	46.273987	44.562176	44.096592	42.77839	41.23676	40.639133	37.166767	35.085487	31.438843	30.514734	34.242455	34.799946	37.414215	36.52835	38.423912	37.444256	39.519302	39.196915	40.794834	42.646297	42.33754	45.064026	43.451508	40.11102	41.38042	42.122692	38.770107	37.17714	39.275513	38.973095	35.184853	35.24824	37.41331	35.543335	32.42689	33.945004	36.3618	35.473248	37.705917	37.425793	40.988598	42.918484	45.295128	42.871513	41.21881	37.680702	35.11884	31.890223	30.309704	31.39463	30.203072	31.170324	31.041656	32.635223	33.076866	34.46116	37.67894	38.084415	36.14095	36.09372	35.79133	34.7492	35.42459	34.407444	36.27291	37.954224	40.59652	44.203514	46.408638	49.534782	48.594463	50.39509	53.23456	55.25571	54.592224	55.05844	58.37725	59.620712	58.908054	60.035667	62.6047	61.48426	62.729782	63.549473	60.57989	58.45338	59.594147	58.720192	55.25961	54.62843	56.098675	54.668667	51.101635	51.576347	52.854305	49.99738	47.43172	49.31183	49.872158	46.160477	45.441776	48.2252	47.065178	45.076015	42.98243	41.8116	38.45168	34.700867	35.32019	38.160534	39.523144	41.925747	45.18975	45.27728	48.303505	48.14389	50.86705	51.24252	52.067924	54.00197	54.405087	52.03875	49.206963	49.305305	47.812263	49.210472	47.049503	48.294914	49.401836	52.011425	50.13635	49.031887	46.078175	46.34553	44.460583	44.187355	43.18675	43.434063	46.255066	45.31867	45.678127	43.824383	45.596664	43.68133	46.01354	43.794533	45.596413	48.526154	47.354115	47.32622	44.380447	46.14155	44.304092	46.135063	47.31198	50.348152	50.597744	52.519955	53.58955	55.53933	59.123016	60.99471	58.806637	59.048615	60.651234	63.950806	62.445587	59.95817	62.63917	64.86287	62.09976	63.1799	59.914417	58.672115	55.044228	54.36542	54.774216	52.087208	54.687542	56.372032	53.45109	53.398346	57.158527	56.884758	54.43743	56.96786	59.678905	57.54578	56.551277	60.292747	60.920555	58.229073	60.064186	63.179375	61.54798	60.538193	63.882282	65.69608	64.12299	64.856285	67.16205	69.646996	72.13427	71.45647	72.0082	69.40443	68.95325	67.247	63.874397	64.25183	62.266006	63.695095	66.716934	66.97898	70.77318	71.170425	68.71489	67.82922	64.58968	61.933125	63.84478	63.7393	63.31628	67.02209	68.168	66.09284	67.380035	70.99846	70.591324	68.38008	69.48018	73.003525	74.2485	72.048195	71.59752	68.99976	68.3199	71.196106	71.02177	73.42306	76.04708	75.23759	71.8891	73.9443	75.176056	71.912476	70.08647	66.533134	67.49257	69.490875	66.460144	64.45636	67.38404	67.6299	63.905457	64.35492	67.216896	65.28162	62.570435	65.04347	66.85911	67.09125	66.11411	62.37596	62.842834	65.096886	62.565998	60.845036	57.300236	54.60983	54.21072	57.94551	58.086323	55.268406	57.465954	60.85467	59.21047	57.70333	61.15355	62.59213	59.959873	60.900288	64.605064	64.09599	61.523766
Q-70-E	31.95052	32.86176	31.238617	32.999756	31.513054	28.09904	28.93204	29.979183	27.009417	24.52511	26.78663	25.657846	27.731441	27.095633	26.947937	29.70552	32.18003	30.085258	26.5048	23.369942	22.621641	20.15391	22.000969	25.122387	24.250778	22.972218	26.417377	28.4807	27.347473	27.971132	31.493704	34.44217	37.4031	40.726704	43.68447	44.73754	46.168755	47.58414	47.8361	48.2354	48.88183	45.14699	43.580597	43.42304	42.363907	41.084705	40.82036	37.459064	35.712624	32.159565	31.653883	35.415646	35.794735	38.114883	36.883644	38.44059	37.156425	38.918644	38.365948	39.654575	41.300198	40.676258	43.35392	41.889706	38.41448	39.603977	40.64616	37.417217	35.579723	37.74947	37.793674	34.018814	33.811813	36.199165	34.66643	31.3681	32.69464	35.393208	34.884846	37.279236	37.37851	41.04752	43.18816	45.317657	42.6767	41.05441	37.658947	34.841892	31.755512	29.82661	30.507788	29.158468	29.773014	29.797176	31.074823	31.629736	32.744877	36.132244	36.55342	34.57012	34.833336	34.5501	33.866196	34.70828	34.08806	36.161015	38.173218	40.904694	44.5431	46.808235	49.832966	48.614933	50.221996	53.113533	54.985886	54.482304	55.15409	58.38254	59.566616	59.078632	60.325954	62.88635	61.84405	63.223312	63.975056	61.13217	58.91907	59.83831	58.99969	55.63655	54.79566	56.0995	54.780884	51.218803	51.430286	52.63037	49.907364	47.207798	48.83103	49.44648	45.788662	44.79306	47.43821	46.39852	44.281147	42.42199	41.195324	37.944183	34.225056	35.04957	37.615818	38.756508	40.882202	44.177086	44.20813	47.18743	47.11013	49.663326	50.17571	51.25459	53.310978	53.944077	51.50329	48.630672	48.985428	47.731445	49.393898	47.482006	48.98317	50.160355	52.559303	50.521336	49.14737	46.023327	45.979126	43.940254	43.365707	42.176655	42.159885	44.85127	44.021572	44.218204	42.40767	44.16609	42.134853	44.55613	42.21931	43.766933	46.79473	45.508064	45.575146	42.57127	44.307457	42.4114	44.09511	45.41192	48.431694	48.92943	50.951717	52.25471	54.34784	57.854877	59.918633	57.79509	57.831547	59.445305	62.632885	60.97939	58.445904	61.12838	63.218544	60.337395	61.453064	58.282585	56.939	53.270077	52.533585	53.17143	50.65545	53.434406	55.009563	52.152042	52.344444	56.1029	55.74832	53.493683	56.179058	58.803173	56.71938	55.95271	59.719418	60.298733	57.770283	59.7658	62.817734	61.230797	60.4356	63.823643	65.572	64.17636	65.055786	67.493034	70.080826	72.67539	71.90177	72.268776	69.52343	68.89005	67.12243	63.66367	63.82233	61.662666	62.991405	65.883934	66.22512	69.99873	70.214165	67.66292	66.745316	63.57892	60.771107	62.587276	62.274403	61.782875	65.4396	66.76426	64.789986	65.94754	69.60027	69.383194	67.18308	68.126724	71.606155	73.016655	70.90456	70.607155	68.15888	67.63787	70.64262	70.62315	73.16112	75.843796	75.21611	71.86025	73.90715	75.32017	72.16054	70.31587	66.75984	67.55284	69.46545	66.42451	64.33773	67.12588	67.31723	63.54976	63.876705	66.62414	64.658516	61.861195	64.20597	65.90156	65.931816	64.92417	61.221493	61.73538	64.15708	61.731903	60.2057	56.67226	54.112144	53.871395	57.636322	57.833134	55.18651	57.47541	60.86079	59.315502	57.989506	61.474125	62.917675	60.439022	61.52893	65.2068	64.77724	62.370403
R-71-E	31.357897	31.978168	30.101194	31.537317	30.18494	26.78114	27.173004	28.121164	25.343727	22.610687	24.470737	22.987595	24.739843	23.972017	24.143494	27.004526	29.734533	27.957577	24.555029	21.161509	20.379112	18.397882	20.555582	23.54226	23.01578	22.176117	25.559204	27.492962	26.795944	27.710327	31.023829	34.21643	36.96396	40.36373	43.13166	43.935596	45.15251	46.359024	46.549145	46.66637	47.149178	43.373455	42.084618	42.15137	41.096302	40.11107	39.97433	36.78689	35.248833	31.717987	31.570915	35.28002	35.259403	37.38142	35.861195	37.214825	35.91324	37.454273	37.00705	38.05118	39.76877	39.023853	41.47261	39.872528	36.369244	37.260998	38.352684	35.28859	33.19699	35.161034	35.36094	31.62636	31.103817	33.429825	32.08253	28.646332	29.681158	32.444035	32.085636	34.691685	35.028202	38.747364	41.117344	43.13003	40.434303	39.033543	35.71869	32.84186	29.997538	28.042904	28.652332	27.56779	28.231436	28.712614	30.030931	31.019585	32.220493	35.60702	35.69253	33.4061	33.62955	33.01208	32.386414	33.017075	32.576073	34.54449	36.692623	39.633087	43.20167	45.669373	48.51397	47.140327	48.503395	51.290955	53.19449	52.931496	53.60751	56.704502	58.01024	57.710274	58.88291	61.312233	60.183826	61.53563	62.109787	59.315323	57.15872	57.891598	56.939594	53.68204	52.80065	53.895443	52.526703	49.029884	49.13795	50.14807	47.440296	44.759403	46.212746	46.70936	43.073742	42.003296	44.490295	43.39112	41.127743	39.33244	37.9825	34.761932	31.09465	32.135406	34.544743	35.671307	37.68251	41.053974	41.214893	44.2664	44.388336	46.938843	47.662697	48.80634	51.043705	51.87973	49.543274	46.530975	46.93454	45.910976	47.69409	45.939484	47.670387	48.712948	50.96108	48.712894	47.196545	43.953377	43.735935	41.770527	41.12547	39.68298	39.68282	42.191586	41.22144	41.202343	39.260605	40.87412	38.710686	41.069332	38.636005	40.15496	43.24779	42.03652	42.24881	39.32834	41.212837	39.473366	41.274414	42.800545	45.94308	46.476234	48.373974	49.71697	51.978756	55.417706	57.533276	55.315758	55.189007	56.667343	59.78709	58.003826	55.56051	58.342056	60.314022	57.353127	58.34974	55.168007	53.694786	50.04802	49.17625	49.83177	47.39599	50.227715	51.862255	49.11239	49.354343	53.123	52.86585	50.728256	53.41744	56.081635	54.14211	53.434807	57.193607	57.887794	55.485847	57.47529	60.559402	59.134354	58.41004	61.7492	63.57423	62.351074	63.211563	65.79342	68.36471	71.089195	70.36933	70.5731	67.75817	67.08382	65.4098	61.88901	61.89628	59.602066	60.746136	63.604122	64.121956	67.86435	67.93827	65.431526	64.65141	61.586716	58.700146	60.338467	59.90845	59.23976	62.87657	64.309044	62.27325	63.280193	66.97262	66.814316	64.512054	65.32206	68.82048	70.32067	68.16233	68.00317	65.61301	65.2487	68.30517	68.283134	70.93476	73.56837	73.06987	69.65903	71.60094	73.12949	70.04642	68.09466	64.58725	65.34995	67.11882	64.00919	61.970047	64.69736	64.74575	60.958748	61.32603	63.958557	61.88078	59.115067	61.4603	63.01845	62.993458	61.865395	58.16937	58.591103	61.097523	58.785065	57.319427	53.760628	51.334873	51.0774	54.84774	55.188377	52.6253	54.876198	58.301674	56.91387	55.636242	59.090927	60.63729	58.305096	59.410164	63.08028	62.81077	60.517685
A-72-E	32.856728	33.064186	30.822973	32.257263	31.322878	27.804836	27.781065	29.032125	26.626503	23.536907	25.116173	23.545462	24.975052	23.662146	23.917866	26.515457	29.43822	27.779	24.54029	20.971153	19.565731	17.800545	20.5225	23.071018	22.291405	22.032362	25.543045	26.993805	26.282972	27.702608	30.924835	34.133274	36.61521	40.168003	42.725426	43.242	44.536095	45.46994	45.365475	45.357307	45.564964	41.76866	40.600327	40.967545	40.214317	39.48185	39.69914	36.653515	35.48158	32.125027	32.38126	36.065292	35.93055	37.71971	35.892025	36.87506	35.246246	36.45015	35.728756	36.45626	37.916336	36.85788	39.268295	37.86924	34.25772	35.117485	36.525925	33.598152	31.315313	33.4007	33.96248	30.28984	29.55254	32.145294	31.17269	27.631762	28.53451	31.587725	31.671011	34.327553	35.047558	38.818813	41.32054	43.034668	40.117718	38.68614	35.57528	32.454044	29.770401	27.444311	27.56588	26.264868	26.498095	27.08896	28.035507	29.110428	30.020592	33.52458	33.630722	31.351612	31.907646	31.364964	31.146208	32.00233	31.99578	34.20246	36.672802	39.611874	43.189457	45.642616	48.38636	46.74099	47.93179	50.789207	52.490326	52.34789	53.259655	56.26584	57.45654	57.369625	58.697372	61.141598	60.145317	61.665367	62.221474	59.58857	57.312378	57.834587	56.984688	53.83213	52.705967	53.669956	52.48163	48.992252	48.805843	49.79733	47.28607	44.44668	45.634155	46.264355	42.7296	41.342583	43.710915	42.82749	40.521645	39.043243	37.75368	34.742065	31.150726	32.27691	34.345333	35.13082	36.80563	40.12246	40.126118	43.048317	43.176533	45.49987	46.298496	47.712013	50.011692	51.045776	48.606785	45.617287	46.309765	45.508717	47.555294	46.072914	48.022984	49.191387	51.207462	48.85722	47.071598	43.697483	43.160156	40.999588	40.020935	38.45638	38.133007	40.52836	39.75115	39.632828	37.83447	39.506508	37.31251	39.824554	37.356773	38.54951	41.67776	40.26502	40.488728	37.469532	39.232307	37.36853	38.94653	40.549534	43.62001	44.41129	46.447296	48.033943	50.389893	53.743797	56.04977	53.95223	53.647778	55.186687	58.18969	56.300976	53.774834	56.50476	58.366978	55.319576	56.407906	53.353905	51.840332	48.150402	47.297276	48.212986	45.951424	48.955322	50.40533	47.690628	48.209736	51.944237	51.538265	49.595383	52.45657	54.976162	53.045006	52.59652	56.36456	56.946316	54.707832	56.88347	59.857193	58.433357	57.94831	61.33927	63.044624	61.982227	63.02343	65.699684	68.39093	71.187225	70.33391	70.36735	67.41849	66.54282	64.77556	61.19165	60.989483	58.547714	59.629295	62.33446	62.883976	66.595985	66.5079	63.889664	63.038002	60.04068	57.02151	58.595158	57.973083	57.28642	60.862305	62.450485	60.55476	61.46589	65.16902	65.20335	62.961575	63.643612	67.07236	68.71909	66.68893	66.65154	64.42356	64.18728	67.36282	67.528625	70.28854	73.003105	72.6774	69.29637	71.26625	72.96559	69.99539	68.08122	64.56578	65.12317	66.84054	63.769592	61.611023	64.174	64.22342	60.412663	60.602066	63.132668	61.08585	58.210064	60.383133	61.854965	61.613117	60.51743	56.878998	57.41348	60.06665	57.833454	56.592987	53.089546	50.774284	50.74416	54.52119	54.845734	52.486202	54.868664	58.237194	56.90167	55.855465	59.350243	60.830284	58.643932	59.940933	63.55173	63.304836	61.195435
K-73-E	33.3781	33.167763	30.600588	31.845257	31.278849	27.761864	27.239939	28.632841	26.636297	23.268244	24.418053	22.685102	23.70734	21.937923	22.378761	24.762676	27.890282	26.504276	23.55319	19.842556	18.020592	16.785578	19.940321	22.021128	21.309095	21.689558	25.12499	26.160261	25.72273	27.576242	30.549734	33.851467	36.014294	39.65514	41.949936	42.146664	43.34993	43.99273	43.678852	43.43267	43.381924	39.576466	38.653175	39.327885	38.76512	38.363857	38.86583	36.044537	35.229385	32.04778	32.740158	36.32038	35.90197	37.351475	35.19894	35.82307	34.002815	34.8545	34.037952	34.41945	35.75822	34.455486	36.68237	35.327663	31.665724	32.321407	33.941025	31.220499	28.693151	30.720928	31.597841	28.032394	26.988304	29.702818	29.094606	25.464497	26.11898	29.371847	29.841595	32.591846	33.683674	37.469673	40.141983	41.57963	38.511993	37.183178	34.287582	31.015127	28.61438	26.074072	25.82836	24.575817	24.565224	25.511093	26.251936	27.653898	28.459103	31.962093	31.844177	29.3959	30.105387	29.401356	29.470673	30.329033	30.703127	32.971382	35.689835	38.702576	42.21108	44.740353	47.30203	45.415123	46.35861	49.187454	50.766724	50.82769	51.88363	54.74758	55.924023	56.06914	57.447823	59.822582	58.87254	60.48191	60.939144	58.44914	56.13095	56.422016	55.592056	52.57611	51.272953	52.046143	50.964348	47.53093	47.097935	47.98515	45.632595	42.711254	43.63171	44.300495	40.871086	39.23956	41.443607	40.697823	38.327972	37.12083	35.858425	33.05471	29.58268	30.820728	32.54501	33.05544	34.425484	37.70463	37.64825	40.49459	40.715996	42.877277	43.822525	45.433044	47.850063	49.107178	46.671947	43.643265	44.54199	44.008904	46.272472	45.059345	47.252983	48.42841	50.2022	47.6983	45.67685	42.183865	41.352386	39.117588	37.893444	36.131092	35.609203	37.821457	37.10475	36.822853	35.076717	36.725613	34.48246	37.075516	34.5826	35.532005	38.679157	37.152294	37.425995	34.386	36.12372	34.262547	35.75648	37.507336	40.58965	41.546295	43.590084	45.338253	47.827984	51.082348	53.521385	51.45858	50.965878	52.474144	55.365402	53.36015	50.8294	53.566223	55.305084	52.178074	53.268715	50.294582	48.71053	45.011414	44.12532	45.210564	43.09873	46.225044	47.56869	44.92937	45.650406	49.350758	48.889523	47.133133	50.09688	52.528973	50.676697	50.426098	54.180084	54.74023	52.677036	54.96081	57.865772	56.527138	56.232403	59.61863	61.27744	60.407043	61.550774	64.348015	67.098816	69.994995	69.085434	68.92907	65.870766	64.85091	63.079952	59.43902	59.03012	56.437927	57.383305	59.968178	60.624725	64.291145	64.034706	61.380127	60.560898	57.666634	54.538322	55.974167	55.181576	54.395542	57.9178	59.645733	57.805923	58.585056	62.30536	62.481567	60.23334	60.775322	64.16411	65.93585	63.96661	64.06697	61.972218	61.89044	65.155876	65.43898	68.313126	71.0493	70.895706	67.51883	69.45391	71.312874	68.461205	66.53143	63.04444	63.448517	65.0617	61.99781	59.787533	62.20502	62.19302	58.37133	58.459206	60.864395	58.797573	55.871624	57.925236	59.278908	58.87608	57.7558	54.167114	54.740433	57.514374	55.38359	54.323593	50.862835	48.6877	48.81119	52.57644	52.944283	50.77289	53.221718	56.54962	55.320694	54.46264	57.957413	59.425484	57.412857	58.845924	62.395454	62.23295	60.31072
L-74-E	32.659996	32.169147	29.404087	30.90753	30.722338	27.093294	26.500605	28.352077	26.637367	23.126173	24.407072	23.112732	24.288233	22.11726	22.067774	23.966501	26.913185	25.28481	22.356762	18.804573	16.411793	14.94775	18.34425	20.038317	18.845434	19.519552	23.04354	23.682709	23.020124	25.174828	28.114853	31.292282	33.302525	37.01573	39.213615	39.308228	40.691734	41.25022	40.761204	40.62291	40.51445	36.727524	35.675133	36.40467	36.06654	35.68477	36.410286	33.63309	33.053402	30.060795	30.977856	34.5165	34.19495	35.41282	33.15823	33.569218	31.48043	32.206562	31.11145	31.44653	32.582886	31.206675	33.592705	32.446415	28.747795	29.682009	31.42893	28.63112	26.248045	28.597855	29.548098	25.999828	25.192263	28.192924	27.669224	24.162577	25.14595	28.5366	29.223972	31.696222	32.888714	36.650146	39.185497	40.422874	37.19835	35.601376	32.84432	29.40502	26.948923	24.090023	23.466463	21.822819	21.460638	22.207724	22.722198	24.02161	24.716703	28.24928	28.225163	25.89822	26.799799	26.348598	26.665533	27.863493	28.471537	31.034939	33.939926	36.769115	40.325188	42.67883	45.270885	43.259663	44.249973	47.229385	48.598736	48.5598	49.81944	52.7078	53.679066	53.862164	55.438786	57.933544	57.18993	58.993477	59.60633	57.245705	54.745674	55.003803	54.40514	51.39409	49.87648	50.742435	49.913662	46.419357	45.79867	46.899235	44.744995	41.637173	42.504284	43.47873	40.138527	38.28969	40.61094	40.19702	38.06387	37.11426	36.205196	33.638863	30.172161	31.06535	32.641224	32.766132	33.98288	37.039577	36.608532	39.21365	39.152565	41.13037	41.86491	43.61184	45.873665	47.086437	44.46817	41.599216	42.702034	42.15313	44.553524	43.47772	45.696064	47.118793	48.77399	46.370564	44.217236	40.72656	39.772053	37.282364	35.847393	34.277157	33.486526	35.83848	35.453575	35.42305	34.021828	35.98685	34.02466	36.892445	34.66302	35.407578	38.36053	36.50246	36.453033	33.200054	34.585186	32.408657	33.622704	35.12753	38.035854	39.070663	41.332108	43.181305	45.542175	48.8131	51.321583	49.45192	49.02583	50.75032	53.646408	51.758556	49.04712	51.613785	53.448513	50.394512	51.718967	48.845528	47.467556	43.71328	43.107243	44.32512	42.19734	45.356274	46.435516	43.651756	44.52386	48.167545	47.43586	45.679287	48.782795	51.027763	48.99953	48.902256	52.667763	52.990208	50.930412	53.388226	56.15118	54.644176	54.49608	57.976986	59.443787	58.556477	59.889606	62.638973	65.52151	68.36672	67.27827	67.10286	63.985348	62.821655	60.888958	57.251785	56.80586	54.224293	55.304443	57.806503	58.30989	61.982727	61.75216	58.97892	57.98357	55.039997	51.899734	53.46502	52.68214	52.07864	55.591175	57.282825	55.594444	56.491833	60.16898	60.396584	58.313393	58.940147	62.256786	64.00812	62.1881	62.20502	60.16723	60.007427	63.3112	63.75985	66.60322	69.465576	69.3344	66.05028	68.13138	70.02947	67.212685	65.44952	61.901237	62.12329	63.85028	60.916313	58.525967	60.84992	61.020107	57.206207	57.068592	59.524277	57.644363	54.57562	56.47206	57.942627	57.444225	56.537197	52.99247	53.817326	56.574287	54.340214	53.407833	50.05183	47.79013	48.1856	51.940495	52.07571	50.01706	52.66797	55.864346	54.482883	53.833115	57.41088	58.66077	56.641235	58.287216	61.767357	61.440243	59.614346
T-75-E	34.65211	33.79228	30.765903	32.086666	32.268436	28.708483	27.66486	29.627304	28.327082	24.66152	25.499619	24.08139	24.791042	22.194307	22.348452	23.90407	26.993052	25.68738	23.159138	19.62086	16.811665	15.99261	19.664871	20.740694	19.553843	20.90194	24.246773	24.362715	23.917347	26.49867	29.136621	32.298866	33.93138	37.699448	39.587906	39.32395	40.656567	40.867832	40.08548	39.7041	39.253273	35.491863	34.71159	35.824055	35.78377	35.772266	36.845207	34.339897	34.162308	31.420572	32.735596	36.12468	35.580524	36.42953	33.87657	33.87005	31.541912	31.824177	30.537321	30.420038	31.289732	29.542212	31.725588	30.755539	27.001902	27.73021	29.823084	27.328245	24.675125	27.00049	28.39933	25.062094	23.897264	27.06478	27.042864	23.522453	24.191154	27.782814	28.949732	31.466797	33.068047	36.78726	39.465405	40.37089	36.998558	35.505104	33.045986	29.478008	27.377815	24.300892	23.174158	21.515476	20.701525	21.774212	21.85646	23.426111	23.816267	27.341766	27.163858	24.763346	25.981169	25.461126	26.233194	27.51735	28.6089	31.252222	34.404648	37.23837	40.689533	43.064438	45.451214	43.176228	43.89428	46.846416	48.027966	48.197533	49.648315	52.36705	53.276318	53.71855	55.37883	57.806732	57.147697	59.0616	59.58335	57.39952	54.8514	54.85598	54.30557	51.46212	49.741592	50.399006	49.717525	46.307415	45.396667	46.38729	44.448055	41.261906	41.800724	42.8344	39.657906	37.52071	39.61952	39.39657	37.21187	36.608273	35.734295	33.444183	30.183641	31.197828	32.350185	32.13848	32.94274	35.901226	35.37115	37.824818	37.853107	39.569057	40.457844	42.47139	44.837048	46.303673	43.67197	40.811665	42.185688	41.944317	44.582203	43.820545	46.27045	47.718185	49.099792	46.565887	44.16213	40.57382	39.276115	36.68622	34.926743	33.15811	32.052998	34.15682	33.923477	33.69847	32.42683	34.35904	32.35924	35.308712	33.062637	33.435616	36.39182	34.372223	34.38552	31.110601	32.39422	30.17745	31.169815	32.836433	35.688095	37.005257	39.33015	41.425594	43.926556	47.05056	49.742752	47.966755	47.30394	49.014915	51.746006	49.71719	46.9825	49.519135	51.18438	48.031506	49.390686	46.661358	45.203773	41.448097	40.817017	42.29536	40.400635	43.711063	44.61779	41.944286	43.099216	46.66868	45.839943	44.341347	47.572033	49.67181	47.732758	47.90381	51.631386	51.894108	50.058876	52.654514	55.303116	53.878563	53.973053	57.44347	58.823154	58.153366	59.62057	62.481934	65.433365	68.36651	67.19767	66.81695	63.582977	62.239544	60.28022	56.5955	55.904655	53.157562	54.092976	56.418404	57.02089	60.625782	60.189137	57.349476	56.352425	53.537876	50.263622	51.67694	50.662804	49.969395	53.39165	55.269604	53.70036	54.436455	58.11896	58.55173	56.496468	56.942993	60.18286	62.09913	60.3899	60.576084	58.725357	58.74803	62.155937	62.767532	65.73143	68.62523	68.69497	65.43788	67.48618	69.56164	66.89009	65.130104	61.62424	61.65822	63.269714	60.366787	57.91397	60.048996	60.161774	56.353302	56.073963	58.37028	56.489742	53.361206	55.08167	56.40511	55.68532	54.76789	51.30956	52.198456	55.101704	53.00527	52.31353	49.036255	46.957993	47.547577	51.26163	51.43722	49.61676	52.33267	55.458733	54.199127	53.771515	57.330406	58.552074	56.731625	58.521824	61.91643	61.67254	60.05508
I-76-E	33.66626	32.52056	29.339602	30.858192	31.421595	27.841486	26.721401	29.07868	28.094105	24.391508	25.313553	24.364195	25.226042	22.349102	21.984865	22.992863	25.802711	24.289646	21.886263	18.65741	15.390861	14.489552	18.218786	18.773642	17.169764	18.889957	22.154898	21.809914	21.233488	24.110304	26.593159	29.606585	31.020615	34.819836	36.566856	36.177162	37.646603	37.76186	36.82113	36.532837	36.03953	32.309216	31.412636	32.579105	32.753338	32.79059	34.085644	31.682125	31.773436	29.280521	30.846045	34.116005	33.619038	34.199623	31.550734	31.306747	28.738	28.86695	27.3247	27.147724	27.832222	26.039967	28.375017	27.588373	23.822031	24.851135	27.028326	24.460625	22.005802	24.654	26.082148	22.813765	21.950304	25.354752	25.39715	22.10119	23.130499	26.761227	28.09802	30.27259	31.935705	35.57457	38.080307	38.78197	35.293854	33.54937	31.265594	27.589018	25.494436	22.159475	20.635479	18.614332	17.41309	18.34056	18.189579	19.760195	20.111273	23.608086	23.417095	21.07847	22.457224	22.156515	23.187286	24.788929	26.126379	29.017546	32.318405	34.945637	38.399364	40.595085	42.980606	40.59667	41.349487	44.426643	45.40568	45.480114	47.11297	49.84109	50.557568	51.03433	52.868435	55.39624	54.9322	57.019783	57.68882	55.636456	52.927963	52.90523	52.58112	49.75501	47.84113	48.59262	48.15978	44.711002	43.63227	44.83621	43.10049	39.75953	40.260063	41.594543	38.529846	36.21551	38.436108	38.544907	36.64599	36.28162	35.790302	33.752098	30.535166	31.161703	32.177544	31.598845	32.274845	34.96069	34.046787	36.231853	35.95026	37.488316	38.135326	40.24994	42.437305	43.837982	41.044598	38.35791	39.91409	39.65543	42.40561	41.78712	44.249653	45.918503	47.17124	44.750687	42.23911	38.68616	37.286922	34.469566	32.52532	30.98441	29.631931	31.887743	31.993858	32.07037	31.176556	33.435204	31.787746	34.98065	33.07127	33.293736	35.981247	33.65244	33.284798	29.820896	30.708994	28.173653	28.888758	30.245665	32.913162	34.2548	36.78012	38.933064	41.27565	44.42103	47.14892	45.560764	44.99764	46.923115	49.672756	47.800133	44.89486	47.25017	49.040363	45.99815	47.589497	44.950634	43.742355	39.954777	39.644855	41.196804	39.255413	42.5432	43.18821	40.362106	41.6259	45.118954	44.025944	42.503624	45.84214	47.753944	45.636322	45.936024	49.65753	49.68673	47.846405	50.591274	53.095665	51.508453	51.73229	55.279087	56.473137	55.781616	57.418507	60.22134	63.28466	66.159225	64.829384	64.43535	61.159355	59.69212	57.590244	53.92226	53.209667	50.491764	51.564137	53.81871	54.264538	57.87259	57.4833	54.546032	53.38762	50.520294	47.25604	48.804974	47.83605	47.33617	50.75631	52.561676	51.1244	52.001553	55.630398	56.078594	54.18836	54.74858	57.920185	59.78181	58.20802	58.285343	56.47253	56.39803	59.822174	60.578068	63.492832	66.49769	66.574196	63.415386	65.60161	67.69621	65.05911	63.468254	59.914215	59.78027	61.504883	58.740726	56.12462	58.172207	58.47167	54.688084	54.196606	56.55038	54.868465	51.616665	53.19016	54.647675	53.86719	53.177612	49.7687	50.90742	53.75243	51.53896	50.952103	47.795574	45.62227	46.4692	50.149483	50.081303	48.368565	51.266224	54.2449	52.830097	52.600533	56.22268	57.221436	55.394527	57.37953	60.691845	60.284573	58.76413
S-77-E	35.905342	34.436035	31.077072	32.536617	33.48187	29.996206	28.58535	31.115576	30.51502	26.77867	27.429636	26.564154	27.135283	23.949707	23.576141	24.089329	26.813599	25.499065	23.508327	20.53426	16.979591	16.525482	20.239168	20.136076	18.388826	20.640095	23.640486	22.702858	22.186571	25.41786	27.567854	30.399837	31.395473	35.194427	36.606514	35.867638	37.38305	37.15049	35.85276	35.420563	34.57689	30.93831	30.225803	31.762716	32.344814	32.70784	34.391293	32.28102	32.800888	30.653128	32.553932	35.62713	35.036377	35.2269	32.365353	31.685062	28.831854	28.494848	26.631569	25.993902	26.240194	24.028507	26.242619	25.822058	22.050005	23.054598	25.634876	23.388369	20.849344	23.606165	25.46864	22.53168	21.51878	25.105083	25.633093	22.53434	23.41188	27.132114	28.91001	30.933397	32.91627	36.43108	38.93958	39.280033	35.664413	33.909153	31.9865	28.232843	26.46612	22.93847	20.842625	18.661974	16.808706	17.841604	17.0218	18.697752	18.569988	21.999271	21.760744	19.532635	21.379795	21.230776	22.849117	24.69458	26.539463	29.564396	33.067986	35.54621	38.877132	40.962173	43.167343	40.537643	41.079994	44.175602	44.872185	45.065495	46.94875	49.52295	50.07078	50.776405	52.76653	55.2813	54.992332	57.2445	57.91044	56.072983	53.26616	53.02758	52.85363	50.189598	48.035213	48.655045	48.46323	45.094646	43.70837	44.908115	43.4601	40.020615	40.218258	41.724167	38.881744	36.27336	38.322132	38.738373	36.933723	36.95953	36.640347	34.938663	31.949484	32.53112	33.150806	32.16927	32.424255	34.865536	33.70522	35.591217	35.24441	36.41843	37.077076	39.477917	41.64287	43.222656	40.350246	37.799606	39.675354	39.668182	42.64018	42.345974	44.963688	46.74624	47.71994	45.275112	42.537163	38.962093	37.24353	34.260487	31.954094	30.380156	28.605402	30.662748	31.106472	31.14277	30.574953	32.911507	31.404455	34.721134	32.953697	32.755295	35.300354	32.711452	32.24336	28.721502	29.284462	26.567339	26.846214	28.17662	30.624132	32.29536	34.996006	37.422554	39.792114	42.77995	45.694847	44.31619	43.580563	45.595592	48.17403	46.25074	43.249733	45.46013	47.13173	44.059574	45.80173	43.376846	42.216488	38.44242	38.26233	40.102726	38.39289	41.78517	42.13647	39.37215	40.947758	44.30356	42.998363	41.7235	45.204372	46.874676	44.76518	45.373924	49.030502	48.88584	47.25755	50.180862	52.495136	50.90372	51.40382	54.95956	55.97538	55.459534	57.28795	60.136692	63.29901	66.200775	64.72725	64.16208	60.782074	59.10253	56.90651	53.227318	52.292114	49.458424	50.470604	52.507545	52.95187	56.481884	55.92665	52.8779	51.620094	48.85762	45.48456	46.961624	45.786854	45.31662	48.62411	50.57391	49.344906	50.134956	53.72371	54.386616	52.624165	53.06302	56.107155	58.098408	56.71262	56.896053	55.289474	55.3334	58.84558	59.82011	62.80312	65.880264	66.132935	63.05952	65.2759	67.52109	65.03206	63.530415	60.006073	59.636784	61.30949	58.650234	55.918884	57.750477	58.087074	54.340824	53.625816	55.851147	54.272	50.9272	52.257145	53.633743	52.615364	52.029217	48.747566	50.05478	52.99423	50.869297	50.552917	47.543312	45.50826	46.627117	50.229084	50.090576	48.639175	51.64641	54.48448	53.112385	53.15076	56.76172	57.636494	55.976677	58.14716	61.339855	60.928688	59.61932
P-78-E	34.7048	32.88068	29.37052	30.759981	32.104065	28.761894	27.088423	29.83057	29.671326	25.971912	26.432283	25.894703	26.399143	22.993994	22.292068	22.22535	24.687912	23.443197	21.849705	19.271688	15.522566	15.519069	19.069468	18.283937	16.567713	19.339977	21.93315	20.50351	20.28444	23.760107	25.480886	28.237068	28.85721	32.609547	33.74149	32.747086	34.17646	33.734325	32.30615	31.756388	30.79939	27.18613	26.589766	28.304766	29.044079	29.658323	31.569334	29.735165	30.606226	28.772297	31.026398	33.850735	33.068066	32.898815	29.85478	28.839119	25.846798	25.201853	23.249792	22.368576	22.539448	20.26138	22.39579	21.983372	18.216658	19.273045	21.92359	19.763103	17.279629	20.176788	22.146076	19.412165	18.520212	22.21981	22.943462	20.130796	21.159483	24.829802	26.82939	28.555887	30.687887	34.057552	36.471523	36.54829	32.861343	31.036888	29.390942	25.614065	24.110537	20.478853	17.97834	15.786999	13.627244	14.997237	14.063909	16.221905	16.320917	19.439993	18.72893	16.24257	18.069206	17.774801	19.658804	21.568478	23.74478	26.820038	30.44507	32.80166	36.013496	38.033524	40.091183	37.31782	37.735855	40.839928	41.386875	41.63743	43.64307	46.13057	46.595722	47.421005	49.481716	51.983925	51.80368	54.161488	54.856216	53.16413	50.27779	49.928383	49.891304	47.319096	45.002357	45.595066	45.59758	42.2661	40.69559	41.981876	40.743893	37.219273	37.294926	39.00669	36.32247	33.54951	35.6136	36.316868	34.762238	35.052155	35.0725	33.680275	30.847992	31.120762	31.498716	30.155817	30.21873	32.37324	30.910765	32.54726	32.00279	33.01288	33.54721	36.03807	38.12201	39.73345	36.812374	34.354664	36.391697	36.501072	39.595783	39.520126	42.236324	44.10431	44.87287	42.446827	39.57642	36.023426	34.141064	31.037756	28.552185	27.067305	25.090965	27.173994	27.856703	28.09194	27.84564	30.41582	29.246786	32.72808	31.310068	30.990683	33.2366	30.414171	29.606789	25.976723	26.208527	23.281416	23.390247	24.512232	26.887985	28.531137	31.309872	33.76168	36.063587	39.042004	41.977097	40.696697	39.994457	42.12192	44.702126	42.887478	39.79204	41.89519	43.652813	40.670414	42.550705	40.176643	39.21561	35.440536	35.524258	37.380135	35.638073	38.98294	39.12744	36.271984	37.93416	41.20351	39.718174	38.46266	42.00843	43.53027	41.338512	42.06801	45.69239	45.409332	43.836807	46.85637	49.057167	47.41925	48.047077	51.617016	52.519882	52.068237	54.00493	56.85838	60.078693	62.97995	61.42162	60.774704	57.350258	55.57383	53.333477	49.656006	48.64377	45.78686	46.817318	48.793537	49.198086	52.712826	52.151497	49.071915	47.777534	45.01978	41.63912	43.136955	41.98265	41.584408	44.90094	46.802727	45.617157	46.4761	50.03675	50.69475	49.012283	49.51577	52.52574	54.47563	53.15827	53.28853	51.717583	51.736656	55.26363	56.333252	59.30921	62.43764	62.739964	59.731503	62.004288	64.29703	61.87628	60.474422	56.951714	56.4372	58.134636	55.576042	52.74658	54.475662	54.90867	51.196228	50.3294	52.55343	51.10528	47.689114	48.901295	50.345028	49.284958	48.85244	45.619976	47.10306	49.99026	47.80304	47.58987	44.698334	42.644314	43.97754	47.516663	47.2182	45.909786	49.034412	51.73306	50.3011	50.533756	54.154835	54.87165	53.283657	55.6102	58.701874	58.224445	57.059677
D-79-E	35.37124	33.57178	30.137123	31.912382	33.355522	29.954617	28.58503	31.590136	31.38364	27.786917	28.617853	28.448254	29.288052	25.965189	24.873396	24.611856	26.714579	25.07419	23.343575	21.085035	17.274155	16.647085	19.958538	19.066206	16.68104	19.28928	21.931097	20.232244	19.397528	22.948921	24.74678	27.139227	27.722754	31.479582	32.631447	31.707577	33.515118	33.1419	31.552856	31.37535	30.485228	26.981422	25.977045	27.563866	28.582415	28.974487	31.023571	29.12229	30.077148	28.43326	30.624628	33.41763	32.997448	32.768368	29.879784	28.83449	25.616833	25.024729	22.64338	21.92318	21.685099	19.386253	21.976765	22.050055	18.378435	20.09678	22.75686	20.43151	18.516438	21.801811	23.58561	20.94296	20.628536	24.396008	24.94169	22.431332	23.886013	27.427177	29.311342	30.697123	32.635612	35.918053	38.047604	38.095764	34.399174	32.229946	30.634752	26.863073	25.133211	21.3811	18.709627	15.893881	13.198762	13.646567	12.038888	13.51322	13.082236	16.433687	16.292278	14.395427	16.736296	17.253336	19.420927	21.895098	24.093702	27.462118	31.071295	33.082584	36.358116	38.05127	40.257854	37.513046	38.162663	41.4524	41.780857	41.749084	43.92723	46.518467	46.70034	47.417362	49.703003	52.392284	52.447056	54.965767	55.901768	54.277283	51.23285	50.997513	51.211174	48.580494	46.158047	46.97151	47.184525	43.789753	42.18929	43.7546	42.63935	39.02439	39.20693	41.17691	38.55417	35.768543	38.00119	38.91291	37.60793	37.934483	38.175255	36.817207	33.928505	33.932804	34.418472	32.98617	33.105717	35.05597	33.315025	34.704945	33.803783	34.651093	34.818596	37.3277	39.100677	40.49163	37.353313	35.191193	37.334858	37.243443	40.32368	40.235657	42.78011	44.921055	45.70877	43.529774	40.698326	37.279682	35.477413	32.166897	29.61657	28.563995	26.399492	28.710133	29.772268	30.376255	30.467075	33.261646	32.366096	35.93449	34.716274	34.361973	36.428516	33.459698	32.382572	28.679665	28.530542	25.333534	25.05029	25.673653	27.645891	29.32858	32.386333	34.85999	36.85785	39.857754	42.78659	41.777523	41.26836	43.653244	46.247562	44.648155	41.38507	43.226646	45.122665	42.306347	44.439846	42.202724	41.50693	37.75775	38.133015	40.02452	38.248318	41.507664	41.43411	38.45118	40.1438	43.314053	41.582985	40.256336	43.847164	45.179886	42.76881	43.562225	47.159775	46.604225	44.95493	48.088127	50.132793	48.247738	48.939953	52.596645	53.280266	52.69157	54.786922	57.48352	60.807217	63.56574	61.828785	61.282993	57.872746	56.00918	53.566063	49.958008	49.028694	46.303513	47.587696	49.49302	49.618958	53.136646	52.701996	49.494217	47.92434	45.06162	41.751186	43.507084	42.453133	42.382736	45.65673	47.43274	46.462265	47.52851	50.980907	51.647537	50.20643	50.86866	53.76632	55.62402	54.48457	54.44847	52.901947	52.742954	56.239307	57.44187	60.294064	63.541298	63.770367	60.888325	63.333138	65.56358	63.126358	61.92558	58.343178	57.721874	59.59476	57.192337	54.220356	55.912838	56.577595	52.913555	51.861877	54.187164	52.96786	49.460793	50.542202	52.157093	51.072952	50.890305	47.72651	49.42852	52.211494	49.89775	49.725903	46.949337	44.760754	46.252018	49.75034	49.205322	47.9127	51.161903	53.73576	52.10237	52.425793	56.0998	56.604748	54.914787	57.352757	60.395313	59.701996	58.524044
Y-80-E	33.016075	31.539001	28.266447	30.223078	31.315895	27.766512	26.750683	29.687004	29.094805	25.524874	26.721336	26.574205	27.771494	24.716925	23.525333	23.692047	25.841627	23.883554	21.662874	19.19383	15.528313	14.250522	17.617535	17.346012	14.8291025	16.912045	19.95424	18.811686	17.708254	20.979609	23.238539	25.804409	26.892172	30.703648	32.2709	31.769217	33.614662	33.65887	32.450344	32.502357	32.024242	28.411898	27.123482	28.255096	28.846252	28.811274	30.455858	28.170176	28.662767	26.646511	28.485725	31.530022	31.300379	31.488667	28.83701	28.269547	25.289362	25.254307	23.154613	23.020428	23.263878	21.472551	24.25737	23.945967	20.26132	22.06506	24.294477	21.549679	19.748583	23.000134	24.313154	21.260355	21.169178	24.826218	24.842327	22.123526	23.825987	27.317993	28.763447	30.260164	31.853739	35.279526	37.369682	37.795464	34.20174	31.96132	29.965443	26.224663	24.059504	20.406738	18.27733	15.431452	13.385413	13.532537	12.730925	13.921992	14.062589	17.603392	17.667637	15.717691	17.527414	17.982983	19.495457	21.829054	23.48218	26.818619	30.249563	32.37801	35.836494	37.60121	40.055847	37.572998	38.50428	41.824898	42.43049	42.218014	44.15911	46.950596	47.269867	47.716316	49.880276	52.628155	52.535046	54.91426	55.9002	54.052166	51.072136	51.088074	51.185497	48.36009	46.164673	47.160416	47.15338	43.644817	42.357292	43.980106	42.575455	39.025723	39.545044	41.38633	38.5245	36.01997	38.470154	39.100826	37.723602	37.66806	37.77354	36.085094	32.94863	32.9435	33.838905	32.77732	33.32548	35.51685	33.98116	35.667294	34.78918	36.01213	36.129295	38.347103	40.112778	41.283047	38.181873	35.900078	37.7232	37.32045	40.175743	39.729694	42.087677	44.174187	45.27187	43.15341	40.555363	37.159695	35.701733	32.510197	30.326086	29.354904	27.609447	30.180595	30.925314	31.607533	31.390131	34.152	33.125904	36.613007	35.257328	35.29838	37.517784	34.769527	33.774544	30.086554	30.252348	27.198732	27.356108	28.001709	30.199888	31.53968	34.444946	36.639923	38.585808	41.768623	44.505604	43.30104	42.99486	45.321606	48.104603	46.570457	43.379257	45.35527	47.389683	44.60547	46.610916	44.15835	43.42541	39.642582	39.901585	41.523804	39.503178	42.67205	42.877842	39.803795	41.188873	44.50827	42.96308	41.362953	44.82876	46.398083	43.94096	44.41795	48.09683	47.68674	45.79248	48.764362	50.996735	49.07185	49.478233	53.152714	53.99492	53.191586	55.113903	57.741993	60.986973	63.69789	62.079136	61.73499	58.430782	56.777397	54.396156	50.80163	50.126175	47.539055	48.928757	51.063267	51.152336	54.76163	54.52107	51.40959	49.90719	46.912075	43.723732	45.592743	44.76772	44.699226	48.092773	49.708263	48.54084	49.722122	53.212013	53.65745	52.106827	52.913044	55.93687	57.654953	56.338356	56.172264	54.40849	54.100216	57.507523	58.500187	61.268284	64.46427	64.49558	61.53605	63.982018	66.0488	63.446205	62.181023	58.54697	58.155758	60.116802	57.62095	54.738754	56.65939	57.320877	53.61251	52.766163	55.247677	53.94695	50.512543	51.836098	53.560352	52.715336	52.45083	49.15174	50.710037	53.396988	50.96958	50.522827	47.596733	45.23639	46.475918	50.06562	49.555607	47.98705	51.156303	53.866867	52.15062	52.210133	55.918434	56.51924	54.630337	56.9022	60.07113	59.341427	57.934795
A-81-E	30.356722	28.706842	25.313576	27.002121	28.180984	24.715216	23.411377	26.299294	25.917683	22.299196	23.248337	23.117828	24.22316	21.092062	19.832413	19.908695	22.116474	20.30949	18.24321	15.737838	11.994004	11.249138	14.740874	14.263962	12.258615	14.73942	17.56221	16.47652	16.063334	19.36011	21.372532	24.264463	25.285524	29.08027	30.588108	30.016697	31.516405	31.54501	30.543606	30.34782	29.953426	26.231976	25.171179	26.303942	26.595236	26.725332	28.255941	26.069881	26.577566	24.49752	26.540361	29.509789	28.899794	29.029457	26.207869	25.620462	22.81354	22.773865	21.068262	20.934101	21.666645	20.120214	22.644083	21.804388	18.088459	19.576578	21.551195	18.734789	16.728537	19.798744	20.987724	17.795261	17.604328	21.199024	21.145014	18.343441	20.058939	23.533346	24.9574	26.50505	28.155848	31.605827	33.802296	34.23937	30.652481	28.5605	26.531786	22.778399	20.751162	17.137684	15.095164	12.675275	11.143809	12.170941	12.197303	14.268155	15.252594	18.391554	17.685064	15.044361	16.18934	15.889049	17.05232	18.947027	20.565165	23.714487	27.17298	29.529951	32.940037	34.939796	37.28711	34.797615	35.605064	38.81383	39.60347	39.5488	41.33962	44.088284	44.620132	45.106148	47.09826	49.72706	49.472225	51.746822	52.60377	50.708355	47.813198	47.78632	47.751087	44.940487	42.810234	43.72224	43.603348	40.11032	38.866325	40.393036	38.913387	35.39841	35.935627	37.688633	34.781998	32.3236	34.793457	35.348255	33.96943	33.87679	34.028973	32.380104	29.272848	29.19398	30.056608	28.987253	29.603664	31.830706	30.366663	32.18196	31.39514	32.81173	33.0388	35.139248	37.043804	38.26965	35.30638	32.828613	34.52744	34.194324	37.04186	36.59693	39.07288	40.997086	42.071762	39.81581	37.204365	33.74222	32.286755	29.213205	27.14456	26.01131	24.494226	27.086365	27.580105	28.236767	27.874313	30.637009	29.638477	33.118927	31.841732	32.057167	34.224396	31.549889	30.51392	26.841791	27.173597	24.252499	24.789213	25.561846	28.060978	29.132729	31.810574	33.832165	35.88592	39.13954	41.779903	40.36288	40.07055	42.27261	45.144585	43.598858	40.5008	42.63113	44.712955	41.925632	43.78966	41.176704	40.41474	36.624184	36.836395	38.27027	36.11196	39.222816	39.570477	36.47029	37.713562	41.10149	39.690342	38.00021	41.403435	43.11177	40.718895	41.069317	44.778458	44.52771	42.600296	45.47772	47.82822	46.022224	46.33271	49.963455	50.955975	50.192177	51.99577	54.707653	57.882893	60.67545	59.18067	58.797417	55.50148	53.942493	51.70652	48.07078	47.40686	44.783104	46.063766	48.320267	48.553543	52.192875	51.962334	48.97328	47.673428	44.68931	41.51748	43.283012	42.535522	42.30575	45.789722	47.357464	45.972134	47.1287	50.679512	50.99161	49.283035	50.11102	53.24489	54.91132	53.43264	53.267677	51.40015	51.115547	54.503452	55.364655	58.168266	61.290527	61.31118	58.273754	60.640026	62.70333	60.08297	58.719215	55.104347	54.794357	56.69435	54.120266	51.31141	53.295994	53.868446	50.134537	49.40929	51.900265	50.503506	47.122936	48.57382	50.291138	49.566277	49.210426	45.83989	47.303513	49.95497	47.50692	46.961002	43.97456	41.599686	42.758434	46.369797	45.92289	44.308872	47.43771	50.195312	48.53086	48.541077	52.23584	52.91209	51.05115	53.28121	56.4695	55.825672	54.428566
Y-82-E	29.81963	27.745417	24.16991	25.627235	27.259027	24.032505	22.312374	25.334524	25.505655	21.958971	22.520723	22.63551	23.505173	20.150425	18.672283	18.078135	20.03737	18.469633	17.017168	14.999394	11.167789	11.35283	14.500354	13.101021	11.443151	14.634291	16.782679	15.099613	15.313207	18.846737	20.223621	23.08189	23.60537	27.322672	28.455591	27.529804	28.818033	28.553137	27.42184	26.973171	26.417366	22.68822	21.881424	23.28355	23.705673	24.23454	26.03109	24.235172	25.181597	23.47554	25.96472	28.601273	27.650116	27.333809	24.235449	23.207457	20.273922	19.7974	18.091118	17.592947	18.366674	16.780794	19.08621	18.096565	14.36684	15.776542	17.78103	15.07099	13.0104265	16.180721	17.519154	14.548451	14.404039	18.105654	18.342262	15.853103	17.631266	21.037699	22.762064	24.03756	25.933758	29.218266	31.386198	31.500477	27.827538	25.753115	24.069883	20.28843	18.697403	14.994111	12.407481	10.161475	8.33196	10.234597	10.347007	13.2227	14.5677805	17.168367	15.736559	12.621471	13.533685	12.757788	14.203701	16.027636	18.111435	21.242281	24.867382	27.168222	30.40572	32.41861	34.536167	31.849333	32.431026	35.602505	36.266003	36.365868	38.26744	40.879475	41.387756	42.058258	44.07886	46.640205	46.45161	48.810425	49.62738	47.889484	44.945156	44.743793	44.79792	42.119953	39.820232	40.627323	40.68126	37.256073	35.790974	37.333633	36.074905	32.48733	32.836323	34.755283	32.029408	29.377855	31.802473	32.633232	31.471	31.68228	32.144463	30.853935	27.983133	27.654661	28.180574	26.720493	27.079712	29.015444	27.28215	28.861702	27.939518	29.201305	29.37907	31.586739	33.48362	34.81753	31.849712	29.399113	31.275759	31.15159	34.164894	34.001358	36.65438	38.60149	39.414505	37.10407	34.31227	30.8337	29.143578	25.97344	23.690226	22.550694	20.839155	23.414925	24.093393	24.8931	24.821426	27.7695	27.08559	30.687908	29.7435	29.818823	31.691908	28.8292	27.502214	23.768852	23.815628	20.751844	21.205128	21.830282	24.333937	25.336914	28.02298	30.06153	32.115334	35.347767	38.01763	36.646145	36.333607	38.59229	41.449986	39.965893	36.814514	38.88539	41.0139	38.289085	40.232933	37.657722	37.046143	33.271137	33.694546	35.135292	32.972523	36.04345	36.21077	33.057835	34.3963	37.701	36.15114	34.51422	37.980537	39.56234	37.139816	37.623962	41.3008	40.96233	39.13068	42.096577	44.35381	42.56509	43.01951	46.644073	47.562267	46.922207	48.815945	51.584366	54.802723	57.640305	56.092243	55.575214	52.21562	50.556828	48.32071	44.662575	43.87272	41.17598	42.403557	44.600246	44.867027	48.485004	48.201206	45.206978	43.936584	40.991978	37.787384	39.50324	38.744762	38.50956	42.003063	43.556236	42.172325	43.342464	46.884586	47.20165	45.522697	46.368786	49.484055	51.138542	49.698048	49.529716	47.708687	47.455143	50.87488	51.818306	54.65628	57.806274	57.916943	54.919018	57.298462	59.444653	56.9153	55.606792	52.01415	51.558292	53.42915	50.92665	48.04415	49.91087	50.522964	46.81577	45.9622	48.412666	47.10015	43.664307	45.00688	46.741665	45.96428	45.710518	42.388733	43.98661	46.61257	44.144054	43.717167	40.840717	38.49679	39.86177	43.40476	42.85163	41.410965	44.635265	47.264893	45.60054	45.817112	49.50215	50.061146	48.324413	50.70387	53.78558	53.13636	51.91902
G-83-E	33.414276	31.230028	27.623629	29.049433	30.84808	27.693117	25.8708	28.897875	29.199463	25.65109	26.045084	26.027388	26.610226	23.105522	21.88023	21.095037	23.044518	21.73019	20.570875	18.650654	14.838859	15.121834	18.22707	16.639303	14.821987	18.052797	20.09563	18.037857	18.029448	21.722332	22.923098	25.464302	25.637642	29.307985	30.130028	28.882208	30.307022	29.673374	28.08656	27.530422	26.517588	22.942945	22.324524	24.172495	25.141932	25.965626	28.15293	26.624228	27.90746	26.50437	29.110996	31.613949	30.724266	30.137571	26.961805	25.568487	22.373446	21.402424	19.239151	18.151524	18.176043	15.8912525	18.117476	17.78977	14.041959	15.471958	18.125994	15.942231	13.812367	17.050343	18.980865	16.533869	16.114311	19.89967	20.70913	18.42604	19.83642	23.295486	25.420023	26.637884	28.807854	31.95263	34.126022	33.920536	30.179996	28.14857	26.832243	23.074997	21.804276	18.079617	15.08	12.70864	10.015211	11.596706	10.447634	13.121706	13.555229	16.189898	14.931348	12.183943	14.011553	13.72205	15.995367	18.147797	20.695187	23.895348	27.616459	29.706442	32.794056	34.633514	36.57918	33.67676	34.0521	37.22774	37.5595	37.76334	39.937916	42.379196	42.674786	43.57246	45.7688	48.32045	48.324196	50.836956	51.65071	50.125072	47.106792	46.698868	46.893433	44.39027	41.88059	42.541836	42.81933	39.505993	37.752953	39.249187	38.27153	34.638927	34.656948	36.687096	34.198265	31.285591	33.455574	34.53603	33.384243	33.937683	34.423485	33.371166	30.702978	30.508476	30.697317	28.964636	28.889437	30.626726	28.729496	29.995632	29.066792	29.873709	30.096031	32.647167	34.511852	36.04665	32.99905	30.744017	32.967163	33.10821	36.310352	36.452946	39.201	41.245277	41.80921	39.5033	36.526688	33.065544	31.066132	27.767422	25.093845	23.91222	21.681002	23.934841	25.016428	25.677855	25.923027	28.839989	28.19263	31.842964	30.918737	30.531216	32.342888	29.262945	27.947906	24.206131	23.915194	20.664179	20.488285	21.10607	23.278078	24.802542	27.750696	30.175022	32.265224	35.278698	38.194954	37.09418	36.54775	38.894863	41.518997	39.939594	36.688187	38.5854	40.53256	37.74219	39.85342	37.552498	36.94101	33.19166	33.69573	35.504974	33.667744	36.8758	36.738106	33.714825	35.4237	38.562172	36.8035	35.494247	39.10116	40.411156	38.03295	38.875053	42.45715	41.934574	40.362106	43.507122	45.545177	43.761314	44.518875	48.133995	48.852932	48.39995	50.489925	53.28562	56.59338	59.43947	57.743546	57.062084	53.607227	51.721275	49.373928	45.722633	44.685978	41.867878	43.02552	44.947403	45.20335	48.71957	48.231655	45.091152	43.675415	40.859447	37.514362	39.150005	38.10851	37.916206	41.256886	43.01549	41.912876	42.95694	46.45084	47.054783	45.532265	46.204033	49.15761	50.99077	49.78137	49.76042	48.19791	48.09584	51.611805	52.801823	55.710938	58.929436	59.232254	56.332405	58.72816	61.026836	58.657322	57.432762	53.889137	53.20278	55.00158	52.60549	49.629105	51.25846	51.88686	48.231525	47.153866	49.437363	48.21724	44.70306	45.768642	47.375717	46.30859	46.13996	42.974567	44.71968	47.474358	45.14863	45.024067	42.301815	40.152725	41.754925	45.203316	44.62954	43.458664	46.743755	49.244144	47.660603	48.115593	51.76078	52.229477	50.666225	53.18476	56.15097	55.518593	54.49048
A-84-E	35.143925	32.65587	28.959433	30.081821	32.203255	29.305317	27.123812	30.109306	30.837332	27.3687	27.338022	27.326189	27.522884	23.864315	22.74937	21.48785	23.286036	22.42731	21.892431	20.301935	16.646101	17.591059	20.444815	18.355267	16.94815	20.470524	22.006168	19.57966	20.019932	23.765945	24.435205	26.830566	26.496271	29.994904	30.356016	28.669006	29.862621	28.772614	26.886114	25.939077	24.482172	21.04821	20.943514	23.291704	24.581139	25.929773	28.431324	27.381126	29.080124	28.048023	30.9596	33.15228	31.980743	30.984177	27.601868	25.74449	22.485435	20.910358	18.702744	16.911795	16.5881	13.842514	15.511557	15.379606	11.729875	12.747194	15.855671	14.3379545	12.0246935	15.079813	17.544304	15.735001	15.010967	18.72661	20.145466	18.23984	19.29774	22.639845	25.188953	26.23495	28.743778	31.654232	33.855865	33.240593	29.462833	27.616367	26.781906	23.125782	22.448627	18.85199	15.498559	13.59884	10.742617	12.833531	11.401477	14.40753	14.690338	16.678837	14.867916	12.028726	13.910058	13.281379	16.029188	17.999817	21.026638	24.042309	27.837446	29.828344	32.62805	34.448837	36.051674	32.908916	32.908398	35.95686	36.054016	36.52851	38.8722	41.05056	41.286606	42.48607	44.7183	47.136112	47.230774	49.829952	50.535194	49.239567	46.211136	45.52177	45.7899	43.52503	40.820747	41.244717	41.72027	38.57503	36.513195	37.895515	37.227562	33.5855	33.22881	35.354813	33.160316	29.991318	31.89132	33.265255	32.23765	33.202618	33.87223	33.2235	30.893322	30.660324	30.390985	28.268986	27.72837	29.138409	27.033358	27.958195	27.033968	27.45215	27.77524	30.599527	32.51321	34.312847	31.319918	29.148571	31.659071	32.182556	35.578983	36.108673	39.05563	41.066563	41.287003	38.895077	35.70169	32.24808	29.892424	26.567339	23.555122	22.229645	19.598845	21.482714	22.860523	23.42872	24.028101	26.96422	26.540888	30.235588	29.558754	28.800713	30.347837	27.056536	25.588373	21.873539	21.208649	17.831926	17.227379	17.855146	19.900108	21.718828	24.736994	27.41095	29.60494	32.424183	35.507725	34.540504	33.7702	36.12709	38.573082	36.928455	33.634254	35.438984	37.260036	34.441254	36.645817	34.522278	33.96723	30.265392	30.919344	32.940475	31.329218	34.58121	34.167023	31.244734	33.239456	36.20684	34.289474	33.263638	36.962666	38.048157	35.758373	36.90358	40.380447	39.761284	38.460415	41.723404	43.588512	41.909367	42.935963	46.488323	47.09295	46.891056	49.10355	51.98789	55.33073	58.24355	56.48412	55.579372	52.03411	49.97441	47.63694	43.975224	42.671295	39.699024	40.683006	42.39675	42.75889	46.17662	45.4825	42.299923	40.910954	38.258068	34.79358	36.241474	34.978878	34.705406	37.95714	39.869152	38.88368	39.790634	43.269363	44.052216	42.583576	43.111385	45.974327	47.930523	46.84464	46.961197	45.5936	45.66343	49.255814	50.61332	53.615532	56.84764	57.352936	54.51625	56.87078	59.330044	57.13716	55.950512	52.487625	51.59106	53.264915	50.953156	47.923695	49.32291	49.920956	46.323605	45.072063	47.18096	46.022877	42.46461	43.307026	44.792187	43.517246	43.41273	40.379345	42.251537	45.077415	42.87001	43.010506	40.454575	38.502766	40.346035	43.66906	43.07511	42.200256	45.531643	47.87757	46.40887	47.1274	50.70301	51.088993	49.75669	52.417202	55.235886	54.67371	53.894436
T-85-E	32.11567	29.441946	25.721321	26.73464	29.059656	26.340939	24.036736	27.097733	28.110374	24.80127	24.686867	25.023346	25.328217	21.733294	20.229006	18.56142	20.0067	19.12986	18.907076	17.7723	14.315637	15.626195	18.043367	15.52392	14.486418	18.194979	19.245531	16.670923	17.624847	21.287018	21.582432	24.05272	23.571795	26.986422	27.273605	25.559946	26.517387	25.476074	23.816309	22.7881	21.574713	17.98579	17.90536	20.13841	21.167534	22.609592	25.044863	24.13467	25.929417	25.0286	28.11618	30.112944	28.71763	27.57071	24.102205	22.15145	18.982866	17.368195	15.4466915	13.737706	14.007546	11.819695	13.435469	12.591021	8.823364	9.946872	12.611075	10.726541	8.493669	11.803893	13.949399	12.089837	11.778174	15.489053	16.719416	15.125958	16.561573	19.6788	22.114992	22.863495	25.295958	28.11266	30.200289	29.55738	25.780947	23.856308	23.084375	19.462805	18.942274	15.423422	11.951494	10.402199	7.8960795	10.727243	10.185374	13.750084	14.953606	16.455378	13.99255	10.558639	11.49466	10.10049	12.605957	14.31488	17.417543	20.342936	24.143497	26.145605	28.895067	30.785654	32.350025	29.22435	29.237629	32.288876	32.505363	32.969402	35.21738	37.44354	37.780304	38.922237	41.07621	43.48466	43.5216	46.092922	46.819866	45.49045	42.454	41.818558	42.09839	39.789207	37.09845	37.60398	38.086304	34.899883	32.8829	34.380592	33.699936	30.024862	29.800373	32.036766	29.828074	26.715614	28.821323	30.273773	29.491426	30.429867	31.378868	30.8344	28.544344	27.955053	27.70942	25.485592	25.09451	26.348059	24.072748	24.97636	23.833212	24.45733	24.59944	27.24566	29.112377	30.79313	27.806307	25.557032	27.97369	28.426449	31.803778	32.325962	35.29411	37.291756	37.49969	35.1204	31.942673	28.504969	26.211605	22.858786	19.931053	18.73801	16.260693	18.489185	19.822897	20.760809	21.462301	24.643702	24.5456	28.297672	27.937208	27.467411	28.765009	25.48651	23.677132	19.905382	19.154705	15.706221	15.497011	15.816139	18.116135	19.375082	22.263048	24.623869	26.72534	29.752697	32.65338	31.54268	31.010996	33.414543	36.075798	34.62418	31.319567	33.174	35.252052	32.585674	34.774616	32.456505	32.1052	28.395943	29.244175	30.938286	29.019789	32.088818	31.732552	28.607376	30.369484	33.38744	31.465757	30.175888	33.82665	34.99547	32.57915	33.54945	37.080307	36.479588	35.01564	38.23282	40.174538	38.446465	39.351616	42.9293	43.59536	43.3056	45.46075	48.33479	51.658417	54.56939	52.85619	52.00613	48.491932	46.5259	44.23808	40.560055	39.37911	36.470608	37.53187	39.430294	39.768524	43.27238	42.745815	39.65178	38.353687	35.580788	32.214573	33.761295	32.773674	32.534126	35.94608	37.626873	36.42576	37.51831	41.021275	41.544754	40.010235	40.756725	43.735767	45.497936	44.27063	44.209084	42.64789	42.565998	46.10108	47.341434	50.285812	53.511395	53.904964	51.040672	53.432285	55.812687	53.5503	52.38093	48.881348	48.03948	49.79226	47.48239	44.43964	45.939285	46.610603	42.999325	41.790314	44.03941	42.924053	39.36146	40.327106	41.987133	40.922153	40.889603	37.768345	39.679966	42.344387	39.959007	39.944065	37.375957	35.2516	37.10373	40.434193	39.710785	38.75764	42.138996	44.456497	42.87454	43.58092	47.186783	47.50558	46.10686	48.789894	51.604435	50.976803	50.180454
G-86-E	30.329107	27.870144	24.150398	25.004385	26.986689	24.1331	21.780933	24.625797	25.39214	21.924952	21.7416	21.75905	22.028326	18.41843	17.141537	15.950319	17.918837	17.114315	16.575933	14.892987	11.377331	12.971945	15.734044	13.68133	13.096646	16.680723	18.055365	16.114605	17.292854	20.76092	21.431227	24.33966	24.345543	27.850662	28.512115	27.136051	27.906399	27.199997	25.980717	24.926184	24.029158	20.318083	20.242786	22.114979	22.556915	23.740234	25.720448	24.476982	25.807121	24.41374	27.282999	29.551579	28.045012	27.309515	23.88811	22.39292	19.58394	18.489569	17.148409	15.9607725	16.914494	15.197974	16.692282	15.262019	11.577284	12.083168	14.23511	12.068821	9.275606	12.09494	13.987306	11.410915	10.56427	14.336197	15.273612	12.963857	14.259854	17.682384	19.942945	21.200056	23.589409	26.703526	29.075214	28.797174	25.0578	23.362587	22.12813	18.412842	17.657934	14.18099	11.266825	10.183372	8.739213	11.851598	12.160052	15.663065	17.158735	19.09342	16.86714	13.323941	13.756983	11.938682	13.50277	14.619223	17.197964	19.910727	23.639637	26.083387	28.988503	31.218313	32.906128	29.978996	30.064442	33.003273	33.638123	34.164383	36.08052	38.403355	39.069656	40.064808	41.955	44.276337	44.00677	46.341465	46.915943	45.33605	42.470493	41.95011	41.917156	39.476227	37.055965	37.527016	37.63191	34.37354	32.64139	33.93957	32.87782	29.297668	29.267061	31.158709	28.636786	25.730747	27.891882	28.899788	27.765419	28.352293	28.969227	28.093494	25.590878	25.252316	25.243174	23.375994	23.297056	25.03386	23.205332	24.669271	23.919838	25.049389	25.52058	27.905844	30.059149	31.746185	28.97091	26.353094	28.394188	28.740442	31.951992	32.16282	35.131405	36.873768	37.34322	34.786526	31.753256	28.1727	26.094692	23.011356	20.474182	18.894693	17.020092	19.25835	19.88123	20.473488	20.506723	23.473335	22.931671	26.605768	25.884798	25.751093	27.415731	24.421854	22.980228	19.228298	19.20674	16.17377	16.78557	17.700811	20.498793	21.49208	23.97353	26.092697	28.421236	31.54594	34.30169	32.811428	32.254837	34.370037	37.147636	35.52761	32.439064	34.629406	36.650784	33.842434	35.696117	33.10247	32.43411	28.656174	29.08953	30.578222	28.499664	31.63073	31.721476	28.642689	30.14201	33.407413	31.871763	30.429272	33.955406	35.502033	33.25085	33.905518	37.54234	37.302773	35.704967	38.6987	40.933525	39.379147	39.99774	43.526886	44.501747	44.147575	46.03925	48.987858	52.173843	55.162586	53.676434	52.909966	49.46552	47.730618	45.643234	41.925797	40.8831	37.984055	38.91959	41.041637	41.571854	45.12839	44.638615	41.719063	40.67647	37.906025	34.593857	36.010956	35.092705	34.586052	38.08047	39.765488	38.272625	39.25292	42.85894	43.23908	41.42904	42.122757	45.272614	47.02859	45.535347	45.533833	43.802128	43.764336	47.258114	48.231712	51.217205	54.309204	54.613403	51.580776	53.833366	56.14445	53.76031	52.365425	48.86248	48.295227	49.97239	47.442238	44.586163	46.304745	46.76858	43.06416	42.182102	44.46552	43.07145	39.637486	40.913147	42.494453	41.617867	41.28328	37.98765	39.57908	42.29359	39.938793	39.669735	36.847282	34.696327	36.197365	39.677944	39.217655	38.00874	41.234467	43.802982	42.32844	42.73398	46.347507	46.940968	45.457848	47.91983	50.901173	50.427876	49.446056
H-87-E	26.793991	24.242458	20.507307	21.231045	23.28442	20.546375	18.083302	20.976856	21.934555	18.59663	18.376932	18.761385	19.265139	15.803357	14.014404	12.539805	14.263477	13.320183	12.933606	11.614698	8.378481	10.538355	12.778443	10.428609	10.587813	14.19153	15.115576	13.382021	15.193741	18.366049	18.809868	21.934526	22.039919	25.448503	26.229382	25.046347	25.53589	25.099533	24.345167	23.312977	22.879337	19.09487	18.936392	20.386192	20.25825	21.309803	22.947592	21.666557	22.838114	21.363176	24.28089	26.454998	24.710806	24.03211	20.595564	19.2872	16.808916	16.059729	15.360234	14.697118	16.46975	15.591114	17.005049	14.857885	11.493043	11.916138	13.066368	10.384502	7.8657107	10.451074	11.474173	8.328251	8.022812	11.665476	11.951204	9.654883	11.608831	14.809464	16.698864	17.792065	19.968996	23.136604	25.45722	25.37348	21.67314	19.925098	18.463867	14.727429	13.92145	10.542526	7.9246864	7.6965303	7.698021	11.2188	12.671772	16.275314	18.49839	20.125761	17.619942	13.863088	13.244757	10.724894	11.264033	11.698326	13.918014	16.423323	20.088968	22.724424	25.671278	28.083643	29.830906	27.068739	27.278656	30.183308	31.119907	31.586535	33.24541	35.6874	36.560066	37.38027	39.093212	41.39664	40.962936	43.17477	43.753437	42.02168	39.20559	38.842106	38.717728	36.14272	33.871243	34.476517	34.43245	31.07729	29.567316	30.957115	29.695454	26.125177	26.407558	28.284197	25.588966	22.906317	25.377935	26.260408	25.290485	25.631077	26.437506	25.495907	22.906696	22.20154	22.4202	20.655682	20.991707	22.74968	20.94145	22.615715	21.751286	23.336082	23.671097	25.668169	27.808207	29.282	26.604862	23.808838	25.520096	25.652872	28.716566	28.725618	31.66254	33.313023	33.925724	31.356686	28.451199	24.859632	23.037432	20.063074	17.918482	16.440351	15.17075	17.798664	18.036718	18.951023	18.802998	21.910154	21.57504	25.20645	24.702808	25.056992	26.565971	23.770227	22.130476	18.44748	18.620779	15.822575	17.084023	17.793886	20.81098	21.126947	23.27274	24.895964	27.109377	30.445017	32.899128	31.160025	30.900587	32.95676	35.98104	34.550648	31.558887	33.858486	36.112835	33.4689	35.188457	32.345104	31.807323	28.066992	28.560366	29.592413	27.134129	30.024609	30.351994	27.097721	28.181347	31.564863	30.182886	28.370285	31.74369	33.51529	31.180353	31.480587	35.194412	35.095047	33.240757	36.070812	38.48864	36.917835	37.263752	40.798885	41.939472	41.42294	43.146877	46.072166	49.18284	52.16583	50.803967	50.1658	46.806015	45.273582	43.299664	39.585518	38.772633	36.00483	37.015167	39.402706	39.927307	43.568996	43.300533	40.545616	39.655254	36.770668	33.640503	35.139587	34.55843	34.05093	37.680458	39.094788	37.325226	38.47651	42.090282	42.147068	40.21753	41.137653	44.425674	45.95104	44.24684	44.053	42.059795	41.841637	45.22421	45.970425	48.86992	51.905212	52.02817	48.924046	51.18088	53.350254	50.83212	49.394238	45.84403	45.45501	47.217308	44.624	41.826584	43.751198	44.244076	40.507767	39.800247	42.26316	40.839787	37.46932	38.991337	40.747375	40.18253	39.83998	36.41642	37.927704	40.44737	37.905365	37.34743	34.426434	32.045544	33.390995	36.93353	36.40856	34.97685	38.193367	40.825935	39.234055	39.481346	43.13928	43.749958	42.121754	44.512993	47.56357	47.044914	45.94061
P-88-E	26.866713	23.983805	20.24614	20.392223	22.804726	20.562632	17.621521	20.310808	21.893042	18.85818	18.003893	18.526445	18.583885	15.132313	13.341837	11.023213	12.342284	12.212241	12.95467	12.392068	10.062531	12.957915	14.458681	11.680801	12.7243805	16.261768	16.37348	14.521583	17.019005	19.9199	19.688341	22.708689	22.36401	25.450182	25.815516	24.314402	24.271536	23.521402	22.843395	21.313873	20.758886	17.082615	17.562086	19.229893	18.963562	20.543089	22.226809	21.499254	22.972645	21.868774	25.040028	26.782307	24.577543	23.505123	19.882568	18.185965	16.01156	14.7837305	14.675313	13.604182	15.7218075	15.137043	15.751581	13.014639	10.193291	9.632113	10.208748	8.042748	5.063407	6.8031526	7.9346795	5.1493993	4.2729273	8.007924	8.896528	7.235576	8.981287	11.858969	14.169651	14.972205	17.54884	20.451466	22.858034	22.39682	18.65655	17.239704	16.274282	12.740663	12.930331	10.152755	7.6126323	8.903385	9.516963	13.292022	14.886083	18.64208	20.998331	22.087059	19.108133	15.281548	14.113781	10.85936	11.103349	10.53597	13.020388	14.901708	18.525745	21.217747	23.785385	26.368668	27.711893	24.79947	24.590176	27.263868	28.23295	29.042568	30.647867	32.855495	33.89471	34.94154	36.504814	38.600853	38.085545	40.264175	40.664433	39.057137	36.302746	35.704464	35.52594	33.1341	30.768854	31.135574	31.149302	27.921825	26.204529	27.45251	26.36585	22.783957	22.807156	24.737215	22.225544	19.345642	21.71842	22.825874	22.067114	22.738918	23.876982	23.392527	21.208548	20.256914	19.997265	17.790152	17.815506	19.24233	17.21652	18.765024	17.913826	19.5313	20.018072	22.029135	24.355623	26.05218	23.579212	20.61363	22.384201	22.890535	26.083076	26.41189	29.592678	31.060503	31.3698	28.621912	25.532314	21.883865	19.758963	16.885092	14.618075	12.778719	11.598874	14.101504	14.174637	15.167885	15.191807	18.471252	18.527287	22.20201	22.127943	22.461159	23.586378	20.72823	18.776833	15.135452	15.185709	12.525305	14.21466	14.953026	18.21813	18.161741	19.951784	21.40017	23.760807	27.074924	29.469402	27.567614	27.24319	29.19208	32.249523	30.829132	27.905243	30.301544	32.586605	29.989235	31.619894	28.687994	28.236046	24.536009	25.162128	26.029821	23.47503	26.279276	26.563051	23.262947	24.332752	27.69948	26.326181	24.525055	27.912367	29.692923	27.435991	27.779062	31.479366	31.467302	29.726658	32.547974	34.97528	33.57332	33.99351	37.45315	38.658176	38.33033	40.025665	43.076397	46.14885	49.237072	47.938526	47.131393	43.728745	42.179993	40.35076	36.605457	35.6549	32.776897	33.584743	35.988945	36.70375	40.31375	39.96668	37.32914	36.663387	33.888763	30.764494	32.056263	31.494135	30.799454	34.464535	35.85255	33.91176	35.000015	38.645077	38.62623	36.57891	37.48722	40.836357	42.33734	40.5386	40.384796	38.37659	38.252243	41.654076	42.372486	45.35148	48.338093	48.561417	45.428837	47.60768	49.86848	47.438557	45.953583	42.459652	41.998188	43.647476	41.044758	38.25661	40.103745	40.523396	36.788406	36.07038	38.467957	37.01351	33.642185	35.165176	36.889896	36.352985	35.996597	32.56287	34.099106	36.59387	34.04829	33.542786	30.671103	28.352592	29.83202	33.319336	32.787075	31.515463	34.767303	37.32111	35.819046	36.22881	39.841686	40.43035	38.978115	41.45603	44.411945	43.992054	43.077835
G-89-E	26.852705	24.115509	20.482521	20.050652	22.151894	20.083391	16.828447	18.950481	20.56497	17.530233	16.056698	16.04636	15.540981	11.982458	10.790184	8.690579	10.775461	11.567867	12.571468	11.634132	10.008944	13.51695	15.002646	12.812712	14.607624	17.779367	17.9314	16.748735	19.478407	22.043427	21.93702	25.18071	25.067253	28.035547	28.504286	27.133205	26.745737	26.076502	25.684237	23.915375	23.398598	19.870962	20.676453	22.240013	21.60145	23.170921	24.480473	23.73152	24.875196	23.491644	26.458895	28.251966	25.786486	24.97444	21.43945	20.066133	18.447042	17.47085	17.905209	16.941593	19.230133	18.685942	18.924664	16.003485	13.502597	12.175053	12.475554	10.953994	7.8788953	7.9167895	8.942723	6.412509	3.634636	6.556619	7.690448	5.0652947	5.627254	9.017223	11.577493	13.15218	16.027225	19.090532	21.958961	21.670029	18.080978	17.358334	16.224855	12.963801	13.492409	11.402705	9.958755	11.891357	13.0073805	16.717648	18.450228	22.159317	24.484396	25.757633	22.856358	19.028698	17.830198	14.504021	14.28971	13.038157	14.901343	16.072102	19.37201	22.456457	24.862778	27.794693	28.969578	26.217527	25.782742	28.09693	29.414354	30.51594	31.780125	33.8449	35.253002	36.33393	37.550583	39.38336	38.531776	40.42431	40.50786	38.763668	36.28442	35.606564	35.036613	32.704903	30.602774	30.68381	30.306534	27.185251	25.64317	26.43221	25.057951	21.689621	21.63826	23.056396	20.35303	17.59585	19.747765	20.388441	19.173313	19.681171	20.494017	19.915024	17.773014	17.16124	16.75603	14.702561	14.785831	16.712807	15.288745	17.453997	17.31501	19.33355	20.414677	22.206167	24.939383	26.839083	24.797241	21.497948	22.907816	23.609701	26.630573	26.856487	30.131477	31.162355	31.529194	28.494228	25.490938	21.737415	19.664757	17.361208	15.530038	13.00762	12.5681305	14.467833	13.589365	13.837649	12.990553	15.892929	15.479206	19.057497	18.718962	19.343845	20.72815	18.192244	16.662577	13.202542	14.154711	12.296577	14.798758	16.259127	19.860876	19.690954	20.905167	22.158733	24.843676	28.033724	30.312672	28.03524	27.492336	28.991657	32.02331	30.337637	27.74339	30.494137	32.570454	29.808126	31.010838	27.858046	27.012854	23.321186	23.457024	24.11846	21.497793	24.385223	25.130184	22.03263	22.906433	26.464636	25.570776	23.818062	27.032997	29.162786	27.27454	27.409077	31.110596	31.545792	29.885786	32.43491	35.097324	34.056988	34.300472	37.583908	39.107918	38.91022	40.322342	43.51547	46.39632	49.61772	48.584354	47.714092	44.366135	43.002346	41.4701	37.71998	36.7477	33.80484	34.2805	36.777817	37.823845	41.374264	40.915817	38.50721	38.1966	35.595795	32.504528	33.462505	32.82848	31.740377	35.38165	36.86882	34.664566	35.479492	39.20109	39.128334	36.774387	37.487476	40.962914	42.533207	40.48568	40.524918	38.46121	38.542538	41.9122	42.393204	45.479725	48.26914	48.53606	45.24724	47.179153	49.46366	47.0298	45.26733	41.8662	41.61938	43.03709	40.208946	37.671764	39.616856	39.705116	35.9156	35.534008	37.80617	36.00977	32.82343	34.594944	36.086647	35.659763	34.925323	31.37491	32.528843	35.133617	32.74915	32.093533	29.001612	26.845057	27.983498	31.565989	31.426687	30.049791	33.078552	35.8562	34.63629	34.832165	38.3666	39.2865	37.93315	40.19337	43.241577	43.113647	42.160683
I-90-E	26.153608	23.823965	20.229242	20.142878	21.716637	19.182674	16.279593	18.38973	19.315609	15.906585	14.8613615	14.445613	14.292484	10.633019	9.634312	8.824774	11.677987	11.788487	11.64213	9.621453	7.483118	10.857928	12.985034	11.55838	13.130879	16.063707	16.92741	16.248535	18.561142	21.117023	21.665148	25.132711	25.554874	28.765564	29.690296	28.691183	28.64079	28.334183	28.027004	26.634201	26.302746	22.638563	22.962114	24.26261	23.539593	24.613127	25.69742	24.403624	25.094414	23.208136	25.830343	28.065758	25.907497	25.612288	22.280329	21.425367	19.752388	19.323599	19.512909	18.97507	21.177109	20.491648	21.299454	18.67561	15.735092	15.024809	15.676721	13.618745	10.661957	11.502363	12.324209	9.180082	7.2953253	10.019856	10.233174	6.7693367	7.5631104	11.18277	13.02804	15.134758	17.530859	20.954533	23.856775	24.088278	20.601614	19.69426	17.926683	14.501309	14.091523	11.671751	10.602089	11.834665	12.93517	16.360043	18.138487	21.639868	23.883972	25.657875	23.181458	19.4122	18.516108	15.621545	15.340097	14.563189	15.982022	17.493996	20.74684	23.96598	26.724707	29.651049	31.195965	28.660772	28.600527	31.052652	32.500725	33.339275	34.51177	36.80179	38.199203	39.033985	40.260986	42.221985	41.30981	43.118347	43.282814	41.32669	38.88544	38.461605	37.800423	35.264416	33.379536	33.652588	33.05694	29.815306	28.601542	29.424526	27.730247	24.459032	24.742382	25.937971	22.954254	20.54704	22.787312	22.986637	21.42185	21.391228	21.680538	20.451494	17.778158	17.574623	17.812359	16.478773	17.081327	19.520555	18.54937	21.000406	20.976156	23.117956	24.145496	25.81299	28.461864	30.158512	28.028622	24.757132	25.963888	26.296824	29.118282	28.93654	31.99035	33.043655	33.784603	30.837523	28.081415	24.34944	22.663712	20.398886	18.829916	16.559816	16.21112	18.262156	17.35947	17.457373	16.232159	18.768673	17.777405	21.165258	20.226149	21.066689	22.97103	20.700993	19.667696	16.300003	17.586338	15.755822	18.045195	19.599796	23.118929	23.191065	24.6024	25.925108	28.539915	31.774868	34.047832	31.786324	31.299694	32.782005	35.81035	34.068027	31.511564	34.278343	36.299515	33.463375	34.613464	31.461275	30.43097	26.726456	26.580008	27.286627	24.725706	27.658915	28.621454	25.625042	26.38136	30.006886	29.267706	27.45676	30.570694	32.82492	30.943	30.91082	34.638706	35.13815	33.334015	35.78427	38.544563	37.4338	37.496002	40.808502	42.40047	42.018284	43.337788	46.447342	49.290985	52.45049	51.466652	50.77362	47.499443	46.24816	44.680378	40.94925	40.147106	37.307697	37.90708	40.466755	41.421314	45.01136	44.632633	42.192867	41.785637	39.096004	36.01684	37.10426	36.476974	35.460434	39.093063	40.602272	38.445312	39.27252	42.99418	42.93321	40.585182	41.28678	44.761433	46.345116	44.2826	44.310154	42.200047	42.217125	45.54177	45.935833	48.961136	51.72637	51.869743	48.54341	50.473763	52.6421	50.087822	48.27023	44.834217	44.773335	46.248272	43.343884	40.895264	42.99272	43.05467	39.24639	39.01673	41.34832	39.473095	36.365456	38.252495	39.732227	39.36267	38.524227	34.940056	35.926464	38.548534	36.197517	35.38658	32.167828	29.961624	30.800688	34.467808	34.455715	32.82657	35.72385	38.670605	37.429207	37.336845	40.892773	41.958454	40.41964	42.485847	45.682858	45.5459	44.34558
I-91-E	28.66668	26.445858	22.810383	23.170477	24.704891	21.885813	19.311766	21.63447	22.22189	18.64135	18.0417	17.471073	17.423376	13.760578	13.043977	12.546732	15.296738	14.985052	14.341059	11.979156	8.927272	11.386867	14.267564	12.942777	13.4722595	16.616903	18.072546	17.058872	18.728569	21.70356	22.584923	25.925257	26.35423	29.78436	30.723482	29.63576	29.995787	29.559372	28.849333	27.600437	26.975176	23.250536	23.410116	24.974516	24.744629	25.793505	27.213997	25.789621	26.608782	24.733625	27.332802	29.765398	27.963121	27.653664	24.316183	23.315468	21.14222	20.51825	20.00859	19.206133	20.829842	19.563623	20.674713	18.616434	15.243387	14.909655	16.397724	14.331255	11.166503	12.819057	14.336097	11.328463	9.569098	12.8735075	13.528268	10.340326	11.021121	14.724985	16.780607	18.78468	21.191793	24.577108	27.363625	27.46909	23.884085	22.716263	21.058138	17.462393	16.740892	13.764397	11.957914	12.041041	12.070124	15.3016205	16.412466	19.819954	21.601234	23.699217	21.518589	17.885132	17.720001	15.3667	15.878654	15.976743	17.831343	19.917452	23.384157	26.364513	29.260284	31.941067	33.600185	30.915735	30.923439	33.57176	34.714474	35.448128	36.914696	39.225594	40.350994	41.253117	42.737797	44.837635	44.146336	46.133926	46.419525	44.576496	42.00245	41.53558	41.05637	38.553608	36.496933	36.801205	36.410576	33.17079	31.773874	32.690456	31.189352	27.831432	27.943306	29.29643	26.458546	23.8513	25.939875	26.33802	24.72471	24.892178	25.0488	23.816845	21.145632	21.210785	21.384132	19.986837	20.252491	22.59281	21.451096	23.609825	23.475903	25.188156	26.150114	28.181498	30.723763	32.49178	30.112226	27.05619	28.607388	28.964714	31.940708	31.86317	34.87499	36.169403	36.862743	34.032043	31.178713	27.46891	25.61702	23.046906	21.052637	18.922535	17.888145	19.887974	19.538296	19.572227	18.686638	21.221252	20.098728	23.56813	22.412544	22.760845	24.837406	22.314663	21.395485	17.854708	18.818954	16.552395	18.178425	19.769346	23.079012	23.71687	25.579618	27.356083	29.977638	33.12532	35.673565	33.698425	33.054382	34.719994	37.58331	35.743484	33.007862	35.616646	37.515827	34.561924	35.928734	33.01089	31.938152	28.161304	28.044138	29.20347	26.962275	30.109913	30.788725	27.862862	29.006248	32.522247	31.538132	29.98048	33.278767	35.286995	33.34567	33.62481	37.322186	37.588715	35.917637	38.577312	41.155033	39.92174	40.212887	43.59961	44.982437	44.64108	46.1671	49.24028	52.205254	55.31998	54.16254	53.430115	50.079803	48.63544	46.8731	43.12955	42.19479	39.284363	39.958405	42.314453	43.15877	46.72611	46.228817	43.581173	42.934017	40.24719	37.012375	38.168167	37.308346	36.40948	39.96324	41.661285	39.787296	40.567177	44.278843	44.48306	42.304916	42.88752	46.23484	47.98658	46.14747	46.265915	44.355736	44.437107	47.861755	48.487747	51.543823	54.417725	54.661793	51.42263	53.433163	55.685604	53.20493	51.494274	48.048386	47.816708	49.315853	46.50844	43.94195	45.885384	46.02357	42.238678	41.794235	44.045628	42.274624	39.059006	40.708267	42.124554	41.484993	40.73736	37.26232	38.400356	41.165	38.910973	38.346363	35.236477	33.14473	34.17503	37.79122	37.727554	36.259808	39.224705	42.08718	40.83873	40.888523	44.4479	45.421516	43.923355	46.084274	49.23191	49.03071	47.885258
P-92-E	32.258205	29.879332	26.19468	26.442575	28.18534	25.502365	22.773327	25.045193	25.839989	22.313168	21.452284	20.706852	20.18983	16.424082	16.13943	15.340353	17.98659	18.086176	17.86762	15.722785	12.708447	15.058572	17.959494	16.355932	16.602396	19.959211	21.337227	19.889917	21.449892	24.67189	25.355022	28.485243	28.549662	31.947935	32.54478	31.082632	31.44293	30.575129	29.448057	27.9189	26.77719	23.183187	23.73781	25.814856	26.058146	27.51097	29.321308	28.213102	29.399555	27.81873	30.601755	32.890945	31.052498	30.428022	26.946419	25.519379	23.10374	21.910952	21.069288	19.601452	20.677788	18.815351	19.543303	17.86307	14.483817	13.705564	15.907119	14.559813	11.019521	12.532353	14.955443	12.683096	10.357751	13.715971	15.297296	12.516918	12.473904	16.162521	18.824541	20.757238	23.563883	26.722652	29.564621	29.247162	25.60233	24.60695	23.436201	19.909525	19.654175	16.657528	14.312557	14.219138	13.437404	16.713247	17.075054	20.544043	21.81537	23.826115	21.583538	18.062855	18.426443	16.205568	17.458405	17.785175	20.192322	22.30386	25.885489	28.69601	31.383305	33.963707	35.361137	32.41541	32.08756	34.659763	35.496925	36.46908	38.181335	40.24416	41.238625	42.447197	44.042385	46.051483	45.497314	47.60524	47.79452	46.193398	43.592052	42.828194	42.43194	40.178497	37.901775	37.940258	37.759727	34.69973	32.946888	33.700005	32.534096	29.164564	28.796652	30.205318	27.690243	24.739813	26.409615	27.091341	25.438963	26.103245	26.265387	25.424095	23.138397	23.421095	23.042051	21.25227	20.83357	22.920916	21.637304	23.458445	23.46552	24.671194	25.863802	28.308073	30.945595	33.04726	30.672047	27.730162	29.658438	30.418993	33.6234	33.931553	37.110954	38.43058	38.800907	35.9002	32.81014	29.094599	26.823627	24.177578	21.722002	19.36085	17.738806	19.212364	19.197908	18.87258	18.290823	20.720633	19.57288	23.114904	21.96499	21.665741	23.70295	20.889315	20.053692	16.462296	17.167871	14.760273	15.913657	17.846094	21.069004	22.2339	24.227974	26.438417	29.258718	32.148373	34.97786	33.1847	32.176228	33.829025	36.42184	34.369274	31.583841	34.13042	35.768864	32.651283	34.09658	31.413694	30.22129	26.428429	26.29141	27.901651	26.0694	29.44227	29.821104	27.094738	28.704426	32.05583	30.911581	29.788816	33.247063	34.99881	33.204136	33.895504	37.4848	37.6432	36.317688	39.144505	41.518875	40.39645	41.02225	44.357265	45.591022	45.5278	47.220974	50.38492	53.411224	56.588795	55.32986	54.363647	50.899693	49.229168	47.4278	43.6668	42.41396	39.30911	39.787758	41.86155	42.82147	46.27158	45.489883	42.74281	42.071415	39.57823	36.163002	37.101032	35.88771	34.86706	38.281803	40.262222	38.588234	39.13103	42.84631	43.36118	41.24449	41.560814	44.786125	46.77858	45.116627	45.474888	43.848274	44.18214	47.73066	48.587215	51.77641	54.680195	55.17957	52.008766	53.96946	56.42676	54.14781	52.466003	49.10792	48.63494	49.977406	47.244904	44.620007	46.286503	46.354633	42.617516	41.971386	43.980556	42.231537	38.95482	40.32374	41.51975	40.547688	39.796734	36.471497	37.708694	40.674545	38.63942	38.4359	35.48265	33.693386	34.980553	38.476475	38.469696	37.350533	40.34479	43.07254	41.999332	42.326756	45.80578	46.73156	45.493984	47.79044	50.796776	50.691166	49.794807
P-93-E	33.920296	31.452347	27.724186	28.343966	30.301294	27.521034	24.99006	27.600954	28.40183	24.879618	24.362228	23.936739	23.6984	19.956617	19.31031	18.23498	20.484568	20.190025	19.879532	17.983624	14.590802	16.345642	19.297203	17.402725	16.899904	20.430113	21.885178	19.936693	21.049524	24.564857	25.216461	28.042402	27.883722	31.339293	31.783506	30.154673	30.852964	29.810335	28.292088	26.932348	25.554024	22.014286	22.390535	24.692549	25.445168	26.941284	29.116379	28.078047	29.547697	28.230421	31.12074	33.361908	31.784752	30.946386	27.453688	25.760117	22.925238	21.460396	19.998707	18.255854	18.703558	16.368101	17.365196	16.332548	12.75696	12.580528	15.390735	14.071772	10.865964	13.143999	15.80778	13.815684	12.138308	15.751675	17.413092	15.08102	15.511229	19.042809	21.751812	23.260366	26.007034	29.034967	31.610092	31.087889	27.351068	25.993238	25.040525	21.425915	21.04701	17.723701	14.790148	13.896766	12.133438	15.070575	14.674768	18.025736	18.865553	20.849352	18.735783	15.449421	16.4448	14.792809	16.79263	17.84378	20.64913	23.185205	26.917078	29.370863	32.09013	34.34666	35.79266	32.701244	32.450912	35.22734	35.69806	36.507927	38.53867	40.614338	41.268333	42.533108	44.42203	46.594337	46.33993	48.685818	49.081192	47.651035	44.852566	44.06668	43.973454	41.75149	39.24175	39.40325	39.548294	36.470547	34.512444	35.521507	34.63258	31.12413	30.67892	32.43017	30.107853	26.987516	28.70168	29.75704	28.391447	29.279715	29.685804	28.997898	26.747921	26.81363	26.404245	24.390615	23.805172	25.527267	23.822142	25.172153	24.772902	25.538185	26.394156	29.099667	31.453897	33.49744	30.84411	28.23356	30.495312	31.227873	34.57343	35.045094	38.168255	39.796387	40.047993	37.34509	34.155178	30.53386	28.139706	25.157206	22.349318	20.385302	18.174711	19.760414	20.4523	20.484821	20.526741	23.19564	22.399958	26.029076	25.114155	24.478548	26.268206	23.166073	22.032785	18.35181	18.339182	15.394209	15.641429	17.106129	19.867302	21.43782	23.923897	26.442492	29.053135	31.8824	34.890244	33.4778	32.498905	34.466587	36.955204	35.033585	31.999815	34.222805	35.898415	32.864113	34.66784	32.267555	31.335632	27.56275	27.78905	29.68063	28.019945	31.386806	31.347282	28.55567	30.432917	33.592133	32.065197	31.059616	34.66943	36.08462	34.090157	35.05938	38.593452	38.392597	37.135162	40.192753	42.317055	40.970734	41.831688	45.26159	46.20139	46.128994	48.07926	51.147614	54.326958	57.408966	55.91635	54.93197	51.40521	49.52409	47.48411	43.75052	42.413197	39.316875	39.976307	41.85123	42.58291	46.008163	45.20717	42.248386	41.269505	38.73781	35.251785	36.36433	35.054836	34.320053	37.655407	39.670883	38.320877	38.975933	42.60484	43.295628	41.461857	41.820114	44.87596	46.90453	45.51979	45.819828	44.3533	44.621216	48.221245	49.337837	52.478035	55.534153	56.083466	53.062954	55.18866	57.68785	55.478455	54.013832	50.61933	49.918133	51.37955	48.838955	46.020615	47.524677	47.812286	44.13689	43.18658	45.20087	43.712116	40.29121	41.380703	42.66709	41.497322	41.02997	37.853405	39.39747	42.34323	40.265877	40.280556	37.527306	35.712315	37.299408	40.70365	40.442772	39.490593	42.647884	45.186855	43.965935	44.51573	48.030518	48.71087	47.474197	49.959045	52.863537	52.574265	51.770622
H-94-E	35.970478	33.763535	30.094677	30.976068	32.667393	29.64177	27.39752	30.001015	30.39149	26.735355	26.51615	25.849306	25.732637	22.063734	21.647038	21.080652	23.562458	23.00897	22.193628	19.880922	16.291517	17.397833	20.731627	19.324358	18.30898	21.57987	23.567278	21.7916	22.323614	25.896065	27.001274	29.784346	29.88823	33.48443	34.14098	32.67434	33.69118	32.7717	31.147131	30.039223	28.644407	25.132336	25.222929	27.45014	28.346243	29.579887	31.745443	30.427992	31.712385	30.195248	32.847393	35.345737	34.082073	33.485706	30.132708	28.642385	25.681597	24.425558	22.651651	21.070219	21.164646	18.563572	19.931198	19.403036	15.75638	15.992375	18.980047	17.537874	14.550974	16.9884	19.581789	17.406027	15.84407	19.461895	20.93433	18.336695	18.74948	22.406605	24.962414	26.682585	29.297358	32.465622	35.058067	34.70896	30.980036	29.523396	28.35408	24.663774	23.897728	20.422127	17.594236	16.123362	13.985508	16.270061	15.336284	18.176434	18.39972	20.892433	19.422709	16.56524	18.20171	17.221107	19.38928	20.85641	23.51117	26.273367	29.99979	32.425514	35.313824	37.477425	39.11042	36.07866	36.000042	38.87505	39.30109	39.96892	42.052937	44.21751	44.76889	45.953434	47.93445	50.202038	49.99669	52.363216	52.82247	51.339973	48.521076	47.818386	47.731308	45.439884	42.970818	43.201775	43.30441	40.180622	38.299747	39.32052	38.345245	34.85168	34.47581	36.152843	33.744774	30.69526	32.385185	33.29328	31.73453	32.468857	32.592964	31.650917	29.23124	29.575924	29.366486	27.610575	27.121431	29.046196	27.51549	28.947626	28.621506	29.33838	30.191837	32.934612	35.23742	37.22899	34.48825	31.957817	34.219383	34.821327	38.12272	38.456768	41.470818	43.173668	43.56756	40.925735	37.805477	34.18832	31.894804	28.877705	26.098366	24.222477	21.982862	23.553017	24.281574	24.18342	24.089329	26.55996	25.461267	28.977201	27.716679	26.991951	29.068274	26.0733	25.266407	21.681885	21.792597	18.930422	18.90862	20.403343	22.899462	24.77463	27.41377	30.076714	32.64704	35.406982	38.494915	37.196167	36.162323	38.143013	40.529804	38.52632	35.493904	37.654755	39.198135	36.09423	37.912994	35.639267	34.57397	30.825665	30.88209	32.948254	31.459364	34.91233	34.895306	32.217384	34.15987	37.311684	35.805492	34.8814	38.49465	39.891544	37.916374	38.916916	42.444813	42.213055	40.960037	44.034904	46.139515	44.742535	45.60929	49.065804	49.96492	49.842243	51.821926	54.845577	58.048588	61.090416	59.556274	58.626526	55.104645	53.197605	51.076637	47.35926	46.037746	42.964603	43.680737	45.482746	46.143997	49.548325	48.714787	45.675438	44.56552	42.037495	38.521214	39.683155	38.263515	37.59707	40.83402	42.950195	41.762268	42.362976	45.958218	46.787365	45.027733	45.295475	48.270947	50.391426	49.102467	49.463253	48.078945	48.368935	51.98312	53.151184	56.284195	59.361362	59.91117	56.9054	59.045315	61.53728	59.311546	57.848335	54.441288	53.7603	55.236115	52.686237	49.875202	51.382973	51.662663	47.985992	47.037407	49.025295	47.51914	44.10745	45.16103	46.384052	45.124924	44.618526	41.48364	42.977406	45.998672	44.002934	44.044823	41.263863	39.488182	40.996704	44.428425	44.23657	43.23392	46.349037	48.947742	47.73973	48.210262	51.733624	52.466938	51.17704	53.60505	56.562744	56.266495	55.377453
A-95-E	34.16815	32.209118	28.623648	29.39015	30.721214	27.613707	25.431967	27.781946	27.882277	24.153954	23.931036	22.943441	22.830032	19.265722	19.137203	19.14063	21.997284	21.470934	20.343561	17.582653	14.15514	15.310634	18.836077	17.978489	17.323305	20.301517	22.525635	21.322208	21.984388	25.304718	26.701452	29.787956	30.288067	33.928913	34.89994	33.731323	34.613934	34.00002	32.75135	31.674362	30.595469	26.950037	26.964659	28.873728	29.30262	30.295456	32.07689	30.489002	31.371675	29.468016	31.878786	34.58167	33.26561	33.034428	29.784273	28.69558	26.041124	25.21406	23.857023	22.695814	23.33679	21.153782	22.56635	21.53594	17.863384	17.91319	20.446262	18.69871	15.541504	17.686167	19.92325	17.292082	15.522869	18.986885	20.090776	17.020895	17.300358	21.07166	23.332539	25.447062	27.911953	31.286415	34.053215	34.053688	30.414886	29.120867	27.5667	23.890274	22.90382	19.586506	17.319468	16.176847	14.779202	17.190498	16.953253	19.798582	20.429346	23.144794	21.731258	18.6743	19.83558	18.539892	20.06227	21.134453	23.324446	25.88951	29.480417	32.208683	35.21406	37.61828	39.37636	36.546036	36.57907	39.37705	40.15622	40.821075	42.61674	44.891937	45.706974	46.724365	48.486702	50.701218	50.24131	52.39855	52.756897	51.044083	48.374218	47.815327	47.475155	45.052547	42.842003	43.092033	42.86942	39.685097	38.094715	38.982643	37.6671	34.28779	34.138233	35.51941	32.84436	30.052017	31.818977	32.310112	30.472773	30.824032	30.626974	29.331594	26.701103	27.29115	27.36768	26.025917	25.892984	28.230734	27.110893	29.003727	28.947538	30.110582	31.141623	33.607624	36.082806	38.006794	35.420174	32.626045	34.54605	34.997734	38.1173	38.156097	41.117172	42.612347	43.25641	40.513042	37.566135	33.88103	31.836735	29.053913	26.642635	24.577702	22.855488	24.521717	24.69811	24.409481	23.752935	26.006964	24.53207	27.907362	26.309444	25.986845	28.39278	25.735813	25.248621	21.752718	22.475891	19.987257	20.650959	22.424278	25.285982	26.819832	29.153889	31.541506	34.21993	37.11127	40.029186	38.41813	37.449516	39.217445	41.745865	39.66923	36.818916	39.23955	40.804688	37.642147	39.1804	36.647263	35.367455	31.591875	31.320827	33.11647	31.43964	34.873882	35.266617	32.606907	34.248093	37.597797	36.424877	35.309002	38.77693	40.500336	38.626617	39.3112	42.92236	42.980904	41.565834	44.43232	46.78775	45.50109	46.089397	49.509	50.666546	50.442	52.186924	55.242455	58.321144	61.404545	60.06734	59.24805	55.806717	54.121246	52.16005	48.41962	47.265347	44.241123	44.906807	46.93403	47.71135	51.182667	50.441486	47.553715	46.638077	44.0598	40.618366	41.743767	40.46532	39.635292	42.973866	45.019226	43.56273	44.139572	47.811123	48.455288	46.47454	46.76512	49.898026	51.954273	50.421436	50.773277	49.1989	49.46765	53.020256	53.936207	57.068813	60.0323	60.46129	57.317757	59.354347	61.74713	59.393353	57.752014	54.337917	53.917065	55.35885	52.631496	49.98701	51.710426	51.84152	48.097176	47.44194	49.49671	47.77515	44.488167	45.830494	47.034023	45.99362	45.25456	41.964966	43.179394	46.189102	44.185425	43.961082	40.96804	39.13491	40.309372	43.85587	43.866478	42.610577	45.57318	48.380604	47.235825	47.417088	50.938663	51.897186	50.502346	52.716625	55.818275	55.630608	54.554367
T-96-E	34.80207	33.211205	29.77845	30.734932	31.66439	28.358362	26.531904	28.74868	28.349527	24.570686	24.679201	23.44113	23.542215	20.244274	20.326933	20.956718	23.998606	23.219193	21.559666	18.401917	15.077255	15.552483	19.29467	19.130344	18.233608	20.715189	23.415274	22.649588	22.887495	26.031464	27.90346	31.041878	31.93883	35.66623	36.95674	36.08176	37.149536	36.799385	35.66978	34.82863	33.92438	30.235453	29.97463	31.643934	31.950897	32.605106	34.174824	32.251137	32.780212	30.563747	32.61892	35.594753	34.543625	34.68601	31.646727	30.92044	28.337091	27.88055	26.494804	25.669968	26.328224	24.215334	25.920715	24.984438	21.256884	21.5563	23.996538	22.001581	18.992859	21.201942	23.18963	20.287567	18.67321	22.044544	22.783827	19.471304	19.812634	23.583862	25.49917	27.835142	30.042852	33.572166	36.355934	36.66541	33.099575	31.754536	29.872774	26.196457	24.804033	21.514093	19.617485	18.21997	16.941591	18.849653	18.612648	20.989975	21.413809	24.522219	23.614225	20.819016	22.126553	21.1696	22.491665	23.690248	25.526085	28.155863	31.631994	34.422787	37.60203	40.008625	41.985798	39.32225	39.576515	42.431824	43.337456	43.84938	45.546665	47.965893	48.808636	49.651413	51.39028	53.675606	53.148342	55.22795	55.62517	53.755592	51.12837	50.739777	50.314255	47.756428	45.70501	46.06724	45.67855	42.419956	41.046547	41.937717	40.403755	37.089405	37.14572	38.378128	35.523735	32.93866	34.77847	34.99581	32.96911	32.995155	32.49027	30.826672	27.966667	28.801895	29.230211	28.299927	28.462055	31.067696	30.202145	32.313137	32.3398	33.673336	34.69959	37.04214	39.50592	41.30703	38.701714	35.87638	37.63012	37.867413	40.844006	40.61872	43.427715	44.90496	45.795616	43.09859	40.31675	36.640205	34.826572	32.106426	29.895416	27.895088	26.365673	28.141504	28.165062	27.823442	26.90669	28.983816	27.231668	30.436466	28.51535	28.382393	31.062159	28.650068	28.438759	25.048473	26.019386	23.666466	24.410883	26.202387	29.03507	30.569405	32.911434	35.24525	37.891655	40.83364	43.707306	42.04917	41.13622	42.86378	45.42358	43.315674	40.51938	42.985867	44.53025	41.33584	42.794724	40.22233	38.82325	35.059845	34.599342	36.340767	34.649483	38.081097	38.658577	36.039555	37.550972	40.976418	39.93788	38.737976	42.134666	43.985092	42.1199	42.656696	46.30585	46.4444	44.915432	47.699112	50.15214	48.836517	49.278366	52.71398	53.947754	53.59598	55.25515	58.26216	61.30323	64.3503	63.06646	62.375523	58.990334	57.40278	55.438633	51.7084	50.682667	47.729397	48.463673	50.566395	51.302406	54.808163	54.133453	51.25023	50.302746	47.665413	44.256954	45.455807	44.21699	43.41277	46.753654	48.788563	47.31992	47.907608	51.584087	52.202663	50.194393	50.489048	53.643185	55.693417	54.116024	54.45436	52.81914	53.04161	56.561184	57.390076	60.487255	63.42541	63.76038	60.57314	62.599396	64.9083	62.460255	60.76232	57.322796	57.04825	58.52404	55.72476	53.15094	54.998425	55.09632	51.325405	50.798996	52.906048	51.107094	47.877106	49.334663	50.53685	49.56804	48.737324	45.40138	46.481	49.493877	47.50005	47.142807	44.04428	42.165337	43.131832	46.742313	46.848488	45.413773	48.28254	51.214794	50.063225	50.039062	53.570858	54.644184	53.12434	55.19242	58.400043	58.218975	56.96702
L-97-E	31.800198	30.455143	27.163649	28.131403	28.738514	25.362638	23.74416	25.811935	25.112488	21.33884	21.659006	20.374987	20.789745	17.746105	17.759747	18.866787	21.988533	21.01087	18.977184	15.558094	12.503843	12.745089	16.496496	16.893559	16.276148	18.338745	21.178164	20.960651	21.277044	24.084475	26.174826	29.505919	30.754427	34.459496	36.0403	35.486176	36.467834	36.457546	35.705677	35.002735	34.47978	30.706423	30.257395	31.540897	31.417055	31.77123	32.955322	30.78659	30.932493	28.41539	30.212202	33.32521	32.290775	32.768787	29.909933	29.591555	27.313358	27.312967	26.288548	25.938356	27.073586	25.435549	27.27221	25.935228	22.24821	22.617193	24.56163	22.205978	19.350403	21.449057	22.901606	19.64476	18.256857	21.414097	21.585566	18.077389	18.656685	22.315018	23.74232	26.203056	28.07706	31.731213	34.501785	35.168552	31.731312	30.388577	28.147768	24.551296	22.854372	19.773561	18.472303	17.311441	16.747839	18.620382	19.07981	21.434464	22.379988	25.498068	24.5543	21.611303	22.399565	21.243046	21.937212	22.84044	24.161133	26.62732	29.900928	32.848553	36.13228	38.65954	40.796776	38.37897	38.84005	41.671165	42.867424	43.25804	44.69493	47.265903	48.28283	48.895042	50.469784	52.763294	52.06128	53.977947	54.384106	52.304405	49.770264	49.600525	49.03511	46.312435	44.498116	45.00613	44.384926	41.039482	39.98009	40.899944	39.077625	35.854492	36.244087	37.327744	34.242393	31.968882	34.030125	33.951828	31.881388	31.498013	30.88369	28.886303	25.766188	26.568567	27.42012	26.884012	27.529264	30.361712	29.714134	32.122795	32.1677	33.898712	34.865253	36.880135	39.341263	40.93414	38.41295	35.455723	36.869644	36.843964	39.59373	39.051895	41.71675	43.078014	44.23328	41.56159	39.00607	35.357193	33.879166	31.32992	29.513407	27.58341	26.527014	28.553741	28.230595	28.008276	26.779867	28.831017	27.013111	30.111969	28.127367	28.50446	31.258574	29.108364	28.909918	25.574238	26.842821	24.665487	25.882793	27.605947	30.642754	31.766619	33.917603	35.91792	38.49587	41.61518	44.263966	42.392937	41.703613	43.357826	46.119316	44.1163	41.41107	44.004845	45.71683	42.601448	43.923565	41.11897	39.73517	35.969612	35.440933	36.8215	34.83226	38.11008	38.982944	36.26222	37.410233	40.972866	40.13772	38.640995	41.87937	43.9746	42.075012	42.27355	45.988205	46.292206	44.527203	47.124287	49.76827	48.444458	48.596756	52.02424	53.434353	52.896	54.361282	57.31685	60.258663	63.27523	62.13434	61.617046	58.34089	56.973293	55.107296	51.39401	50.60776	47.78883	48.601093	50.93921	51.659954	55.24751	54.768898	52.009895	51.163612	48.40822	45.13422	46.427204	45.442745	44.63779	48.10318	49.94466	48.25255	48.96827	52.672184	53.034462	50.90796	51.36989	54.655804	56.53396	54.76079	54.95321	53.08638	53.158066	56.573692	57.17307	60.184875	63.05246	63.195057	59.928017	61.935528	64.08139	61.480053	59.70622	56.23155	56.1916	57.73595	54.842403	52.376064	54.44931	54.532967	50.728596	50.423607	52.683613	50.804314	47.666134	49.378773	50.69999	50.00622	49.103962	45.63492	46.565765	49.442554	47.3216	46.667606	43.427216	41.372105	42.07252	45.762325	45.90474	44.196457	46.971478	50.033535	48.812737	48.52683	52.078804	53.254158	51.558052	53.455437	56.7774	56.583508	55.127316
V-98-E	32.088474	31.149338	28.102194	29.019327	29.136688	25.728481	24.398489	26.085058	24.905836	21.213797	21.67652	19.995789	20.482431	17.898434	18.325396	20.1167	23.402815	22.428848	20.074236	16.374056	13.9215	13.802097	17.40215	18.536116	18.127527	19.571102	22.611923	22.96796	23.174446	25.6021	27.991367	31.414133	33.006973	36.683117	38.51877	38.224213	39.177948	39.395203	38.85884	38.22976	37.875137	34.08257	33.560062	34.63539	34.264385	34.392025	35.273766	32.88584	32.648247	29.828127	31.242353	34.531864	33.59854	34.45652	31.819283	31.87471	29.856215	30.175968	29.359644	29.260353	30.568815	29.077663	30.948956	29.494097	25.843199	26.148851	27.91266	25.484892	22.657396	24.54528	25.774416	22.397955	20.977192	23.841383	23.725908	20.06727	20.48031	23.984503	25.031765	27.761923	29.385937	33.12313	35.963562	36.946404	33.674866	32.474792	29.960018	26.514605	24.624321	21.8388	21.068043	20.08085	19.895243	21.56874	22.245579	24.35724	25.32322	28.57499	27.83815	24.980286	25.644217	24.4968	24.85762	25.567839	26.48253	28.752287	31.795317	34.878414	38.2163	40.847694	43.09069	40.87391	41.443382	44.200256	45.614098	45.968956	47.19917	49.84008	51.008938	51.478657	52.90153	55.157536	54.282116	56.02272	56.36097	54.104767	51.71409	51.6791	50.921967	48.113544	46.539185	47.06811	46.1902	42.842026	42.04425	42.843147	40.766872	37.709496	38.272366	39.082085	35.83965	33.84606	35.89174	35.449154	33.151245	32.4049	31.419878	29.061035	25.797674	26.920155	28.091377	28.044775	28.982193	32.08784	31.81352	34.49193	34.7452	36.704357	37.78228	39.610523	42.147255	43.6738	41.271	38.202663	39.36606	39.20969	41.764904	40.970123	43.510983	44.70091	46.08176	43.389797	41.03445	37.410492	36.169846	33.838936	32.30426	30.312006	29.56602	31.571407	30.942926	30.55935	28.976131	30.7424	28.629047	31.458347	29.165752	29.820417	32.81595	31.013453	31.133535	27.992998	29.610243	27.710087	29.17443	31.042162	34.184174	35.211452	37.207718	39.07785	41.700443	44.848248	47.400635	45.371857	44.700684	46.197773	48.9937	46.925423	44.36573	47.092224	48.759872	45.601727	46.7327	43.823868	42.269966	38.547318	37.76139	38.989883	36.96874	40.198364	41.347996	38.72353	39.67307	43.313286	42.726707	41.15622	44.25015	46.541473	44.747665	44.741753	48.467216	48.967888	47.1188	49.54362	52.33624	51.096516	51.053177	54.425343	56.00362	55.387177	56.672188	59.617313	62.446636	65.46422	64.47284	64.05609	60.86249	59.65843	57.900272	54.200512	53.533348	50.76783	51.544567	53.994087	54.779163	58.384922	57.95189	55.284367	54.539265	51.77288	48.546833	49.809727	48.874317	47.976974	51.461403	53.289787	51.47656	52.146088	55.8767	56.161102	53.91343	54.351646	57.704155	59.56474	57.65955	57.872086	55.913677	55.98641	59.34437	59.774277	62.76962	65.53979	65.595634	62.24808	64.16296	66.21916	63.533077	61.629555	58.17734	58.345646	59.849842	56.838997	54.52875	56.743668	56.705933	52.88597	52.803116	55.077175	53.046055	50.03483	51.924572	53.193043	52.627007	51.5509	48.021057	48.72238	51.58737	49.51541	48.684944	45.32101	43.274837	43.679886	47.4089	47.73524	45.841515	48.435604	51.645493	50.500477	49.958763	53.464638	54.83198	53.055824	54.732445	58.156776	58.05664	56.431644
F-99-E	29.311726	28.712948	25.910843	26.996063	26.745443	23.253956	22.366583	23.953796	22.353237	18.77817	19.730703	18.227978	19.306969	17.202646	17.30329	19.470058	22.566275	21.217249	18.415257	14.673216	12.721721	11.929832	15.241154	17.052095	16.737093	17.507475	20.680525	21.600534	21.68387	23.667759	26.309351	29.780445	31.73489	35.3415	37.47538	37.53858	38.509018	39.085804	38.874847	38.48948	38.509613	34.699993	33.89905	34.56392	33.857185	33.612583	34.121387	31.47366	30.830933	27.754478	28.80298	32.22415	31.45822	32.681232	30.335987	30.826658	29.085196	29.875042	29.297611	29.681877	31.296541	30.224539	32.29606	30.638737	27.07328	27.610352	28.96439	26.207876	23.715374	25.626554	26.321373	22.725052	21.756342	24.409227	23.69828	20.091938	20.92333	24.1584	24.638256	27.281675	28.438843	32.220047	34.895515	36.23423	33.125553	31.807924	28.97021	25.670427	23.397371	20.868746	20.678833	19.759008	20.107164	21.485876	22.656197	24.555428	25.885813	29.10044	28.45168	25.63421	25.92145	24.804058	24.648378	25.22528	25.604717	27.763485	30.537127	33.628918	37.068665	39.69163	42.137314	40.20026	41.05242	43.83059	45.448627	45.586666	46.60614	49.42151	50.66251	50.86163	52.187424	54.50718	53.54051	55.16477	55.600487	53.161404	50.818687	51.051838	50.25001	47.263275	45.901985	46.65986	45.63287	42.19228	41.70728	42.639412	40.338028	37.361702	38.293697	39.05817	35.643112	33.97226	36.28339	35.654495	33.460228	32.337418	31.37102	28.726921	25.223104	26.138103	27.79664	28.10498	29.520216	32.694565	32.49695	35.316254	35.439877	37.68355	38.56722	40.089157	42.49749	43.738987	41.35784	38.2853	39.14728	38.65798	40.956055	39.830868	42.13555	43.294575	44.957626	42.40266	40.31449	36.800163	35.938618	33.72114	32.554443	30.80308	30.416313	32.70527	31.924488	31.799343	30.11201	31.94603	29.942858	32.690746	30.49038	31.566492	34.49162	32.84939	32.84007	29.727377	31.40683	29.538494	31.22821	32.873493	36.056618	36.752052	38.67177	40.251873	42.701107	46.00694	48.34424	46.219105	45.824123	47.344135	50.32372	48.43674	45.89976	48.640583	50.508224	47.484264	48.59038	45.531425	44.103565	40.396294	39.682655	40.604744	38.310963	41.344547	42.663376	39.904625	40.529793	44.237232	43.742424	41.87694	44.823997	47.262634	45.36126	45.058006	48.81863	49.37506	47.27888	49.552032	52.46247	51.131046	50.8253	54.206577	55.875145	55.02635	56.167847	58.993427	61.749374	64.67477	63.76885	63.56584	60.497158	59.48635	57.761875	54.11619	53.713844	51.1328	52.06806	54.709183	55.383156	59.058277	58.85513	56.267113	55.52845	52.625454	49.555313	50.983418	50.313618	49.524483	53.10408	54.712288	52.76923	53.627007	57.340923	57.390247	55.121906	55.772144	59.202003	60.866676	58.845284	58.85941	56.694702	56.55924	59.796978	60.050682	62.90898	65.645744	65.48347	62.1123	64.06733	65.93087	63.091293	61.19335	57.694305	58.05846	59.69295	56.65854	54.409424	56.825897	56.86323	53.043503	53.105877	55.559048	53.546463	50.59908	52.67482	54.118534	53.803226	52.761696	49.145702	49.796417	52.47904	50.24172	49.14705	45.711166	43.449776	43.656853	47.42408	47.682163	45.53191	48.067524	51.34055	50.049076	49.278404	52.8097	54.190365	52.198742	53.73406	57.244804	57.045937	55.206333
D-100-E	29.367691	29.224842	26.769444	27.768818	26.997248	23.58941	23.06769	24.19546	22.107048	18.80711	19.929525	18.150461	19.37597	17.93031	18.326973	21.021149	24.100994	22.775318	19.786804	16.049242	14.881934	13.87802	16.667686	19.0669	19.024185	19.167007	22.323204	23.773243	23.81783	25.336277	28.152784	31.645657	33.88982	37.392643	39.742485	40.060303	40.963646	41.765003	41.789593	41.473347	41.677105	37.875515	37.017384	37.46734	36.506996	36.052975	36.24146	33.435238	32.418224	29.107868	29.738407	33.249756	32.578114	34.167034	32.0939	32.949688	31.513472	32.59565	32.252285	32.866077	34.658463	33.760742	35.837303	34.046295	30.54858	31.027056	32.179626	29.37681	26.954277	28.667988	29.124966	25.490604	24.55126	26.892286	25.903584	22.30278	23.023603	25.991766	26.053543	28.840435	29.68302	33.46146	36.131313	37.782833	34.893543	33.71871	30.660318	27.597229	25.20169	23.06137	23.367247	22.667112	23.352541	24.597532	25.979078	27.71129	29.120453	32.353634	31.81192	29.047297	29.162725	28.014904	27.543888	27.901697	27.88495	29.786213	32.260914	35.430912	38.868046	41.565556	44.09037	42.387127	43.348244	46.028004	47.86035	47.950764	48.74142	51.614967	53.00611	53.045803	54.20016	56.46998	55.33026	56.76078	57.138924	54.52694	52.344543	52.733913	51.75269	48.68844	47.58998	48.388863	47.115532	43.694824	43.494827	44.32764	41.790955	39.011856	40.13877	40.64905	37.114845	35.762005	38.072414	37.112198	34.782303	33.29788	32.04007	29.080362	25.494501	26.61815	28.610727	29.395466	31.110422	34.462276	34.585045	37.612156	37.887592	40.34405	41.28915	42.594727	45.036087	46.176117	43.929443	40.77974	41.372417	40.73867	42.80359	41.423325	43.56358	44.534878	46.42283	43.887905	42.0401	38.6053	38.01235	36.034313	35.169132	33.4097	33.328396	35.608288	34.564205	34.35079	32.390366	33.98742	31.810015	34.285305	31.905418	33.276466	36.326145	35.006207	35.21123	32.288563	34.224846	32.59016	34.497654	36.21961	39.49047	40.048695	41.811565	43.227795	45.68087	49.018528	51.22678	48.954655	48.619743	49.999054	53.027935	51.127865	48.7297	51.57651	53.438282	50.415276	51.35219	48.18854	46.65622	43.00832	42.11218	42.83988	40.48311	43.41047	44.979233	42.294586	42.690968	46.445793	46.180767	44.216198	46.99196	49.6086	47.794994	47.26862	51.017803	51.75593	49.562935	51.642555	54.687614	53.431057	52.9122	56.221054	58.050625	57.106377	58.05169	60.83894	63.462887	66.36566	65.620674	65.53807	62.577522	61.751907	60.146606	56.537415	56.278954	53.781727	54.697266	57.457344	58.176273	61.86458	61.73746	59.256813	58.62164	55.70156	52.707153	54.120438	53.5383	52.682076	56.287174	57.84094	55.76886	56.6148	60.34009	60.276047	57.90142	58.567722	62.06205	63.668877	61.513157	61.509583	59.23491	59.068195	62.22139	62.29049	65.10141	67.73147	67.45647	64.02097	65.887505	67.630325	64.701904	62.693874	59.22772	59.811157	61.419796	58.291283	56.206894	58.76996	58.71	54.898148	55.182465	57.665207	55.532772	52.72489	54.97699	56.399776	56.24456	55.066006	51.399895	51.843483	54.463142	52.248116	50.958813	47.429356	45.15657	45.070118	48.844196	49.24924	46.90989	49.251816	52.64146	51.403214	50.37002	53.835968	55.38357	53.299484	54.597805	58.19256	58.067257	56.05151
V-101-E	27.623476	27.772223	25.546858	26.974497	26.028042	22.495474	22.546354	23.861618	21.463604	18.36546	20.173283	18.972424	20.843752	19.651535	19.420424	22.007843	24.690224	22.83584	19.473467	16.0154	14.992366	13.082001	15.4880705	18.287802	17.876354	17.376001	20.717264	22.46742	22.076496	23.250765	26.357288	29.704546	32.241543	35.69476	38.296555	38.925694	40.032555	41.12641	41.30007	41.323788	41.802216	38.026302	36.8057	36.919594	35.8561	35.02266	35.004585	31.952412	30.651745	27.223387	27.495754	31.132103	30.83645	32.68616	30.921247	32.078526	30.709675	32.14528	31.763927	32.769253	34.602196	33.96694	36.338608	34.608246	31.161728	32.043354	33.011208	29.916748	27.88743	29.86518	29.983324	26.236488	25.83428	28.210913	26.834486	23.440742	24.699041	27.511868	27.259527	29.721912	30.179935	33.92493	36.291412	38.134743	35.315998	33.830273	30.599133	27.602362	24.806875	22.71859	23.255108	22.270111	23.081364	23.80643	25.353731	26.684881	28.213795	31.429485	31.150948	28.626291	28.630388	27.795984	27.101866	27.649303	27.30425	29.321543	31.62367	34.596848	38.156544	40.65988	43.42158	41.920788	43.20433	46.015778	47.85779	47.647175	48.397953	51.45479	52.733643	52.52854	53.74987	56.178795	55.120136	56.578312	57.176594	54.48626	52.225883	52.862255	52.01642	48.793873	47.754482	48.84207	47.619465	44.088818	44.050533	45.155903	42.57221	39.759068	41.167038	41.84752	38.25548	37.04139	39.62729	38.74398	36.667034	35.056004	34.034927	31.020515	27.309822	28.024813	30.313007	31.135336	33.094887	36.32237	36.251038	39.194557	39.165997	41.68894	42.31944	43.477577	45.675415	46.52151	44.154163	41.154156	41.63333	40.66925	42.56899	40.95984	42.835392	43.96843	46.06232	43.773243	42.112366	38.81869	38.495243	36.43628	35.73099	34.33922	34.32419	36.90907	36.012787	36.16337	34.382496	36.221912	34.30374	36.87364	34.714287	36.208344	39.096645	37.67928	37.606327	34.57057	36.295696	34.45676	36.281246	37.671883	40.8173	41.221916	43.105137	44.38949	46.59858	50.06069	52.152252	49.964672	49.89627	51.451565	54.61178	52.929035	50.42063	53.14509	55.212364	52.334667	53.420845	50.234554	48.925102	45.256474	44.588875	45.210373	42.673252	45.475243	46.983	44.11572	44.377308	48.127567	47.74357	45.561104	48.307495	50.897163	48.874138	48.217144	51.987934	52.5918	50.195652	52.26358	55.29335	53.826233	53.181118	56.55872	58.315407	57.13693	58.08863	60.7058	63.35018	66.10654	65.307686	65.42956	62.55518	61.802803	60.098763	56.557625	56.516632	54.203003	55.36378	58.210594	58.7072	62.45088	62.53716	60.02745	59.247738	56.179165	53.30911	54.96152	54.588448	53.962788	57.62148	58.98519	56.943115	58.019108	61.69297	61.494102	59.23541	60.12127	63.612514	65.057465	62.929226	62.70927	60.31738	59.918545	62.99015	63.031857	65.688805	68.37734	67.91856	64.54091	66.54673	68.13197	65.09067	63.21555	59.673565	60.309494	62.11712	59.07099	56.922577	59.590485	59.727406	55.935635	56.18368	58.84612	56.867104	54.022068	56.30537	57.944756	57.913704	56.910007	53.219994	53.79142	56.255215	53.850876	52.44058	48.938606	46.44192	46.368565	50.14583	50.333767	47.85458	50.263103	53.604374	52.13281	51.02862	54.55469	55.959736	53.66803	54.961845	58.57911	58.238853	56.07438
E-102-E	27.235891	27.90105	26.118053	27.670576	26.269045	22.84042	23.461557	24.503096	21.657965	19.017149	21.221495	20.181885	22.392628	21.762123	21.43597	24.213947	26.641941	24.606861	21.065674	17.903719	17.455463	15.199821	16.92572	20.140965	19.768965	18.57421	21.83115	24.034185	23.432142	24.057528	27.344835	30.560602	33.407345	36.70619	39.55608	40.512135	41.655956	43.03785	43.445534	43.673927	44.401077	40.667236	39.25619	39.069607	37.79364	36.646114	36.30014	33.060734	31.366337	27.77679	27.530542	31.226095	31.207676	33.433002	32.052322	33.59563	32.493023	34.268616	34.034405	35.352932	37.306473	36.906525	39.390133	37.60666	34.249397	35.2549	36.011417	32.78974	30.984322	32.935017	32.76275	28.989248	28.82997	31.010704	29.316412	26.07121	27.468836	30.016434	29.368223	31.730078	31.789991	35.459812	37.63982	39.772892	37.168266	35.64708	32.231133	29.477156	26.475723	24.72123	25.657454	24.71733	25.773779	26.195456	27.923485	28.96271	30.581438	33.746845	33.646725	31.28413	31.121897	30.406492	29.422573	29.898449	29.150383	31.008863	32.98175	35.867638	39.44073	41.873158	44.783333	43.561417	45.067333	47.854015	49.837925	49.448246	50.012787	53.182964	54.505245	54.0659	55.19105	57.651714	56.516212	57.842354	58.509995	55.670223	53.49723	54.366985	53.46884	50.131134	49.31354	50.56803	49.208218	45.66176	45.900482	47.065567	44.317753	41.645172	43.30914	43.898537	40.229046	39.30155	41.99819	40.943607	38.919415	37.029762	35.948837	32.744453	28.984123	29.617517	32.22647	33.357094	35.59674	38.849453	38.890366	41.90776	41.835445	44.513073	45.03421	45.973648	48.065315	48.696175	46.37759	43.417057	43.65597	42.440857	44.07996	42.191166	43.795517	44.8659	47.20951	45.079273	43.695168	40.556824	40.548904	38.630573	38.20433	36.985928	37.194534	39.892982	38.901833	39.160297	37.302116	39.095093	37.20127	39.63216	37.481155	39.203545	42.078304	40.819313	40.749928	37.791084	39.572403	37.79334	39.711235	41.00139	44.139244	44.383553	46.21198	47.323174	49.41241	52.94209	54.88372	52.644966	52.744537	54.28528	57.533264	55.951267	53.488018	56.218098	58.376347	55.57449	56.618595	53.358704	52.091267	48.459507	47.78553	48.230507	45.576183	48.238438	49.87327	46.97747	47.02513	50.787804	50.499382	48.156357	50.761883	53.44651	51.389137	50.521538	54.27731	54.936417	52.385406	54.30433	57.405666	55.892433	55.039173	58.384422	60.2098	58.85128	59.66279	62.15401	64.70315	67.35657	66.64915	66.962166	64.219986	63.639343	61.977077	58.51053	58.678364	56.522568	57.78497	60.74676	61.16421	64.933014	65.17718	62.734463	61.958916	58.81591	56.067165	57.818233	57.606155	57.045895	60.740364	61.972168	59.8605	61.037495	64.68697	64.34439	62.074757	63.07741	66.60475	67.927155	65.72445	65.385506	62.866024	62.33177	65.294655	65.19378	67.731384	70.36653	69.73553	66.3532	68.361374	69.77489	66.62272	64.7456	61.202282	62.016903	63.901234	60.843605	58.78642	61.59849	61.76731	58.006035	58.387287	61.150352	59.173275	56.415047	58.825344	60.55297	60.6918	59.68505	55.960144	56.455086	58.791283	56.315685	54.719624	51.184677	48.582756	48.31901	52.08036	52.257656	49.593124	51.88759	55.2659	53.71946	52.402195	55.893265	57.333916	54.881367	55.997185	59.666927	59.267586	56.909634
L-103-E	26.403685	27.287928	25.73105	27.72628	26.301046	22.829676	23.941286	25.24196	22.302876	19.917034	22.613285	22.148262	24.749067	24.155481	23.318405	25.819681	27.862867	25.403593	21.684057	18.932003	18.461012	15.5871935	16.88408	20.187405	19.367466	17.639814	20.95835	23.28441	22.185608	22.479042	25.990932	28.939861	32.006954	35.224583	38.268566	39.49065	40.869255	42.482536	42.96806	43.525387	44.46048	40.793335	39.054485	38.590084	37.303776	35.823353	35.345917	31.92364	30.028389	26.437046	25.847729	29.60609	30.028574	32.423885	31.347813	33.09322	31.998055	34.027775	33.68421	35.30754	37.20469	37.004684	39.739532	38.09049	34.809326	36.181892	36.830173	33.41092	31.968401	34.169167	33.77624	29.98514	30.271215	32.526352	30.609621	27.598106	29.41343	31.87086	31.083221	33.10166	32.898987	36.483475	38.351406	40.56143	37.998394	36.167755	32.698906	30.004438	26.719404	24.972868	25.974182	24.720337	25.759405	25.650902	27.41312	28.008924	29.653954	32.74511	32.933216	30.879366	30.680235	30.32782	29.241285	29.964363	29.00923	31.013403	32.846966	35.453773	39.10629	41.28035	44.390068	43.327694	45.116566	48.036507	49.952644	49.275257	49.859577	53.17597	54.331413	53.68778	54.92375	57.54662	56.54821	57.946476	58.846046	55.990417	53.711678	54.779564	54.066673	50.61814	49.795887	51.308434	50.070732	46.443325	46.758434	48.192314	45.483826	42.75393	44.605225	45.405376	41.746086	40.86584	43.77335	42.87431	41.102654	39.214348	38.396465	35.248913	31.44971	31.713427	34.44434	35.478336	37.814762	40.901905	40.703766	43.573574	43.202785	45.856503	46.078922	46.93892	48.779213	49.154366	46.700386	43.935116	44.137657	42.651783	44.171024	42.13709	43.49127	44.769005	47.244225	45.3762	44.12729	41.13842	41.314938	39.279205	38.924458	38.056023	38.23427	41.169304	40.387753	40.966183	39.337418	41.366688	39.71954	42.27858	40.33487	42.062542	44.786385	43.375584	43.045303	39.96631	41.502594	39.509502	41.274574	42.256023	45.22654	45.38339	47.353672	48.3914	50.243332	53.852505	55.71512	53.612015	53.933254	55.662487	58.9953	57.610695	55.023243	57.602283	59.92955	57.261208	58.477333	55.242878	54.190624	50.539116	50.097015	50.51367	47.746193	50.325176	51.835167	48.783035	48.780453	52.50631	52.054253	49.563873	52.174515	54.771362	52.513718	51.59491	55.350613	55.83144	53.13329	55.08232	58.113926	56.386673	55.47559	58.887817	60.587463	59.031525	59.899014	62.21686	64.810074	67.30904	66.50546	66.99192	64.319	63.762005	61.974453	58.585056	58.92566	56.937176	58.433098	61.425747	61.614975	65.414665	65.83793	63.34492	62.401505	59.13791	56.50066	58.47283	58.42638	58.100796	61.81647	62.888943	60.856613	62.239002	65.823746	65.39634	63.273693	64.4629	67.95496	69.1461	67.01657	66.488235	63.903847	63.165398	66.06276	65.98893	68.38243	71.09341	70.31874	67.023476	69.181175	70.47046	67.24506	65.53326	61.924583	62.72773	64.80031	61.858852	59.70783	62.565517	62.942753	59.214817	59.501125	62.40793	60.61017	57.793243	60.171745	62.090324	62.292004	61.47834	57.760723	58.4185	60.63128	57.995823	56.35308	52.883606	50.10397	49.928585	53.6698	53.61456	50.888073	53.277935	56.564137	54.79712	53.48804	57.031555	58.288174	55.67474	56.839134	60.48979	59.8651	57.418087
L-104-E	24.881104	26.244257	25.160204	27.053091	25.161686	21.943846	23.492022	24.375114	21.097866	19.253412	22.14654	21.813335	24.650928	24.627466	23.756008	26.447561	28.246819	25.785746	22.062645	19.635231	19.882092	17.106373	17.678486	21.262743	20.877087	18.668432	21.597021	24.380817	23.469378	23.185886	26.615355	29.51388	32.7718	35.749596	38.942375	40.419907	41.63179	43.484478	44.281242	44.89979	46.082657	42.47763	40.70685	39.97622	38.37201	36.700603	35.842537	32.365112	30.108252	26.39742	25.370724	29.05462	29.526295	32.250843	31.51711	33.624424	32.93747	35.252018	35.24973	37.118847	39.272747	39.36562	42.0362	40.17097	37.045757	38.347717	38.67906	35.224316	33.940735	35.924614	35.20366	31.444311	31.870356	33.788784	31.560595	28.717913	30.56373	32.673313	31.460524	33.402622	32.810772	36.271904	37.989155	40.486496	38.203293	36.478424	32.86104	30.503733	27.177536	25.92274	27.41772	26.514711	27.979406	27.892933	29.986425	30.603212	32.513695	35.41754	35.486053	33.38514	32.83897	32.324265	30.845743	31.244202	29.863342	31.51022	32.94627	35.54463	39.109367	41.311653	44.46109	43.69554	45.606853	48.39218	50.52327	49.768074	50.077534	53.439236	54.740955	53.899765	54.931335	57.490574	56.332504	57.52477	58.408443	55.398678	53.28154	54.547398	53.707615	50.18687	49.64148	51.251877	49.81815	46.229004	46.85221	48.262093	45.370926	42.851437	44.943768	45.574013	41.856594	41.318073	44.29007	43.169968	41.45405	39.274582	38.40818	35.11315	31.322412	31.485964	34.501175	35.862038	38.48914	41.59326	41.57875	44.556824	44.220013	47.080956	47.26481	47.838394	49.627182	49.82151	47.530415	44.744137	44.632328	42.960094	44.180977	41.88629	43.00857	44.10018	46.79363	45.02731	44.076336	41.255123	41.75693	39.983067	39.986004	39.209377	39.729435	42.6985	41.69823	42.328053	40.5526	42.47245	40.86016	43.228333	41.33708	43.355095	46.021065	44.83138	44.516544	41.58612	43.25396	41.44197	43.43225	44.379128	47.421036	47.323784	49.102486	49.884926	51.65637	55.309162	56.964508	54.73017	55.205116	56.83007	60.24949	58.96045	56.494682	59.129307	61.532352	58.95407	60.045334	56.69868	55.672295	52.095825	51.615227	51.76955	48.862335	51.24834	52.943893	49.900658	49.617588	53.346188	53.07068	50.418015	52.821472	55.557358	53.33587	52.15637	55.868073	56.487904	53.657227	55.38363	58.518932	56.83406	55.67737	58.997063	60.83233	59.14021	59.79489	62.018135	64.4579	66.88622	66.247856	66.89264	64.372116	64.036385	62.384117	59.07645	59.616684	57.77836	59.29328	62.424553	62.614964	66.417305	66.984825	64.637054	63.807472	60.516068	58.0239	60.010246	60.14195	59.797836	63.549908	64.474915	62.292877	63.736916	67.29827	66.67993	64.4847	65.77711	69.32815	70.37481	68.11081	67.4808	64.74766	63.904568	66.66439	66.385124	68.66695	71.266464	70.328	67.00769	69.10621	70.220184	66.898865	65.13881	61.5671	62.586884	64.68123	61.705296	59.705936	62.714767	63.066498	59.386017	59.869183	62.848186	61.011772	58.337246	60.88329	62.85881	63.27977	62.417686	58.66535	59.187588	61.24325	58.557873	56.69731	53.194584	50.340374	49.92247	53.622963	53.6022	50.690716	52.913654	56.23906	54.447758	52.90299	56.3731	57.704433	54.967545	55.91525	59.60652	58.980206	56.359562
K-105-E	24.718048	26.268959	25.429258	27.73808	25.8997	22.715267	24.671127	25.81828	22.580214	20.991713	24.215305	24.374123	27.45121	27.375143	26.099844	28.483881	29.936949	27.135414	23.345133	21.33002	21.4765	18.287897	18.495232	21.992405	21.18028	18.558996	21.428717	24.23508	22.841621	22.210592	25.788681	28.33634	31.772966	34.62549	37.98282	39.714043	41.16156	43.22143	44.07451	45.01108	46.373825	42.8606	40.79085	39.806957	38.2254	36.24513	35.276077	31.659231	29.233467	25.598139	24.211489	27.89416	28.848217	31.701115	31.288233	33.55369	32.866554	35.38539	35.259144	37.386818	39.447704	39.71438	42.598953	40.89083	37.857975	39.487617	39.740746	36.14339	35.193253	37.398766	36.51353	32.78197	33.58547	35.58189	33.210934	30.596588	32.77708	34.826126	33.5503	35.165253	34.37407	37.7224	39.130806	41.654064	39.41078	37.39799	33.78848	31.4998	27.968596	26.716572	28.205969	27.011019	28.404354	27.821524	29.890984	30.068478	31.962477	34.747913	35.099735	33.330154	32.77111	32.61893	31.087704	31.73402	30.201418	31.982817	33.28059	35.558403	39.165775	41.07767	44.40148	43.788452	45.96024	48.865917	50.90105	49.86755	50.211117	53.69639	54.8134	53.78096	54.9315	57.646103	56.643444	57.91635	59.03151	56.03226	53.808804	55.25287	54.612316	51.007732	50.440777	52.289078	51.00003	47.352837	48.021435	49.684586	46.86687	44.2929	46.527027	47.36844	43.692383	43.168945	46.31026	45.363346	43.883125	41.751785	41.13433	37.931732	34.138317	33.98709	37.045933	38.2704	40.931545	43.865917	43.61529	46.429142	45.814754	48.61757	48.52276	49.040016	50.579758	50.536797	48.117485	45.544212	45.420383	43.50859	44.618824	42.21504	43.08461	44.39164	47.183582	45.689377	44.85971	42.198288	42.849403	40.95866	41.002625	40.554504	41.013428	44.174717	43.39315	44.304897	42.760574	44.8928	43.501904	45.995834	44.28647	46.26851	48.801754	47.45671	46.91024	43.8703	45.29936	43.288868	45.11039	45.774868	48.63903	48.480427	50.396072	51.12525	52.667713	56.374607	57.961594	55.87813	56.55063	58.3562	61.836246	60.730076	58.145924	60.624012	63.172516	60.72011	61.979507	58.676483	57.84991	54.259277	53.994865	54.149174	51.16288	53.482655	55.03857	51.862038	51.55988	55.237225	54.7933	52.02855	54.44291	57.070717	54.665066	53.4636	57.160133	57.59322	54.643616	56.40727	59.451107	57.56029	56.369583	59.74594	61.438046	59.565346	60.287544	62.33185	64.81619	67.08239	66.33776	67.14649	64.69602	64.37112	62.5912	59.371025	60.06823	58.394165	60.129906	63.268295	63.23403	67.051895	67.7834	65.3849	64.38678	60.992836	58.61167	60.80267	61.08109	60.96421	64.72026	65.49987	63.412914	65.04427	68.53404	67.850105	65.809204	67.26836	70.77092	71.69948	69.5229	68.71953	65.94379	64.91257	67.60822	67.37167	69.51122	72.1856	71.11904	67.89879	70.14309	71.1428	67.76694	66.18228	62.557026	63.544655	65.81577	62.968952	60.87357	63.90295	64.45959	60.822235	61.19497	64.29624	62.64316	59.91036	62.402065	64.549194	65.01032	64.33852	60.607925	61.294292	63.24115	60.41733	58.538944	55.11648	52.11422	51.805218	55.471565	55.224003	52.284527	54.602703	57.818504	55.822334	54.31395	57.823822	58.9604	56.087475	57.09622	60.746914	59.89725	57.21314
L-106-E	24.381433	25.825241	25.004362	27.724787	26.184217	22.961248	25.084484	26.654764	23.65959	22.101377	25.522068	26.132772	29.354229	29.033031	27.347338	29.322378	30.478397	27.369806	23.578405	21.920538	21.790556	18.268	18.271767	21.503958	20.187424	17.349539	20.19391	22.82825	20.94672	20.15459	23.84509	26.055351	29.562607	32.361256	35.795925	37.66578	39.37178	41.538113	42.352795	43.566654	45.033844	41.616074	39.281258	38.127216	36.662582	34.464367	33.524048	29.826885	27.403404	23.929028	22.418777	26.091398	27.453632	30.251772	30.006516	32.26935	31.458109	34.06861	33.741543	36.046795	37.95725	38.34979	41.426334	39.91517	36.97739	38.932003	39.155914	35.454166	34.82335	37.274506	36.299034	32.62719	33.782112	35.916473	33.502075	31.109058	33.613556	35.672337	34.473015	35.759346	34.914116	38.172302	39.32397	41.738968	39.442314	37.118614	33.602013	31.286152	27.610744	26.229015	27.56257	26.025076	27.259909	26.203957	28.196945	27.97316	29.84471	32.487274	33.08071	31.633274	31.100382	31.32012	29.829845	30.786676	29.242924	31.249493	32.543823	34.498047	38.154057	39.770134	43.223324	42.64497	45.010185	48.06602	49.9239	48.656956	49.13184	52.703873	53.588562	52.45443	53.79191	56.66954	55.88356	57.318825	58.66086	55.750626	53.35856	54.884884	54.49677	50.85417	50.14975	52.18623	51.128105	47.421665	48.008835	49.930885	47.27301	44.57266	46.851868	47.971897	44.378143	43.74996	47.033398	46.354477	45.11989	43.15726	42.842525	39.816154	36.03177	35.568596	38.549736	39.501007	42.090984	44.81741	44.255978	46.847687	45.935	48.605064	48.23475	48.775608	50.074295	49.855755	47.269474	44.924885	44.894264	42.82538	43.936523	41.548065	42.273956	43.863316	46.63661	45.367546	44.5364	41.981583	42.6584	40.57492	40.55083	40.412567	40.71932	44.048817	43.553047	44.74639	43.498764	45.88357	44.74366	47.423798	45.926723	47.787403	50.161617	48.58796	47.772984	44.595135	45.725582	43.48004	45.074524	45.442165	48.095436	47.916065	49.99867	50.727146	52.051163	55.786125	57.35299	55.46548	56.293686	58.307873	61.81592	60.88103	58.149803	60.441906	63.11699	60.78646	62.25061	59.032005	58.422188	54.812122	54.80072	55.016068	51.988647	54.280758	55.62423	52.31281	52.073505	55.681347	55.006924	52.184525	54.66755	57.128284	54.530415	53.397182	57.0803	57.275497	54.262703	56.1374	59.042416	56.939407	55.810192	59.267166	60.762608	58.773563	59.64417	61.551235	64.1379	66.27643	65.36148	66.25602	63.815857	63.416313	61.469933	58.312332	59.08872	57.529587	59.469913	62.562912	62.30852	66.13046	66.97752	64.49488	63.305332	59.829796	57.527073	59.907097	60.288723	60.404583	64.14474	64.809006	62.860474	64.66194	68.0748	67.37606	65.517715	67.11672	70.544556	71.3884	69.345314	68.3969	65.63142	64.44791	67.119354	66.99885	69.03401	71.819374	70.693504	67.588905	69.99758	70.955246	67.574036	66.18854	62.502193	63.362698	65.79604	63.101044	60.851753	63.83404	64.60786	61.005844	61.1905	64.38259	62.938095	60.101673	62.472927	64.77487	65.20849	64.75627	61.07009	61.975224	63.850395	60.902462	59.08774	55.773357	52.651928	52.552547	56.187355	55.688374	52.805233	55.28654	58.361732	56.17082	54.809708	58.38444	59.284153	56.33965	57.511932	61.092014	60.02206	57.36957
E-107-E	22.408663	24.077461	23.657022	26.610336	25.043446	22.061357	24.595762	26.223595	23.319208	22.215208	25.845905	26.96062	30.407259	30.245071	28.191078	29.896051	30.589039	27.274746	23.582687	22.522026	22.689497	19.12199	18.421532	21.517088	20.230381	16.964504	19.301727	22.101154	20.109455	18.68577	22.257214	24.120123	27.781067	30.284948	33.85989	36.027145	37.753704	40.18043	41.230618	42.686016	44.434147	41.173008	38.643826	37.14491	35.50396	33.010056	31.776752	28.028435	25.338226	21.963697	20.006624	23.536945	25.255276	28.23078	28.406626	30.929626	30.381033	33.263412	33.09522	35.71377	37.730267	38.48137	41.595676	40.04168	37.347893	39.45858	39.379288	35.61037	35.368835	37.800938	36.49257	32.944717	34.481647	36.43616	33.77386	31.735218	34.506077	36.284824	34.854916	35.77138	34.602356	37.64489	38.441544	40.948006	38.84043	36.358265	32.855404	30.815653	27.060396	25.995508	27.577103	26.119892	27.593895	26.279194	28.506523	28.096395	30.219963	32.514793	33.08264	31.797483	30.947317	31.25911	29.47438	30.364107	28.484833	30.34321	31.29577	32.946648	36.529377	37.913784	41.47104	41.160866	43.758026	46.804543	48.678738	47.174603	47.530838	51.185646	51.998783	50.636242	51.953163	54.897133	54.16909	55.57834	57.092033	54.159496	51.754795	53.48853	53.22416	49.517586	48.905052	51.163044	50.166576	46.462845	47.205677	49.321743	46.689266	44.05603	46.538353	47.769394	44.236256	43.776028	47.208927	46.61272	45.65779	43.657936	43.603043	40.67545	36.950394	36.119915	39.18897	40.1088	42.82424	45.350246	44.655514	47.11697	45.981018	48.686794	48.058277	48.382084	49.431362	48.925797	46.35562	44.196514	43.99128	41.663986	42.53384	39.97944	40.40374	42.08084	44.978237	43.985886	43.384205	41.071545	42.014866	39.996357	40.204594	40.396587	40.85622	44.321545	43.88795	45.354195	44.25776	46.76562	45.891148	48.580074	47.33646	49.300034	51.46413	49.863697	48.82105	45.66143	46.634808	44.359154	45.952282	46.048843	48.583374	48.161358	50.19528	50.7004	51.77268	55.545807	56.913677	55.086082	56.165154	58.25763	61.845215	61.13961	58.397026	60.570396	63.40526	61.26405	62.791187	59.563736	59.1687	55.619762	55.802036	55.855206	52.69262	54.793808	56.088352	52.68253	52.276455	55.804897	55.074	52.088177	54.452496	56.865578	54.14716	52.872032	56.48869	56.59189	53.438107	55.22178	58.07635	55.842175	54.578014	58.01349	59.44479	57.265438	58.091248	59.807686	62.354122	64.33039	63.403896	64.48137	62.17335	61.886284	59.92317	56.892998	57.887634	56.54842	58.658207	61.81401	61.387287	65.19919	66.253624	63.83631	62.60073	59.054794	56.948025	59.473755	60.089012	60.3719	64.11578	64.55727	62.598675	64.58356	67.90128	67.03135	65.26927	67.065056	70.4685	71.118	69.081535	67.93209	65.06471	63.675915	66.20753	66.02202	67.876854	70.659294	69.36354	66.34718	68.841805	69.63061	66.18608	64.94105	61.243874	62.15178	64.730286	62.152252	59.8929	62.936012	63.874622	60.355206	60.527084	63.839447	62.55268	59.749107	62.1374	64.6089	65.19306	64.89543	61.23554	62.224384	63.90368	60.81854	58.90106	55.675766	52.40909	52.318264	55.872334	55.174923	52.22278	54.71507	57.6741	55.30273	53.91146	57.47286	58.208466	55.127567	56.28782	59.815453	58.55428	55.82209
