	A-1-P	G-2-P	W-3-P	N-4-P	A-5-P	Y-6-P	I-7-P	D-8-P	N-9-P	L-10-P	M-11-P	A-12-P	D-13-P	G-14-P	T-15-P	C-16-P	Q-17-P	D-18-P	A-19-P	A-20-P	I-21-P	V-22-P	G-23-P	Y-24-P	K-25-P	D-26-P	S-27-P	P-28-P	S-29-P	V-30-P	W-31-P	A-32-P	A-33-P	V-34-P	P-35-P	G-36-P	K-37-P	T-38-P	F-39-P	V-40-P	N-41-P	I-42-P	T-43-P	P-44-P	A-45-P	E-46-P	V-47-P	G-48-P	I-49-P	L-50-P	V-51-P	G-52-P	K-53-P	D-54-P	R-55-P	S-56-P	S-57-P	F-58-P	F-59-P	V-60-P	N-61-P	G-62-P	L-63-P	T-64-P	L-65-P	G-66-P	G-67-P	Q-68-P	K-69-P	C-70-P	S-71-P	V-72-P	I-73-P	R-74-P	D-75-P	S-76-P	L-77-P	L-78-P	Q-79-P	D-80-P	G-81-P	E-82-P	F-83-P	T-84-P	M-85-P	D-86-P	L-87-P	R-88-P	T-89-P	K-90-P	S-91-P	T-92-P	G-93-P	G-94-P	A-95-P	P-96-P	T-97-P	F-98-P	N-99-P	I-100-P	T-101-P	V-102-P	T-103-P	M-104-P	T-105-P	A-106-P	K-107-P	T-108-P	L-109-P	V-110-P	L-111-P	L-112-P	M-113-P	G-114-P	K-115-P	E-116-P	G-117-P	V-118-P	H-119-P	G-120-P	G-121-P	M-122-P	I-123-P	N-124-P	K-125-P	K-126-P	C-127-P	Y-128-P	E-129-P	M-130-P	A-131-P	S-132-P	H-133-P	L-134-P	R-135-P	R-136-P	S-137-P	Q-138-P	Y-139-P
D-2-A	50.465252	50.878494	48.744495	47.58342	45.403713	43.329887	42.992043	41.796303	39.3523	38.17605	37.710323	36.27949	32.759415	32.997623	31.895357	35.345318	38.306145	41.003864	42.059853	45.435043	47.217373	49.956356	52.5705	53.50955	56.17464	59.30465	59.412956	56.15707	55.301258	52.24151	51.98495	49.588356	47.23667	45.424454	48.518692	49.02734	46.52986	47.168003	47.103058	49.87378	52.09092	51.484787	54.929646	56.565643	56.824436	53.056515	52.321938	54.91084	52.822227	49.474545	51.15129	53.25475	54.987846	53.43111	49.68328	50.00211	51.830223	49.246735	46.941174	49.30064	50.67098	48.13034	48.953064	49.130165	47.823574	50.154655	51.031498	47.439186	47.06213	44.21772	42.90931	42.323597	39.04704	39.25911	42.251354	42.32307	44.5453	47.21198	45.056854	44.707844	41.345062	39.833546	42.31281	40.324837	41.000584	38.57797	39.700462	38.54695	41.006454	42.697887	42.5179	44.459526	43.134346	39.5833	40.424187	37.3183	37.524082	36.47386	36.006382	38.508068	38.699036	41.935226	42.127487	45.52197	46.813984	50.2809	51.769543	49.13194	46.882862	43.71201	42.53882	39.259903	38.131405	34.712574	34.14693	32.594234	29.485704	29.375822	28.61158	31.4891	29.586754	29.164892	32.838993	33.845306	32.228634	33.590515	37.036003	36.987316	36.14288	39.04949	41.47227	40.98252	42.17731	45.334465	45.560417	45.787712	48.435513	50.773453	49.824642
D-3-A	49.81108	50.380665	48.261696	46.83446	44.814384	42.8819	42.255627	40.895573	38.720264	37.49731	36.66119	35.230824	31.711866	31.567327	30.640373	34.1926	36.913284	39.837452	41.200413	44.7016	46.741825	49.522358	52.33032	53.35485	56.18262	59.2193	59.113617	55.738358	54.72422	51.553665	51.40235	48.819595	46.27409	44.207867	47.1247	47.422157	45.029648	45.8323	46.045364	48.758724	50.939487	50.568123	54.093224	55.95679	56.19608	52.40289	51.86971	54.591923	52.48741	49.237873	51.13651	53.242416	55.16276	53.57684	49.820763	50.024403	51.600956	48.865982	46.62566	48.81607	49.98158	47.442677	48.215073	48.177464	46.8814	49.019638	49.786366	46.185165	45.918316	43.28168	42.16502	41.900173	38.778618	39.322826	42.425674	42.753197	44.826656	47.702858	45.80032	45.6355	42.370686	40.582573	42.801525	40.56121	40.9947	38.330643	39.12363	37.651352	39.838223	41.383057	40.89021	42.64772	41.13231	37.50597	38.415836	35.459988	36.005745	35.18092	35.093655	37.775127	38.32439	41.679966	42.172813	45.692337	47.139057	50.705383	51.940136	49.107616	46.728725	43.4507	42.01949	38.57725	37.148857	33.5816	32.62572	30.856094	27.933867	28.209927	27.833189	30.99733	29.480242	28.833418	32.373497	33.767883	32.407444	33.47654	36.88366	37.219982	36.464565	39.133232	41.682472	41.50807	42.58943	45.6192	46.096813	46.507603	48.973938	51.33654	50.13163
D-4-A	46.396324	46.850708	44.640713	43.266224	41.31098	39.28049	38.624134	37.388184	35.19908	33.8478	33.075893	31.786022	28.194504	28.092886	26.998743	30.501793	33.287758	36.13912	37.4517	40.935883	42.965084	45.713696	48.52081	49.525604	52.368465	55.391438	55.286884	51.910656	50.923634	47.776768	47.663464	45.125496	42.58392	40.586803	43.55578	43.897026	41.43106	42.15797	42.296616	45.042248	47.214733	46.786903	50.299484	52.13462	52.390633	48.60144	48.039825	50.76851	48.69129	45.429073	47.32654	49.46113	51.425644	49.89095	46.145462	46.418915	47.98539	45.2051	43.0445	45.305767	46.415176	43.800056	44.4989	44.45443	43.117767	45.291195	46.112476	42.52522	42.285007	39.60081	38.52513	38.20965	35.125557	35.649513	38.72024	39.052086	41.062088	43.982372	42.15633	42.03297	38.808487	36.92703	39.06527	36.78073	37.207573	34.545315	35.36727	33.961735	36.195473	37.858936	37.48372	39.399445	38.07549	34.461666	35.196476	32.109673	32.484184	31.519909	31.336275	33.969193	34.490807	37.843807	38.358738	41.89455	43.386013	46.97607	48.173298	45.31617	42.90699	39.63926	38.195065	34.768692	33.37455	29.837812	29.00868	27.336428	24.343925	24.469372	24.04538	27.1906	25.669168	25.000673	28.540482	29.944397	28.63505	29.70774	33.08435	33.46116	32.78906	35.440346	37.95162	37.869602	39.005577	41.969246	42.452126	42.97618	45.43221	47.731415	46.45263
I-5-A	43.612736	43.873005	41.575115	40.40513	38.414062	36.21264	35.70456	34.681633	32.318	30.880817	30.404156	29.245035	25.599548	25.798319	24.443096	27.821373	30.819353	33.45009	34.516792	37.906006	39.768497	42.47301	45.169033	46.12076	48.884888	51.95531	51.9649	48.656315	47.775055	44.709908	44.559437	42.169342	39.753872	37.978104	41.09908	41.61823	39.036594	39.603558	39.497337	42.29359	44.49055	43.878086	47.33451	49.012093	49.311813	45.542915	44.8259	47.494724	45.467472	42.128273	43.891384	46.070633	47.984844	46.532463	42.80195	43.229637	44.929554	42.18135	40.08011	42.518906	43.67597	40.971813	41.605984	41.665997	40.265453	42.57604	43.530518	39.975018	39.716022	36.866684	35.73826	35.175346	32.047237	32.341908	35.30549	35.478672	37.496746	40.35026	38.45937	38.25859	35.00459	33.184002	35.38684	33.206318	33.788292	31.276527	32.336823	31.20496	33.642605	35.52689	35.455967	37.638397	36.631023	33.095016	33.590416	30.297386	30.285418	29.0229	28.499542	30.951576	31.218838	34.492985	34.84416	38.32742	39.764244	43.325813	44.62657	41.853313	39.497112	36.29116	34.997055	31.682539	30.521942	27.118526	26.673223	25.274887	22.128656	21.813835	21.10099	24.035172	22.245193	21.665913	25.298752	26.479702	25.0425	26.287092	29.671337	29.862171	29.203342	31.978773	34.393875	34.218735	35.463936	38.443623	38.799904	39.326225	41.87028	44.10591	42.89737
A-6-A	46.014755	46.02119	43.508564	42.50173	40.67144	38.232338	37.665947	36.960266	34.59796	32.84114	32.48785	31.697567	27.94521	28.043139	26.265463	29.428915	32.39028	34.89284	35.96091	39.28335	41.11485	43.577087	46.200523	46.84795	49.62655	52.607952	52.817497	49.513237	48.893337	45.982197	46.069576	43.855637	41.392048	39.73571	42.852844	43.21854	40.41027	40.658173	40.560764	43.575405	45.516922	44.696213	48.031994	49.607292	49.630238	45.855366	45.263874	47.723957	45.457245	42.196712	44.005157	45.919056	47.609013	45.903893	42.135834	42.310253	44.09092	41.55248	39.170437	41.498024	42.935944	40.472607	41.449528	41.82065	40.738712	43.255028	43.961685	40.32014	39.698902	36.772926	35.278816	34.684402	31.356262	31.687082	34.80891	35.134674	37.47518	40.209198	38.1759	38.19255	35.045616	33.197227	35.611256	33.377842	33.743397	31.207642	32.254406	31.107008	33.714397	35.341553	35.406525	37.4477	36.3152	32.907135	33.751225	30.572914	30.47469	29.47351	28.840643	31.466177	31.701864	35.049603	35.453754	38.930977	40.57484	44.13855	45.592022	42.8741	40.358025	37.357338	35.960564	32.78554	31.52934	28.214687	27.936644	26.261223	22.855091	22.720846	21.498653	24.277098	22.540024	22.60615	26.236834	27.099016	25.935993	27.624329	30.802721	30.792755	30.516243	33.468575	35.554535	35.39161	36.99566	39.872917	39.923214	40.626484	43.370407	45.35505	44.17354
A-7-A	44.112976	43.84877	41.16188	40.36376	38.64948	35.986073	35.448082	35.07626	32.657963	30.650726	30.547344	30.096354	26.303032	26.527935	24.350595	27.242962	30.289326	32.537987	33.4377	36.64022	38.356014	40.650524	43.175793	43.64632	46.39653	49.343304	49.69226	46.431355	45.99598	43.22114	43.421017	41.39827	38.995144	37.558495	40.749294	41.158005	38.17578	38.153343	37.890083	41.02547	42.84897	41.814682	45.04635	46.476738	46.41143	42.658497	42.029366	44.364998	42.040646	38.77677	40.53449	42.367302	43.962364	42.222687	38.455544	38.643394	40.518627	38.06262	35.64572	38.06144	39.605507	37.158077	38.201206	38.758656	37.765205	40.4507	41.147167	37.51551	36.74525	33.682613	32.02766	31.25028	27.840113	28.045143	31.157352	31.47779	33.925163	36.597675	34.526524	34.641617	31.571987	29.670738	32.150215	29.9173	30.250586	27.795568	28.982496	28.035845	30.846666	32.542313	32.909252	35.112206	34.22752	30.968843	31.711784	28.43775	27.975233	26.850573	25.913645	28.46292	28.524006	31.842703	32.20335	35.6474	37.387905	40.942066	42.479774	39.8204	37.24702	34.397625	33.028065	30.01682	28.87523	25.74504	25.847988	24.293198	20.715588	20.310604	18.629253	21.131317	19.280027	19.746216	23.366232	23.93354	22.901175	24.893387	27.907654	27.732857	27.722569	30.776026	32.6099	32.47906	34.331295	37.096912	36.95089	37.816216	40.6648	42.451595	41.26675
L-8-A	46.453255	45.931503	43.096085	42.540787	40.91308	38.045647	37.58308	37.5248	35.044384	32.8495	32.98787	32.81384	29.027845	29.320667	26.84164	29.447283	32.4882	34.494854	35.248817	38.288166	39.844933	41.88841	44.240856	44.410282	47.07719	49.95889	50.56439	47.387512	47.242702	44.672752	45.023285	43.24321	40.91195	39.693356	42.907673	43.27698	40.117348	39.771923	39.399975	42.691113	44.298622	43.004677	46.06147	47.291588	47.000355	43.295353	42.691658	44.76204	42.2626	39.06352	40.739357	42.316185	43.61331	41.67719	37.91839	37.93073	39.97979	37.812088	35.14568	37.5168	39.389942	37.18495	38.534378	39.45102	38.737103	41.640106	42.17104	38.52761	37.41504	34.242466	32.20716	31.253878	27.65546	27.715782	30.859592	31.194654	33.966953	36.39969	34.11427	34.353046	31.38897	29.610819	32.35376	30.227913	30.47098	28.168503	29.478	28.703602	31.72294	33.23498	33.860905	35.99127	35.11582	32.0722	33.042763	29.877478	29.197262	28.21345	27.031113	29.565466	29.428717	32.680294	32.94572	36.270622	38.102962	41.573536	43.32858	40.82834	38.20814	35.62596	34.30706	31.548746	30.49077	27.589417	27.987873	26.369259	22.66424	22.242039	20.047567	22.13534	20.221367	21.338026	24.862297	24.953968	24.08052	26.510788	29.28345	28.774097	29.057062	32.287	33.754112	33.50964	35.683167	38.368107	37.862217	38.801247	41.854595	43.394627	42.34396
V-9-A	46.998222	46.21187	43.174812	42.768898	41.393284	38.33862	37.76327	38.051502	35.67922	33.169643	33.40449	33.656864	29.881231	30.054636	27.223753	29.473581	32.376503	34.16439	34.901165	37.799763	39.32466	41.069984	43.342087	43.20381	45.88854	48.61451	49.372185	46.219543	46.327118	43.94791	44.56691	42.987103	40.63106	39.56414	42.713047	42.935165	39.595703	38.91521	38.54086	41.99021	43.307465	41.822483	44.709946	45.834064	45.275124	41.616383	41.162453	43.012142	40.314655	37.257675	38.99266	40.284027	41.39337	39.23912	35.493095	35.256527	37.32323	35.35914	32.492603	34.74258	36.83074	34.86317	36.49613	37.695293	37.29828	40.354057	40.652493	37.006	35.571312	32.372337	30.032976	29.056643	25.369593	25.498726	28.741726	29.303959	32.296673	34.62522	32.34693	32.907883	30.202438	28.296915	31.069052	28.85538	28.791094	26.498344	27.73168	26.996445	30.119081	31.39415	32.227085	34.267017	33.43762	30.642466	31.790785	28.772161	27.899744	27.13424	25.830833	28.42593	28.283432	31.52495	31.911814	35.181007	37.25563	40.697323	42.492508	40.03673	37.261135	34.94098	33.50001	30.961739	29.833784	27.160885	27.773306	26.037058	22.273193	21.95398	19.347605	21.085363	19.412954	21.145565	24.414444	24.214397	23.785797	26.500559	28.904293	28.311071	29.063938	32.28469	33.372334	33.287502	35.7661	38.204983	37.468502	38.686905	41.816338	43.043312	41.928352
V-10-A	48.58142	47.550133	44.44397	44.3445	42.96417	39.75004	39.38687	39.955338	37.44794	34.896927	35.477615	35.884953	32.200417	32.61835	29.621294	31.585737	34.55349	36.018517	36.459034	39.11799	40.35862	41.886578	43.894	43.50741	46.00282	48.70731	49.752953	46.76731	47.155937	45.008125	45.65167	44.35759	42.19871	41.433487	44.650684	44.981026	41.5384	40.586716	39.970425	43.480736	44.674767	42.907017	45.587757	46.42111	45.747135	42.195187	41.625122	43.188572	40.438595	37.410343	38.907673	40.009758	40.781094	38.553493	34.883118	34.630737	36.965004	35.33524	32.33967	34.65496	37.050232	35.263306	37.0682	38.606995	38.368362	41.618595	41.90056	38.338093	36.67439	33.34308	30.713541	29.398	25.60776	25.355537	28.422216	28.793581	32.040485	34.016083	31.46979	32.007782	29.389896	27.777468	30.82732	28.908386	28.951504	27.02067	28.5398	28.194197	31.52419	32.78151	33.970993	36.06405	35.429295	32.888664	34.02896	31.053772	29.849638	29.005922	27.338615	29.680117	29.165903	32.17997	32.2993	35.33451	37.345932	40.618095	42.67716	40.47771	37.796963	35.767147	34.55422	32.34651	31.504128	29.154247	30.156488	28.615732	24.859203	24.26782	21.293976	22.458626	20.566124	22.744028	25.87729	25.130552	24.669302	27.738056	29.923708	28.89903	29.793447	33.17378	33.910458	33.58787	36.30933	38.70247	37.592472	38.7664	42.083332	43.094967	42.21464
D-11-A	49.480705	48.240227	44.96826	44.95576	43.855114	40.524548	39.998016	40.848457	38.5182	35.698277	36.281822	37.068127	33.429974	33.659573	30.424814	32.055977	34.801098	36.084373	36.56881	39.08544	40.336617	41.55629	43.50364	42.81666	45.343887	47.84282	48.99805	46.03433	46.650055	44.691483	45.622734	44.497955	42.292202	41.62829	44.71745	44.855553	41.284645	40.036327	39.483654	43.11044	43.98767	42.0848	44.579945	45.3414	44.37573	40.89837	40.541245	41.875736	38.92392	36.10916	37.70342	38.47044	39.055195	36.581158	32.96106	32.37833	34.66153	33.26718	30.070042	32.170124	34.768593	33.289314	35.397568	37.194786	37.310825	40.6506	40.65465	37.122353	35.142254	31.869972	28.967093	27.715797	23.929636	23.837393	26.979496	27.667265	31.077091	32.947395	30.501818	31.433418	29.171572	27.397293	30.357344	28.32657	27.973352	26.044506	27.371021	27.007273	30.329115	31.265629	32.601032	34.521984	33.900826	31.655233	32.99069	30.252975	28.941996	28.397371	26.723396	29.118944	28.688509	31.661806	31.973177	34.929707	37.199757	40.42451	42.449867	40.27691	37.438675	35.680096	34.303543	32.31551	31.350883	29.235731	30.341646	28.668087	24.976616	24.583767	21.39995	22.237345	20.753258	23.385023	26.160427	25.23637	25.280996	28.472816	30.2574	29.258848	30.604097	33.86589	34.25539	34.162853	37.111088	39.213158	37.946022	39.4173	42.732742	43.43502	42.445427
N-12-A	50.733433	49.280556	45.990646	46.281948	45.14007	41.696682	41.42078	42.501247	40.027588	37.24295	38.169804	39.03587	35.518196	36.02596	32.71279	34.10617	36.933407	37.90372	38.06094	40.323185	41.257263	42.29156	43.945976	43.056927	45.347404	47.83937	49.275368	46.515015	47.38205	45.65191	46.543446	45.699265	43.732662	43.37359	46.53671	46.83705	43.218235	41.763687	40.937305	44.56257	45.373543	43.21335	45.499634	45.949287	44.93728	41.59952	41.065845	42.120678	39.195457	36.401775	37.68688	38.306355	38.54558	36.07813	32.587975	32.08288	34.657135	33.607647	30.383923	32.590862	35.437813	34.095066	36.271866	38.351894	38.544514	42.032684	42.097473	38.69809	36.587036	33.203907	30.118273	28.488878	24.69753	24.129602	26.957804	27.348848	30.934664	32.397984	29.683304	30.516043	28.353605	26.958637	30.161634	28.514696	28.364235	26.885239	28.537848	28.621258	32.099144	33.105377	34.778595	36.801937	36.431725	34.406284	35.61846	32.88335	31.258297	30.541307	28.517288	30.571358	29.735489	32.410732	32.393745	35.06168	37.187584	40.19722	42.483803	40.60367	37.932117	36.45655	35.374435	33.72082	33.09973	31.30161	32.76674	31.36349	27.726307	27.009111	23.605282	23.923985	22.18654	25.069565	27.708014	26.291887	26.217373	29.659634	31.254526	29.833345	31.229984	34.60851	34.683468	34.31803	37.439945	39.503643	37.888805	39.260113	42.727936	43.237812	42.517036
G-13-A	53.4771	51.885803	48.49623	48.84888	47.902233	44.400528	44.01298	45.265804	42.924446	39.984974	40.88195	41.97198	38.48464	38.832024	35.408207	36.60523	39.23599	40.099945	40.31329	42.454514	43.386497	44.15794	45.729153	44.570744	46.8411	49.129993	50.6885	47.985706	49.0614	47.511658	48.62926	47.925896	45.93096	45.633335	48.670258	48.79435	45.100334	43.426037	42.68353	46.378414	46.90872	44.651436	46.744987	47.11217	45.819225	42.594105	42.26385	43.062996	39.96706	37.42427	38.752087	39.009106	38.98863	36.280567	32.92214	32.052547	34.56811	33.85306	30.441132	32.339725	35.41107	34.46179	36.94573	39.266808	39.8068	43.336803	43.124115	39.78096	37.381386	34.12066	30.808586	29.284393	25.591963	25.171461	27.964966	28.60534	32.30194	33.57176	30.934706	32.07106	30.255987	28.842916	31.957876	30.299786	29.829142	28.408983	29.850252	29.889578	33.275578	33.921043	35.653072	37.42053	36.97516	35.2315	36.692093	34.23834	32.628952	32.23225	30.287842	32.379555	31.63627	34.229557	34.34814	36.887825	39.176926	42.08604	44.366127	42.55848	39.800373	38.57371	37.381954	35.91351	35.18275	33.549316	35.00996	33.45488	29.901985	29.419106	25.971918	26.113123	24.719336	27.823736	30.199795	28.696	28.958546	32.435333	33.74583	32.342457	34.01939	37.296833	37.11366	36.87903	40.140842	41.991226	40.23458	41.780094	45.246292	45.5074	44.755264
S-14-A	55.030888	53.24081	49.837635	50.4553	49.518135	45.935078	45.73658	47.203835	44.785328	41.866608	43.031723	44.220993	40.857567	41.399963	37.91542	38.88351	41.534245	42.117683	42.065857	43.95644	44.612507	45.17372	46.464153	45.093254	47.131443	49.35733	51.173107	48.680363	50.002	48.691776	49.8057	49.3712	47.58809	47.56006	50.62288	50.860233	47.13601	45.267727	44.3081	47.98325	48.412285	45.93522	47.800488	47.876846	46.512066	43.45891	43.006634	43.50944	40.446342	37.994343	39.03753	39.097977	38.71908	36.01492	32.85535	32.016335	34.749283	34.40909	31.013906	32.93561	36.208626	35.44282	37.98818	40.55955	41.20406	44.83447	44.64259	41.453777	38.934902	35.633636	32.193092	30.38381	26.78883	25.99535	28.434414	28.843985	32.633743	33.4859	30.67893	31.772264	30.163445	29.09993	32.333412	31.030163	30.685213	29.680933	31.336805	31.742517	35.1997	35.863262	37.870987	39.69207	39.469078	37.948334	39.30314	36.89076	35.03557	34.52988	32.334663	34.12344	33.072063	35.365208	35.230503	37.464985	39.632843	42.302563	44.78112	43.256714	40.6551	39.72542	38.774956	37.628555	37.17112	35.832375	37.569855	36.22828	32.751816	32.04419	28.464712	28.191813	26.679775	29.94961	32.146053	30.268343	30.492918	34.116333	35.20613	33.48796	35.238125	38.54469	38.05417	37.62751	41.02243	42.773174	40.7159	42.201378	45.75761	45.797188	45.27209
G-15-A	58.189713	56.522987	53.147232	53.63392	52.63661	49.1046	48.844143	50.147404	47.724617	44.843483	45.845253	46.89499	43.419872	43.8446	40.440002	41.631847	44.27848	45.07646	45.19637	47.23253	48.01887	48.674522	50.06522	48.75166	50.84908	53.078426	54.836838	52.280724	53.52821	52.125366	53.240337	52.67589	50.780838	50.58462	53.629513	53.768555	50.05721	48.293705	47.49238	51.18903	51.634407	49.265125	51.207504	51.3998	49.994987	46.897907	46.54787	47.109657	43.993256	41.570763	42.716507	42.76098	42.407093	39.63535	36.47309	35.492825	38.10326	37.748676	34.275364	36.01173	39.278706	38.606483	41.237278	43.74413	44.43061	48.007248	47.714634	44.442883	41.903496	38.68655	35.255856	33.66296	30.053362	29.482439	32.05121	32.55406	36.32936	37.25688	34.465485	35.525955	33.83166	32.761063	36.002346	34.613205	34.217926	33.03155	34.530216	34.676975	38.04373	38.547802	40.325924	41.947277	41.430042	39.82213	41.43523	39.108585	37.52234	37.207474	35.233276	37.23815	36.370354	38.806637	38.763855	41.098503	43.274384	45.997738	48.453167	46.856247	44.210163	43.156693	42.102913	40.77876	40.14446	38.586266	40.078197	38.503204	34.951565	34.48798	31.032558	31.094244	29.625011	32.748203	35.120937	33.459694	33.614487	37.172466	38.445072	36.833336	38.46082	41.811764	41.491478	41.05034	44.371353	46.234333	44.260334	45.67207	49.23776	49.389202	48.857777
M-16-A	57.60521	56.162975	52.83998	53.077667	52.00242	48.571125	48.18721	49.230072	46.833134	44.004215	44.760532	45.622772	42.025333	42.304325	39.023323	40.50674	43.1735	44.273167	44.62673	46.912796	47.933754	48.831436	50.467735	49.386963	51.666634	53.991936	55.52352	52.787838	53.78665	52.142033	53.20061	52.368324	50.296898	49.834698	52.87792	52.94372	49.287926	47.759533	47.149437	50.84152	51.432484	49.28301	51.45573	51.90963	50.61083	47.354355	47.07315	47.91942	44.804432	42.26977	43.629826	43.8896	43.847324	41.104744	37.770443	36.811115	39.25649	38.56456	35.097576	36.831043	39.905334	39.046658	41.589363	43.840664	44.38518	47.855476	47.580036	44.16388	41.77494	38.5955	35.317585	33.97022	30.278368	29.990625	32.834496	33.45697	37.1425	38.4135	35.71268	36.718117	34.776836	33.48685	36.674713	35.032177	34.61485	33.084435	34.42885	34.24463	37.535233	38.04928	39.525726	41.086075	40.311577	38.445377	40.17465	37.797268	36.4979	36.260902	34.53705	36.808533	36.19561	38.89353	39.017532	41.615826	43.831882	46.756798	49.07246	47.242855	44.501316	43.145023	41.921642	40.273838	39.41619	37.539112	38.73224	36.957115	33.325386	33.069576	29.798409	30.310999	28.869778	31.74515	34.351734	33.050858	33.12155	36.528275	38.080513	36.71714	38.17449	41.535866	41.54819	41.196014	44.3584	46.380207	44.675297	46.05365	49.559048	49.963882	49.286674
C-17-A	54.85556	53.55585	50.33197	50.496174	49.245674	45.88328	45.588146	46.455578	43.951405	41.272335	42.030575	42.676098	39.05166	39.45644	36.29511	37.971733	40.802536	42.01639	42.339317	44.743313	45.78137	46.921577	48.64454	47.814125	50.121643	52.627434	54.035126	51.23932	52.038296	50.22209	51.07814	50.105057	48.049442	47.514492	50.66266	50.878372	47.29741	45.979183	45.310375	48.93617	49.781334	47.73303	50.086933	50.629528	49.58282	46.218525	45.766434	46.851803	43.8838	41.127487	42.46554	43.04903	43.250862	40.7124	37.248173	36.597027	39.090626	38.08913	34.77435	36.780575	39.6595	38.44687	40.72288	42.75172	42.987232	46.412094	46.380142	42.906654	40.7768	37.492817	34.414642	32.993034	29.213198	28.826405	31.715675	32.143257	35.724777	37.179813	34.42499	35.17379	32.932205	31.64751	34.89259	33.24609	33.091366	31.490744	32.99479	32.823734	36.184666	37.009533	38.419464	40.205227	39.486423	37.3525	38.868168	36.239548	34.946728	34.442574	32.675922	34.931477	34.263607	37.041893	37.06458	39.782856	41.857758	44.87639	47.18243	45.277172	42.608772	41.02127	39.88165	38.055756	37.275467	35.236317	36.402447	34.743668	31.039682	30.608097	27.409084	28.113146	26.40372	29.04677	31.882513	30.695831	30.47564	33.817917	35.62946	34.278084	35.473648	38.90752	39.167976	38.71115	41.727757	43.940144	42.38305	43.60342	47.09561	47.734604	47.075367
K-18-A	53.88887	52.791027	49.589478	49.470566	48.26071	45.012016	44.48598	45.13343	42.770325	40.071426	40.5046	41.06527	37.342484	37.479675	34.42064	36.316566	39.051456	40.555458	41.182957	43.811935	45.138123	46.44083	48.42697	47.774662	50.296345	52.803497	53.95645	50.97704	51.549076	49.528755	50.42419	49.194798	46.9211	46.101578	49.166878	49.22232	45.698914	44.576164	44.169308	47.787098	48.68435	46.87827	49.41484	50.24209	49.22988	45.745636	45.46185	46.792572	43.796597	41.03132	42.646633	43.351887	43.856476	41.301678	37.721195	36.98941	39.222553	37.925262	34.63001	36.524082	39.18335	37.86796	40.089977	41.864258	42.04218	45.32026	45.2202	41.636055	39.623215	36.4613	33.551838	32.477497	28.719906	28.744593	31.898033	32.58664	36.022778	37.830616	35.305897	36.151524	33.824284	32.207912	35.246323	33.26767	32.930645	30.947151	32.15166	31.57806	34.768936	35.503048	36.582207	38.236774	37.258575	34.933975	36.59004	33.997635	33.02922	32.710045	31.286573	33.83825	33.53759	36.568073	36.88296	39.85093	42.05676	45.266937	47.33804	45.17051	42.353184	40.5188	39.115437	36.996628	35.903797	33.58485	34.39673	32.480705	28.762136	28.658087	25.707563	26.870405	25.400303	27.7947	30.732565	29.986355	29.869844	32.975647	34.94924	33.9738	35.121365	38.443993	38.983322	38.769882	41.63003	43.87417	42.628	43.94041	47.295517	48.106075	47.202904
A-19-A	52.609184	51.725544	48.678123	48.441223	47.003017	43.883038	43.46116	43.833603	41.352524	38.889526	39.26959	39.494434	35.738724	35.995144	33.168545	35.36449	38.264965	39.956852	40.586582	43.36237	44.71986	46.309532	48.38648	48.024296	50.55241	53.23861	54.252037	51.225674	51.562862	49.348965	49.99947	48.587757	46.327908	45.3838	48.54306	48.748127	45.350056	44.513103	44.08276	47.592922	48.775948	47.12212	49.84799	50.77972	50.035202	46.46483	46.01523	47.587452	44.766174	41.806942	43.382454	44.405327	45.130947	42.793446	39.138584	38.695694	40.94456	39.379345	36.26479	38.36157	40.807037	39.18255	41.12187	42.632507	42.484657	45.664833	45.80878	42.184322	40.471115	37.263184	34.613922	33.5186	29.749329	29.694601	32.832214	33.299416	36.571716	38.532368	35.968037	36.504177	33.874763	32.330425	35.39503	33.45422	33.416542	31.374132	32.70206	32.098366	35.28179	36.301804	37.226578	39.04247	38.049114	35.435833	36.9062	34.09717	33.24499	32.67861	31.299906	33.83756	33.51824	36.614544	36.815205	39.88464	41.89146	45.16902	47.22254	44.991287	42.288494	40.18923	38.886776	36.546055	35.516865	32.972282	33.650505	31.828972	28.070383	27.838287	25.111305	26.591448	24.843077	26.818861	30.037697	29.5074	29.005144	31.948095	34.263035	33.334423	34.100597	37.481075	38.3522	37.9935	40.62432	43.106617	42.052067	43.129265	46.447487	47.547253	46.69413
G-20-A	51.898796	51.26353	48.300945	47.775978	46.324318	43.373184	42.7711	42.85629	40.499138	38.11321	38.16376	38.20317	34.38402	34.407627	31.795233	34.267624	37.08674	39.08905	39.99574	42.98612	44.5969	46.3878	48.69793	48.56144	51.252262	53.96142	54.718784	51.545353	51.625397	49.200493	49.81816	48.140198	45.704845	44.471764	47.55325	47.64845	44.36754	43.797913	43.60495	47.046352	48.341026	46.956997	49.867283	51.064133	50.418514	46.755947	46.415783	48.238403	45.459526	42.479794	44.260952	45.44427	46.456253	44.17193	40.447807	40.00494	42.022568	40.176876	37.159885	39.17927	41.36478	39.603973	41.406532	42.61488	42.33665	45.327763	45.471554	41.775784	40.264267	37.196693	34.80142	34.01729	30.339748	30.608805	33.896595	34.51903	37.587383	39.84188	37.48558	38.027473	35.30444	33.534187	36.384666	34.207367	34.086708	31.742805	32.81465	31.856733	34.826725	35.823772	36.38847	38.10079	36.871548	34.028545	35.56028	32.763523	32.27361	31.821869	30.804733	33.56285	33.574047	36.858242	37.28109	40.546597	42.59384	46.014847	47.84655	45.396133	42.62097	40.26442	38.770054	36.137558	34.8519	32.017437	32.2979	30.277105	26.559938	26.62491	24.287727	26.26145	24.708487	26.269701	29.591915	29.538326	29.037792	31.656862	34.172092	33.607655	34.218864	37.462536	38.654507	38.476482	40.878918	43.42101	42.693836	43.78105	46.93935	48.24655	47.20444
F-21-A	49.883156	49.488964	46.653435	45.895897	44.370033	41.598553	40.91283	40.71134	38.4181	36.184364	35.998413	35.79874	31.962906	31.88538	29.52856	32.265453	35.076855	37.324554	38.393257	41.552467	43.32879	45.352917	47.83966	47.97561	50.76361	53.542233	54.06083	50.78963	50.600376	47.974396	48.46805	46.55584	44.031933	42.579117	45.63316	45.736137	42.60531	42.330128	42.263	45.58371	47.06929	45.928604	49.017666	50.41859	49.96885	46.23713	45.888485	47.96964	45.325905	42.269722	44.15233	45.57671	46.877766	44.75338	40.984177	40.692806	42.554768	40.414806	37.59444	39.664284	41.553856	39.55704	41.102074	41.983078	41.461308	44.264828	44.538727	40.820995	39.60436	36.624863	34.551888	33.944748	30.385197	30.81089	34.131355	34.75823	37.570835	40.072624	37.88699	38.32149	35.46496	33.561195	36.21416	33.908367	33.854393	31.32669	32.280186	31.122095	33.921597	35.06406	35.3609	37.119076	35.82074	32.735565	34.12469	31.231249	30.982285	30.45083	29.677008	32.509327	32.72123	36.10925	36.634888	40.040398	42.026577	45.548386	47.191666	44.578613	41.8208	39.208115	37.641468	34.758488	33.35869	30.28771	30.271896	28.230654	24.585432	24.74479	22.814966	25.195513	23.695473	24.758417	28.191872	28.553972	27.927553	30.205528	32.944283	32.671284	33.039814	36.15418	37.675926	37.59772	39.73353	42.363007	41.952873	42.97801	45.97168	47.51058	46.34183
A-22-A	47.273205	46.89163	43.996693	43.101643	41.76247	39.015343	38.092625	37.905567	35.814304	33.424862	33.037384	33.008736	29.15107	28.817314	26.386925	29.086456	31.746181	34.074474	35.334373	38.560425	40.51935	42.52711	45.156696	45.326225	48.254417	50.947178	51.30885	47.943516	47.66914	44.989376	45.60998	43.611626	40.948162	39.379	42.331474	42.294254	39.16062	38.90804	38.99694	42.32268	43.74773	42.72346	45.859806	47.412125	46.942406	43.1832	42.981678	45.16676	42.510998	39.520473	41.592472	43.032677	44.51968	42.398903	38.6157	38.27241	39.922504	37.612644	34.880272	36.873142	38.569096	36.51184	37.990616	38.722122	38.206123	40.914192	41.120895	37.3844	36.232056	33.356663	31.424736	31.045547	27.606382	28.325207	31.748678	32.61612	35.27356	37.98512	36.06753	36.69469	33.95926	31.75102	34.128716	31.569342	31.281254	28.530737	29.225163	27.838762	30.496086	31.591898	31.756998	33.498352	32.190502	29.054136	30.409264	27.524471	27.375753	26.953592	26.386145	29.36823	29.852726	33.35193	34.14867	37.667137	39.822617	43.43535	44.85668	42.079563	39.186928	36.518673	34.726955	31.748909	30.124775	26.984377	26.811884	24.630772	21.00592	21.389488	19.601664	22.187119	21.040625	22.02406	25.32621	25.966198	25.644201	27.737728	30.375763	30.423325	30.96639	33.88032	35.4338	35.673668	37.774536	40.23997	40.01194	41.263084	44.10714	45.605812	44.193012
G-23-A	48.78394	48.540775	45.650158	44.502514	43.344494	40.730854	39.509056	39.183056	37.376328	34.924076	34.14928	34.161785	30.312475	29.531986	27.246555	30.010693	32.34823	34.91666	36.539066	39.87913	42.108337	44.100964	46.910213	47.099743	50.186596	52.745155	52.926987	49.446915	49.063263	46.306747	47.090637	44.929344	42.04882	40.214123	42.94449	42.60498	39.544373	39.40247	39.84697	43.15192	44.451626	43.656147	46.838448	48.623817	48.039318	44.266655	44.351936	46.6113	43.870174	41.048817	43.374092	44.716038	46.32149	44.087803	40.31964	39.728085	41.08063	38.6958	35.940926	37.621788	39.17094	37.253613	38.811802	39.385025	39.010513	41.53118	41.49585	37.724373	36.568806	33.967556	32.150906	32.207726	28.94155	30.098854	33.65676	34.851616	37.4062	40.2722	38.593235	39.43842	36.843876	34.413975	36.55179	33.75374	33.137096	30.126225	30.375765	28.55336	30.870024	31.61499	31.371916	32.742287	31.041925	27.848621	29.539848	26.95501	27.295736	27.335499	27.272648	30.525023	31.443243	35.063816	36.19769	39.811363	42.141533	45.822826	47.018414	44.07355	41.032684	38.310905	36.222572	33.10915	31.10347	27.819702	27.175278	24.591566	21.15582	22.171598	20.798147	23.678175	23.058052	23.87651	26.973518	27.988005	27.980846	29.800545	32.347813	32.75723	33.410583	36.096275	37.726543	38.24979	40.259827	42.59528	42.563457	43.97178	46.665173	48.16036	46.532387
D-24-A	52.294086	51.932228	48.96219	47.92472	46.814342	44.102505	42.906292	42.722263	40.88964	38.350143	37.671165	37.799984	33.947155	33.17676	30.773392	33.400776	35.69104	38.15255	39.73759	42.992645	45.156082	46.985085	49.701744	49.683334	52.731606	55.218292	55.557274	52.12004	51.921844	49.292057	50.195953	48.161037	45.294262	43.54779	46.25118	45.824245	42.67428	42.343044	42.791416	46.19141	47.313316	46.386833	49.445084	51.131584	50.34291	46.61322	46.786728	48.851658	45.95441	43.23411	45.54354	46.653164	48.030964	45.60246	41.860558	41.03826	42.44796	40.31236	37.33518	38.85074	40.649895	39.012222	40.854145	41.674896	41.559376	44.188347	43.957775	40.18093	38.75198	36.157795	34.065826	34.10274	30.74629	31.889044	35.48374	36.749622	39.52911	42.225067	40.418427	41.377556	38.874187	36.53146	38.831787	36.092022	35.36279	32.43043	32.677143	30.891989	33.26498	33.743088	33.578094	34.729202	32.882584	29.896833	31.899931	29.537777	29.858044	30.122986	29.994091	33.272198	34.12162	37.705994	38.814137	42.352203	44.75621	48.383686	49.708958	46.8556	43.769184	41.217133	39.128586	36.160576	34.15831	31.002234	30.462303	27.782904	24.337746	25.419756	23.796053	26.435007	25.818693	26.989914	30.032381	30.788044	30.871872	32.93067	35.352757	35.57532	36.38262	39.17751	40.6068	41.056366	43.247555	45.55071	45.304913	46.745518	49.568027	50.92258	49.377426
D-25-A	54.85035	54.361664	51.27174	50.262455	49.36082	46.575897	45.234802	45.225372	43.53636	40.804394	40.07992	40.469822	36.639263	35.681488	33.130047	35.537243	37.610153	39.98978	41.67476	44.850616	47.06337	48.66668	51.363613	51.118813	54.208523	56.520615	56.924335	53.48686	53.44769	50.94733	52.092056	50.153435	47.21184	45.48672	48.04936	47.398746	44.166622	43.63062	44.21754	47.70593	48.54927	47.570065	50.489475	52.168095	51.112656	47.445343	47.8525	49.742973	46.66579	44.15645	46.578083	47.39864	48.62907	45.979618	42.30172	41.148335	42.432037	40.497967	37.34838	38.55334	40.48527	39.181232	41.308777	42.302353	42.52048	45.172707	44.637505	40.874966	39.172504	36.72065	34.43646	34.655804	31.356705	32.70936	36.36792	37.895237	40.78816	43.4065	41.673885	42.90651	40.6337	38.202305	40.45656	37.63065	36.58868	33.62119	33.634636	31.72072	33.98464	34.060562	33.859867	34.67863	32.63318	29.906876	32.27235	30.253326	30.663054	31.320234	31.311811	34.693424	35.67699	39.253685	40.53251	44.025204	46.62384	50.22365	51.52299	48.675575	45.45721	43.09155	40.84594	38.01111	35.851585	32.83487	32.275707	29.392414	26.042046	27.398972	25.673294	28.133024	27.828032	29.302975	32.112766	32.774906	33.19154	35.34722	37.512863	37.759254	38.860912	41.59926	42.803185	43.398407	45.75295	47.876358	47.516975	49.15067	51.993526	53.141964	51.522278
A-26-A	55.839615	55.15318	51.997932	51.252422	50.27684	47.327248	46.20285	46.40706	44.518513	41.754993	41.36115	41.827076	37.990715	37.327538	34.5834	36.84283	39.101643	41.23145	42.633472	45.65722	47.62741	49.107044	51.598713	51.17811	54.116974	56.458923	57.111668	53.79884	53.98164	51.640358	52.76229	51.042385	48.268894	46.803707	49.507133	49.01836	45.663574	44.90669	45.2311	48.80059	49.60414	48.357777	51.14446	52.57081	51.451378	47.83604	48.096027	49.779205	46.658245	44.111942	46.3307	47.040154	48.00622	45.301735	41.650673	40.51071	42.0581	40.37519	37.093414	38.41537	40.638996	39.431503	41.694992	42.985424	43.282333	46.149075	45.662018	41.92917	40.041508	37.389812	34.832123	34.710377	31.243807	32.26879	35.832386	37.18558	40.29912	42.66497	40.691017	41.872734	39.6143	37.402992	39.91011	37.301838	36.39317	33.68247	34.000732	32.437073	34.985016	35.151936	35.330765	36.315163	34.515972	31.963175	34.236736	32.108116	32.125423	32.585808	32.17455	35.37268	36.00768	39.454575	40.486065	43.836124	46.368534	49.862373	51.404377	48.75221	45.610023	43.42436	41.385475	38.763794	36.87232	34.0519	33.89083	31.222267	27.72108	28.704819	26.556787	28.644016	28.03414	29.856104	32.719707	32.952057	33.26013	35.743416	37.843372	37.72417	38.886642	41.823753	42.805424	43.174355	45.721214	47.876072	47.222942	48.789055	51.8117	52.833317	51.419243
P-27-A	55.015625	54.222237	51.085945	50.566364	49.412697	46.366043	45.52397	45.826195	43.688416	41.015488	40.94991	41.344746	37.519257	37.22662	34.407005	36.630966	39.159084	41.09832	42.18273	45.100124	46.81521	48.309975	50.62086	50.18008	52.950684	55.42014	56.25337	53.060226	53.344772	51.076176	52.033436	50.460518	47.891365	46.6533	49.550476	49.333904	45.930473	45.09987	45.110477	48.686264	49.615093	48.16867	50.91261	52.116936	51.10858	47.511738	47.4973	49.099117	46.061855	43.360176	45.320164	46.110126	46.93272	44.33065	40.67444	39.767693	41.62304	40.03584	36.765884	38.38589	40.764008	39.43195	41.624023	43.0611	43.223286	46.252857	45.99269	42.29154	40.417576	37.51909	34.856747	34.322956	30.695332	31.285109	34.70086	35.72302	38.9534	41.12962	38.895187	39.854645	37.4733	35.52915	38.28803	35.944344	35.353622	32.913986	33.64467	32.478325	35.320915	35.805447	36.32604	37.642727	36.172043	33.618496	35.59818	33.193985	32.82752	32.891254	32.060177	35.010876	35.249363	38.56306	39.26296	42.49578	44.84212	48.245373	50.01802	47.547043	44.56351	42.44034	40.68982	38.19857	36.649418	33.947838	34.15289	31.80463	28.157293	28.654127	26.206839	28.029097	26.967085	28.924253	31.937235	31.824081	31.839167	34.554985	36.72319	36.253372	37.298607	40.435387	41.335827	41.410942	44.031883	46.30934	45.455307	46.84301	50.009304	51.031647	49.851715
R-28-A	56.55088	55.929157	52.930206	52.344448	50.978077	48.038425	47.320774	47.392082	45.135086	42.689693	42.59721	42.67762	38.835968	38.64885	36.06215	38.53998	41.1932	43.27947	44.34887	47.35828	49.05873	50.749706	53.081436	52.815674	55.544632	58.14536	58.937363	55.74285	55.896137	53.5118	54.273315	52.58684	50.051174	48.727463	51.694782	51.588238	48.288307	47.66779	47.656868	51.152195	52.27984	50.922832	53.7754	55.01409	54.16716	50.530285	50.38736	52.101643	49.16945	46.34645	48.226	49.186016	50.063164	47.576004	43.89532	43.150814	45.0734	43.404053	40.207344	41.9333	44.24735	42.78063	44.834167	46.14348	46.113544	49.08658	48.976437	45.255096	43.552265	40.62827	38.09615	37.512638	33.86303	34.3283	37.689907	38.505688	41.68462	43.867493	41.51734	42.22336	39.632305	37.857536	40.716152	38.486362	38.14421	35.735065	36.589535	35.436954	38.273304	38.91053	39.3121	40.673332	39.126602	36.396126	38.31649	35.816338	35.579414	35.50164	34.703247	37.621754	37.801395	41.12331	41.67875	44.93264	47.093826	50.499695	52.330387	49.87292	47.00709	44.727917	43.097763	40.474483	38.999073	36.139282	36.222496	33.925568	30.273705	30.700975	28.442007	30.461172	29.15717	30.812002	34.0376	34.02545	33.703716	36.32642	38.7547	38.239998	38.96611	42.182972	43.304684	43.183807	45.64485	48.131577	47.351654	48.49817	51.679993	52.90866	51.847908
A-29-A	57.708664	56.893536	53.8533	53.532276	52.10872	49.034058	48.533787	48.81506	46.392452	43.940857	44.164307	44.326473	40.52977	40.610023	37.87514	40.1735	42.95852	44.789146	45.581116	48.41209	49.859043	51.414974	53.52216	53.08945	55.641006	58.25727	59.291	56.244827	56.61189	54.4002	55.13074	53.671654	51.319946	50.255608	53.330353	53.373985	49.983833	49.163376	48.90674	52.44735	53.530396	51.931705	54.636066	55.620567	54.727085	51.170975	50.878784	52.37903	49.44082	46.60438	48.254623	49.10633	49.713898	47.21305	43.603848	42.905987	45.071968	43.65885	40.392334	42.221737	44.772877	43.400574	45.544662	47.112373	47.14856	50.293285	50.234413	46.574787	44.726597	41.65255	38.913006	38.013226	34.275085	34.397804	37.589863	38.19458	41.542698	43.435764	40.858482	41.479443	38.92772	37.429512	40.51065	38.547707	38.36026	36.250546	37.386227	36.57903	39.62678	40.34225	41.06993	42.563778	41.24122	38.676003	40.504303	37.93972	37.373955	37.1286	35.984997	38.684093	38.528435	41.67115	41.967766	45.033653	47.09343	50.35329	52.416855	50.18176	47.426834	45.349686	43.944393	41.559982	40.356354	37.720406	38.158195	36.072952	32.35494	32.46337	29.883106	31.510477	29.94967	31.891724	35.09435	34.667793	34.239334	37.134827	39.45644	38.583374	39.354145	42.72428	43.60754	43.25143	45.877434	48.37017	47.29712	48.354534	51.692173	52.78148	51.946045
V-30-A	58.503067	57.453342	54.281742	54.143665	52.878376	49.658894	49.154873	49.72248	47.33346	44.699066	45.07785	45.52916	41.77503	41.867355	38.901325	40.906403	43.617012	45.208694	45.89396	48.54722	49.879128	51.174065	53.133514	52.433582	54.9155	57.399414	58.613605	55.659195	56.27097	54.26646	55.16622	53.92566	51.633568	50.759865	53.801807	53.79476	50.284325	49.183228	48.84994	52.47649	53.33482	51.541492	54.049286	54.86501	53.767982	50.31347	50.08595	51.335426	48.283497	45.590004	47.183327	47.77093	48.13037	45.484795	41.970932	41.095184	43.32274	42.191673	38.799847	40.518803	43.285	42.163326	44.52071	46.358257	46.644127	49.91127	49.702877	46.108913	44.00838	40.923306	37.94757	36.95122	33.218872	33.27297	36.393143	37.076996	40.57674	42.25921	39.651646	40.46705	38.157776	36.696194	39.81398	37.918484	37.57452	35.6216	36.767155	36.114403	39.23085	39.782745	40.743595	42.18156	40.97749	38.687912	40.585274	38.147488	37.36707	37.22133	35.91885	38.532467	38.269806	41.290794	41.58045	44.501335	46.668926	49.82557	51.970528	49.85926	47.063866	45.25338	43.856606	41.72349	40.57823	38.1951	38.86667	36.809147	33.10402	33.17076	30.323002	31.58103	30.12701	32.455376	35.44096	34.718765	34.532337	37.632034	39.662136	38.639008	39.70679	43.07748	43.63321	43.314514	46.163685	48.471603	47.16418	48.375473	51.78401	52.605644	51.800972
F-31-A	59.693943	58.51208	55.361393	55.4604	54.087093	50.79259	50.5373	51.234634	48.67309	46.120266	46.788025	47.224255	43.541378	43.913475	40.904167	42.79757	45.64995	47.030926	47.43779	49.926926	50.998016	52.218197	53.951927	53.15762	55.433727	57.964214	59.390625	56.599583	57.367695	55.50376	56.30043	55.252064	53.165558	52.52212	55.673904	55.854984	52.313816	51.102077	50.52048	54.135548	55.020298	53.03574	55.424072	55.9979	54.932365	51.565517	51.138954	52.216484	49.230766	46.49671	47.81873	48.367725	48.48802	45.90988	42.491943	41.75574	44.229874	43.31398	39.93839	41.804077	44.7312	43.63427	45.9832	47.997524	48.259533	51.64654	51.558685	48.045364	45.90099	42.684002	39.60486	38.289307	34.521965	34.191837	37.072163	37.459347	41.05318	42.436684	39.599396	40.233036	37.92717	36.81191	40.131878	38.559643	38.460064	36.8356	38.283512	37.979073	41.261517	41.963146	43.188824	44.787643	43.80465	41.60593	43.347294	40.81127	39.764267	39.39423	37.789326	40.14705	39.54623	42.360077	42.34764	45.060905	47.04692	50.033592	52.40471	50.530537	47.907227	46.256626	45.130764	43.204132	42.35632	40.157925	41.11823	39.30224	35.572746	35.31805	32.283108	33.22458	31.482513	33.937435	36.91776	35.850735	35.46553	38.74562	40.72441	39.361267	40.365234	43.86221	44.24805	43.65039	46.58233	48.932255	47.37632	48.421535	51.954628	52.69357	52.148464
P-32-A	60.354626	58.949276	55.73298	56.071938	54.771297	51.36165	51.220234	52.176144	49.578964	46.95415	47.860287	48.490215	44.90081	45.40863	42.24738	43.868076	46.714626	47.816334	48.008575	50.274647	51.13102	52.1252	53.634575	52.615902	54.728275	57.17529	58.820965	56.1902	57.19769	55.556793	56.414494	55.617886	53.687054	53.293278	56.458046	56.7018	53.08682	51.64014	50.881153	54.521618	55.26549	53.065365	55.245613	55.577827	54.403843	51.17307	50.686584	51.50166	48.50003	45.86104	46.99321	47.342884	47.175014	44.560574	41.28773	40.524048	43.15148	42.539383	39.134827	41.001568	44.120113	43.1971	45.64843	47.912117	48.31698	51.820923	51.70602	48.307198	46.001247	42.734	39.486683	37.94783	34.22155	33.643757	36.304394	36.58725	40.28673	41.36108	38.422184	39.101357	37.003723	36.09071	39.487545	38.138832	38.05544	36.72781	38.321384	38.30922	41.686737	42.368374	43.87979	45.532654	44.772316	42.809673	44.473564	41.977837	40.655506	40.22635	38.37831	40.51649	39.679882	42.27408	42.1092	44.59284	46.550808	49.359898	51.8754	50.21422	47.666996	46.293594	45.316322	43.68218	43.031372	41.118633	42.37035	40.718323	37.02784	36.58525	33.330307	33.856346	32.077938	34.81071	37.5951	36.17725	35.8755	39.334183	41.059288	39.45068	40.627514	44.140747	44.210285	43.522217	46.62496	48.83648	47.013317	48.091434	51.701637	52.201515	51.797398
S-33-A	57.790077	56.277508	53.086575	53.608112	52.248962	48.793587	48.840267	49.91771	47.214466	44.65101	45.80255	46.458103	42.974007	43.724594	40.526993	42.00061	44.95564	45.84864	45.787727	47.906895	48.5529	49.515415	50.866966	49.839996	51.809994	54.3224	56.071335	53.554592	54.627506	53.072308	53.818996	53.164562	51.416138	51.22381	54.47501	54.912697	51.302494	49.79769	48.804882	52.39677	53.211708	50.885715	53.002644	53.166298	52.10984	48.931957	48.23554	48.993637	46.115658	43.386654	44.304775	44.739086	44.506145	42.044735	38.806496	38.297096	41.11729	40.53313	37.251186	39.365376	42.49031	41.425587	43.730785	46.044697	46.321968	49.891483	49.96652	46.653206	44.421146	41.024666	37.797646	35.965904	32.23412	31.31145	33.76254	33.769306	37.467926	38.38682	35.314808	35.82651	33.698353	32.991722	36.49199	35.37502	35.530773	34.465763	36.338394	36.650555	40.16482	41.09801	42.848335	44.756638	44.295868	42.357662	43.731068	41.072723	39.467804	38.745403	36.616337	38.486107	37.359917	39.772823	39.36743	41.704983	43.512165	46.215336	48.85239	47.34328	44.943295	43.666798	42.918392	41.45228	41.080624	39.35343	40.884354	39.52526	35.856796	35.068127	31.6806	31.90834	29.893354	32.695747	35.42394	33.742016	33.295277	36.854496	38.508045	36.668304	37.80716	41.367874	41.313168	40.459316	43.60282	45.81265	43.853508	44.842926	48.501556	48.950733	48.692265
I-34-A	60.169575	58.59573	55.469448	56.15735	54.685574	51.221085	51.477123	52.596207	49.765095	47.328144	48.664917	49.242226	45.828747	46.772755	43.617645	45.059383	48.102966	48.880703	48.630047	50.62891	51.071613	51.996555	53.157795	52.084656	53.856052	56.40035	58.31104	55.94869	57.12226	55.672565	56.305397	55.784782	54.20517	54.16122	57.479294	58.05596	54.459873	52.92098	51.766907	55.314617	56.167225	53.732407	55.75621	55.737286	54.724922	51.639793	50.787724	51.4095	48.62082	45.884796	46.56324	46.96955	46.53097	44.162968	41.059288	40.671402	43.646984	43.24474	40.01889	42.19609	45.403553	44.377808	46.651493	49.059277	49.304512	52.921513	53.08741	49.84855	47.616	44.168755	40.91824	38.900036	35.207146	34.022858	36.23179	35.973423	39.676273	40.317318	37.078354	37.37554	35.264297	34.920864	38.543316	37.73384	38.110554	37.308525	39.370163	39.895756	43.46985	44.486652	46.355724	48.327915	47.95732	46.057487	47.363354	44.6652	42.956608	42.106495	39.83021	41.516056	40.16751	42.397873	41.74373	43.88104	45.4816	48.001408	50.817726	49.528297	47.31249	46.153088	45.63475	44.310036	44.15069	42.52727	44.19205	42.975975	39.31444	38.357872	34.93776	35.016422	32.815826	35.5947	38.320824	36.44751	35.802433	39.418396	41.060196	38.979073	39.987965	43.615494	43.465008	42.351685	45.493652	47.75283	45.613747	46.396935	50.129913	50.53662	50.5337
V-35-A	60.387997	58.845165	55.854378	56.65808	54.980225	51.564365	52.077206	53.13253	50.129246	47.9181	49.43503	49.813255	46.483444	47.688927	44.661976	46.159367	49.36174	50.081745	49.62763	51.56721	51.822163	52.854614	53.885498	52.931396	54.530113	57.211143	59.184387	56.93448	58.07243	56.621723	57.019882	56.544773	55.14532	55.20497	58.6349	59.433353	55.908947	54.464962	53.125935	56.57691	57.614445	55.147007	57.187775	57.05574	56.245132	53.18732	52.08998	52.735207	50.12967	47.260426	47.7049	48.28991	47.82828	45.68291	42.62661	42.53791	45.665817	45.231342	42.157387	44.54646	47.699387	46.49722	48.57461	50.925644	50.95535	54.575768	54.972404	51.780464	49.70795	46.165474	43.023083	40.802822	37.115765	35.647137	37.649307	37.034187	40.650574	41.15034	37.746098	37.676373	35.401287	35.40825	39.152634	38.635704	39.37318	38.780624	41.09631	41.827236	45.478775	46.747272	48.68656	50.844433	50.598686	48.595345	49.705845	46.84084	45.03722	43.91894	41.48876	42.974842	41.390556	43.478764	42.532387	44.540836	45.849033	48.242813	51.208138	50.083683	48.098186	46.916138	46.671368	45.388985	45.48326	43.88716	45.664486	44.66967	41.00907	39.792416	36.407856	36.430893	33.927143	36.528946	39.3462	37.36259	36.36423	39.966705	41.72947	39.43497	40.15384	43.86273	43.767807	42.345726	45.37704	47.788445	45.58011	46.060165	49.83826	50.3521	50.604004
G-36-A	63.888233	62.336952	59.38566	60.246315	58.51483	55.111786	55.70251	56.748173	53.69853	51.551712	53.107384	53.42782	50.110947	51.356323	48.365696	49.8886	53.108036	53.82021	53.32761	55.230766	55.416622	56.42098	57.36559	56.368637	57.868626	60.53546	62.59658	60.425053	61.622845	60.227196	60.591805	60.168926	58.82446	58.919548	62.36273	63.184303	59.66174	58.203392	56.837368	60.27989	61.30675	58.8005	60.78833	60.57989	59.74455	56.740204	55.61738	56.17086	53.57684	50.749485	51.102943	51.616325	51.01482	48.871296	45.910027	45.79359	48.956795	48.65824	45.56631	47.89609	51.11968	50.014797	52.141575	54.55573	54.626484	58.262844	58.64248	55.470245	53.352795	49.820763	46.63661	44.396824	40.734222	39.225742	41.144592	40.46786	44.08732	44.437874	40.981842	40.840546	38.62195	38.800804	42.57278	42.180775	42.96125	42.45018	44.783367	45.539383	49.18789	50.409275	52.353035	54.457825	54.16435	52.186245	53.367477	50.5376	48.75943	47.671864	45.24139	46.70693	45.080925	47.108154	46.08573	47.997753	49.2181	51.504234	54.54996	53.537266	51.629517	50.508144	50.33591	49.098217	49.231144	47.64296	49.413074	48.400314	44.7296	43.533733	40.16253	40.188328	37.664795	40.242752	43.069344	41.050495	39.993156	43.59436	45.360897	42.990658	43.64515	47.36948	47.24167	45.70565	48.714897	51.147106	48.85792	49.221844	53.02231	53.511215	53.90075
R-37-A	64.13698	62.528828	59.68329	60.728294	58.87663	55.495396	56.331093	57.423275	54.251995	52.27382	54.051945	54.29485	51.11369	52.602966	49.67737	51.120003	54.43316	54.98418	54.24963	56.000984	55.949154	56.94463	57.68714	56.71252	57.992928	60.72217	62.90287	60.902042	62.1519	60.85136	61.04418	60.761387	59.635	59.912014	63.42746	64.44985	60.978416	59.51727	57.941776	61.289803	62.409218	59.81202	61.723255	61.332108	60.63515	57.724636	56.382355	56.856426	54.43465	51.554684	51.63983	52.228832	51.51384	49.572727	46.733734	46.867287	50.179783	49.954803	47.014946	49.507275	52.71709	51.525307	53.50141	55.935658	55.876305	59.531853	60.09342	57.022964	54.99792	51.395584	48.272614	45.812008	42.213116	40.411274	42.05573	41.059555	44.59094	44.705456	41.127182	40.699535	38.46974	39.011475	42.84569	42.78182	43.848396	43.61984	46.180565	47.197956	50.910404	52.32512	54.41668	56.688465	56.586502	54.614758	55.594624	52.65689	50.711746	49.394802	46.77647	47.986977	46.104843	47.911343	46.608162	48.302845	49.25735	51.342445	54.53611	53.752968	52.083275	51.062477	51.16977	50.09085	50.498856	49.056576	51.010376	50.242523	46.618736	45.16477	41.77949	41.61083	38.88349	41.389614	44.169197	41.961506	40.681534	44.284386	46.019764	43.419785	43.905327	47.646008	47.4362	45.637314	48.586475	51.053596	48.626854	48.752228	52.57593	53.048004	53.70062
P-38-A	67.6512	66.104774	63.31678	64.34434	62.4128	59.07579	59.955067	60.96049	57.748074	55.852097	57.6026	57.730953	54.531776	56.029007	53.17602	54.72289	58.064587	58.68886	57.977512	59.76598	59.714382	60.756897	61.490967	60.546207	61.789894	64.53692	66.73299	64.75163	65.984314	64.66331	64.80354	64.49169	63.369812	63.607414	67.140236	68.1723	64.71826	63.30994	61.75565	65.09545	66.251755	63.676685	65.60686	65.21792	64.529755	61.61887	60.268856	60.741375	58.32633	55.44734	55.51303	56.098732	55.34679	53.407547	50.59602	50.704037	54.011166	53.81619	50.85058	53.297195	56.53036	55.37288	57.374165	59.801773	59.737965	63.384785	63.94141	60.846474	58.819794	55.227062	52.098778	49.67508	46.063362	44.29517	45.951206	44.94073	48.459705	48.54492	44.94779	44.452347	42.201458	42.817677	46.66271	46.631744	47.72839	47.477497	50.021538	50.98243	54.682697	56.066666	58.092937	60.311436	60.108555	58.09139	59.15458	56.226635	54.36898	53.088043	50.524155	51.78366	49.925816	51.752197	50.425716	52.112514	53.00066	55.04895	58.27378	57.524155	55.897816	54.843407	54.971848	53.843052	54.231796	52.711666	54.586853	53.761326	50.10761	48.711334	45.381527	45.325397	42.57692	44.998516	47.85393	45.706875	44.34684	47.908997	49.72999	47.129215	47.5052	51.26399	51.12382	49.24687	52.123936	54.659573	52.24266	52.248493	56.069096	56.599117	57.335785
R-39-A	70.37691	68.70948	65.91484	67.08722	65.19406	61.820324	62.774326	63.90905	60.68895	58.781345	60.646072	60.861458	57.72496	59.274826	56.367626	57.78259	61.099895	61.58354	60.762753	62.410324	62.22163	63.117302	63.685036	62.60065	63.695072	66.36222	68.7085	66.86842	68.25407	67.090004	67.25507	67.10466	66.0893	66.46637	69.988815	71.0478	67.568436	66.03749	64.39739	67.730545	68.79483	66.10565	67.88728	67.33618	66.58027	63.790577	62.411102	62.693134	60.297577	57.519157	57.439598	57.875496	56.90387	54.975574	52.329197	52.414906	55.777546	55.80524	52.85523	55.24682	58.5713	57.557037	59.614513	62.17763	62.21046	65.899345	66.42445	63.414154	61.297337	57.71533	54.51447	52.004463	48.46843	46.59377	48.078865	47.002514	50.525455	50.370586	46.749374	46.251682	44.18823	44.9808	48.816174	48.95532	50.0576	49.98739	52.57346	53.666252	57.377262	58.712757	60.858604	63.06031	62.93497	61.04756	62.112274	59.238647	57.28237	56.009796	53.360474	54.50718	52.543858	54.219425	52.803036	54.306225	55.13369	57.00848	60.318523	59.745564	58.206585	57.338753	57.56528	56.61134	57.096992	55.7244	57.713974	56.942375	53.316975	51.87588	48.474907	48.241962	45.51692	48.042675	50.77831	48.47729	47.16931	50.780746	52.450554	49.73051	50.17905	53.90737	53.581436	51.63785	54.571068	57.005005	54.427517	54.407078	58.238987	58.60721	59.478157
H-40-A	74.069	72.348114	69.529144	70.74374	68.89298	65.49583	66.43825	67.62694	64.42569	62.47803	64.34599	64.614624	61.470455	62.981953	60.034943	61.413662	64.69216	65.14846	64.334076	65.939095	65.726875	66.52835	67.03462	65.843124	66.88556	69.47334	71.90122	70.11866	71.60061	70.5187	70.74554	70.66145	69.65361	70.06193	73.55865	74.57188	71.06019	69.452805	67.82585	71.18467	72.15724	69.417946	71.11603	70.502205	69.64635	66.92022	65.59238	65.75152	63.313763	60.634212	60.52789	60.818108	59.70053	57.711723	55.16519	55.13765	58.48581	58.674843	55.679226	57.951633	61.357143	60.499893	62.661148	65.32035	65.47279	69.18444	69.618935	66.632164	64.4128	60.868958	57.591114	55.10353	51.60281	49.756268	51.205276	50.181076	53.73243	53.46403	49.860485	49.436108	47.5094	48.337254	52.15029	52.31891	53.340183	53.30579	55.842068	56.928894	60.62063	61.840816	64.004845	66.114655	65.9481	64.14662	65.31047	62.521538	60.57729	59.40127	56.768417	57.931057	55.98092	57.623184	56.22483	57.660015	58.5106	60.310226	63.64611	63.140915	61.600864	60.82995	61.043392	60.151695	60.612038	59.275627	61.264206	60.43159	56.802044	55.431496	51.999813	51.735508	49.08476	51.684555	54.37417	52.038498	50.813744	54.45218	56.049683	53.3138	53.83691	57.54759	57.132366	55.19988	58.175045	60.545197	57.894176	57.89636	61.730766	62.000443	62.91145
Q-41-A	74.325424	72.49339	69.734474	71.13999	69.268105	65.86991	66.984924	68.29097	65.0395	63.17429	65.237434	65.53845	62.52997	64.20927	61.26312	62.487774	65.79054	66.050804	65.02612	66.44563	66.01522	66.719025	67.01212	65.76448	66.59432	69.162445	71.72503	70.128	71.716774	70.78603	70.929306	71.02612	70.21475	70.81994	74.33929	75.49018	72.00533	70.325935	68.52142	71.8041	72.77738	69.92819	71.49156	70.68136	69.88746	67.29403	65.81695	65.83317	63.531044	60.880157	60.53715	60.805332	59.529022	57.694897	55.31619	55.45133	58.902264	59.227722	56.365215	58.723522	62.134617	61.274788	63.34279	66.06641	66.17844	69.90938	70.449905	67.588135	65.39798	61.824085	58.570625	55.904743	52.50355	50.430523	51.615494	50.37527	53.84287	53.32101	49.67272	49.092968	47.284565	48.388435	52.189632	52.63166	53.815136	54.04693	56.73393	58.05769	61.78383	63.114185	65.4436	67.67073	67.70165	65.97863	66.97885	64.14527	62.02437	60.697598	57.900776	58.830353	56.675053	58.090816	56.491196	57.691082	58.356754	59.93701	63.375324	63.09927	61.751575	61.151592	61.580994	60.89421	61.576984	60.432888	62.608635	61.977257	58.410297	56.84555	53.36912	52.87218	50.134453	52.749523	55.3129	52.787178	51.489185	55.136414	56.602215	53.69014	54.17646	57.845146	57.26744	55.180458	58.143112	60.441555	57.641182	57.517372	61.33974	61.49363	62.608437
G-42-A	76.793846	74.9196	72.23444	73.75802	71.835434	68.46355	69.71356	71.054474	67.754036	65.985596	68.16283	68.43077	65.50733	67.300064	64.390816	65.56203	68.89233	69.057594	67.90531	69.2182	68.643135	69.30522	69.45149	68.18606	68.85307	71.41221	74.066864	72.6077	74.2555	73.416756	73.476326	73.67996	73.004	73.72118	77.261505	78.5097	75.05418	73.35487	71.443436	74.667206	75.65981	72.75197	74.23393	73.295006	72.55122	70.04949	68.469864	68.39301	66.19146	63.56269	63.05478	63.31105	61.91979	60.19852	57.948074	58.182133	61.68812	62.11058	59.331295	61.723248	65.13905	64.28989	66.30153	69.05765	69.137085	72.87187	73.48253	70.69423	68.52772	64.9414	61.708294	58.94744	55.608635	53.40948	54.429607	53.044888	56.43984	55.744625	52.072487	51.35844	49.619793	50.92978	54.715748	55.348087	56.651035	57.042164	59.816673	61.266212	65.006355	66.39686	68.80171	71.08195	71.19609	69.5019	70.431015	67.57171	65.37668	63.96631	61.089664	61.889175	59.61414	60.890274	59.15054	60.19104	60.6994	62.111973	65.62366	65.517296	64.32223	63.818142	64.40001	63.82387	64.64353	63.589153	65.84969	65.32505	61.7867	60.121395	56.644085	56.050335	53.248116	55.829906	58.344498	55.72854	54.34698	57.97404	59.392754	56.372055	56.78069	60.421883	59.77325	57.55306	60.463333	62.74138	59.855953	59.589878	63.38927	63.494354	64.78433
V-43-A	74.8768	73.125854	70.55061	72.03007	69.958496	66.668846	68.01607	69.21295	65.83476	64.227585	66.41492	66.497955	63.60401	65.49985	62.72325	64.01278	67.433815	67.66954	66.485504	67.86274	67.28084	68.11982	68.31459	67.24097	67.91526	70.616745	73.179214	71.682106	73.17841	72.217705	72.10969	72.215996	71.57353	72.2443	75.84606	77.204506	73.8227	72.28011	70.3325	73.492294	74.666725	71.83836	73.44654	72.57315	72.01022	69.43032	67.73239	67.82561	65.72309	62.941315	62.414906	62.899754	61.68236	60.087852	57.73096	58.14992	61.690605	61.90668	59.1981	61.75124	65.062035	63.995552	65.84998	68.459625	68.33728	72.031906	72.802055	69.97654	67.975395	64.33149	61.21851	58.423393	55.034126	52.78001	53.821674	52.301888	55.62359	55.03894	51.314625	50.389194	48.431705	49.805107	53.632885	54.30031	55.791027	56.154537	59.021294	60.47366	64.23977	65.80348	68.15113	70.54728	70.66955	68.81674	69.63675	66.64748	64.47927	62.921722	60.036736	60.80983	58.495945	59.799126	57.96951	59.065754	59.436333	60.89093	64.40949	64.27172	63.158764	62.501232	63.167492	62.48743	63.37456	62.231808	64.45991	64.02025	60.47773	58.71547	55.328667	54.835876	51.882576	54.274994	56.90119	54.356644	52.75684	56.302933	57.886284	54.85502	55.034706	58.708656	58.235157	55.892063	58.659897	61.089725	58.304016	57.858017	61.64336	61.942	63.291256
M-44-A	76.486725	74.886284	72.352646	73.69237	71.52817	68.29712	69.60645	70.62862	67.225044	65.67978	67.7436	67.66953	64.69905	66.54641	63.861908	65.344925	68.80743	69.22417	68.16035	69.69287	69.2361	70.23013	70.56581	69.61865	70.40198	73.18138	75.636086	74.02539	75.38893	74.27886	74.122765	74.06761	73.32664	73.84324	77.46879	78.80029	75.44107	74.03195	72.181206	75.35628	76.625854	73.903435	75.65222	74.91987	74.398865	71.70877	70.044266	70.288956	68.149925	65.288124	64.883125	65.47133	64.39723	62.763233	60.278282	60.66458	64.1596	64.22867	61.45736	64.00698	67.28588	66.14809	68.00575	70.51705	70.33223	73.997665	74.77112	71.84374	69.89201	66.24262	63.159668	60.467842	56.989418	54.857616	56.070816	54.61651	57.954952	57.552246	53.824497	52.87708	50.749893	52.014275	55.87269	56.40594	57.893036	58.077663	60.890335	62.181187	65.93668	67.49665	69.69595	72.04981	72.013916	70.02595	70.93366	67.916954	65.902115	64.38439	61.613903	62.536133	60.33564	61.794758	60.034893	61.291195	61.68324	63.2674	66.74214	66.47261	65.30107	64.46172	65.04652	64.17711	64.95383	63.622097	65.69092	65.143265	61.54572	59.87978	56.581013	56.319653	53.339382	55.604935	58.392155	56.016945	54.3295	57.81879	59.592884	56.660873	56.713734	60.435753	60.167595	57.828667	60.507233	63.076744	60.428818	59.92496	63.705643	64.18314	65.476875
V-45-A	77.373436	75.938644	73.49312	74.71338	72.422516	69.2819	70.605965	71.4363	67.99094	66.570244	68.54393	68.27294	65.27322	67.12539	64.57853	66.246826	69.7659	70.33991	69.349304	71.011566	70.63762	71.81059	72.25894	71.48107	72.33434	75.217766	77.55772	75.861694	77.06834	75.80848	75.54542	75.33798	74.54744	74.935165	78.5941	79.952	76.65028	75.40612	73.6121	76.76041	78.1704	75.56133	77.4535	76.84403	76.42802	73.63977	71.95226	72.3664	70.25086	67.28242	66.94945	67.69675	66.78705	65.18394	62.583355	63.02013	66.488144	66.37943	63.60357	66.20509	69.4119	68.14376	69.93458	72.312	72.00137	75.61925	76.45966	73.455055	71.61132	67.94642	64.94375	62.318493	58.77409	56.712204	58.041965	56.58124	59.884834	59.646145	55.91061	54.86355	52.5464	53.762268	57.638664	58.097183	59.654716	59.70698	62.50906	63.684444	67.42892	69.05184	71.116	73.47953	73.333694	71.19	72.113335	69.03327	67.146965	65.60167	62.919724	63.9306	61.800556	63.370514	61.625317	63.005474	63.34808	65.02672	68.4647	68.097786	66.92901	65.90431	66.469406	65.4283	66.15479	64.656944	66.58945	66.00286	62.378933	60.74856	57.56884	57.516254	54.468407	56.54858	59.483944	57.26966	55.434185	58.828823	60.799892	57.944714	57.80677	61.558136	61.509296	59.126926	61.666454	64.38837	61.887466	61.26251	65.01677	65.6985	66.98131
G-46-A	73.99128	72.62774	70.17894	71.307205	68.99981	65.8779	67.151855	67.90866	64.47152	63.05378	64.961914	64.645744	61.6145	63.440414	60.926712	62.662766	66.19399	66.844154	65.91501	67.66029	67.37207	68.63769	69.195984	68.51009	69.46739	72.40531	74.6413	72.84805	73.95302	72.59139	72.31523	72.00535	71.148346	71.4532	75.11605	76.46015	73.178505	72.01108	70.265686	73.41311	74.882324	72.347015	74.33399	73.83051	73.46412	70.59772	68.925095	69.46738	67.34416	64.307	64.06648	64.91888	64.16141	62.55685	59.845554	60.311264	63.74681	63.486404	60.71442	63.364468	66.50163	65.12879	66.86824	69.15232	68.77117	72.35811	73.22753	70.177734	68.402855	64.73175	61.787548	59.20807	55.625828	53.618053	55.04305	53.61434	56.910103	56.828583	53.10717	52.05958	49.61702	50.720997	54.603146	54.957172	56.519073	56.4679	59.250908	60.357765	64.092445	65.76027	67.75785	70.14624	69.975555	67.75582	68.65087	65.53227	63.693493	62.127026	59.489918	60.55359	58.48166	60.137756	58.44604	59.94283	60.32779	62.126804	65.50654	65.0184	63.790874	62.647945	63.154163	62.009914	62.686184	61.11004	62.98324	62.384384	58.756687	57.13553	54.003883	54.043102	50.976852	52.986897	55.98454	53.85973	51.989063	55.350662	57.40921	54.62674	54.44573	58.21501	58.28014	55.944347	58.455154	61.239532	58.84216	58.247047	61.999977	62.78508	63.96732
M-47-A	71.81808	70.47287	67.92702	68.940834	66.71718	63.552956	64.666145	65.41335	62.043392	60.493378	62.277977	62.030712	58.901398	60.58774	58.01109	59.78624	63.272736	64.0115	63.222534	65.0665	64.9297	66.20492	66.903435	66.202385	67.3204	70.23521	72.39192	70.47013	71.54127	70.11015	69.951256	69.55027	68.54762	68.74426	72.372345	73.594955	70.27158	69.099075	67.4722	70.68822	72.10421	69.61854	71.66373	71.27981	70.83298	67.89298	66.34705	66.95382	64.71899	61.691372	61.621136	62.446854	61.779015	60.049583	57.236584	57.5759	60.937744	60.609127	57.752804	60.337765	63.473854	62.12436	63.93935	66.207146	65.89138	69.47536	70.24587	67.13096	65.30983	61.667027	58.69196	56.223076	52.592556	50.731167	52.32013	51.063705	54.43272	54.511463	50.836426	49.96059	47.48884	48.365856	52.245277	52.395367	53.802082	53.587376	56.259373	57.23042	60.94061	62.518547	64.44193	66.755325	66.49623	64.2696	65.255066	62.18399	60.42226	58.966995	56.419415	57.62413	55.68785	57.483532	55.95513	57.6045	58.173355	60.131886	63.428875	62.774456	61.37827	60.164	60.49664	59.254063	59.774117	58.116207	59.90236	59.17531	55.516125	54.01878	50.87714	51.01133	48.037563	50.106583	53.1409	51.106266	49.35866	52.75115	54.832718	52.17133	52.11001	55.898895	56.008244	53.837265	56.4254	59.198425	56.87429	56.461746	60.235188	61.02975	62.019184
G-48-A	70.137146	68.965454	66.49831	67.36558	65.03796	61.96846	63.066593	63.618202	60.229103	58.791164	60.467216	60.035824	56.882046	58.562645	56.12878	58.08042	61.61086	62.507946	61.804413	63.786285	63.75714	65.22467	66.06746	65.56176	66.78348	69.802635	71.80071	69.768715	70.651276	69.050186	68.791824	68.21642	67.14836	67.2019	70.850204	72.09392	68.84286	67.85267	66.29311	69.468315	71.032646	68.6868	70.89117	70.660614	70.3399	67.293144	65.730896	66.54502	64.348335	61.20564	61.234604	62.25383	61.81054	60.131676	57.184574	57.60146	60.90995	60.347916	57.523785	60.181282	63.192574	61.66883	63.37278	65.46313	64.992775	68.504585	69.35835	66.175354	64.50186	60.8549	58.005608	55.61707	51.940147	50.16297	51.87515	50.623974	53.92658	54.222992	50.57581	49.614273	46.934284	47.70742	51.57391	51.612663	53.08547	52.71749	55.367443	56.216377	59.896534	61.565056	63.34319	65.68969	65.35138	62.96043	63.91175	60.765663	59.128094	57.622787	55.173336	56.45731	54.609463	56.524456	55.036415	56.836998	57.37839	59.46714	62.6852	61.891193	60.47881	59.054787	59.347416	57.918514	58.38144	56.559406	58.204994	57.462746	53.80051	52.323326	49.32544	49.673756	46.64036	48.494373	51.666702	49.822105	47.933437	51.206276	53.486877	50.940594	50.693817	54.494507	54.845676	52.675694	55.11885	58.03507	55.90108	55.4103	59.140747	60.152847	61.072
Q-49-A	67.2835	66.21119	63.73505	64.46207	62.133068	59.094383	60.09466	60.54174	57.186195	55.735947	57.29008	56.805492	53.594784	55.201782	52.81104	54.86648	58.39305	59.412315	58.823605	60.92547	61.03377	62.609764	63.605938	63.20634	64.57032	67.62998	69.48819	67.33046	68.0855	66.35676	66.10563	65.38929	64.21319	64.13739	67.77374	68.96991	65.742775	64.8511	63.385548	66.56465	68.1838	65.94524	68.26491	68.182396	67.90019	64.76196	63.253387	64.22203	62.00248	58.80245	58.974823	60.098076	59.84245	58.14434	55.074574	55.48662	58.717197	57.974834	55.14856	57.82276	60.74089	59.115967	60.774628	62.74386	62.20984	65.670975	66.53014	63.28681	61.68763	58.05715	55.281742	52.993942	49.281063	47.625347	49.48189	48.32199	51.605007	52.116238	48.528667	47.61179	44.805386	45.386738	49.224594	49.09033	50.520832	49.98525	52.56522	53.283947	56.928402	58.61649	60.281498	62.623653	62.220463	59.737022	60.687035	57.516598	55.974636	54.48314	52.129917	53.51656	51.78744	53.833626	52.45699	54.419544	55.043095	57.28802	60.403267	59.44094	57.93348	56.35724	56.537804	54.960175	55.317043	53.373306	54.905415	54.107292	50.437912	49.02021	46.101727	46.60877	43.592335	45.349346	48.605675	46.917004	45.019016	48.231956	50.625904	48.217094	47.93554	51.7403	52.246906	50.17978	52.580055	55.556206	53.57713	53.15371	56.85861	57.990707	58.75482
K-50-A	63.96311	62.8324	60.284916	61.014454	58.763054	55.66925	56.61082	57.13526	53.813976	52.266212	53.831	53.456383	50.23077	51.81587	49.34062	51.32251	54.829475	55.802834	55.214725	57.304207	57.4345	58.97279	59.995674	59.566395	60.982338	64.02161	65.85951	63.669025	64.43781	62.717907	62.530384	61.82736	60.624107	60.56721	64.19039	65.36046	62.104305	61.16268	59.695286	62.896935	64.4755	62.22187	64.53287	64.46349	64.1592	61.012676	59.529995	60.506824	58.266186	55.06902	55.28204	56.40276	56.188873	54.474327	51.373703	51.786903	55.00362	54.22805	51.41307	54.109043	57.00515	55.35875	57.008564	58.981544	58.462563	61.93353	62.77998	59.545387	57.937782	54.30275	51.52699	49.228867	45.517933	43.861862	45.73723	44.614094	47.91329	48.47492	44.913006	44.069668	41.267246	41.7548	45.58571	45.392525	46.779644	46.232235	48.8103	49.551464	53.20612	54.90627	56.614666	58.98998	58.655163	56.206688	57.105953	53.92942	52.324387	50.817966	48.430172	49.80333	48.0738	50.130222	48.795544	50.79089	51.495007	53.794598	56.875305	55.861675	54.29242	52.73065	52.867764	51.311836	51.660736	49.76182	51.35056	50.576668	46.91192	45.460186	42.48383	42.923573	39.923862	41.759075	44.977383	43.25257	41.425797	44.68802	47.02747	44.63243	44.453545	48.260586	48.71969	46.73548	49.21334	52.138405	50.157288	49.858013	53.577465	54.661705	55.33052
D-51-A	63.243713	61.92001	59.347202	60.301094	58.099464	54.926365	55.999157	56.74304	53.388817	51.813477	53.604263	53.38624	50.273335	52.000004	49.41602	51.157047	54.66623	55.387165	54.58382	56.463146	56.37759	57.746376	58.554573	57.983963	59.22142	62.213932	64.222404	62.196484	63.138226	61.606033	61.419582	60.939915	59.908764	60.08412	63.72286	64.98688	61.698048	60.59111	58.944096	62.125443	63.627937	61.209545	63.35203	63.068947	62.74796	59.730133	58.14033	58.926483	56.75128	53.60591	53.609272	54.63849	54.2258	52.586567	49.63114	50.139015	53.477615	52.89163	50.148193	52.904903	55.872818	54.286446	55.921356	58.038296	57.562145	61.10107	61.991024	58.876408	57.21173	53.535324	50.70229	48.204258	44.567947	42.672153	44.30224	43.006138	46.309036	46.601215	42.9619	42.050125	39.39558	40.125793	43.995018	44.050762	45.53503	45.269154	47.99852	49.005695	52.724842	54.48016	56.414963	58.886333	58.771595	56.477203	57.246254	54.062824	52.22243	50.607452	48.011253	49.15465	47.202244	49.034706	47.52338	49.289783	49.89517	52.006443	55.21135	54.411133	52.96754	51.633224	51.948757	50.649	51.208145	49.560287	51.403202	50.812492	47.196507	45.55274	42.428917	42.53181	39.47622	41.479614	44.5209	42.512676	40.707073	44.079388	46.20438	43.592148	43.508602	47.3052	47.502644	45.404602	47.989033	50.795315	48.592747	48.2704	52.036377	52.927513	53.7557
S-52-A	61.920834	60.554478	57.8326	58.69275	56.655506	53.40118	54.259148	55.070488	51.83034	50.034008	51.695675	51.651993	48.42909	49.960064	47.23457	48.946888	52.36718	53.13875	52.4915	54.440006	54.51326	55.808983	56.74077	56.070892	57.47311	60.38022	62.343502	60.20114	61.1736	59.62498	59.635677	59.110226	57.91618	58.007137	61.58277	62.67542	59.30616	58.117554	56.603462	59.88693	61.254433	58.848175	60.99792	60.809982	60.332336	57.266598	55.856026	56.641003	54.307056	51.229755	51.42297	52.333664	51.952087	50.131035	47.1007	47.404762	50.657784	50.07249	47.206367	49.84516	52.85747	51.371864	53.15085	55.31567	54.99121	58.55106	59.274796	56.10432	54.31868	50.68413	47.759922	45.382866	41.702793	39.98249	41.78977	40.74127	44.158985	44.582333	41.01961	40.393635	37.811687	38.252472	42.095795	41.909374	43.13964	42.70821	45.28627	46.15591	49.852192	51.449158	53.345707	55.706635	55.510876	53.27411	54.17441	51.08444	49.29399	47.85176	45.33937	46.64289	44.846905	46.81752	45.522854	47.427673	48.293392	50.552128	53.66048	52.700344	51.041977	49.704803	49.797913	48.446465	48.813057	47.12686	48.90808	48.14996	44.495945	43.017216	39.820335	39.963367	37.07666	39.25523	42.275932	40.321033	38.765724	42.215626	44.27446	41.79853	41.967007	45.758686	45.911705	44.057693	46.78986	49.49827	47.33031	47.291214	51.070675	51.875507	52.471725
Y-53-A	62.917606	61.643784	58.838306	59.490097	57.545113	54.292133	54.90682	55.62336	52.497807	50.5623	51.968613	51.95019	48.574665	49.84581	47.092113	48.94466	52.27844	53.2602	52.882545	55.011208	55.33826	56.66944	57.812794	57.139412	58.75618	61.608418	63.44807	61.133965	62.037003	60.374607	60.539005	59.847828	58.424267	58.299973	61.805786	62.69219	59.282814	58.131443	56.849472	60.22357	61.517513	59.22412	61.468117	61.47726	60.86804	57.702198	56.513683	57.38889	54.88545	51.85858	52.32211	53.16234	52.890533	50.87004	47.723667	47.77139	50.866413	50.204388	47.18044	49.639866	52.662132	51.266663	53.19941	55.326946	55.124508	58.653763	59.1928	55.904797	54.03602	50.48053	47.504517	45.376675	41.628075	40.228436	42.323444	41.594868	45.09134	45.750084	42.30695	41.944576	39.36641	39.461933	43.240753	42.72606	43.675827	42.936604	45.26886	45.835224	49.454433	50.845703	52.54815	54.716225	54.27306	51.99437	53.13512	50.15555	48.588535	47.397217	45.11371	46.707893	45.19587	47.40803	46.39822	48.52844	49.641453	52.09515	55.05882	53.87033	51.982906	50.520203	50.32822	48.781376	48.847473	46.965076	48.5074	47.464554	43.74849	42.57079	39.426632	39.839912	37.158024	39.3598	42.467865	40.7508	39.392365	42.813156	44.946903	42.720337	43.016113	46.793037	47.068016	45.461086	48.22132	50.92042	48.90651	49.0692	52.81876	53.666412	54.019306
V-54-A	60.800632	59.51563	56.598488	57.139225	55.346256	52.050236	52.458004	53.21115	50.211067	48.094154	49.35966	49.489	46.034306	47.116814	44.25971	46.0878	49.325718	50.365707	50.14477	52.345787	52.836372	54.127926	55.408245	54.69109	56.474007	59.255466	61.005554	58.57252	59.45854	57.75658	58.0831	57.324585	55.749348	55.52974	58.9654	59.69935	56.241455	55.04877	53.90179	57.34492	58.538345	56.29232	58.565506	58.694115	57.97815	54.759438	53.73498	54.655666	52.034092	49.05849	49.719315	50.498306	50.323673	48.170246	44.93958	44.827084	47.8063	47.07783	43.97474	46.339386	49.346462	47.995983	50.0159	52.133118	52.03217	55.54954	55.958237	52.621616	50.686558	47.18211	44.170635	42.184353	38.41147	37.212513	39.489094	39.006134	42.55436	43.390537	40.069603	39.960384	37.43361	37.21966	40.920242	40.151405	40.86554	39.939144	42.10754	42.520103	46.095238	47.363277	49.00454	51.08681	50.577187	48.32869	49.559	46.653496	45.146023	44.101463	41.92069	43.665066	42.32729	44.67619	43.88877	46.164642	47.507133	50.10762	52.93842	51.578747	49.50111	48.00419	47.597992	45.981384	45.860447	43.93307	45.39719	44.21317	40.48352	39.461	36.288036	36.76695	34.26466	36.57946	39.656906	38.040108	36.91559	40.353428	42.43413	40.382694	40.8854	44.619183	44.89183	43.535633	46.381863	48.987736	47.06277	47.477818	51.196747	51.998108	52.11459
G-55-A	60.909557	59.670914	56.651028	57.005623	55.375343	52.072475	52.20655	52.928463	50.097008	47.797035	48.81177	49.054867	45.485428	46.2736	43.351322	45.229755	48.321415	49.517254	49.562366	51.89521	52.630676	53.896065	55.366962	54.608685	56.59882	59.27954	60.9074	58.32159	59.166496	57.394146	57.918316	57.03494	55.23942	54.83644	58.163155	58.66421	55.163124	53.961506	53.05185	56.578632	57.64372	55.49982	57.82378	58.135075	57.261204	53.97522	53.20171	54.179775	51.390884	48.513203	49.449135	50.119503	50.047535	47.69694	44.383617	43.99436	46.778694	45.991993	42.751835	44.903305	47.903362	46.674416	48.853107	50.944336	51.00485	54.479923	54.673637	51.25272	49.215015	45.82201	42.761246	41.046535	37.2559	36.40937	38.94785	38.82606	42.421608	43.476795	40.333626	40.53816	38.095604	37.512196	41.082123	39.97896	40.355316	39.136555	41.014614	41.12792	44.59405	45.61852	47.086086	48.95781	48.23321	46.00134	47.465324	44.71326	43.404907	42.646503	40.70189	42.71501	41.679173	44.23353	43.76393	46.229317	47.84521	50.612587	53.26788	51.693634	49.381287	47.816433	47.108402	45.353	44.924534	42.86748	44.116394	42.653862	38.904797	38.205883	35.07839	35.76293	33.55619	35.939568	39.00518	37.61082	36.78091	40.17363	42.231403	40.453682	41.16202	44.820408	45.14511	44.092716	46.986267	49.50167	47.719	48.39245	52.05124	52.82985	52.67771
D-56-A	64.04623	62.886112	59.846684	60.068745	58.484325	55.21648	55.210014	55.8413	53.09323	50.748943	51.575275	51.796818	48.151924	48.7462	45.861	47.84831	50.846855	52.200115	52.43828	54.874393	55.762154	57.03587	58.61257	57.83878	59.92512	62.547363	64.11784	61.455513	62.269917	60.446144	61.062252	60.081326	58.149525	57.59578	60.850494	61.19445	57.689632	56.52449	55.796284	59.3629	60.359802	58.303032	60.660652	61.08662	60.10449	56.788673	56.17997	57.17546	54.28221	51.48701	52.57281	53.150337	53.090553	50.608345	47.2844	46.685383	49.33515	48.56577	45.221397	47.1675	50.183983	49.094727	51.405396	53.479813	53.659374	57.088726	57.12125	53.640614	51.52871	48.2423	45.1509	43.652752	39.87239	39.270943	41.949917	42.03185	45.647568	46.785637	43.72567	44.06587	41.670532	40.954777	44.459465	43.200493	43.39012	41.99439	43.661934	43.53722	46.892685	47.70253	48.984573	50.63395	49.66159	47.427933	49.13782	46.536545	45.458145	44.943127	43.217167	45.429234	44.606834	47.285366	46.990612	49.54834	51.278843	54.110844	56.690372	55.017918	52.596527	50.978878	50.101578	48.233723	47.593258	45.40386	46.432415	44.735497	40.9825	40.56488	37.545555	38.440586	36.42365	38.76613	41.85866	40.64861	39.939445	43.261883	45.357834	43.740955	44.489872	48.111603	48.50985	47.574223	50.44764	52.95705	51.25476	51.99316	55.623188	56.423115	56.17646
E-57-A	65.78374	64.65068	61.71944	62.038734	60.27842	57.047234	57.252182	57.827072	54.93068	52.771347	53.740658	53.788578	50.200546	51.003086	48.22325	50.267982	53.39771	54.711025	54.789753	57.17989	57.914104	59.261105	60.72296	60.016735	61.956734	64.67882	66.3271	63.76157	64.57229	62.759197	63.19639	62.25895	60.468983	59.997578	63.345955	63.860134	60.401363	59.297905	58.424274	61.928673	63.058544	60.958454	63.317104	63.637424	62.784405	59.49477	58.701763	59.68383	56.908775	54.023083	54.91834	55.594494	55.46578	53.12067	49.84391	49.435333	52.225758	51.486565	48.219852	50.307964	53.335526	52.155266	54.35877	56.429848	56.472996	59.92393	60.11589	56.665627	54.641792	51.27474	48.22463	46.557365	42.764885	41.93335	44.45392	44.2691	47.853798	48.847717	45.638382	45.712643	43.213013	42.78596	46.405132	45.38425	45.8398	44.618282	46.487255	46.52901	49.95828	50.93796	52.28679	54.06069	53.168533	50.869473	52.458992	49.74089	48.589985	47.88412	46.03171	48.09672	47.082775	49.650078	49.121624	51.56838	53.073536	55.794132	58.512115	56.985394	54.74294	53.122803	52.461464	50.63293	50.18831	48.016727	49.13134	47.591225	43.827557	43.21676	40.211613	41.057125	38.801826	41.025986	44.19925	42.887306	41.903976	45.230865	47.424698	45.624187	46.14729	49.845417	50.278767	49.084908	51.87739	54.51391	52.7363	53.223274	56.899757	57.777008	57.752785
A-58-A	65.51304	64.186775	61.222023	61.769672	60.042744	56.71933	57.064133	57.85761	54.904766	52.71536	53.923492	54.116344	50.622448	51.587666	48.68665	50.502956	53.66005	54.720642	54.576237	56.764473	57.28126	58.459297	59.707607	58.84471	60.611973	63.290432	65.1264	62.72016	63.7186	62.093082	62.5348	61.821323	60.200066	59.964836	63.347065	63.963013	60.454487	59.171864	58.10684	61.609703	62.66254	60.377537	62.567528	62.664207	61.77613	58.607105	57.707066	58.4849	55.75009	52.911644	53.59976	54.163506	53.80938	51.5048	48.36161	48.019638	50.959976	50.44047	47.20737	49.359013	52.505207	51.4042	53.62579	55.87527	55.97663	59.521408	59.75169	56.40911	54.30072	50.868763	47.72124	45.82826	42.07759	40.987873	43.281452	42.93291	46.564945	47.28432	43.974003	44.00558	41.649166	41.450565	45.139595	44.35795	44.903515	43.964287	46.005238	46.330276	49.856255	50.89252	52.497498	54.37958	53.718807	51.58023	53.04186	50.301807	48.888897	48.063644	45.97356	47.814304	46.55984	48.916157	48.206615	50.436874	51.85911	54.4047	57.26169	55.944122	53.813446	52.41913	51.934917	50.35898	50.130276	48.204445	49.59453	48.241596	44.500885	43.67365	40.484127	40.980087	38.63831	41.059624	44.084465	42.465843	41.492397	44.961784	46.959717	44.923306	45.54386	49.26103	49.436623	48.1208	51.034782	53.571156	51.562637	52.029396	55.769463	56.459328	56.594505
Q-59-A	66.774124	65.38727	62.29688	62.779007	61.24606	57.86774	58.00233	58.884087	56.08266	53.68967	54.76034	55.15017	51.594326	52.32843	49.305534	51.043858	54.041275	55.125214	55.14434	57.348434	57.99825	59.034054	60.35026	59.33214	61.209244	63.73586	65.56492	63.099243	64.179565	62.602806	63.269238	62.559536	60.800457	60.502956	63.773464	64.18032	60.601433	59.19902	58.293144	61.882553	62.730206	60.44716	62.573025	62.727352	61.621494	58.4698	57.79737	58.48786	55.58615	52.913136	53.76983	54.11181	53.697742	51.185368	48.063683	47.423153	50.225365	49.822758	46.452175	48.354885	51.58023	50.716183	53.149055	55.49223	55.83619	59.382595	59.37182	56.01326	53.721905	50.402317	47.135777	45.425503	41.709118	40.858154	43.27692	43.22652	46.936924	47.69717	44.518616	44.865013	42.70462	42.273876	45.862003	44.88185	45.10641	44.034462	45.84159	46.000046	49.43606	50.193638	51.74177	53.40418	52.610813	50.618202	52.300755	49.763515	48.444363	47.898804	45.94961	47.94741	46.88553	49.32345	48.848392	51.1346	52.79658	55.40009	58.158512	56.749092	54.437565	53.12091	52.41748	50.852352	50.41228	48.497154	49.79528	48.23404	44.509014	43.934765	40.712837	41.223236	39.16794	41.764496	44.675045	43.11645	42.463333	45.958405	47.809895	45.922573	46.812798	50.45779	50.53008	49.455036	52.48866	54.86923	52.864452	53.58339	57.30097	57.84839	57.80505
S-60-A	70.23924	68.921936	65.871956	66.31061	64.71457	61.37634	61.523212	62.31117	59.486004	57.15583	58.171112	58.45454	54.870083	55.58103	52.63456	54.48334	57.491516	58.667618	58.738255	60.996292	61.675026	62.76166	64.09663	63.108635	64.97995	67.52218	69.34856	66.87639	67.92916	66.31663	66.95144	66.19207	64.40921	64.047195	67.32105	67.7092	64.14991	62.808205	61.95201	65.53867	66.41345	64.17022	66.3259	66.50875	65.39932	62.23659	61.580215	62.28341	59.37324	56.70415	57.568443	57.906776	57.474712	54.948574	51.84072	51.162445	53.940178	53.553936	50.15803	51.99733	55.22986	54.405838	56.86689	59.189747	59.537987	63.06404	63.028572	59.64126	57.350258	54.059948	50.800144	49.151836	45.432003	44.63052	47.070736	47.019344	50.724663	51.47896	48.281357	48.57751	46.382507	46.00224	49.60765	48.63694	48.877205	47.765972	49.537235	49.61615	53.01739	53.723076	55.1746	56.751858	55.828815	53.796223	55.581596	53.081932	51.883427	51.399162	49.532448	51.59424	50.579643	53.05336	52.57761	54.879097	56.50358	59.100918	61.878082	60.470776	58.174286	56.810658	56.100983	54.470287	53.985214	51.981018	53.173347	51.533497	47.794716	47.306664	44.161896	44.79794	42.73717	45.243576	48.22667	46.744617	46.02458	49.478546	51.417423	49.546474	50.34401	54.0103	54.159412	53.030964	56.00926	58.458157	56.473953	57.107224	60.83112	61.439476	61.443535
K-61-A	70.203705	68.83442	65.8667	66.4733	64.748535	61.41	61.786087	62.615265	59.65087	57.462906	58.694702	58.898407	55.407337	56.36319	53.45283	55.250534	58.38415	59.420216	59.262108	61.40215	61.86821	62.963303	64.127075	63.160015	64.8474	67.46719	69.4095	67.07577	68.176956	66.635666	67.10976	66.468765	64.87614	64.67941	68.04876	68.63651	65.10311	63.754517	62.689487	66.21249	67.18909	64.846176	66.951035	66.96707	65.985466	62.883125	62.012234	62.654137	59.882328	57.133854	57.760437	58.17861	57.64498	55.28292	52.249672	51.802193	54.755466	54.427593	51.1396	53.168358	56.420113	55.49299	57.827778	60.187088	60.405426	63.97897	64.125435	60.80651	58.591038	55.19385	51.95966	50.071735	46.35568	45.25834	47.48309	47.1374	50.80911	51.367485	48.025	48.072792	45.83403	45.758266	49.464916	48.77291	49.28293	48.417404	50.434265	50.77045	54.279594	55.195507	56.812927	58.585308	57.858192	55.80658	57.390427	54.745758	53.36034	52.631626	50.55361	52.394104	51.123375	53.424004	52.684845	54.819122	56.218666	58.663403	61.59044	60.374702	58.275852	56.983585	56.526123	55.021107	54.79373	52.903187	54.289062	52.879524	49.139496	48.37866	45.172646	45.63157	43.33365	45.807457	48.79593	47.120304	46.177296	49.676216	51.618942	49.51977	50.166195	53.887867	53.97568	52.601677	55.54673	58.05425	55.940742	56.365196	60.13351	60.74158	60.976624
R-62-A	70.020744	68.4654	65.400665	66.14275	64.569695	61.134434	61.48868	62.541126	59.634594	57.304653	58.63713	59.074364	55.63043	56.575024	53.506428	55.071957	58.1244	58.970364	58.732517	60.716873	61.091892	61.968487	63.005127	61.830116	63.4461	65.93385	68.00797	65.76813	67.05777	65.69473	66.30467	65.841545	64.30336	64.256424	67.57791	68.12498	64.52241	62.969227	61.8467	65.40587	66.20248	63.724068	65.654495	65.530266	64.403	61.41504	60.59262	61.026245	58.20356	55.5961	56.157246	56.362434	55.626972	53.191658	50.28858	49.733345	52.711884	52.617218	49.30293	51.240532	54.606934	53.869064	56.317413	58.855087	59.24962	62.883465	62.928482	59.698975	57.329853	53.957497	50.602753	48.64726	45.007767	43.84827	45.95145	45.65163	49.380775	49.75249	46.43198	46.63679	44.63912	44.592796	48.267803	47.643913	48.03564	47.317974	49.327187	49.792797	53.311043	54.122185	55.90669	57.64767	57.046337	55.20591	56.78877	54.24106	52.700974	52.028812	49.851067	51.593296	50.25137	52.424324	51.687187	53.67983	55.155487	57.494484	60.453583	59.344444	57.23069	56.162647	55.71477	54.418087	54.2395	52.555946	54.102535	52.734013	49.03706	48.24637	44.896046	45.089764	42.90059	45.60991	48.40203	46.535137	45.79362	49.398125	51.09357	48.914932	49.79781	53.4722	53.299606	51.990597	55.091286	57.413586	55.13721	55.70824	59.495384	59.868324	60.107174
G-63-A	73.23415	71.631645	68.60043	69.4436	67.82651	64.3864	64.84648	65.93638	62.97438	60.70217	62.12916	62.543156	59.140167	60.170033	57.11335	58.647118	61.728382	62.505005	62.171967	64.077446	64.338326	65.16375	66.07798	64.847725	66.33632	68.80896	70.99183	68.85834	70.22992	68.95148	69.51927	69.1492	67.704865	67.7459	71.091095	71.69646	68.09333	66.49905	65.29824	68.83854	69.624794	67.07644	68.92867	68.68818	67.55431	64.640945	63.75564	64.077995	61.295948	58.72327	59.15102	59.295105	58.408947	56.01398	53.22462	52.69784	55.737457	55.784924	52.495277	54.421295	57.84458	57.176617	59.63618	62.24736	62.6625	66.32356	66.38685	63.206326	60.8074	57.425545	54.041058	52.00543	48.404415	47.134056	49.102722	48.69173	52.41279	52.607555	49.22837	49.344486	47.412453	47.5584	51.26544	50.805733	51.279083	50.70139	52.782322	53.349575	56.887894	57.704994	59.554386	61.29909	60.733078	58.940884	60.517662	57.97678	56.387184	55.68123	53.43737	55.091576	53.646927	55.713818	54.85992	56.722534	58.092133	60.30075	63.35291	62.385487	60.37391	59.399315	59.065712	57.862644	57.78304	56.16574	57.778988	56.465244	52.77377	51.922047	48.54876	48.65907	46.411583	49.127678	51.896046	49.93005	49.12247	52.750584	54.411545	52.115414	52.952873	56.64121	56.392147	54.95787	58.056423	60.37605	57.99071	58.454544	62.265617	62.583595	62.973587
I-64-A	72.13705	70.588196	67.679344	68.58707	66.79878	63.41633	64.06924	65.08262	61.992355	59.909393	61.46015	61.701736	58.368057	59.600513	56.656876	58.24942	61.46318	62.21347	61.732147	63.6146	63.749825	64.69803	65.54314	64.4537	65.83403	68.441795	70.63155	68.559265	69.85722	68.54034	68.90237	68.53528	67.22247	67.32405	70.76385	71.557304	68.021194	66.533676	65.19048	68.647835	69.61679	67.06783	68.9743	68.679436	67.74532	64.81952	63.72827	64.12763	61.50097	58.782272	59.054432	59.399067	58.567772	56.36627	53.559902	53.30288	56.46409	56.402817	53.23615	55.384167	58.735214	57.853657	60.123795	62.649387	62.847908	66.50446	66.78373	63.61909	61.383533	57.903797	54.62553	52.432343	48.804604	47.3296	49.18356	48.50781	52.149426	52.300323	48.809208	48.636932	46.54248	46.907787	50.69242	50.418514	51.175285	50.71853	53.000015	53.711483	57.325317	58.38514	60.28297	62.220295	61.7679	59.84541	61.232117	58.515614	56.845768	55.899384	53.536026	55.04907	53.43634	55.422035	54.35776	56.15792	57.302338	59.443684	62.5837	61.710243	59.8715	58.835712	58.702953	57.498634	57.608185	55.988937	57.6817	56.550976	52.85263	51.786816	48.447807	48.540676	46.057613	48.617764	51.469364	49.451485	48.370026	51.96294	53.739475	51.312847	51.9099	55.64675	55.481503	53.829105	56.81019	59.259068	56.86831	57.094715	60.915424	61.355915	61.918915
L-65-A	68.414474	66.82707	63.900505	64.83675	63.07827	59.67501	60.334366	61.402866	58.320587	56.21322	57.814266	58.11363	54.813313	56.085163	53.1064	54.622963	57.841087	58.522507	57.988308	59.833046	59.940125	60.876534	61.71358	60.633442	62.020412	64.64252	66.81716	64.74278	66.035934	64.72762	65.086395	64.74428	63.458805	63.6078	67.052765	67.88193	64.34803	62.840706	61.447395	64.8905	65.87017	63.304108	65.2068	64.898994	64.004745	61.076756	59.94618	60.36606	57.77021	55.0187	55.274258	55.66781	54.88347	52.724014	49.8895	49.712566	52.904617	52.79107	49.672485	51.9099	55.22551	54.264954	56.470543	58.980892	59.13316	62.794403	63.128136	59.9884	57.792248	54.282024	51.032127	48.77418	45.151043	43.60738	45.429047	44.711906	48.342457	48.51119	45.01739	44.840668	42.731373	43.078438	46.86363	46.600185	47.390785	46.97661	49.31331	50.10278	53.743847	54.885326	56.851368	58.881367	58.5443	56.62941	57.899364	55.1318	53.367104	52.335514	49.900066	51.34088	49.673195	51.62401	50.535625	52.328194	53.477345	55.633213	58.76166	57.880547	56.0455	55.02391	54.917477	53.754906	53.922363	52.36899	54.146145	53.10665	49.43137	48.268684	44.89081	44.887047	42.37364	44.967915	47.772747	45.69676	44.62428	48.237934	49.967392	47.51773	48.15144	51.87849	51.67568	50.043274	53.052597	55.470596	53.075653	53.348026	57.167595	57.588467	58.118187
T-66-A	66.80461	65.04382	62.05831	63.149582	61.50601	58.028778	58.719585	59.99633	56.948784	54.75605	56.49783	56.991283	53.77918	55.10189	52.006485	53.286133	56.452057	56.918713	56.249546	57.918144	57.89084	58.643124	59.33072	58.093727	59.37739	61.909718	64.20642	62.24527	63.695908	62.555447	62.985043	62.825	61.641792	61.966934	65.38433	66.23745	62.668125	60.99453	59.49157	62.93014	63.791035	61.095264	62.838856	62.374496	61.415043	58.60178	57.44454	57.68942	55.109924	52.44833	52.582844	52.8441	51.893864	49.745613	47.03586	46.87187	50.129826	50.193718	47.121098	49.364872	52.742188	51.873165	54.097496	56.740295	56.98007	60.68801	61.00712	57.977406	55.705708	52.192837	48.88473	46.49759	42.9633	41.273666	42.912613	42.142082	45.786137	45.757122	42.259823	42.150295	40.240818	40.67945	44.440704	44.309177	45.079777	44.868538	47.26867	48.252678	51.917007	53.056095	55.21041	57.292057	57.148357	55.403	56.56976	53.836887	51.87904	50.805157	48.226112	49.496655	47.697124	49.476707	48.322193	49.945694	51.101364	53.131275	56.305496	55.556534	53.76436	52.953426	52.925	51.983692	52.272747	50.947014	52.919563	52.00676	48.39819	47.12029	43.623936	43.326492	40.854656	43.625546	46.231377	43.94516	42.99951	46.69309	48.189255	45.627098	46.43517	50.10909	49.661537	48.044857	51.17373	53.425922	50.874523	51.241695	55.07061	55.28486	55.853554
L-67-A	64.85385	63.122288	60.042248	60.99288	59.469856	55.96864	56.45591	57.723564	54.78928	52.445404	54.025696	54.618187	51.321133	52.457073	49.2939	50.589363	53.66837	54.228657	53.73521	55.50637	55.66412	56.41489	57.268803	56.019127	57.493114	59.978024	62.16119	60.054413	61.45674	60.24187	60.815697	60.55169	59.200974	59.399204	62.752125	63.452206	59.84505	58.162216	56.81207	60.318977	61.103508	58.477978	60.28161	59.966797	58.910137	56.01843	55.030205	55.35335	52.644478	50.01468	50.370663	50.592636	49.76812	47.469265	44.641193	44.302425	47.443054	47.417255	44.242165	46.388	49.756287	48.924774	51.24375	53.860744	54.190098	57.880108	58.070385	54.972443	52.642357	49.17978	45.836784	43.60736	40.030758	38.557858	40.408405	39.892353	43.599354	43.782074	40.395206	40.529125	38.62538	38.744717	42.44402	42.040268	42.581257	42.156403	44.386276	45.190998	48.807293	49.818607	51.883545	53.86572	53.62258	51.887638	53.1626	50.505333	48.638844	47.719757	45.26506	46.706654	45.097073	47.03835	46.11149	47.911015	49.293545	51.49932	54.536922	53.589615	51.599735	50.714848	50.464146	49.417313	49.50564	48.10195	49.964275	48.89772	45.276806	44.168232	40.67095	40.47377	38.171944	41.019646	43.62219	41.464172	40.719604	44.41343	45.899696	43.523014	44.494503	48.13913	47.737854	46.3568	49.545444	51.746796	49.31334	49.905067	53.70734	53.92659	54.254097
K-68-A	61.526676	59.702816	56.58593	57.611385	56.163742	52.622074	53.11757	54.509144	51.605953	49.20725	50.876736	51.596176	48.370476	49.55185	46.320698	47.45165	50.505756	50.92389	50.337517	52.0106	52.10032	52.77318	53.573044	52.276295	53.728935	56.1945	58.40087	56.32547	57.77616	56.62568	57.2264	57.046406	55.752983	56.05425	59.396824	60.134285	56.519337	54.75998	53.32803	56.82002	57.570663	54.885834	56.632153	56.25538	55.211323	52.353886	51.323593	51.608315	48.929283	46.29906	46.605145	46.826775	45.995995	43.735233	40.91535	40.6561	43.8495	43.830368	40.716824	42.95475	46.30817	45.430145	47.69402	50.342514	50.66035	54.370277	54.60486	51.569347	49.250713	45.759686	42.4242	40.086193	36.54721	34.955624	36.71342	36.149426	39.855858	39.995213	36.611267	36.786087	34.948986	35.059387	38.74268	38.382957	38.93648	38.622837	40.92444	41.874702	45.521336	46.608665	48.804287	50.89086	50.827824	49.164898	50.28735	47.600773	45.57683	44.564026	41.992184	43.301662	41.597122	43.445084	42.482006	44.219425	45.62159	47.803875	50.83732	49.92063	47.94098	47.14454	46.93816	46.01117	46.19326	44.93926	46.948124	46.01578	42.455635	41.218014	37.649586	37.242832	34.94353	37.891052	40.359665	38.07268	37.40251	41.137024	42.482513	40.055176	41.138702	44.74209	44.215237	42.877026	46.133858	48.23675	45.75272	46.436413	50.23077	50.35693	50.65296
Y-69-A	59.181797	57.318745	54.097126	55.050262	53.773876	50.191845	50.501877	51.972397	49.207222	46.634552	48.205383	49.106792	45.858418	46.879665	43.54355	44.569813	47.505264	47.911633	47.43435	49.12338	49.334454	49.926643	50.82545	49.458485	51.053547	53.43321	55.569542	53.401558	54.86395	53.71224	54.478813	54.27581	52.86977	53.126865	56.388977	56.99398	53.33542	51.49862	50.164593	53.712215	54.34149	51.673443	53.411144	53.115887	51.959503	49.074005	48.19441	48.48909	45.697998	43.135086	43.610916	43.74743	42.987404	40.592194	37.702244	37.285442	40.38939	40.3411	37.15463	39.31498	42.67601	41.856937	44.209064	46.881813	47.31573	51.02349	51.13599	48.08626	45.687996	42.242912	38.85573	36.61182	33.0747	31.635502	33.524643	33.202164	36.96239	37.239677	33.98875	34.447308	32.718513	32.52676	36.10778	35.52559	35.833073	35.396397	37.554554	38.42158	42.029236	43.00292	45.202183	47.22985	47.175365	45.598633	46.756622	44.15442	42.12263	41.231987	38.715477	40.10579	38.5326	40.457973	39.698555	41.53356	43.16102	45.457787	48.35888	47.30274	45.15241	44.37575	43.985153	43.05775	43.10086	41.88454	43.87626	42.867336	39.34469	38.2138	34.603157	34.14612	32.05435	35.149345	37.49889	35.25183	34.855446	38.600796	39.81708	37.541145	38.865017	42.388393	41.80146	40.71861	44.064735	46.03129	43.614536	44.56001	48.305737	48.3511	48.421238
P-70-A	55.5311	53.676704	50.505043	51.505585	50.149776	46.579033	47.00208	48.46889	45.63328	43.145313	44.834595	45.684235	42.507637	43.69043	40.394066	41.38689	44.41676	44.75099	44.135918	45.795284	45.91994	46.60618	47.486206	46.245277	47.811638	50.314266	52.411274	50.248844	51.63112	50.432003	51.06156	50.85792	49.543148	49.86692	53.19986	53.958263	50.34778	48.579845	47.11165	50.59536	51.372578	48.70456	50.50449	50.191334	49.22366	46.30171	45.24536	45.654335	42.99779	40.274258	40.656784	41.019524	40.401054	38.19061	35.222237	35.10314	38.30521	38.068977	35.036564	37.463978	40.694965	39.607338	41.736183	44.30287	44.518757	48.22203	48.544205	45.51842	43.29638	39.752434	36.49516	34.081276	30.519613	28.861103	30.664547	30.113894	33.816963	34.142735	30.809473	31.074545	29.171755	29.052702	32.705208	32.22087	32.76561	32.430843	34.79428	35.83362	39.518288	40.761024	43.03956	45.29364	45.424454	43.7539	44.65113	41.876266	39.70637	38.552402	35.88392	37.10959	35.370773	37.23247	36.319546	38.148483	39.656147	41.97065	44.903442	43.85956	41.800518	40.963093	40.71423	39.802525	40.02215	38.858753	40.98351	40.1948	36.702984	35.321274	31.70101	31.130085	28.832607	31.862267	34.224663	31.886448	31.318201	35.072506	36.329094	33.95436	35.171745	38.7276	38.176723	36.99564	40.306236	42.33625	39.935276	40.803078	44.558037	44.68463	44.79455
I-71-A	53.86298	51.94025	48.63922	49.571384	48.447433	44.82794	45.02089	46.609993	43.961212	41.251682	42.824516	43.923763	40.737957	41.711784	38.278595	39.106396	41.964622	42.25784	41.770782	43.420654	43.679165	44.223763	45.197277	43.830204	45.54949	47.914692	49.953587	47.702545	49.135235	47.970512	48.825336	48.62509	47.183823	47.474575	50.694523	51.279545	47.607674	45.711346	44.360424	47.9166	48.509613	45.839874	47.59406	47.353596	46.215363	43.28354	42.427864	42.803066	39.99576	37.391117	37.972816	38.178093	37.5991	35.203335	32.1795	31.829344	34.922623	34.703243	31.565563	33.871647	37.142254	36.173748	38.44461	41.080193	41.48091	45.191364	45.336983	42.308197	39.95203	36.472904	33.120968	30.817902	27.27304	25.808	27.759602	27.542082	31.316721	31.773384	28.63115	29.292929	27.6033	27.105795	30.594297	29.840515	30.0349	29.568447	31.736115	32.6871	36.319664	37.389797	39.69787	41.86208	42.013645	40.488625	41.44257	38.799763	36.604713	35.627197	33.022366	34.33719	32.761806	34.6945	34.04535	35.960186	37.755013	40.17351	42.942875	41.75684	39.491707	38.72529	38.24687	37.37326	37.420216	36.3387	38.4541	37.567444	34.13994	32.906353	29.227314	28.550608	26.564833	29.807844	31.97017	29.664421	29.493107	33.25049	34.294476	32.111904	33.663433	37.087	36.418804	35.56957	38.991367	40.812416	38.474426	39.672977	43.34959	43.33551	43.1822
E-72-A	54.939205	52.82971	49.422836	50.456516	49.583206	45.903244	45.983826	47.812096	45.331654	42.449047	44.037525	45.429108	42.3343	43.18121	39.618847	40.14862	42.792377	42.881897	42.384205	43.83857	44.047913	44.274494	45.120667	43.45833	45.128677	47.253994	49.424397	47.271393	48.940784	48.009056	49.10013	49.09763	47.677376	48.099773	51.179577	51.62888	47.89834	45.747917	44.415707	48.005535	48.303364	45.505226	47.013493	46.63666	45.23891	42.47074	41.782166	41.863476	38.93536	36.60561	37.180088	37.01023	36.152687	33.56642	30.733147	30.091057	33.152405	33.297234	30.078323	32.145584	35.592655	34.97727	37.468864	40.34599	41.062256	44.80562	44.729412	41.830715	39.23499	35.874466	32.356773	30.073782	26.716906	25.30834	27.106869	27.116554	30.936468	31.162329	28.175835	29.206057	27.982502	27.415424	30.711086	29.96472	29.836836	29.517075	31.517427	32.546024	36.084473	36.891262	39.351734	41.36484	41.615192	40.415283	41.43775	39.033337	36.73595	35.964203	33.359116	34.590446	33.049797	34.81751	34.29457	36.023335	37.990105	40.2714	42.992012	41.90355	39.573544	39.119713	38.563698	37.957253	37.967876	37.154064	39.359352	38.450863	35.16748	34.04602	30.313538	29.343565	27.705912	31.175314	32.983665	30.55126	30.775278	34.534805	35.201336	33.055378	34.951096	38.196175	37.20523	36.55764	40.119244	41.632946	39.162025	40.607674	44.223316	43.893738	43.66936
G-74-A	51.138874	49.163258	45.686356	46.448837	45.69918	42.051914	41.83826	43.569122	41.25839	38.219574	39.54061	41.014584	37.83255	38.42858	34.821068	35.399334	37.943512	38.213127	37.98893	39.65917	40.191593	40.54947	41.733013	40.2254	42.23757	44.38331	46.250496	43.8175	45.26379	44.10604	45.317448	45.066166	43.388298	43.572426	46.58689	46.870846	43.12273	41.062103	39.951904	43.61113	43.924484	41.31048	43.035027	42.98315	41.591373	38.611595	38.12011	38.51397	35.46395	33.049713	34.036003	34.032135	33.628582	30.940193	27.783981	27.026464	29.856657	29.5597	26.243086	28.33633	31.619331	30.803415	33.29305	35.978622	36.66151	40.3478	40.201103	37.14466	34.597244	31.243935	27.767216	25.730118	22.215427	21.211857	23.50087	23.944654	27.75366	28.541801	25.832365	27.152212	25.79892	24.593603	27.693213	26.405598	25.956078	25.166676	26.920544	27.640568	31.151682	31.926588	34.237297	36.249672	36.417202	35.106262	36.147987	33.726192	31.527948	30.86923	28.435394	29.944252	28.728619	30.824167	30.68658	32.79191	35.06206	37.677303	40.104225	38.631805	36.01646	35.30671	34.401134	33.53533	33.24239	32.26217	34.300797	33.23556	29.949503	29.00844	25.307957	24.515379	23.144173	26.652075	28.459562	26.320696	26.83446	30.489529	31.205702	29.44603	31.497545	34.642258	33.861523	33.602905	37.115448	38.604073	36.4689	38.182278	41.666805	41.488163	40.868446
I-75-A	49.732174	47.64418	44.24643	45.267715	44.373432	40.6945	40.80013	42.638416	40.147182	37.277084	38.93887	40.347713	37.326225	38.278023	34.72171	35.168957	37.878944	37.897976	37.30286	38.766373	38.965145	39.31226	40.236763	38.7406	40.49703	42.77035	44.812935	42.572525	44.101826	43.058987	44.05262	43.994057	42.602196	43.054245	46.195766	46.773285	43.07949	41.005814	39.562878	43.1131	43.572926	40.804684	42.443188	42.131565	40.948944	38.066605	37.221523	37.525238	34.70505	32.143005	32.73409	32.881466	32.33556	29.930964	26.875025	26.58743	29.729092	29.503319	26.450262	28.898043	32.1338	31.110987	33.325768	36.039757	36.491074	40.233627	40.3893	37.477848	35.0998	31.603306	28.242956	25.773277	22.325438	20.697992	22.534767	22.402416	26.205967	26.670147	23.658157	24.623642	23.195644	22.44382	25.773283	24.954866	24.989084	24.683603	26.896355	28.098892	31.742352	32.884327	35.43187	37.73632	38.2208	36.898567	37.583508	34.97069	32.496964	31.422695	28.643759	29.72453	28.049692	29.826757	29.244446	31.084085	33.051292	35.473827	38.139168	36.937084	34.598595	34.02412	33.521122	32.892063	33.037296	32.286144	34.642925	33.97725	30.756721	29.36588	25.6064	24.456484	22.678202	26.153423	27.90852	25.396467	25.584105	29.34954	30.00848	27.855358	29.763218	32.996334	32.05479	31.461319	35.010723	36.544205	34.177723	35.683414	39.266357	39.037804	38.70386
V-76-A	50.04272	48.061806	44.813576	45.88561	44.689373	41.060673	41.438488	43.10385	40.36795	37.75898	39.559208	40.65038	37.61519	38.836113	35.43762	36.11956	39.078663	39.178932	38.435078	39.95769	40.02347	40.612625	41.47817	40.20693	41.82365	44.318176	46.374928	44.194557	45.597534	44.45005	45.13977	45.02555	43.764614	44.226826	47.53009	48.336887	44.724716	42.855625	41.270393	44.730083	45.4731	42.74321	44.50207	44.15391	43.241398	40.323513	39.20598	39.64275	37.03376	34.255245	34.630608	35.078682	34.59392	32.466114	29.415825	29.494005	32.750214	32.38078	29.49783	32.152763	35.26445	33.99172	35.95992	38.512505	38.656986	42.377007	42.799633	39.86474	37.718925	34.120667	30.93634	28.336765	24.830425	22.958117	24.660109	24.062645	27.766731	28.17045	24.892138	25.302443	23.468147	23.141178	26.73472	26.210804	26.751509	26.557314	29.051437	30.343548	34.069935	35.495296	37.975243	40.43697	40.89872	39.33456	39.90747	37.07553	34.635635	33.286957	30.41955	31.407076	29.525906	31.268766	30.352606	32.162136	33.778633	36.149723	39.001846	37.911053	35.80572	35.061764	34.83386	34.094276	34.45371	33.55502	35.92598	35.399464	32.073383	30.455276	26.75078	25.770699	23.516682	26.722979	28.793978	26.2534	25.887766	29.684248	30.671568	28.281052	29.754753	33.19754	32.459995	31.461292	34.885166	36.72349	34.321377	35.437977	39.135887	39.13904	39.081264
T-77-A	52.684937	50.589615	47.39929	48.679794	47.434704	43.798664	44.37372	46.136215	43.321754	40.820107	42.80341	43.876724	40.94514	42.315983	38.949135	39.53884	42.515274	42.45516	41.519363	42.849922	42.67513	43.126713	43.72729	42.322662	43.67494	46.122387	48.40065	46.443424	48.023804	47.070683	47.69509	47.78792	46.724754	47.376053	50.694386	51.60302	48.007526	46.04786	44.31233	47.71198	48.40853	45.542744	47.116566	46.52442	45.592556	42.849037	41.61144	41.799152	39.281017	36.6015	36.683525	36.982147	36.16359	34.11536	31.322296	31.459328	34.852627	34.805477	31.989817	34.604023	37.831253	36.722046	38.707054	41.407852	41.608597	45.36025	45.810272	43.005726	40.804634	37.22139	33.9948	31.249218	27.886673	25.793503	27.139755	26.290998	29.956583	29.929962	26.515171	26.74104	25.095932	25.243551	28.885864	28.754461	29.457697	29.597485	32.203747	33.699707	37.420914	38.830917	41.43371	43.88524	44.42564	42.97613	43.53667	40.74787	38.224506	36.836853	33.86923	34.655113	32.576984	34.05408	32.89556	34.390224	35.788155	37.872227	40.913395	40.124958	38.236748	37.72397	37.735386	37.223484	37.78436	37.049946	39.53835	39.118652	35.833294	34.127075	30.418732	29.279348	26.957619	30.138378	32.11661	29.387033	28.902332	32.714073	33.587887	30.960459	32.356007	35.796947	34.86431	33.618736	37.057045	38.851414	36.20474	37.136784	40.89029	40.741455	40.974796
N-78-A	52.789986	50.84076	47.81164	49.088005	47.564888	44.013943	44.808662	46.366535	43.355015	41.11393	43.172127	43.930454	40.997494	42.58267	39.396187	40.217613	43.3944	43.445045	42.420128	43.836872	43.59048	44.299152	44.898827	43.750217	45.019848	47.672855	49.89853	47.95847	49.367836	48.276634	48.61965	48.61253	47.639404	48.254604	51.70303	52.802242	49.298397	47.559647	45.737133	49.045853	50.014427	47.230366	48.95166	48.386723	47.71401	44.908024	43.458054	43.827282	41.492855	38.61281	38.572464	39.17767	38.50547	36.697353	33.86134	34.289635	37.727364	37.47187	34.789467	37.57988	40.66654	39.304073	41.065334	43.576176	43.488308	47.193554	47.877796	45.0313	43.05721	39.39602	36.343872	33.542484	30.11901	27.909706	29.221811	28.058966	31.587465	31.611256	28.051422	27.801922	25.773453	26.21418	30.003605	30.051085	31.146797	31.298632	34.08843	35.59896	39.369587	41.0219	43.52761	46.11322	46.614655	44.929237	45.390118	42.40968	39.948784	38.339302	35.343334	36.086273	33.89473	35.384266	33.99248	35.509296	36.60385	38.67365	41.82095	41.080963	39.384983	38.667027	38.88083	38.2221	38.92821	38.03172	40.48334	40.17157	36.815765	34.945004	31.340828	30.400795	27.727345	30.604877	32.852825	30.18564	29.229614	32.989418	34.180687	31.425394	32.39166	35.978184	35.29818	33.726154	36.97982	39.06354	36.468517	37.02986	40.839718	40.96018	41.407578
W-79-A	50.324497	48.551983	45.6384	46.81393	45.089275	41.623665	42.516514	43.864098	40.734203	38.67682	40.73062	41.23935	38.297283	40.020184	36.992855	38.01258	41.3391	41.523014	40.484673	42.04086	41.83519	42.830837	43.5571	42.711758	44.04408	46.895817	48.94385	46.910618	48.071404	46.769665	46.893806	46.70625	45.734337	46.247715	49.790073	51.023727	47.614586	46.11553	44.269955	47.499714	48.732555	46.09212	48.022045	47.59735	47.18404	44.253128	42.662872	43.3219	41.13342	38.033184	38.019936	38.986897	38.63565	37.028465	34.04131	34.734932	38.134018	37.52462	34.986305	37.970516	40.832676	39.143265	40.64679	42.893917	42.49922	46.12605	47.03015	44.121162	42.41242	38.69237	35.86586	33.070747	29.58884	27.355143	28.745745	27.408813	30.785963	31.075489	27.49424	26.927147	24.475845	24.918484	28.769983	28.794281	30.17564	30.217987	33.12418	34.593746	38.381523	40.289257	42.669994	45.407486	45.90313	43.982628	44.283554	41.115486	38.71652	36.887566	33.899067	34.633	32.41538	34.00065	32.513153	34.18827	35.121284	37.326122	40.44268	39.5869	37.96298	36.960453	37.2541	36.38675	37.162098	36.09625	38.490047	38.293148	34.91788	32.89236	29.419031	28.67206	25.724295	28.30388	30.777777	28.246613	26.925318	30.600193	32.094795	29.34823	29.973186	33.659763	33.290356	31.574732	34.649464	36.987415	34.58222	34.937122	38.74641	39.17812	39.63475
D-80-A	52.958767	51.29444	48.512867	49.68605	47.779453	44.401787	45.43446	46.62312	43.3801	41.521523	43.580933	43.85235	40.90453	42.721928	39.84301	41.04727	44.46376	44.748764	43.693504	45.294163	45.04301	46.15507	46.842064	46.09999	47.33405	50.255413	52.319324	50.341465	51.4435	50.09963	50.06843	49.838352	48.92434	49.401	52.99694	54.311413	50.959175	49.58065	47.72147	50.89794	52.24803	49.650517	51.622196	51.185	50.85868	47.933235	46.2652	46.94905	44.835217	41.69958	41.601345	42.63123	42.244675	40.711926	37.77455	38.510494	41.92962	41.33321	38.80065	41.773964	44.643356	42.94185	44.415623	46.612972	46.13666	49.734127	50.704212	47.773525	46.12448	42.3991	39.60984	36.83719	33.340904	31.11782	32.48273	31.040302	34.341576	34.56273	30.928112	30.130436	27.587036	28.258448	32.13237	32.284916	33.811172	33.854324	36.782574	38.198914	41.98078	43.917614	46.2117	48.933613	49.32193	47.290516	47.648594	44.433975	42.141487	40.28901	37.355186	38.118893	35.893803	37.47526	35.879173	37.50973	38.242607	40.357777	43.54861	42.781235	41.297104	40.21991	40.621323	39.67543	40.486565	39.297436	41.594666	41.374924	37.944744	35.932644	32.561783	32.01041	28.948143	31.3111	33.947044	31.514145	29.94581	33.527744	35.21199	32.423206	32.7568	36.491882	36.273903	34.34127	37.24908	39.75134	37.36263	37.427334	41.243637	41.8173	42.47035
D-81-A	55.051224	53.443207	50.546513	51.53289	49.744026	46.335766	47.105858	48.239468	45.111656	43.062756	44.868553	45.208427	42.070026	43.605003	40.63368	41.968533	45.298595	45.78423	45.01083	46.78507	46.788948	47.87881	48.755863	47.93044	49.36953	52.192715	54.189026	52.055542	53.155228	51.739655	51.914886	51.553585	50.39712	50.673546	54.200977	55.280197	51.840645	50.43419	48.811565	52.12457	53.342598	50.809605	52.83708	52.562878	52.02641	49.01368	47.60643	48.30747	45.960278	42.918015	43.09894	43.95558	43.582695	41.765495	38.727043	39.105236	42.39885	41.82429	39.044086	41.795704	44.778732	43.256348	44.9876	47.24002	46.973152	50.588085	51.31204	48.247738	46.42049	42.755615	39.810066	37.273815	33.65861	31.772346	33.469357	32.420994	35.886944	36.293587	32.767376	32.33662	29.887218	30.178387	34.003178	33.79684	34.95294	34.67567	37.34046	38.450058	42.19644	43.86513	46.012173	48.51781	48.648914	46.612305	47.27357	44.18456	42.08658	40.537037	37.81066	38.911446	36.97962	38.824306	37.547527	39.396282	40.4313	42.721764	45.786777	44.812065	43.064304	41.91211	41.99286	40.87219	41.34846	39.96593	42.04452	41.48597	37.937233	36.25723	32.850384	32.553284	29.724264	32.225166	34.96139	32.731976	31.438198	35.053005	36.7831	34.238167	34.777252	38.510933	38.36313	36.705265	39.68769	42.147537	39.86743	40.17002	43.96717	44.523773	44.94136
M-82-A	52.30933	50.713676	47.719517	48.582626	46.919785	43.47743	44.05562	45.206745	42.18787	39.978046	41.659878	42.124386	38.919643	40.30675	37.246326	38.55833	41.82509	42.36455	41.724586	43.58663	43.756023	44.854927	45.895863	45.08238	46.710564	49.504475	51.373394	49.096985	50.133823	48.639816	48.939346	48.48367	47.18153	47.36084	50.841824	51.80908	48.334663	46.919823	45.404716	48.774372	49.945885	47.474255	49.571823	49.438488	48.85367	45.756958	44.473434	45.282578	42.84581	39.79524	40.181408	41.059807	40.863415	38.955986	35.782444	36.078243	39.268974	38.540047	35.719585	38.460537	41.379356	39.805164	41.554928	43.751118	43.512047	47.11266	47.769447	44.64937	42.81539	39.166653	36.228825	33.792995	30.128664	28.397062	30.2941	29.457558	32.96262	33.619934	30.21735	30.015884	27.544783	27.468424	31.22558	30.737717	31.709795	31.23575	33.792828	34.78623	38.517113	40.15252	42.25573	44.750347	44.871326	42.82926	43.49164	40.4166	38.336704	36.847054	34.178894	35.397182	33.60669	35.60271	34.531643	36.567406	37.824547	40.304226	43.21812	42.03732	40.10027	38.863697	38.745483	37.53073	37.855465	36.4266	38.461395	37.829224	34.276524	32.668148	29.22624	28.966867	26.249142	28.84871	31.573112	29.434683	28.3321	31.96702	33.67597	31.306684	32.027035	35.728004	35.62043	34.217987	37.26587	39.66007	37.513096	38.065693	41.819016	42.37914	42.535046
E-83-A	51.11274	49.711845	46.889362	47.678104	45.76686	42.45126	43.188892	44.09319	40.92945	38.98782	40.6809	40.819183	37.633358	39.201015	36.369637	37.914207	41.339684	42.010895	41.32619	43.29601	43.45441	44.83337	45.937065	45.42143	47.031666	50.010742	51.745106	49.44153	50.250084	48.58072	48.615097	48.006733	46.758583	46.856647	50.432644	51.568962	48.22117	47.065845	45.50426	48.755768	50.203995	47.86949	50.137367	50.091625	49.777622	46.608173	45.153095	46.19557	43.945488	40.71085	41.044727	42.247204	42.280514	40.604458	37.368843	37.93882	41.114815	40.121746	37.47403	40.381733	43.09479	41.239567	42.723568	44.669605	44.12139	47.626495	48.51979	45.37365	43.81552	40.129852	37.433567	34.992424	31.330606	29.546762	31.420614	30.35794	33.662796	34.468628	31.041885	30.47077	27.65718	27.708912	31.48723	31.077467	32.373535	31.861261	34.535805	35.510777	39.229893	41.116886	43.09091	45.724037	45.835865	43.5631	44.064342	40.81071	38.814007	37.096996	34.451557	35.620758	33.78402	35.809425	34.589157	36.696495	37.70605	40.22769	43.140667	41.926735	40.141773	38.657085	38.68321	37.28844	37.721867	36.12794	38.083244	37.586227	34.032047	32.265278	29.020761	28.987549	25.988756	28.184935	31.141953	29.164188	27.629505	31.110825	33.14271	30.765263	31.051815	34.82721	35.03996	33.423016	36.223576	38.88318	36.908276	37.15795	40.888786	41.759018	42.014626
K-84-A	54.64422	53.33954	50.54334	51.236084	49.283295	46.015987	46.69851	47.474804	44.317944	42.405468	43.954746	43.98093	40.703236	42.155678	39.385765	41.109188	44.519222	45.359856	44.821037	46.896053	47.153816	48.57049	49.73261	49.213116	50.855824	53.813534	55.54135	53.202797	53.99281	52.277077	52.334206	51.64298	50.30619	50.27634	53.83423	54.88174	51.52716	50.425053	48.990005	52.278885	53.71137	51.43279	53.738274	53.758255	53.36824	50.169266	48.81253	49.85157	47.51606	44.32845	44.74325	45.862137	45.844196	44.051384	40.811115	41.20207	44.331882	43.394848	40.61002	43.371216	46.16712	44.432762	46.05631	48.019608	47.557602	51.05248	51.83582	48.61259	46.9784	43.33677	40.56749	38.27123	34.555	32.952217	34.957138	34.032906	37.390648	38.20608	34.786915	34.275562	31.49728	31.529457	35.297474	34.80696	35.982124	35.32706	37.859936	38.636005	42.314644	44.043144	45.874622	48.349953	48.23225	45.900375	46.632126	43.448044	41.646595	40.112514	37.633495	38.999302	37.31949	39.459347	38.338337	40.502037	41.54567	44.07853	46.98409	45.738075	43.907207	42.36739	42.29288	40.778812	41.048553	39.28627	41.042152	40.326275	36.69125	35.154793	31.981045	32.20109	29.304386	31.439026	34.511387	32.70041	31.193016	34.61584	36.754173	34.476883	34.711502	38.492157	38.804817	37.19711	39.93805	42.654144	40.723335	40.918926	44.642277	45.565636	45.835484
I-85-A	54.635	53.346344	50.407608	50.91996	49.16201	45.852985	46.2304	47.01371	44.034145	41.87819	43.177006	43.36852	39.943584	41.08166	38.184906	39.942383	43.21242	44.198463	43.933575	46.144558	46.659996	48.02094	49.379658	48.776985	50.64574	53.486877	55.111935	52.60978	53.38987	51.616306	51.912315	51.10907	49.531593	49.325832	52.781075	53.57944	50.145687	48.9938	47.793106	51.201363	52.477333	50.271675	52.620018	52.81449	52.230385	48.95451	47.86578	48.941822	46.400047	43.313065	44.022606	44.99775	45.059746	43.026733	39.684162	39.76673	42.72659	41.74995	38.78733	41.348515	44.178654	42.57719	44.398457	46.37794	46.109627	49.596756	50.144222	46.820225	45.042355	41.48391	38.614044	36.564854	32.785397	31.530415	33.839252	33.317574	36.781387	37.82096	34.571693	34.44861	31.789005	31.38916	35.043663	34.173923	34.960247	33.993927	36.244015	36.731197	40.3427	41.824425	43.523205	45.80826	45.49855	43.191875	44.158195	41.109974	39.466194	38.219704	35.94343	37.60286	36.224	38.597263	37.82377	40.198303	41.57435	44.293865	47.024693	45.549347	43.440052	41.849846	41.438774	39.790627	39.732395	37.843174	39.4144	38.402164	34.70618	33.486748	30.283081	30.68723	28.089548	30.38654	33.457317	31.839819	30.691507	34.12567	36.21744	34.217716	34.739227	38.45644	38.785164	37.528976	40.37053	42.965584	41.157314	41.677216	45.35099	46.21057	46.179222
W-86-A	51.291412	50.137444	47.263252	47.654694	45.815315	42.57977	42.94936	43.582935	40.581757	38.51362	39.752125	39.806396	36.37022	37.554573	34.762505	36.64824	39.9894	41.078537	40.846504	43.169376	43.767387	45.323883	46.81676	46.43776	48.39803	51.34409	52.789623	50.194683	50.771847	48.836594	49.01655	48.05929	46.446068	46.140144	49.63037	50.496605	47.141605	46.16915	44.982468	48.32372	49.772816	47.70191	50.20421	50.53621	50.136337	46.7728	45.621098	46.92946	44.49556	41.274902	42.055885	43.288136	43.63125	41.744793	38.29611	38.5663	41.450275	40.178207	37.364075	40.065617	42.67272	40.80806	42.405407	44.153244	43.65615	47.05495	47.757294	44.403564	42.84998	39.276	36.620167	34.61137	30.835892	29.619665	31.998184	31.43058	34.736526	36.030437	32.87002	32.627975	29.747488	29.200775	32.78506	31.803541	32.715145	31.61936	33.896606	34.32764	37.915565	39.597904	41.198105	43.61652	43.35112	40.8784	41.663403	38.472645	36.86584	35.45006	33.207794	34.869793	33.534576	35.99931	35.245003	37.768803	39.099487	41.950203	44.56787	42.949684	40.84513	39.03785	38.61694	36.798836	36.744946	34.7322	36.242943	35.32526	31.642307	30.312315	27.235147	27.807713	25.078304	27.12923	30.339083	28.899103	27.574865	30.888021	33.175922	31.298094	31.635933	35.352875	35.923603	34.70002	37.395763	40.10631	38.51477	38.994217	42.596775	43.65952	43.525173
H-87-A	52.470512	51.469704	48.77848	49.162384	47.084515	43.97845	44.546906	44.973057	41.830006	40.052635	41.3336	41.069313	37.6909	39.05689	36.510735	38.582394	42.04252	43.210293	42.89795	45.251495	45.767952	47.506847	48.962257	48.77221	50.627777	53.70347	55.12179	52.579178	53.03342	51.01854	50.95908	49.935734	48.426777	48.097485	51.66101	52.68623	49.448776	48.667492	47.413383	50.63937	52.292206	50.292618	52.869827	53.194218	52.98546	49.61913	48.305992	49.70501	47.426598	44.10283	44.751587	46.163517	46.55066	44.835617	41.414577	41.87554	44.80853	43.466618	40.76489	43.561783	46.08828	44.092693	45.52743	47.147343	46.448147	49.782063	50.65989	47.319725	45.94302	42.351433	39.840744	37.786682	34.045563	32.720303	34.977585	34.172634	37.34353	38.59422	35.353714	34.78298	31.717394	31.437616	35.061283	34.27337	35.46773	34.452965	36.84231	37.31035	40.878075	42.715927	44.236496	46.723316	46.433495	43.818058	44.51686	41.2275	39.69769	38.128616	35.90052	37.47332	36.05276	38.453342	37.50791	39.977257	41.036964	43.815353	46.500763	44.963303	43.054523	41.128708	40.896835	39.00576	39.087234	36.983936	38.427185	37.623253	33.968674	32.53219	29.653275	30.36432	27.432802	29.132132	32.480873	31.123953	29.429886	32.59058	35.101585	33.149307	33.09509	36.854687	37.630688	36.142654	38.615242	41.535564	40.006817	40.151558	43.7446	45.02186	45.0834
H-88-A	55.59933	54.633915	51.87302	52.13553	50.155937	47.044598	47.424664	47.812286	44.778824	42.87593	43.95157	43.738747	40.242844	41.35463	38.767445	40.929134	44.28012	45.601116	45.50998	47.965534	48.65073	50.336838	51.892757	51.60735	53.572563	56.555805	57.9602	55.336246	55.81986	53.78558	53.88665	52.793427	51.11853	50.64423	54.12983	54.955006	51.661953	50.852123	49.793583	53.11308	54.637962	52.682568	55.26917	55.690525	55.300743	51.898796	50.79072	52.15488	49.70238	46.48516	47.30776	48.54518	48.880005	46.951057	43.501465	43.673306	46.510117	45.243	42.348488	44.927822	47.558826	45.756596	47.415623	49.098843	48.597034	51.93485	52.59317	49.16573	47.627895	44.11551	41.473804	39.623734	35.828125	34.767075	37.22355	36.695164	39.985092	41.287735	38.10471	37.776978	34.83726	34.38231	37.969307	36.98331	37.892727	36.67765	38.835335	39.05147	42.55478	44.124928	45.500565	47.755527	47.2072	44.601894	45.605812	42.470463	41.147385	39.87997	37.857582	39.690254	38.503956	41.060482	40.33772	42.904633	44.157883	47.00292	49.62796	47.9932	45.919357	43.990406	43.534866	41.549686	41.366367	39.130283	40.361866	39.24773	35.525074	34.430958	31.568806	32.48204	29.80374	31.604034	34.969387	33.763977	32.31555	35.472816	37.96275	36.17563	36.28745	40.01166	40.78624	39.470303	41.999428	44.85778	43.357235	43.644733	47.228336	48.450623	48.39673
T-89-A	53.869576	52.966587	50.120674	50.186726	48.354343	45.24975	45.366463	45.70534	42.833393	40.765675	41.599213	41.482048	37.877483	38.72823	36.087006	38.314598	41.554276	43.032032	43.1848	45.783524	46.711605	48.41975	50.182724	49.92194	52.098316	55.015583	56.255928	53.47232	53.862606	51.725353	51.97801	50.737766	48.85669	48.199295	51.59722	52.238777	48.924854	48.15138	47.298325	50.672386	52.132305	50.302628	52.976715	53.59648	53.13026	49.6456	48.73442	50.22058	47.663193	44.490093	45.57545	46.80072	47.320305	45.279194	41.727383	41.738056	44.382877	42.95752	40.01115	42.473896	45.009747	43.205578	44.912457	46.494453	46.05374	49.328693	49.857483	46.3514	44.804493	41.37647	38.770313	37.160343	33.35447	32.61192	35.316063	35.09582	38.3682	39.945362	36.96377	36.895676	33.99226	33.14196	36.568478	35.240425	35.877365	34.361954	36.273506	36.217663	39.625996	41.07122	42.281315	44.428677	43.74306	41.089905	42.203964	39.131886	37.96919	36.879265	35.063354	37.130856	36.227295	38.992825	38.570145	41.348255	42.84452	45.874256	48.295822	46.426105	44.13932	42.0948	41.35954	39.206844	38.74998	36.36884	37.40644	36.083195	32.335342	31.481949	28.682951	29.830479	27.389366	29.192408	32.57775	31.628405	30.42761	33.50678	36.01028	34.522316	34.801395	38.436485	39.30927	38.3088	40.84859	43.626183	42.318302	42.859177	46.353256	47.58846	47.245827
F-90-A	52.394566	51.712154	49.040337	48.982807	46.950684	44.00823	44.218132	44.285645	41.335457	39.52764	40.298958	39.857616	36.282803	37.249054	34.879723	37.34298	40.686058	42.314495	42.470276	45.17873	46.137825	48.103313	49.95145	49.97465	52.1579	55.21485	56.29354	53.473354	53.62818	51.31877	51.343487	49.932228	48.07652	47.304935	50.75474	51.529522	48.36551	47.86419	47.00448	50.24384	51.95401	50.28987	53.12163	53.849895	53.631504	50.090023	49.051193	50.761284	48.37987	45.066853	46.132317	47.639748	48.385952	46.55057	42.955116	43.20152	45.805683	44.134434	41.373085	43.97339	46.28818	44.22722	45.66824	46.988228	46.2597	49.406982	50.14819	46.63761	45.37531	41.951103	39.61019	38.026955	34.275444	33.516434	36.184887	35.80805	38.8651	40.59695	37.65762	37.329075	34.192406	33.382915	36.742695	35.440376	36.315334	34.748386	36.714504	36.61814	39.961945	41.634674	42.695984	44.963543	44.282978	41.41897	42.34544	39.12513	38.072636	36.781315	35.04052	37.06141	36.171585	38.962383	38.46283	41.31305	42.61788	45.693542	48.047638	46.114872	43.949272	41.670155	41.025356	38.691128	38.296204	35.75324	36.65685	35.46125	31.767685	30.801062	28.283073	29.676613	27.061409	28.408892	31.967405	31.252989	29.718742	32.557465	35.342342	33.9465	33.846397	37.467384	38.662403	37.556633	39.823273	42.797123	41.71695	42.03482	45.43928	46.955128	46.638157
Y-91-A	54.94943	54.320477	51.770638	51.783543	49.58909	46.713207	47.110123	47.095642	44.03094	42.424953	43.292168	42.663677	39.166374	40.288006	38.065777	40.584362	43.998478	45.609737	45.652107	48.314877	49.14579	51.164513	52.907097	52.977226	55.026722	58.153385	59.30338	56.573017	56.72956	54.436813	54.310913	52.932594	51.197735	50.47874	53.980576	54.87383	51.768234	51.32694	50.377586	53.554222	55.35597	53.668903	56.486774	57.12922	56.990265	53.4836	52.320236	53.9943	51.69178	48.337223	49.246883	50.793697	51.44573	49.68714	46.14661	46.486217	49.195244	47.59975	44.859615	47.5101	49.8739	47.80923	49.2153	50.55365	49.757206	52.90872	53.739323	50.258114	49.03451	45.578957	43.24284	41.558334	37.809998	36.893257	39.427227	38.85305	41.89827	43.473747	40.4024	39.856773	36.655632	36.131763	39.58777	38.507698	39.57691	38.16361	40.253548	40.262012	43.629658	45.362743	46.442776	48.732044	48.046547	45.157017	46.067493	42.82214	41.77124	40.401325	38.607685	40.520905	39.49721	42.178482	41.48796	44.21895	45.320625	48.277565	50.754814	48.963066	46.96089	44.697056	44.23353	41.943817	41.692997	39.16905	40.092876	38.98656	35.323177	34.27317	31.816557	33.168327	30.414398	31.646214	35.232006	34.442436	32.686813	35.49368	38.347176	36.795994	36.47781	40.14452	41.370876	40.020317	42.18849	45.27877	44.131477	44.194653	47.632805	49.225765	49.12573
N-92-A	57.976665	57.269512	54.597088	54.591953	52.545998	49.59154	49.83286	49.915974	46.952484	45.152412	45.92115	45.46886	41.88526	42.79418	40.428764	42.89982	46.198185	47.840233	48.01857	50.695614	51.614647	53.48681	55.250946	55.134754	57.245525	60.25582	61.473415	58.710266	58.99142	56.76349	56.837337	55.49258	53.643574	52.88412	56.31341	57.019623	53.814613	53.23752	52.41506	55.709015	57.32003	55.58812	58.341465	58.99483	58.633503	55.13152	54.150043	55.70124	53.214947	49.988216	51.00787	52.322594	52.83707	50.859158	47.32582	47.38732	50.05356	48.6173	45.681957	48.130672	50.652485	48.82584	50.486465	51.977795	51.431484	54.63943	55.237225	51.705326	50.257664	46.856117	44.327705	42.760284	38.96287	38.20907	40.869022	40.519497	43.732315	45.26275	42.197365	41.901035	38.87064	38.240334	41.715485	40.51552	41.316933	39.812065	41.73797	41.608585	44.95652	46.41697	47.46072	49.53837	48.67429	45.885063	47.080097	44.008118	43.052082	41.965126	40.272285	42.363396	41.474205	44.235764	43.70712	46.462055	47.76153	50.737	53.216732	51.397575	49.243004	47.082558	46.44619	44.18026	43.740353	41.205456	42.05095	40.690247	36.96788	36.18801	33.62739	34.994423	32.466507	33.957428	37.476597	36.67006	35.201557	38.120083	40.836864	39.33426	39.283092	42.943363	44.021523	42.811398	45.14373	48.113483	46.87163	47.116505	50.59949	52.032093	51.857677
E-93-A	57.341694	56.641357	53.850105	53.68765	51.83567	48.856026	48.82127	48.918907	46.138756	44.12567	44.664608	44.37762	40.689125	41.29894	38.834473	41.314682	44.458393	46.221962	46.645016	49.424927	50.566483	52.383	54.312183	54.135796	56.433186	59.33245	60.44425	57.549213	57.8101	55.53827	55.81983	54.382538	52.330315	51.4181	54.735134	55.214973	51.95991	51.351147	50.74434	54.118607	55.589436	53.941696	56.72527	57.5366	57.024357	53.47259	52.725048	54.316135	51.682705	48.557213	49.824425	51.030792	51.636677	49.492203	45.89736	45.723145	48.205776	46.71261	43.67737	45.94108	48.43468	46.70912	48.499744	49.966022	49.573074	52.741703	53.139164	49.54103	48.001514	44.706516	42.14488	40.824177	37.02943	36.596344	39.47825	39.46101	42.70655	44.426895	41.53911	41.5488	38.631786	37.653934	40.990124	39.482277	39.9573	38.192825	39.845196	39.447918	42.6906	43.93344	44.82803	46.726093	45.68865	42.91749	44.30836	41.37368	40.58592	39.761993	38.283474	40.61526	40.00731	42.946293	42.72202	45.63737	47.20628	50.324776	52.635227	50.625076	48.2466	46.051323	45.12683	42.755642	42.027035	39.394093	40.05436	38.43302	34.692486	34.220043	31.6888	33.23033	31.005991	32.591217	36.065315	35.45441	34.309593	37.19531	39.84301	38.60089	38.797077	42.36607	43.447144	42.55123	44.95811	47.796783	46.66801	47.19615	50.618633	51.982735	51.544586
L-94-A	55.10432	54.598824	51.880833	51.501183	49.624794	46.776997	46.623608	46.500736	43.798862	41.861427	42.18056	41.73926	38.018887	38.508724	36.215763	38.892544	42.006493	43.977757	44.571754	47.509415	48.83063	50.827175	52.9422	52.97526	55.405277	58.346043	59.2368	56.222637	56.259792	53.810863	54.037548	52.39096	50.224735	49.110985	52.387897	52.83051	49.678936	49.28878	48.82165	52.124672	53.719063	52.277752	55.218113	56.23261	55.844364	52.212265	51.508656	53.327297	50.758625	47.579033	48.996284	50.38361	51.2615	49.198154	45.52391	45.415073	47.737133	45.974735	43.05279	45.330437	47.592484	45.68927	47.314625	48.522724	47.970856	50.993816	51.451603	47.81177	46.474674	43.255463	40.919544	39.784958	36.048553	35.815395	38.80987	38.882576	41.950523	43.938755	41.2221	41.221443	38.195446	37.004795	40.169147	38.46982	38.92343	36.93953	38.450916	37.84159	40.952053	42.26374	42.931667	44.83419	43.70814	40.756588	42.085033	39.101765	38.516243	37.683258	36.417263	38.864014	38.464462	41.53922	41.46371	44.545723	46.135582	49.38677	51.509113	49.313236	46.889015	44.47223	43.426292	40.832405	39.95946	37.128166	37.543907	35.86414	32.16966	31.810602	29.554903	31.423582	29.279005	30.534996	34.101246	33.83513	32.651863	35.289955	38.109543	37.142155	37.199085	40.666046	42.01705	41.26656	43.483604	46.378197	45.532047	46.075886	49.361237	50.910225	50.30326
R-95-A	55.72663	55.308487	52.75586	52.450233	50.341263	47.58284	47.68349	47.436718	44.562943	42.90297	43.37263	42.664433	39.04514	39.808777	37.714767	40.474373	43.73852	45.674015	46.08171	48.97731	50.134827	52.264286	54.277237	54.451023	56.73473	59.809208	60.732513	57.810234	57.78452	55.31071	55.293224	53.65604	51.657986	50.61721	53.994904	54.65658	51.603607	51.33741	50.706425	53.898098	55.686024	54.237835	57.205975	58.133278	57.93814	54.326786	53.402664	55.25775	52.853817	49.553387	50.76978	52.323147	53.18964	51.308456	47.66707	47.800434	50.259308	48.47872	45.675762	48.12951	50.361645	48.31531	49.770267	50.921318	50.16491	53.17491	53.850777	50.260498	49.079308	45.782787	43.545925	42.228817	38.50142	38.010715	40.82333	40.588142	43.57502	45.454536	42.600758	42.27776	39.087914	38.19395	41.45599	40.012775	40.79684	39.003723	40.744694	40.32908	43.496597	45.034966	45.76289	47.824017	46.81491	43.787617	44.92197	41.801155	41.136467	40.04715	38.64675	40.891415	40.27688	43.218548	42.875935	45.85206	47.163147	50.313652	52.551956	50.488804	48.28389	45.81698	45.029694	42.457657	41.829926	39.019844	39.521225	38.082924	34.434822	33.809765	31.637081	33.445015	31.008423	32.03622	35.69179	35.34883	33.795174	36.371822	39.344254	38.199085	37.922356	41.455822	42.919216	41.875687	43.93232	47.005142	46.146965	46.378895	49.68146	51.387493	51.005604
V-96-A	52.16949	51.848988	49.381817	49.0149	46.82818	44.153122	44.294685	43.932903	41.032635	39.49777	39.960167	39.116325	35.53916	36.40441	34.440144	37.27384	40.600418	42.564938	42.936558	45.867374	47.03331	49.304256	51.37027	51.72756	54.025986	57.172596	57.969185	55.0266	54.8491	52.281883	52.134365	50.41184	48.44638	47.374798	50.782795	51.554146	48.59506	48.47514	47.801132	50.89164	52.83306	51.478672	54.531002	55.51779	55.504444	51.87219	50.85218	52.860344	50.601387	47.21273	48.41671	50.174877	51.231285	49.523403	45.861202	46.196827	48.614265	46.639202	44.021397	46.610023	48.646576	46.384106	47.604527	48.56666	47.59487	50.51599	51.36625	47.80984	46.847927	43.546577	41.523945	40.190994	36.53877	36.014275	38.77276	38.441643	41.239697	43.25226	40.4895	40.036724	36.729465	35.78802	38.94109	37.488594	38.41882	36.611553	38.404373	38.022247	41.15311	42.90584	43.60607	45.82896	44.955082	41.826397	42.70935	39.45086	38.75551	37.455833	36.046448	38.19474	37.56547	40.494743	40.11723	43.13737	44.350616	47.541706	49.68807	47.56641	45.43148	42.82973	42.10112	39.44776	38.89842	36.04885	36.544323	35.285244	31.703535	30.904545	28.891262	30.778183	28.234236	28.973736	32.686672	32.478954	30.75181	33.15921	36.26169	35.20441	34.73561	38.21809	39.861355	38.820847	40.71404	43.854435	43.169003	43.334873	46.5444	48.396805	47.968433
A-97-A	50.01703	49.70511	47.375458	47.14716	44.770554	42.145103	42.56475	42.179943	39.105	37.812256	38.521782	37.509495	34.085014	35.306736	33.4693	36.252594	39.73336	41.54039	41.6382	44.455208	45.403137	47.768177	49.698315	50.1902	52.326168	55.59233	56.417515	53.5927	53.370716	50.819798	50.43304	48.780045	47.035053	46.126	49.64108	50.678413	47.808514	47.75477	46.84377	49.803516	51.924313	50.52511	53.566082	54.425964	54.63372	51.054676	49.779892	51.81564	49.769974	46.26458	47.23768	49.18806	50.265583	48.80219	45.19939	45.846684	48.388435	46.37353	43.95772	46.76925	48.7221	46.272728	47.252205	48.151016	46.946228	49.856575	50.97124	47.519608	46.742237	43.353718	41.47131	39.903008	36.317776	35.48596	37.99401	37.32629	39.97434	41.886337	39.045757	38.271595	34.823647	34.1489	37.33765	36.159477	37.44808	35.89243	37.95586	37.865173	41.06435	43.11444	43.97345	46.443443	45.8416	42.704433	43.258595	39.830097	38.915592	37.265587	35.62753	37.463676	36.552692	39.282196	38.61168	41.492092	42.41907	45.497555	47.73267	45.756626	43.861893	41.24989	40.82267	38.26772	38.051258	35.337627	36.058495	35.17841	31.686695	30.476788	28.49108	30.169586	27.311222	27.84332	31.566372	31.210354	29.11777	31.470135	34.65681	33.399048	32.625893	36.150326	37.85429	36.54652	38.296173	41.565197	40.8655	40.766727	43.974014	45.94495	45.712284
P-98-A	47.148132	46.665398	44.20615	44.07624	41.81395	39.047287	39.43836	39.26348	36.191345	34.71581	35.550766	34.773605	31.325918	32.596916	30.533573	33.136303	36.640434	38.291958	38.302845	41.04922	41.95387	44.220398	46.12049	46.523987	48.67478	51.90762	52.773712	49.954983	49.818245	47.33718	47.03775	45.482967	43.75448	42.963516	46.500965	47.549046	44.592377	44.39277	43.39693	46.4099	48.45786	46.95932	49.943504	50.743767	50.91529	47.35357	46.06766	48.058235	46.000034	42.49804	43.46305	45.39172	46.468147	45.012135	41.411102	42.096878	44.655376	42.645527	40.268314	43.139225	45.086967	42.61442	43.577442	44.53791	43.359833	46.33553	47.456467	44.035866	43.2179	39.779217	37.867294	36.20637	32.62552	31.718973	34.198612	33.530804	36.196022	38.11972	35.305584	34.610615	31.19955	30.429026	33.616867	32.4081	33.679443	32.1726	34.307747	34.343987	37.6185	39.73153	40.751858	43.32797	42.909245	39.86869	40.30128	36.826366	35.7036	33.959705	32.16005	33.91349	32.910915	35.61345	34.9414	37.82227	38.835407	41.94225	44.177883	42.194683	40.2442	37.70742	37.276154	34.815594	34.666985	32.08254	33.01824	32.246586	28.72372	27.339231	25.151762	26.632467	23.709314	24.42904	28.109837	27.597881	25.581652	28.09113	31.170584	29.851503	29.256807	32.82256	34.386192	33.158665	35.068516	38.24271	37.465282	37.53507	40.786366	42.62976	42.321194
E-99-A	44.99742	44.71462	42.481472	42.293583	39.809566	37.239864	37.813976	37.392796	34.222134	33.103115	33.972603	32.848553	29.557571	31.074514	29.356237	32.079967	35.67021	37.351185	37.250908	40.004143	40.84246	43.33847	45.243927	45.938763	48.019505	51.374958	52.09679	49.314365	48.958504	46.361843	45.78208	44.120293	42.518898	41.705868	45.288147	46.546673	43.788643	43.845436	42.762188	45.56797	47.871655	46.514164	49.59013	50.428192	50.885815	47.340218	45.873604	48.03956	46.232655	42.626926	43.48365	45.688896	46.953735	45.77057	42.211082	43.181126	45.70482	43.512577	41.39996	44.409603	46.11995	43.41183	44.051624	44.757004	43.268337	46.08901	47.474693	44.14288	43.64357	40.235355	38.632698	36.941513	33.52404	32.52029	34.81409	33.9219	36.27978	38.272064	35.543533	34.545372	30.974075	30.330017	33.368702	32.300423	33.86976	32.451214	34.676903	34.795887	37.968315	40.344154	41.2962	44.02808	43.741653	40.59388	40.723812	37.12726	36.018143	33.998703	32.211224	33.74716	32.67138	35.254833	34.42743	37.267704	37.99895	41.066372	43.22784	41.257908	39.526188	36.818916	36.587044	34.055473	34.102493	31.50168	32.402924	31.938375	28.61217	26.982363	25.142157	26.68062	23.600552	23.769445	27.473574	27.136562	24.736889	26.90244	30.194641	28.929462	27.876806	31.355602	33.21578	31.835669	33.396835	36.742264	36.196453	35.98527	39.096386	41.213432	40.97941
E-100-A	44.75199	44.694256	42.473755	41.951035	39.55563	37.12742	37.39281	36.71412	33.74927	32.59238	33.03915	31.80619	28.387249	29.553055	27.9993	30.997786	34.453648	36.466434	36.726765	39.714306	40.88117	43.499798	45.673923	46.494553	48.797344	52.095993	52.576485	49.61511	49.058186	46.276665	45.786045	43.85689	42.00097	40.862274	44.327145	45.386208	42.700653	42.96133	42.17695	44.97052	47.290016	46.18381	49.41269	50.53061	50.968857	47.331554	46.078926	48.43693	46.568405	43.013493	44.157665	46.391834	47.88325	46.6206	42.982002	43.795193	46.073715	43.681377	41.561302	44.41337	45.9542	43.220123	43.847435	44.332146	42.834274	45.49369	46.773922	43.354874	42.95325	39.70023	38.250458	36.904026	33.54334	32.941185	35.472767	34.90029	37.154068	39.44614	36.964844	36.187878	32.666443	31.645676	34.43893	33.011486	34.306965	32.52326	34.409252	34.131905	37.09556	39.347855	39.969215	42.544243	42.017193	38.716076	38.957806	35.42758	34.66744	32.8498	31.446518	33.277973	32.61327	35.439907	34.965473	38.03852	38.967045	42.211807	44.104424	41.864677	39.94793	37.030075	36.480053	33.656006	33.33961	30.443386	30.918211	30.186327	26.893919	25.625982	24.137411	26.161028	23.408888	23.28001	27.050402	27.220093	25.036251	26.894318	30.308933	29.506207	28.493364	31.779758	33.895527	32.864937	34.27832	37.57255	37.35199	37.32604	40.254665	42.476032	41.943233
H-101-A	44.27801	44.053345	41.59285	41.040825	38.917862	36.31217	36.30089	35.838875	33.0323	31.47618	31.810177	30.95543	27.354708	28.227156	26.318693	29.221752	32.578857	34.607643	35.042767	38.080444	39.40603	41.8556	44.12323	44.746	47.20211	50.37168	50.869316	47.8098	47.3699	44.633675	44.432137	42.53044	40.489113	39.309338	42.710632	43.54505	40.68717	40.75639	40.104473	43.074806	45.176945	44.016403	47.214397	48.391224	48.606586	44.927876	43.883987	46.18329	44.114605	40.653767	41.995327	44.04893	45.523514	44.057873	40.362125	40.94603	43.136543	40.769005	38.50432	41.23019	42.83773	40.227085	41.04843	41.64163	40.364395	43.103535	44.162594	40.66077	40.061222	36.82181	35.220192	33.99791	30.564539	30.177513	32.92111	32.647305	35.05013	37.44521	35.052486	34.6214	31.258024	29.91972	32.681076	30.97482	31.9343	29.948454	31.659456	31.221956	34.212933	36.27864	36.905193	39.3821	38.780857	35.54122	35.958775	32.499218	31.741205	30.136543	28.789001	30.854874	30.369577	33.37242	33.16322	36.368004	37.626183	40.990948	42.813335	40.443024	38.26167	35.415184	34.584652	31.740234	31.170473	28.236477	28.6994	27.700489	24.242645	23.188217	21.468311	23.561888	21.029022	21.262539	25.02575	25.20889	23.437778	25.498312	28.74772	28.077568	27.511593	30.798796	32.728985	32.0078	33.696335	36.78725	36.500458	36.850094	39.82146	41.818634	41.05973
P-102-A	41.364765	40.97561	38.37049	37.88066	35.91197	33.166218	33.066288	32.81979	30.057743	28.26706	28.686361	28.117304	24.474573	25.355299	23.171135	25.888433	29.26464	31.154516	31.540815	34.538082	35.87088	38.233868	40.516792	41.072876	43.583828	46.707428	47.201588	44.119328	43.734203	41.042862	40.951008	39.1183	37.057167	35.968536	39.384727	40.21262	37.261463	37.1937	36.480034	39.509605	41.54165	40.30792	43.473747	44.631252	44.818584	41.141525	40.111084	42.405857	40.3282	36.872932	38.256943	40.309982	41.843243	40.396362	36.697243	37.32066	39.473938	37.05538	34.864857	37.64505	39.189663	36.520638	37.29055	37.898964	36.627174	39.414818	40.4843	37.004406	36.395157	33.115623	31.533453	30.262499	26.863972	26.473545	29.218351	29.008072	31.369411	33.85125	31.573112	31.27422	27.988422	26.4434	29.10521	27.279072	28.16759	26.157001	27.892048	27.540297	30.589907	32.74549	33.519398	36.126972	35.735687	32.58717	32.835556	29.30698	28.327238	26.602287	25.108837	27.121853	26.605104	29.628853	29.493351	32.74777	34.138428	37.563625	39.3212	36.891376	34.615547	31.808863	30.91332	28.118128	27.57014	24.736528	25.41424	24.53476	21.038042	19.775734	17.852993	19.812151	17.253313	17.631832	21.37462	21.493977	19.872372	22.043346	25.1871	24.563307	24.226608	27.499681	29.316727	28.780062	30.609262	33.561653	33.26311	33.84419	36.805626	38.672916	37.768787
V-103-A	42.7597	42.07419	39.23517	38.92649	37.20505	34.224216	34.021927	34.158504	31.47992	29.325094	29.86447	29.756319	26.079983	26.813604	24.204407	26.580542	29.850546	31.532396	31.899113	34.76717	36.05458	38.103157	40.29061	40.495457	43.018875	46.008564	46.708263	43.647614	43.557293	41.06665	41.25936	39.648315	37.553875	36.626717	40.001907	40.670567	37.49656	37.061127	36.33438	39.571857	41.30268	39.83589	42.835873	43.8643	43.756756	40.10277	39.20747	41.258423	38.942383	35.595005	37.02242	38.775974	40.075314	38.37602	34.653923	35.030743	37.269726	35.077335	32.630493	35.326073	37.14692	34.717205	35.817604	36.763103	35.831112	38.82728	39.649193	36.12667	35.14745	31.788992	29.832834	28.483076	24.900871	24.512047	27.397902	27.373932	30.065989	32.415886	30.03693	30.043755	26.959879	25.322197	28.150545	26.249487	26.857773	24.858381	26.588375	26.294718	29.52362	31.444536	32.440014	34.957924	34.56868	31.629187	32.116047	28.708237	27.53811	26.039366	24.378317	26.500818	25.932787	28.986	28.935955	32.150948	33.801888	37.20924	39.083374	36.717197	34.26379	31.734905	30.719809	28.144388	27.517954	24.881199	25.790438	24.714396	21.0487	19.917936	17.438543	19.064083	16.636747	17.823433	21.395315	21.12313	19.946642	22.568476	25.345045	24.541471	24.738327	28.095957	29.475529	29.045551	31.274212	34.00356	33.383644	34.24187	37.358994	38.88542	37.959934
L-104-A	42.485363	41.566826	38.50683	38.264664	36.86842	33.72267	33.29137	33.75639	31.281069	28.745554	29.271822	29.646326	25.96683	26.453476	23.473036	25.49588	28.574205	30.09318	30.53826	33.318916	34.67313	36.438915	38.631268	38.560387	41.182293	43.99606	44.76577	41.668724	41.77421	39.42622	39.935234	38.462917	36.267944	35.420856	38.693798	39.15854	35.80809	35.068565	34.408688	37.812374	39.24968	37.65195	40.530155	41.536137	41.167393	37.523388	36.832924	38.737164	36.21353	33.005863	34.591682	36.094334	37.31442	35.39995	31.652111	31.779453	33.957397	31.85707	29.24842	31.830677	33.772606	31.511257	32.849354	33.998756	33.359234	36.473377	37.053318	33.502323	32.24794	28.881357	26.686401	25.388021	21.724415	21.519274	24.595207	24.911726	27.774813	30.152391	27.893904	28.319351	25.532429	23.585777	26.329483	24.186611	24.380316	22.255682	23.825869	23.481316	26.786783	28.495205	29.644833	32.094578	31.758348	29.023151	29.638748	26.352755	25.019659	23.743767	22.022081	24.287617	23.83104	26.962036	27.166983	30.411945	32.397514	35.840847	37.651314	35.23419	32.548515	30.230053	28.976757	26.551188	25.746475	23.284504	24.342426	23.09878	19.37168	18.40562	15.522982	16.889654	14.827405	16.665684	19.947859	19.508135	18.94796	21.787893	24.157969	23.431679	24.200079	27.455374	28.484104	28.376305	30.891018	33.305645	32.553898	33.799755	36.919308	38.131363	37.019424
L-105-A	43.75679	42.546375	39.390972	39.486454	38.14583	34.822563	34.585335	35.398792	32.8325	30.21507	31.106031	31.717152	28.178326	28.875677	25.70881	27.34056	30.419474	31.551867	31.684208	34.171425	35.220825	36.702633	38.606155	38.232075	40.66532	43.430515	44.509327	41.587715	42.01746	39.94336	40.523533	39.38324	37.39556	36.888428	40.197525	40.744102	37.27956	36.212368	35.305443	38.779514	40.03842	38.127323	40.760124	41.452312	40.93299	37.40984	36.619907	38.200157	35.60097	32.440784	33.789463	35.065613	35.929058	33.919216	30.23864	30.340334	32.799698	31.052654	28.301636	30.959	33.22575	31.164663	32.701626	34.23417	33.80096	37.125713	37.657894	34.209843	32.685207	29.18806	26.662407	24.99405	21.216448	20.590387	23.490705	23.634087	26.802645	28.808332	26.274086	26.738768	24.081995	22.396408	25.438568	23.589872	23.84852	22.128454	23.995274	24.085812	27.602327	29.25701	30.800873	33.28808	33.16748	30.734962	31.355513	28.160868	26.470493	25.160614	23.052937	25.02865	24.172699	27.037663	26.980669	29.96372	31.92962	35.194717	37.27247	35.12529	32.514664	30.555193	29.524681	27.507723	26.99965	24.951586	26.432674	25.379929	21.71809	20.52803	17.258272	17.886179	15.672708	18.098904	21.104301	20.010185	19.520855	22.76529	24.793411	23.596548	24.61617	28.007025	28.5833	28.26997	31.089457	33.391064	32.21779	33.483044	36.795197	37.72395	36.828846
T-106-A	45.123447	43.719463	40.392673	40.541145	39.516747	36.095425	35.639816	36.722813	34.385334	31.479708	32.305935	33.31067	29.815046	30.238506	26.84518	28.146269	30.944788	31.926731	32.165565	34.523266	35.626854	36.77385	38.64065	37.938076	40.4329	42.96391	44.14348	41.223137	41.886894	40.00195	40.915497	39.930725	37.857296	37.415752	40.563534	40.86376	37.26243	35.887596	35.097076	38.707672	39.611225	37.576267	40.02377	40.670307	39.813686	36.35184	35.831043	37.174595	34.323563	31.40267	32.902805	33.797077	34.471004	32.15513	28.497261	28.196188	30.591564	29.079113	26.064276	28.484144	30.984116	29.257784	31.159039	32.972775	32.949093	36.367245	36.566288	33.12423	31.237371	27.80643	24.954851	23.390108	19.572676	19.188778	22.24884	22.818445	26.192097	28.109716	25.706293	26.657787	24.426695	22.52221	25.435976	23.412159	23.15416	21.37546	22.972776	22.982073	26.486404	27.757149	29.429043	31.708153	31.55951	29.41793	30.29025	27.363642	25.603882	24.678843	22.619265	24.720396	24.024734	26.881256	27.095198	30.012333	32.29572	35.51967	37.535442	35.392704	32.581436	30.91029	29.648802	27.845753	27.135641	25.30855	26.829245	25.55809	21.96119	21.09298	17.635609	17.957	16.324652	19.24248	21.816801	20.59182	20.744225	24.063795	25.634645	24.529884	26.062153	29.279144	29.489199	29.468035	32.510815	34.48009	33.163387	34.76405	38.050556	38.64818	37.611736
E-107-A	44.949757	43.2509	39.82603	40.272453	39.410686	35.85531	35.501236	36.954807	34.647343	31.628826	32.751385	34.06722	30.777311	31.33621	27.78605	28.612974	31.312857	31.866447	31.819551	33.841843	34.676445	35.48814	37.086605	36.075092	38.413944	40.828266	42.256348	39.505978	40.477108	38.88563	39.92277	39.272293	37.39393	37.290844	40.407635	40.764103	37.08602	35.38067	34.36278	37.999344	38.68659	36.369873	38.54196	38.895485	37.88877	34.581676	34.002747	35.02591	32.123447	29.309135	30.61378	31.260336	31.632261	29.23922	25.67727	25.35502	27.972015	26.788082	23.72282	26.225634	28.9633	27.414587	29.442942	31.594639	31.771702	35.34278	35.500267	32.229027	30.128778	26.62821	23.539381	21.6201	17.83451	17.05459	19.869003	20.376795	23.952652	25.538612	23.039911	24.19062	22.283964	20.487398	23.465887	21.66167	21.337542	19.983393	21.788673	22.266525	25.883068	27.128578	29.215399	31.57002	31.767605	29.99376	30.71173	27.90062	25.748955	24.754938	22.35139	24.079842	23.05298	25.583641	25.644709	28.27448	30.608997	33.646896	35.79746	33.883682	31.119722	29.848377	28.749487	27.399931	26.962671	25.627861	27.55502	26.556793	23.164572	22.059317	18.384909	17.932817	16.380486	19.724674	21.834108	20.071909	20.48598	24.010086	25.103497	23.703575	25.584143	28.740326	28.467545	28.431942	31.721685	33.428455	31.788456	33.538723	36.884678	37.139584	36.196533
A-108-A	46.361736	44.429268	40.893097	41.502525	40.9114	37.28424	36.850914	38.60418	36.47116	33.287235	34.477467	36.123615	32.984535	33.4359	29.762491	30.19436	32.63103	32.895626	32.78809	34.537	35.26394	35.679832	37.093204	35.711967	37.97619	40.136307	41.752804	39.12515	40.402405	39.1042	40.405544	40.021988	38.20539	38.29889	41.259823	41.479496	37.726006	35.689404	34.657745	38.341827	38.675873	36.166187	38.037033	38.199493	36.880253	33.748257	33.342564	34.00079	30.925226	28.40505	29.684189	29.885376	29.918442	27.26548	23.84955	23.171988	25.834429	25.078957	21.822748	24.114902	27.152328	26.016197	28.364351	30.872082	31.449162	35.10163	34.998222	31.873692	29.43822	26.03302	22.651455	20.677357	17.050936	16.271872	18.918646	19.7018	23.420132	24.69509	22.307867	23.887245	22.520071	20.719593	23.530607	21.796173	21.08193	19.978872	21.618345	22.261408	25.802315	26.718113	29.05379	31.241758	31.579945	30.22244	31.031244	28.520947	26.20592	25.470186	23.02616	24.599539	23.555159	25.832958	25.994797	28.359505	30.876108	33.730305	35.87763	34.117172	31.297573	30.441168	29.297314	28.330973	27.901104	26.953545	29.022928	28.027468	24.850388	23.87628	20.165121	19.24591	18.155636	21.76224	23.366447	21.368568	22.243267	25.773394	26.36649	24.929909	27.204172	30.159653	29.453236	29.5837	33.052	34.40986	32.5531	34.544575	37.854385	37.734642	36.767212
P-109-A	44.842525	42.748077	39.11581	39.78424	39.499386	35.852425	35.253677	37.260227	35.375797	32.01753	33.206173	35.20056	32.25646	32.572506	28.808777	28.808414	30.957228	30.94613	30.819803	32.353477	33.074463	33.19324	34.5624	32.964134	35.285297	37.2359	38.857773	36.244755	37.671608	36.54936	38.095768	37.8714	36.06189	36.29035	39.085964	39.188488	35.399605	33.114285	32.08674	35.787006	35.853893	33.245365	34.932705	35.04044	33.53199	30.483599	30.247478	30.749727	27.556618	25.233845	26.634283	26.594204	26.607012	23.804295	20.400457	19.509209	22.09903	21.435474	18.124193	20.383904	23.48584	22.48438	24.959248	27.642477	28.460386	32.1393	31.882584	28.884464	26.279625	22.93909	19.427525	17.415665	13.956347	13.295649	15.920714	17.134764	20.813175	22.097237	20.071062	22.126873	21.241076	19.127321	21.527868	19.627043	18.445702	17.421856	18.853628	19.65136	23.107628	23.880426	26.461065	28.64749	29.272264	28.254177	28.910847	26.595644	24.052309	23.424809	20.929758	22.324585	21.34508	23.455679	23.860281	26.111065	28.879385	31.681568	33.642185	31.865982	28.923704	28.342117	27.059772	26.386337	25.93259	25.371084	27.59299	26.721523	23.85418	22.909798	19.244411	17.837118	17.295532	21.0591	22.084656	19.997662	21.426857	24.811573	24.906458	23.645458	26.320839	28.954033	27.942078	28.427877	31.96197	32.943363	31.093063	33.41147	36.551804	36.16319	34.99032
L-110-A	43.759834	41.43935	37.833652	38.850636	38.54306	34.83024	34.532753	36.791794	34.80133	31.551132	33.140293	35.206482	32.51285	33.170673	29.435387	29.118883	31.332048	30.904081	30.322216	31.490211	31.788033	31.7071	32.710068	30.945139	32.972256	34.950726	36.848225	34.491035	36.152035	35.29037	36.722343	36.83108	35.36736	35.98538	38.846832	39.222103	35.48015	33.04663	31.623447	35.20723	35.28545	32.414757	33.86301	33.583958	32.176678	29.321783	28.743666	28.974924	25.963871	23.58983	24.517813	24.44791	24.15029	21.536083	18.27678	17.830173	20.868187	20.503881	17.492502	20.119833	23.258963	22.186546	24.425184	27.290611	27.996609	31.762877	31.758894	29.028963	26.517786	23.080788	19.654158	17.042307	13.84179	12.231986	14.111552	14.757904	18.556068	19.343727	17.044737	19.04327	18.396032	16.648537	19.191927	17.83022	17.029015	16.784496	18.742737	20.254747	23.779165	24.866806	27.795958	30.227917	31.27087	30.416365	30.68002	28.294983	25.40606	24.377869	21.474163	22.233377	20.674747	22.263765	22.202513	24.035992	26.599812	29.137934	31.336548	29.903225	27.221409	26.992626	26.149097	25.937681	26.014057	25.900532	28.533459	28.141653	25.47081	24.061146	20.372585	18.367708	17.52571	21.318638	22.05001	19.427557	20.71216	24.203024	23.986822	22.285381	25.021475	27.633667	26.234142	26.487553	30.1518	30.992815	28.812891	31.082493	34.2901	33.665768	32.736683
N-111-A	43.821163	41.62293	38.14249	39.196564	38.52039	34.808865	34.80651	36.86089	34.547226	31.532703	33.27823	34.985714	32.18152	33.13762	29.50703	29.53574	32.112865	31.84605	31.120619	32.4352	32.61515	32.87029	33.848183	32.36357	34.26044	36.540073	38.455395	36.13069	37.62624	36.594727	37.671535	37.67404	36.313923	36.902706	39.99383	40.62319	36.941986	34.77055	33.199345	36.72007	37.162003	34.349316	35.99147	35.701168	34.62091	31.686487	30.775179	31.204865	28.436508	25.749695	26.42371	26.759748	26.537127	24.258863	20.994272	21.023647	24.191193	23.633572	20.82047	23.652302	26.632887	25.253931	27.197666	29.836334	30.14849	33.90374	34.213978	31.398788	29.169495	25.587652	22.373127	19.641146	16.25141	14.313949	16.110802	16.039438	19.841686	20.59049	17.791004	19.085028	17.801073	16.506605	19.605589	18.568253	18.493738	18.313759	20.694252	22.246033	25.931868	27.364202	30.15191	32.75032	33.6731	32.464775	32.67763	29.991278	27.180622	25.827711	22.801989	23.552847	21.727978	23.38729	22.894867	24.789686	26.973755	29.53607	32.00407	30.65493	28.199669	27.697197	27.156006	26.72429	27.02069	26.628052	29.275284	28.973795	26.053064	24.374659	20.610237	18.87041	17.293396	20.94009	22.197159	19.480719	20.073734	23.774473	24.031746	21.985773	24.272015	27.25381	26.113375	25.88253	29.503231	30.756319	28.50333	30.37244	33.79223	33.452946	32.8179
P-112-A	42.87756	40.49231	37.09672	38.49515	37.740948	34.00816	34.358734	36.60379	34.1647	31.341324	33.4763	35.179565	32.648182	33.95545	30.423452	30.196222	32.838337	32.20832	31.037895	32.000668	31.73804	31.859362	32.45219	30.889135	32.431953	34.784363	36.95113	34.912964	36.580925	35.78165	36.66188	36.97294	35.986446	36.93818	40.093384	41.01432	37.427143	35.189144	33.248386	36.59752	37.11099	34.1035	35.536995	34.883778	33.99067	31.267725	29.976324	30.188135	27.711952	24.967325	25.100054	25.512379	25.024681	23.10138	20.092762	20.673859	24.143295	23.804419	21.394928	24.480877	27.374739	25.90029	27.529593	30.226206	30.355951	34.124844	34.71758	32.168037	30.106928	26.49091	23.468332	20.317959	17.276321	14.624206	15.567483	14.697842	18.422611	18.600601	15.432276	16.359108	15.187462	14.550204	17.854916	17.54208	18.041353	18.619488	21.434973	23.545612	27.22194	28.939693	31.959986	34.760246	36.012447	34.909042	34.78294	32.03151	28.975304	27.269825	23.949305	24.112383	21.764532	22.875366	21.832134	23.250664	25.072853	27.314802	30.063726	29.109715	27.01855	26.82485	26.791494	26.777548	27.601017	27.590633	30.561504	30.701841	27.979456	25.904932	22.218443	20.043858	18.181976	21.67793	22.677023	19.527176	19.827742	23.546913	23.560228	21.047688	23.243664	26.205475	24.729006	24.143108	27.835428	29.004375	26.410948	28.110851	31.613588	31.086689	30.785358
K-113-A	39.492893	37.14733	33.842327	35.30967	34.378456	30.663757	31.235111	33.44048	30.858942	28.213276	30.557178	32.1258	29.73498	31.321915	27.927704	27.670845	30.47832	29.757305	28.340857	29.274996	28.857893	29.212898	29.797337	28.53093	30.031319	32.650192	34.711475	32.665752	34.139004	33.209057	33.803444	34.076183	33.244957	34.285336	37.57246	38.76048	35.288395	33.237316	31.081373	34.292564	35.112434	32.15697	33.739346	33.09367	32.587868	29.801308	28.172375	28.656948	26.494844	23.43527	23.380657	24.318928	24.182768	22.723402	19.657646	20.85951	24.311966	23.572298	21.588686	24.99507	27.501787	25.56557	26.702425	29.09223	28.771547	32.472126	33.447903	30.952461	29.282188	25.580015	22.94537	19.615702	16.684034	13.658231	14.310321	12.781014	16.275772	16.628975	13.26915	13.620253	11.881647	11.380241	14.9629345	14.912548	16.080805	16.898596	20.108946	22.476797	26.176939	28.339453	31.347218	34.42185	35.854626	34.57924	34.089226	31.114414	27.961004	25.82376	22.31824	22.143948	19.464695	20.430317	19.01374	20.451143	22.003834	24.332724	27.162529	26.204998	24.299574	23.932545	24.205435	24.193207	25.367336	25.429886	28.570477	29.084467	26.482225	24.019852	20.47009	18.1345	15.869752	19.10028	20.0821	16.749023	16.643318	20.361507	20.457516	17.695099	19.677542	22.727417	21.329973	20.522379	24.177975	25.507998	22.941483	24.495472	28.048729	27.71702	27.487123
A-114-A	41.095993	38.825726	35.7045	37.27976	36.036205	32.387455	33.286846	35.32675	32.485703	30.148945	32.6448	33.877773	31.48219	33.336437	30.107615	30.101814	33.123184	32.484867	30.92739	31.868504	31.26229	31.791176	32.210964	31.102163	32.337643	35.101486	37.26102	35.38165	36.804554	35.862442	36.155296	36.441467	35.790245	36.867847	40.277622	41.663055	38.280148	36.39597	34.13171	37.227623	38.252644	35.321804	36.922005	36.16929	35.850277	33.13413	31.291702	31.762669	29.808743	26.696	26.353083	27.414734	27.13203	25.891417	23.014004	24.359613	27.890385	27.245441	25.319885	28.716648	31.244995	29.298992	30.342564	32.656673	32.166424	35.819332	36.95668	34.476063	32.926933	29.207973	26.652355	23.321096	20.381222	17.34739	17.850647	15.952571	19.209211	19.25504	15.64635	15.235662	13.1249485	13.522374	17.320723	17.755877	19.383638	20.295988	23.614199	25.952778	29.673449	31.933434	34.857433	37.960114	39.29496	37.85966	37.401707	34.306587	31.244387	28.988588	25.4888	25.293873	22.491837	23.364851	21.587322	22.834387	23.892792	25.997028	29.087934	28.390276	26.827188	26.383142	26.97877	26.898525	28.253384	28.15779	31.254374	31.815748	29.080143	26.501787	23.001936	20.942633	18.256794	21.181002	22.52041	19.219784	18.46139	22.185055	22.63429	19.581244	20.993113	24.273653	23.049002	21.666208	25.175865	26.827469	24.114607	25.131863	28.851036	28.69573	28.903868
N-115-A	43.303806	41.217182	38.033142	39.315228	38.06297	34.42048	35.057255	36.881786	34.067554	31.594065	33.760284	34.905178	32.18619	33.77941	30.462093	30.806353	33.860085	33.59829	32.427628	33.714725	33.480312	34.141827	34.868626	33.790943	35.293686	38.001064	40.01598	37.91411	39.22707	38.089848	38.530052	38.54522	37.569866	38.31669	41.717144	42.867847	39.38322	37.56818	35.611774	38.882874	39.86415	37.07231	38.848072	38.366913	37.85555	34.96071	33.424618	34.023018	31.78089	28.712149	28.782827	29.707785	29.509483	27.895798	24.807035	25.661774	29.059992	28.347807	26.014168	29.20167	31.907001	30.097313	31.47158	33.801598	33.48856	37.170147	38.057842	35.32004	33.587257	29.861992	27.079317	24.048712	20.750862	18.210428	19.408089	18.127417	21.611067	22.03696	18.60953	18.592697	16.444874	16.28689	20.019928	19.855505	21.02005	21.314556	24.331808	26.200342	29.982761	31.994207	34.71016	37.624958	38.610546	37.034042	36.938713	33.863865	31.046722	29.087784	25.823183	26.18356	23.793669	25.175152	23.827612	25.486814	26.846098	29.20345	32.123615	31.125086	29.256319	28.538105	28.714956	28.229317	29.127861	28.609426	31.404804	31.530209	28.50686	26.259241	22.628727	21.052341	18.43034	21.509552	23.270042	20.324549	19.690397	23.499851	24.296446	21.586332	23.00503	26.415396	25.531984	24.374983	27.825527	29.633955	27.175426	28.263853	31.961151	31.988342	31.982412
R-116-A	40.31307	38.38926	35.18061	36.22626	34.958622	31.339195	31.81364	33.490376	30.708097	28.170115	30.184216	31.288216	28.474558	30.000725	26.685585	27.151737	30.266272	30.17984	29.163715	30.691572	30.708557	31.626102	32.670017	31.86064	33.645306	36.460457	38.17442	35.827606	36.860477	35.450737	35.867016	35.612827	34.449635	34.990433	38.424763	39.548878	36.083015	34.446632	32.6017	35.894215	37.03574	34.43239	36.469574	36.278378	35.910076	32.813072	31.326168	32.296906	30.065195	26.818106	27.18841	28.42918	28.71177	27.16102	23.828632	24.766804	27.944118	26.759314	24.513103	27.79839	30.223959	28.101732	29.287184	31.32705	30.797565	34.406387	35.385624	32.518898	30.99023	27.234539	24.657251	21.77154	18.366266	16.02511	17.592756	16.489746	19.84734	20.88038	17.70536	17.747406	15.245815	14.456168	18.09036	17.454433	18.612818	18.514915	21.513922	23.209932	26.999935	29.18751	31.747707	34.76423	35.724335	33.96408	33.74599	30.539347	27.784292	25.70057	22.4848	22.983631	20.738707	22.433723	21.293697	23.368082	24.890116	27.59711	30.274996	28.915018	26.85524	25.771185	25.743889	24.94637	25.713284	24.997723	27.720053	27.863842	24.829447	22.510191	18.91891	17.480667	14.722699	17.748919	19.675117	16.920609	16.253494	20.062859	21.08846	18.62718	20.030302	23.482054	22.925806	22.01504	25.379196	27.30915	25.209566	26.43769	30.039043	30.332193	30.008654
E-117-A	38.691334	36.80491	33.79966	35.02098	33.452374	29.906218	30.795242	32.387383	29.353807	27.189821	29.515493	30.331339	27.72393	29.67794	26.623251	27.11293	30.419832	30.209677	28.848768	30.250263	29.95901	31.082832	31.941755	31.402126	32.934704	35.9777	37.705868	35.520466	36.43008	34.995964	35.018383	34.81866	33.956165	34.66493	38.233925	39.70058	36.410934	34.97188	32.85749	35.922077	37.366158	34.782948	36.846535	36.521935	36.527782	33.511208	31.643433	32.711018	30.860653	27.439356	27.432142	29.040491	29.399836	28.305033	25.132711	26.575397	29.819853	28.538528	26.678003	30.158566	32.347218	29.971731	30.741802	32.56375	31.6462	35.150795	36.504635	33.78595	32.605263	28.836256	26.605873	23.553947	20.401724	17.736776	18.79129	17.01408	19.9695	20.8241	17.474516	16.714338	13.72328	13.634693	17.431608	17.388704	19.289278	19.588503	22.899012	24.862123	28.594973	31.131712	33.69336	36.909775	38.03298	36.165173	35.638355	32.270397	29.458027	26.988573	23.642258	23.727903	21.123585	22.48887	20.815285	22.65733	23.631042	26.181683	29.055899	27.920246	26.272648	25.114323	25.58522	24.877323	26.103434	25.488008	28.350956	28.90154	26.012106	23.306648	19.97026	18.469955	15.259446	17.73494	19.706402	16.813568	15.387816	19.099594	20.315685	17.458	18.28442	21.888615	21.446413	19.985313	23.19371	25.399488	23.221037	23.989418	27.694117	28.204714	28.22377
K-118-A	42.119373	40.299473	37.38422	38.614082	36.910057	33.4221	34.401173	35.861168	32.731785	30.701086	32.97499	33.591988	30.88632	32.84448	29.855394	30.581028	33.946205	33.880245	32.584435	34.03261	33.71961	34.849003	35.62512	35.03553	36.44117	39.46564	41.310764	39.212433	40.18049	38.78197	38.752644	38.55687	37.711113	38.36732	41.956413	43.407654	40.11151	38.702026	36.641216	39.72103	41.157158	38.564926	40.594288	40.21352	40.143948	37.16578	35.32577	36.268406	34.362793	31.017618	30.938997	32.384377	32.497036	31.292952	28.194592	29.458494	32.796963	31.730667	29.668835	33.03179	35.43634	33.247498	34.216785	36.15398	35.349785	38.88091	40.145473	37.371803	36.06313	32.29361	29.891459	26.894207	23.618568	21.052563	22.180687	20.457203	23.523405	24.122465	20.62533	19.773457	16.898817	17.195671	21.042742	21.135883	22.958885	23.20859	26.424614	28.239681	32.003998	34.38536	36.881878	39.977592	40.901306	38.969364	38.683975	35.33406	32.661125	30.34915	27.111052	27.391607	24.882225	26.288162	24.592697	26.325726	27.162079	29.541216	32.549896	31.568144	30.018757	28.894173	29.38988	28.618084	29.74725	28.95215	31.654837	31.994112	28.920424	26.389614	23.025923	21.838154	18.623892	21.039122	23.26125	20.514277	18.973177	22.634443	24.02988	21.159016	21.751682	25.418041	25.054932	23.365988	26.462484	28.795315	26.52211	27.00226	30.771137	31.316023	31.587421
M-119-A	42.708786	41.091072	38.095802	38.976765	37.325176	33.861732	34.501957	35.74249	32.71362	30.511934	32.402313	32.968487	29.962416	31.609114	28.553457	29.602798	32.960934	33.27324	32.38784	34.19131	34.295536	35.57812	36.720085	36.21251	37.951748	40.93353	42.55143	40.17929	40.974632	39.338886	39.470596	38.96313	37.76246	38.059822	41.613453	42.822136	39.456608	38.159798	36.421387	39.646355	41.066032	38.664093	40.908756	40.856796	40.65767	37.47862	35.93329	37.091038	34.95007	31.610325	31.9754	33.391125	33.73433	32.252853	28.92085	29.831667	32.96085	31.681519	29.361858	32.562008	34.973763	32.800407	33.95904	35.796455	35.082935	38.58919	39.656517	36.647568	35.266064	31.523304	29.043295	26.381273	22.861073	20.800097	22.532969	21.360804	24.547377	25.621767	22.360924	21.927355	19.035892	18.648163	22.347874	21.803305	23.195425	22.833065	25.73356	27.075184	30.834684	33.04273	35.28324	38.23063	38.84763	36.74476	36.720814	33.37433	30.962662	28.892366	25.923601	26.713192	24.642538	26.5431	25.316072	27.497026	28.691854	31.3949	34.144966	32.77929	30.884857	29.452396	29.494453	28.302351	28.968266	27.76255	30.14262	30.095963	26.804285	24.585186	21.184023	20.503489	17.404106	19.875954	22.457176	20.141409	18.80175	22.453707	24.147577	21.727257	22.409458	26.10264	26.085869	24.779377	27.809221	30.215574	28.28652	28.985567	32.65414	33.371647	33.288074
T-120-A	39.364933	37.906292	35.030277	35.818626	33.98937	30.615551	31.363346	32.421577	29.284971	27.277336	29.214407	29.560905	26.614658	28.471357	25.601833	26.763828	30.263323	30.63423	29.673029	31.572386	31.693329	33.273052	34.536274	34.37851	36.16727	39.318867	40.713596	38.273388	38.78921	36.952915	36.843082	36.165203	35.00423	35.240143	38.87593	40.262405	37.037334	35.998074	34.196266	37.275738	38.977406	36.742554	39.16978	39.248753	39.362152	36.115654	34.406918	35.867523	33.966587	30.448364	30.81172	32.62302	33.328632	32.1478	28.778982	30.013954	33.01078	31.377707	29.369326	32.72396	34.786644	32.27183	33.04365	34.535664	33.449223	36.809692	38.155838	35.17267	34.156696	30.423557	28.325235	25.69673	22.322533	20.25424	21.904596	20.533407	23.340506	24.71329	21.615671	20.851608	17.591951	17.119928	20.681458	20.119585	21.866135	21.45148	24.456635	25.818054	29.49757	32.02589	34.14947	37.280315	38.00302	35.73175	35.401814	31.883945	29.48958	27.10156	24.12666	24.75757	22.628925	24.543327	23.204975	25.525475	26.52236	29.356354	31.988148	30.491112	28.708136	26.97424	27.141443	25.770697	26.597982	25.310225	27.69888	27.935255	24.765802	22.25197	19.100855	18.521856	15.092805	17.071884	19.812551	17.653414	15.825034	19.32201	21.328909	18.953875	19.228874	22.986063	23.32712	21.93383	24.731508	27.364317	25.716484	26.255863	29.847296	30.884657	30.74127
Q-121-A	39.84855	38.410313	35.766273	36.76566	34.660774	31.39808	32.562313	33.54795	30.196846	28.59506	30.805984	30.8672	28.154303	30.372917	27.776306	28.935854	32.537365	32.77052	31.504135	33.21706	33.008175	34.667603	35.666725	35.64059	37.115574	40.39955	41.90383	39.689194	40.194355	38.43378	37.99812	37.447475	36.60275	37.027344	40.742603	42.406578	39.332527	38.39989	36.36938	39.24944	41.131905	38.860428	41.21454	41.09371	41.439064	38.325966	36.324368	37.722473	36.09583	32.52194	32.50865	34.465927	35.050804	34.162727	30.981312	32.51605	35.65164	34.120213	32.312347	35.77791	37.803104	35.225838	35.793865	37.241554	35.958157	39.26056	40.845024	38.010654	37.162556	33.425426	31.468271	28.665	25.457933	23.094917	24.31663	22.466845	25.046732	26.070847	22.791756	21.440998	18.016912	18.293455	21.929813	21.955332	24.177275	24.164518	27.377657	28.978712	32.62077	35.31823	37.49603	40.724842	41.55494	39.264084	38.777138	35.19813	32.757553	30.16283	27.09814	27.398214	24.985865	26.5426	24.756996	26.729536	27.210289	29.75166	32.606922	31.436983	30.072824	28.415026	29.035612	27.8434	29.044163	27.896196	30.37375	30.886822	27.843687	25.12191	22.183764	21.515896	17.91541	19.4782	22.142307	19.866484	17.533878	20.828396	22.895744	20.182745	19.9195	23.716734	24.078335	22.125385	24.708733	27.54991	25.752403	25.756573	29.425648	30.598444	30.896692
I-122-A	43.337673	41.999386	39.332493	40.184174	38.08593	34.849	35.853786	36.70331	33.392788	31.72282	33.68809	33.66884	30.736528	32.72876	30.099813	31.524973	35.11284	35.59963	34.59283	36.47975	36.459885	38.110935	39.21115	39.0933	40.653294	43.86776	45.393105	43.10581	43.63922	41.835144	41.520126	40.864815	39.83998	40.072266	43.758904	45.246708	42.09826	41.171417	39.341488	42.34442	44.142406	41.909092	44.305145	44.27579	44.435886	41.256096	39.44519	40.80019	38.962234	35.461636	35.616913	37.376087	37.84292	36.688034	33.432365	34.64629	37.782703	36.350742	34.241684	37.543747	39.77371	37.37966	38.237823	39.792507	38.705692	42.056374	43.42944	40.441067	39.39772	35.663616	33.482834	30.841242	27.418787	25.306118	26.848305	25.297915	28.129433	29.163881	25.835865	24.737024	21.458334	21.60466	25.29178	25.09223	26.993927	26.704065	29.7165	31.024641	34.70371	37.160355	39.204235	42.24861	42.78602	40.409344	40.260765	36.73673	34.505333	32.191063	29.314468	29.996038	27.843054	29.6522	28.101545	30.199295	30.85791	33.438236	36.281384	35.040558	33.51794	31.819162	32.19573	30.819237	31.70024	30.277489	32.49842	32.627995	29.351572	26.965233	23.948793	23.660046	20.204624	21.904781	24.8174	22.763704	20.643456	23.960426	26.154053	23.635487	23.470165	27.275108	27.719582	25.888344	28.464796	31.31743	29.548212	29.584375	33.249836	34.41592	34.683594
M-123-A	42.644943	41.548687	38.859562	39.35327	37.27221	34.11618	34.827015	35.40444	32.19202	30.446135	32.038956	31.891003	28.72369	30.46573	27.886002	29.651237	33.237583	34.092278	33.446632	35.663948	36.02364	37.88511	39.33719	39.394966	41.2549	44.465714	45.71461	43.17543	43.466503	41.401142	41.1607	40.17596	38.848965	38.73021	42.380875	43.695568	40.558243	39.832996	38.28765	41.344864	43.20847	41.217262	43.845493	44.147327	44.295784	40.941193	39.344624	40.97234	39.02405	35.498142	36.024677	37.871647	38.646008	37.365498	33.927464	34.956432	37.851643	36.132076	33.941628	37.131184	39.219986	36.739132	37.61283	38.946205	37.819176	41.066723	42.35191	39.19196	38.227306	34.5624	32.481777	30.17353	26.661734	24.997988	26.960861	25.803658	28.583374	30.079676	27.01224	26.176144	22.829542	22.406908	25.883045	25.165247	26.790802	25.987017	28.710024	29.59088	33.178013	35.5689	37.313812	40.263786	40.55688	37.9748	37.949543	34.397964	32.448555	30.268288	27.688364	28.75365	27.00361	29.207825	28.044548	30.533794	31.442942	34.32239	36.88265	35.2736	33.49453	31.457647	31.470245	29.682034	30.18753	28.375898	30.254858	30.122452	26.730637	24.57614	21.710825	21.966665	18.60993	20.086054	23.319765	21.771698	19.727253	22.877647	25.39439	23.341774	23.144094	26.911562	27.754566	26.27566	28.702177	31.634693	30.264914	30.480589	33.997696	35.380768	35.297302
F-124-A	40.026356	39.073708	36.596764	37.10119	34.775703	31.769117	32.737152	33.13152	29.763882	28.376373	30.114292	29.659925	26.682121	28.7583	26.483759	28.301443	32.00564	32.81969	31.97915	34.162483	34.390797	36.492233	37.914726	38.28635	40.044	43.408253	44.525463	42.04489	42.121326	39.953403	39.394867	38.34128	37.1937	37.11774	40.842056	42.41465	39.471733	38.98491	37.292683	40.128193	42.267803	40.39263	43.102158	43.409477	43.884758	40.561455	38.73076	40.538937	38.8927	35.243286	35.608868	37.782204	38.7617	37.82038	34.453728	35.83353	38.68748	36.77513	34.911564	38.255596	40.0702	37.328712	37.82454	38.886604	37.408806	40.502785	42.096462	39.0525	38.436546	34.799587	33.07099	30.70748	27.41316	25.61143	27.304379	25.83664	28.227219	29.779493	26.804438	25.554113	21.97711	21.761074	25.080132	24.586224	26.621105	25.974188	28.836433	29.857933	33.339123	36.032898	37.734543	40.864197	41.325977	38.653996	38.292564	34.6121	32.635746	30.128017	27.51206	28.275072	26.374323	28.39771	26.99016	29.405972	29.956694	32.78565	35.306995	33.74189	32.234463	30.0275	30.324541	28.50732	29.303862	27.535988	29.462461	29.71037	26.536562	24.058687	21.534155	21.774933	18.187159	19.050158	22.2899	20.845835	18.2701	21.107529	23.854479	21.756306	21.004961	24.757719	25.893887	24.161968	26.254656	29.412542	28.24042	28.119627	31.546978	33.22575	33.26055
E-125-A	41.5126	40.501724	38.19732	38.955887	36.45819	33.517864	34.83868	35.275642	31.765064	30.665005	32.674816	32.090843	29.354836	31.696682	29.572996	31.263159	35.0006	35.611168	34.48268	36.432613	36.33273	38.38579	39.51559	39.881557	41.336327	44.765934	46.060863	43.813316	43.985	41.96828	41.198303	40.345688	39.494034	39.649464	43.418636	45.198788	42.3367	41.827435	39.916897	42.625973	44.827835	42.83817	45.41186	45.478733	46.066845	42.88361	40.825775	42.47747	41.00211	37.343292	37.36829	39.55776	40.32652	39.562073	36.35942	37.931194	40.965176	39.239838	37.46606	40.900013	42.790546	40.075882	40.501892	41.652813	40.114582	43.226185	44.958416	42.04656	41.456085	37.78306	36.04369	33.462307	30.245375	28.130589	29.482002	27.64704	29.977118	31.147865	27.970354	26.33363	22.742353	23.139067	26.577166	26.583206	28.930931	28.673634	31.743998	33.036026	36.549812	39.323868	41.166298	44.36103	44.937664	42.329052	41.887638	38.19855	36.107124	33.481434	30.715311	31.193958	29.006205	30.699156	28.920235	30.983963	31.153057	33.673817	36.431103	35.211033	34.04047	32.02399	32.696552	31.140137	32.25415	30.702744	32.782085	33.22978	30.147839	27.529709	25.029526	25.018042	21.342957	22.160557	25.21299	23.50739	20.712322	23.49523	26.114286	23.669123	22.6561	26.401499	27.3823	25.200865	27.189032	30.42275	29.01338	28.474289	31.976072	33.654675	34.110954
T-126-A	45.14383	44.118053	41.72349	42.42777	40.015972	37.024776	38.18916	38.635662	35.19235	33.926674	35.775146	35.259163	32.340584	34.448826	32.19824	34.004993	37.699863	38.44529	37.501633	39.537704	39.554756	41.49871	42.660343	42.838726	44.346474	47.69015	49.08334	46.797325	47.09119	45.10969	44.514217	43.657375	42.664017	42.72315	46.458935	48.06191	45.08366	44.476974	42.705227	45.565212	47.618458	45.581326	48.131718	48.21281	48.578575	45.35817	43.4642	44.997723	43.301384	39.72132	39.853973	41.807865	42.395294	41.370632	38.117622	39.4081	42.491966	40.926205	38.870495	42.169067	44.29422	41.78635	42.513508	43.848347	42.549416	45.76035	47.271378	44.239975	43.404373	39.711754	37.707703	35.198975	31.790373	29.805984	31.379868	29.7595	32.3882	33.488888	30.196991	28.805134	25.360683	25.686365	29.267748	29.133331	31.20493	30.798134	33.74821	34.869152	38.45312	40.988407	42.79016	45.81754	46.17197	43.555164	43.429764	39.821236	37.846634	35.48651	32.813084	33.579266	31.541006	33.404205	31.791746	33.916782	34.29147	36.82675	39.638504	38.40244	37.066483	35.120033	35.59197	33.977642	34.84376	33.147778	35.087585	35.194626	31.908272	29.58348	26.91363	27.075205	23.53866	24.670977	27.841246	26.159422	23.651455	26.603498	29.184704	26.79707	26.059084	29.837576	30.709099	28.64586	30.792643	33.943768	32.41951	32.010624	35.571754	37.10842	37.547485
F-127-A	45.59766	44.780376	42.341034	42.714867	40.352905	37.426037	38.284893	38.49411	35.171497	33.802586	35.270527	34.65643	31.501385	33.31045	31.099977	33.2259	36.88034	37.97975	37.40403	39.737656	40.113415	42.197342	43.66771	43.93636	45.71866	49.028843	50.211777	47.69795	47.820778	45.629456	45.15472	44.01411	42.71999	42.44577	46.125217	47.51867	44.530025	44.07407	42.59566	45.535038	47.593796	45.757584	48.49261	48.862434	49.14956	45.776363	44.118824	45.845173	43.991524	40.42249	40.899082	42.85259	43.645737	42.436916	39.02019	40.071495	42.96081	41.205906	39.007915	42.159416	44.226364	41.716637	42.54201	43.73801	42.480568	45.618954	46.983585	43.783688	42.948418	39.329563	37.345474	35.14965	31.63801	30.0653	32.02981	30.79292	33.46273	34.92135	31.809706	30.713682	27.254679	27.095856	30.545998	29.952211	31.711573	30.851398	33.50802	34.216244	37.712948	40.10498	41.623787	44.49975	44.569942	41.78467	41.863323	38.281433	36.606964	34.459316	32.091824	33.25175	31.60417	33.827724	32.589333	35.04983	35.700836	38.496258	41.080048	39.52392	37.921413	35.719414	35.825813	33.85925	34.333046	32.27818	33.859573	33.639988	30.232983	28.225887	25.692486	26.358912	22.998394	23.997194	27.42173	26.180515	23.83557	26.661697	29.478714	27.503187	26.823551	30.560884	31.726553	30.00297	32.075382	35.25789	34.03756	33.83945	37.291832	38.962677	39.083088
N-128-A	42.476227	41.841286	39.548637	39.802067	37.300674	34.523445	35.447685	35.44266	32.074913	30.936827	32.374535	31.515757	28.449276	30.411016	28.451227	30.690905	34.402626	35.570057	34.969734	37.36916	37.779976	40.092854	41.662277	42.218822	44.035427	47.438854	48.413437	45.85823	45.737274	43.39159	42.722298	41.425823	40.16469	39.81207	43.513542	45.03755	42.209194	41.992092	40.498486	43.27603	45.549515	43.8866	46.74777	47.235172	47.76509	44.368298	42.61542	44.568363	42.91346	39.256443	39.745026	41.970528	43.03881	42.05287	38.63316	39.90042	42.664642	40.65614	38.707703	41.948654	43.733128	40.985184	41.506817	42.41349	40.87662	43.850674	45.421898	42.274944	41.743797	38.181732	36.519283	34.388412	31.039755	29.50568	31.390926	30.067297	32.41415	34.079895	31.157173	29.883297	26.272139	26.031845	29.256052	28.636936	30.581303	29.67729	32.331665	33.022358	36.3916	39.00252	40.40621	43.404415	43.569645	40.673767	40.488014	36.804565	35.176796	32.812386	30.512558	31.545542	29.927471	32.12932	30.864239	33.393303	33.88787	36.746952	39.169968	37.511074	36.01502	33.59109	33.77298	31.668997	32.23533	30.118809	31.633736	31.647453	28.408117	26.218014	24.008684	24.803654	21.351439	21.823019	25.297096	24.310768	21.668053	24.164835	27.207438	25.395815	24.345972	27.99798	29.492514	27.762407	29.53145	32.8537	31.937033	31.603989	34.901386	36.837868	36.884445
T-129-A	41.58496	40.99732	38.538975	38.54099	36.25056	33.42647	33.969036	33.928146	30.756144	29.317425	30.429817	29.727	26.416107	28.023891	25.911139	28.291056	31.917177	33.31115	33.042286	35.660378	36.40426	38.72151	40.5585	41.08629	43.179058	46.48357	47.29963	44.53608	44.34476	41.878845	41.447845	39.970867	38.408783	37.813892	41.43516	42.710617	39.80131	39.595543	38.357517	41.26049	43.43216	41.8888	44.85827	45.5778	45.96367	42.451115	40.957188	43.02804	41.193604	37.592194	38.416035	40.57393	41.80967	40.63381	37.08639	38.1202	40.686436	38.530712	36.47687	39.577473	41.298603	38.57331	39.199787	40.03154	38.601414	41.545517	42.933933	39.658	39.072704	35.57889	33.911694	32.046696	28.642374	27.480501	29.699928	28.779745	31.179556	33.166008	30.456923	29.57584	26.059956	25.281075	28.34693	27.255133	28.82157	27.519182	29.892258	30.25433	33.55712	36.02444	37.2543	40.13943	40.143227	37.18275	37.134888	33.492367	32.032494	29.863363	27.78202	29.151743	27.884768	30.405151	29.54481	32.373417	33.242462	36.35002	38.542698	36.57942	34.759045	32.19574	31.978071	29.630476	29.8184	27.466747	28.758911	28.487087	25.135237	23.19807	20.99545	22.129444	18.900919	19.422281	23.041061	22.378683	20.080227	22.56616	25.663267	24.242804	23.504631	27.08557	28.67752	27.405697	29.271082	32.458878	31.743736	31.812265	35.02268	36.908455	36.5707
P-130-A	38.946365	38.6242	36.30671	36.046955	33.668156	31.047878	31.506725	31.146303	28.02048	26.779335	27.667858	26.676306	23.369335	24.984709	23.182505	25.809814	29.443527	31.048222	30.914669	33.696976	34.618397	37.193035	39.229267	40.066303	42.272522	45.62099	46.151566	43.28666	42.79285	40.114185	39.54486	37.810337	36.168407	35.358994	38.95508	40.272297	37.54148	37.64455	36.517254	39.26096	41.6358	40.357704	43.497505	44.434307	45.028564	41.470886	39.984028	42.32624	40.652676	37.013855	37.9608	40.355415	41.91036	40.90313	37.349632	38.501225	40.848736	38.408558	36.586784	39.68496	41.082886	38.149704	38.49328	38.970005	37.283215	40.00199	41.5364	38.283295	38.020958	34.655907	33.356636	31.701998	28.502462	27.553305	29.77185	28.919802	30.962198	33.23421	30.821281	29.893274	26.328466	25.326103	28.034563	26.77204	28.368055	26.880215	29.08607	29.265827	32.346043	34.962246	35.953568	38.887676	38.89534	35.78521	35.521877	31.813179	30.534893	28.23887	26.391512	27.75821	26.709465	29.301714	28.583422	31.555967	32.366005	35.58383	37.502033	35.339108	33.542973	30.693218	30.402472	27.797987	27.912945	25.371916	26.417713	26.276415	23.111635	21.129284	19.428862	20.907322	17.775772	17.58695	21.279902	21.128012	18.669825	20.643614	24.01171	22.993626	21.932043	25.305304	27.321121	26.228954	27.726711	30.992783	30.71033	30.746313	33.706318	35.85995	35.32432
A-131-A	37.26923	36.735355	34.164642	33.923138	31.827953	28.997091	29.21078	29.13889	26.15297	24.480606	25.360193	24.817266	21.374393	22.808329	20.586634	23.007595	26.600409	28.11297	28.049648	30.84278	31.874222	34.290096	36.405132	37.075424	39.42523	42.669117	43.205875	40.25474	39.867573	37.23933	36.92729	35.251053	33.47322	32.698177	36.26711	37.441006	34.54084	34.434296	33.34155	36.24064	38.439392	37.07658	40.18463	41.149372	41.590225	37.998306	36.64397	38.95669	37.150368	33.55929	34.662037	36.95574	38.54898	37.429836	33.829704	34.87843	37.151226	34.68275	32.82984	35.8989	37.29007	34.381226	34.799183	35.350002	33.791977	36.59848	38.01178	34.720596	34.337692	30.945963	29.57448	27.94654	24.726288	23.88469	26.232897	25.600536	27.710485	30.124722	27.84394	27.229424	23.81037	22.433819	25.059385	23.519915	24.872438	23.241655	25.384111	25.54903	28.694408	31.275465	32.375874	35.341625	35.45237	32.4521	32.167515	28.462427	27.02246	24.749424	22.80746	24.262455	23.281042	26.01086	25.507702	28.619514	29.743029	33.094707	34.92374	32.62511	30.584326	27.794224	27.278248	24.687	24.672234	22.18607	23.40113	23.209255	19.946846	17.899042	15.89141	17.264498	14.173713	14.328036	18.036007	17.822021	15.70951	17.938553	21.140547	20.234816	19.648754	23.02623	24.842983	24.095833	25.884655	28.91731	28.586554	29.04178	32.019436	33.937298	33.14709
M-132-A	38.526173	37.69078	34.84781	34.750027	32.972385	29.894875	29.915266	30.247305	27.417713	25.291721	26.218569	26.211788	22.701468	23.86489	21.160126	23.239357	26.693787	28.031897	28.015965	30.711718	31.75855	33.838104	35.901787	36.197098	38.61206	41.70354	42.426075	39.457844	39.365704	36.92574	36.959457	35.48631	33.61639	32.964687	36.469948	37.429134	34.281635	33.79444	32.731693	35.87456	37.74353	36.15744	39.1185	39.991207	40.10887	36.51171	35.334053	37.423153	35.34007	31.851976	33.05964	35.047295	36.441532	35.040493	31.37934	32.165848	34.504627	32.218582	30.100018	33.094723	34.742176	32.0487	32.805244	33.685432	32.48341	35.50808	36.64488	33.281395	32.51909	29.039436	27.290102	25.600878	22.16352	21.357128	23.92072	23.538836	26.017632	28.366417	26.007275	25.782112	22.580828	20.989408	23.782442	22.062649	23.060026	21.360935	23.480082	23.66674	27.008501	29.35771	30.666037	33.549236	33.656796	30.844742	30.794352	27.196234	25.573406	23.539215	21.437887	23.072744	22.090643	24.925688	24.589405	27.72394	29.201788	32.581863	34.494366	32.20759	29.913542	27.396042	26.671711	24.26849	24.092932	21.766098	23.185314	22.730158	19.256218	17.3815	14.744652	15.820212	12.862116	13.9975395	17.550972	16.953266	15.441261	18.197136	20.973202	19.945042	20.051037	23.48679	24.820583	24.2865	26.535294	29.279291	28.632193	29.46585	32.587498	34.12027	33.238605
Y-133-A	37.905445	36.843815	33.759808	33.692337	32.287727	29.046417	28.770304	29.441765	26.87125	24.306515	25.175756	25.707623	22.19379	23.046843	19.935757	21.631575	24.881119	26.063478	26.159222	28.794987	29.958569	31.761507	33.87867	33.91257	36.47551	39.38793	40.140236	37.098335	37.17565	34.851337	35.229904	33.868553	31.858772	31.262493	34.657925	35.396217	32.06447	31.278543	30.296087	33.619896	35.20093	33.50096	36.371544	37.26056	37.12935	33.513638	32.553154	34.54341	32.25034	28.878765	30.296946	32.069794	33.454376	31.85197	28.135948	28.70466	30.952219	28.68285	26.445835	29.364878	31.07069	28.478523	29.423292	30.465496	29.522196	32.662945	33.574757	30.16912	29.16915	25.666111	23.724466	22.084232	18.56235	17.956532	20.760181	20.769114	23.3952	25.865404	23.692665	23.950472	21.075127	19.032543	21.673737	19.59693	20.128948	18.225313	20.19318	20.333113	23.769524	25.969648	27.436152	30.297112	30.50094	27.881735	27.886833	24.379227	22.560396	20.68841	18.492382	20.287535	19.444328	22.423754	22.417484	25.649147	27.531223	30.993752	32.78656	30.38973	27.807785	25.47015	24.439903	22.150574	21.757933	19.596096	21.18637	20.587612	17.064922	15.299974	12.188386	12.968408	10.349865	12.287218	15.536395	14.794179	14.054124	17.036718	19.356995	18.497839	19.293657	22.56582	23.54142	23.447224	25.988941	28.36053	27.631063	28.934095	32.013588	33.218624	32.075096
V-134-A	39.670307	38.28931	35.03188	35.23221	34.068687	30.647156	30.364544	31.446278	28.971449	26.170742	27.23669	28.17899	24.800907	25.584679	22.218998	23.432053	26.481457	27.310072	27.266542	29.61586	30.601847	31.990324	33.88643	33.49468	35.97614	38.726093	39.762516	36.830685	37.283848	35.263676	35.906723	34.874596	32.94894	32.623936	35.938644	36.567825	33.065437	31.85673	30.78069	34.25438	35.48901	33.48684	36.08473	36.731636	36.28676	32.768158	31.89761	33.526966	31.006985	27.779936	29.135914	30.534027	31.57024	29.707827	26.00126	26.33926	28.776129	26.855183	24.342178	27.22745	29.300982	27.008991	28.319794	29.812866	29.265713	32.632565	33.30419	29.949244	28.527662	24.93933	22.536383	20.660353	16.945019	16.140852	18.992712	19.135437	22.182768	24.363457	22.02742	22.627022	20.070148	18.040419	20.888672	18.88505	19.132751	17.460129	19.515842	19.92099	23.544111	25.483263	27.302277	30.074207	30.389446	28.115671	28.300129	25.004004	22.90634	21.268686	18.821821	20.52276	19.484669	22.293776	22.270754	25.294243	27.385172	30.713703	32.676075	30.467043	27.79409	25.89842	24.870338	23.013172	22.683826	20.950808	22.83507	22.171509	18.703688	17.076172	13.54956	13.5690155	11.276197	14.095151	16.79434	15.436808	15.238713	18.593933	20.325628	19.156464	20.509512	23.770645	24.15713	24.09525	27.02285	29.101515	27.958286	29.492863	32.71029	33.503056	32.427975
A-135-A	40.84234	39.422993	36.021168	36.05619	35.249107	31.832512	31.139519	32.31923	30.198614	27.095203	27.815619	29.094675	25.677534	25.949993	22.41364	23.46654	26.143593	27.05797	27.389755	29.786526	31.063818	32.21874	34.27324	33.66808	36.362427	38.85194	39.8065	36.74752	37.276855	35.303818	36.32878	35.2629	33.07516	32.590664	35.676243	35.922478	32.30333	30.912525	30.171087	33.7952	34.692238	32.74279	35.287846	36.10502	35.321903	31.77388	31.331692	32.89158	30.07696	27.113585	28.85574	29.919928	30.970385	28.767199	25.015038	24.836388	26.993092	25.088959	22.292717	24.842873	27.002409	24.974207	26.64888	28.251526	28.10478	31.471003	31.731485	28.27089	26.53683	23.084032	20.434816	18.96889	15.188475	15.096481	18.379831	19.255028	22.366396	24.703358	22.725847	23.910961	21.804672	19.352007	21.821936	19.369823	18.841337	16.726933	18.178274	18.114475	21.63772	23.11563	24.84685	27.353048	27.479025	25.343119	25.867588	22.821312	20.85137	19.763218	17.64141	19.792568	19.291037	22.316488	22.858896	25.984598	28.495174	31.884752	33.592777	31.207306	28.219025	26.444963	24.939732	23.06267	22.220825	20.46931	22.10657	20.979578	17.506384	16.502731	12.926073	13.071584	11.797202	14.895402	17.190031	16.14721	16.788473	19.932413	21.296135	20.585897	22.406998	25.34554	25.575504	26.005968	28.99258	30.738493	29.693985	31.60365	34.663895	35.240826	33.86308
I-136-A	42.877575	41.22215	37.692562	37.888947	37.354095	33.851097	33.07027	34.55544	32.60709	29.32445	30.101627	31.717802	28.438997	28.571335	24.906193	25.555826	27.936016	28.573566	28.877316	31.01065	32.198605	32.94091	34.825626	33.820953	36.46827	38.707657	39.861443	36.89827	37.751965	36.068935	37.39193	36.590717	34.437317	34.134254	37.05384	37.116444	33.38997	31.631445	30.915613	34.632336	35.13684	32.981445	35.234554	35.88209	34.733856	31.323336	31.102098	32.29607	29.236244	26.559935	28.333153	28.926996	29.646507	27.116892	23.439474	22.829485	25.020895	23.51091	20.393364	22.7151	25.242817	23.655148	25.766212	27.78257	28.114677	31.60186	31.528156	28.157946	25.987844	22.602694	19.521395	18.034698	14.2517805	14.261966	17.55815	18.794233	22.155367	24.21306	22.29526	23.927662	22.305523	19.84116	22.235312	19.815458	18.82091	16.892847	18.132975	18.170544	21.664852	22.702614	24.687622	26.966082	27.147753	25.438465	26.194027	23.503147	21.394455	20.701054	18.565014	20.638102	20.148617	22.961355	23.63182	26.519575	29.250746	32.48067	34.215622	31.972048	28.888561	27.54035	25.95423	24.468203	23.584072	22.227707	23.977667	22.75575	19.491611	18.748087	15.13074	14.736455	14.022462	17.465874	19.208614	17.867435	19.004885	22.217218	23.056522	22.263083	24.507605	27.291464	27.0602	27.628208	30.838572	32.258762	30.956768	33.101997	36.17362	36.376556	34.98712
Q-137-A	46.422894	44.858604	41.33769	41.409565	40.87985	37.42862	36.542767	37.888214	35.98769	32.713524	33.271507	34.787582	31.378551	31.292946	27.697342	28.578463	30.854933	31.72828	32.273872	34.51436	35.83936	36.56788	38.505165	37.44064	40.11648	42.259052	43.412502	40.425762	41.29207	39.598053	41.011375	40.127537	37.844135	37.362595	40.186665	40.044533	36.31814	34.600517	34.132885	37.881374	38.2691	36.212173	38.44685	39.182228	37.851307	34.467	34.467655	35.582222	32.387173	29.89742	31.774893	32.1476	32.724403	29.982864	26.385815	25.392569	27.434614	26.127775	22.783024	24.680298	27.3623	26.135504	28.53402	30.59479	31.165415	34.58075	34.23644	30.803654	28.457346	25.275219	22.087889	20.97587	17.298885	17.658	20.984423	22.381546	25.789026	27.75068	25.817558	27.506435	25.923475	23.571953	26.003319	23.584501	22.435905	20.390972	21.287855	20.924427	24.197655	24.790348	26.479862	28.353514	28.090666	26.377798	27.639675	25.199478	23.498728	23.2743	21.54032	23.910984	23.706972	26.600607	27.396696	30.285439	33.050426	36.260075	37.98985	35.732265	32.598915	31.239344	29.514662	27.908737	26.754063	25.174835	26.553743	24.91124	21.552864	21.309053	17.889404	17.980623	17.439375	20.69198	22.594181	21.509447	22.600985	25.742746	26.715103	26.015257	28.169636	30.98578	30.84617	31.390627	34.57204	36.049088	34.75479	36.85236	39.95309	40.174694	38.8004
A-138-A	46.570602	44.938274	41.3241	41.3044	41.119453	37.70168	36.508377	37.993526	36.4268	32.948723	33.291306	35.131615	31.83506	31.402107	27.740337	28.31561	30.18494	30.984848	31.760298	33.91776	35.42024	35.89321	37.910213	36.666946	39.483887	41.35246	42.40995	39.36547	40.30443	38.713963	40.450222	39.600914	37.172966	36.639774	39.20642	38.757065	34.991848	33.08211	32.86966	36.662506	36.710426	34.701736	36.807247	37.656216	36.040775	32.716034	33.10049	34.116932	30.736181	28.56934	30.743017	30.811272	31.42425	28.459492	24.938263	23.488367	25.151836	23.894968	20.409143	21.88161	24.570192	23.659716	26.3382	28.476707	29.426105	32.769154	32.05846	28.65715	26.05161	23.113186	19.796618	19.129015	15.711693	16.726498	20.167423	22.148108	25.408237	27.464333	25.97187	28.105843	26.940508	24.2783	26.26006	23.563272	21.813112	19.5607	19.862593	19.173311	22.171206	22.271198	23.930063	25.51338	25.206743	23.824091	25.294552	23.23089	21.595455	21.873173	20.448027	22.967014	23.170366	26.061516	27.293335	30.162775	33.222313	36.42265	37.87893	35.51247	32.1823	30.998795	28.947697	27.46194	25.994507	24.607622	25.848846	24.008406	20.937265	21.114424	17.880499	17.83287	18.079199	21.37287	22.76676	21.878029	23.559013	26.458965	27.036547	26.691423	29.189695	31.66809	31.356985	32.313957	35.500504	36.639946	35.452248	37.865437	40.773792	40.788822	39.150246
V-139-A	43.417732	41.94924	38.3715	38.12508	37.968243	34.651215	33.27919	34.609592	33.166016	29.665947	29.782148	31.611698	28.2963	27.694935	24.060932	24.715715	26.540989	27.536049	28.523935	30.886074	32.631355	33.322006	35.597557	34.632328	37.638573	39.587414	40.354614	37.135326	37.786266	35.95834	37.652847	36.56286	33.974937	33.22976	35.78427	35.29796	31.5708	29.86202	29.79596	33.56923	33.780647	31.998077	34.354637	35.482292	34.069798	30.582636	30.995384	32.37583	29.103771	26.7941	29.19539	29.595707	30.660927	27.907345	24.263632	23.055555	24.469425	22.668585	19.446308	21.073895	23.29699	21.942785	24.30623	26.05159	26.732859	29.951698	29.364317	25.826822	23.501062	20.547138	17.551302	17.165304	13.753751	15.202372	18.877972	20.990957	23.93436	26.422508	25.202852	27.272608	25.962635	22.997292	24.686493	21.668264	19.842916	17.146084	17.203722	16.136707	19.103354	19.423359	20.878231	22.669365	22.380022	20.687181	21.961632	19.666323	18.091816	18.308096	17.077002	19.864779	20.405634	23.561962	25.055851	28.186077	31.29941	34.68173	35.888245	33.26519	29.840385	28.361465	26.095072	24.313126	22.60726	21.00001	22.068209	20.155495	17.069008	17.365423	14.272655	14.548266	15.1389265	18.19468	19.563206	19.116724	20.945019	23.55099	24.229973	24.284904	26.724188	29.032701	28.998014	30.198435	33.18237	34.3351	33.49046	35.959435	38.690445	38.90021	37.038425
L-140-A	44.97244	43.748707	40.28421	39.85568	39.447998	36.22558	34.89888	35.87896	34.293766	30.971441	30.911963	32.354248	28.820238	28.184536	24.733643	25.931917	27.950377	29.347712	30.492668	33.121937	34.97965	35.977512	38.371887	37.643867	40.66287	42.768887	43.447178	40.166164	40.611275	38.569256	40.06409	38.734264	36.05909	35.061455	37.69982	37.23596	33.603493	32.22996	32.283962	36.0023	36.45973	34.876408	37.431175	38.696102	37.44561	33.880917	34.213413	35.774937	32.59576	30.151524	32.516235	33.114075	34.245243	31.575705	27.897823	26.808441	28.250164	26.370777	23.20699	24.808134	26.932667	25.498625	27.725597	29.230669	29.69016	32.786777	32.298527	28.660654	26.561195	23.671642	20.91432	20.633713	17.192032	18.5028	22.178051	24.015913	26.96601	29.510962	28.076323	29.836676	28.162254	25.351189	27.281363	24.32569	22.837044	20.049314	20.207697	18.912008	21.772928	22.154146	23.163246	24.809788	24.069122	21.960405	23.49231	21.091429	20.009369	20.233213	19.27583	22.279896	22.892174	26.222332	27.595901	30.870207	33.809032	37.280243	38.55298	35.864662	32.509422	30.726627	28.499414	26.36182	24.556387	22.463013	23.143276	20.949974	17.567743	18.084053	15.193692	16.249174	16.426134	19.10438	21.049364	20.90831	22.262066	24.834908	26.023083	26.088646	28.134203	30.64566	30.989275	31.980587	34.820084	36.296013	35.571682	37.79189	40.595207	41.092213	39.316753
S-141-A	48.239727	46.944252	43.41806	42.98794	42.767784	39.544434	38.085503	39.158882	37.733917	34.31823	34.15598	35.748753	32.2631	31.41936	27.974476	29.024878	30.762537	32.115063	33.38988	35.91561	37.817947	38.573387	40.92169	39.956997	42.984642	44.868774	45.6107	42.361984	42.969658	41.0824	42.81189	41.5727	38.836147	37.8295	40.27161	39.552235	35.89671	34.35074	34.599533	38.35271	38.494698	36.896194	39.26276	40.517097	38.953346	35.507042	36.13303	37.4613	34.092587	31.96098	34.42852	34.646473	35.56274	32.622673	29.080782	27.525663	28.776735	27.217138	23.826956	24.931787	27.253407	26.328941	28.93323	30.637506	31.518091	34.576736	33.70742	30.132154	27.71042	25.085184	22.12088	22.137148	18.902464	20.475632	24.11089	26.231926	29.259998	31.639608	30.302315	32.33286	30.936546	28.133522	29.988432	27.028723	25.212425	22.4746	22.294743	20.827408	23.413944	23.204374	24.104576	25.25375	24.22338	22.463593	24.477324	22.5779	21.727911	22.494202	21.803547	24.858694	25.645304	28.877571	30.412014	33.56328	36.649574	40.03314	41.266388	38.62331	35.18366	33.623505	31.263021	29.288902	27.31952	25.376577	25.902672	23.473463	20.315193	21.22008	18.491339	19.411547	19.909883	22.671045	24.365063	24.189947	25.779491	28.34122	29.29921	29.395952	31.629398	34.048477	34.200314	35.29289	38.223305	39.531464	38.710846	41.060535	43.855263	44.16209	42.346554
L-142-A	46.729416	45.44463	41.88683	41.30837	41.374767	38.242634	36.49443	37.618828	36.519176	32.973408	32.567627	34.409462	31.064428	29.899078	26.46016	27.2554	28.609112	29.953596	31.476324	33.980385	36.091854	36.72928	39.21778	38.245464	41.42686	43.12499	43.66387	40.326412	40.861652	38.97421	40.91947	39.62573	36.74252	35.62607	37.832752	36.85872	33.22095	31.619797	32.136257	35.871864	35.81128	34.36783	36.717575	38.170483	36.496845	33.064396	33.990826	35.389732	31.97689	30.06047	32.80772	32.94623	34.08038	31.12096	27.643127	25.902674	26.7228	24.973022	21.689875	22.489494	24.524023	23.662447	26.28916	27.834833	28.885708	31.784023	30.681005	27.112936	24.645432	22.285831	19.461811	20.00366	17.132456	19.304785	22.981768	25.502497	28.232233	30.813448	29.914156	32.19531	31.049318	27.959362	29.357141	26.1365	23.906282	20.920141	20.168617	18.283072	20.510015	19.947218	20.664557	21.616081	20.532236	18.927713	21.053413	19.42901	18.71953	19.920229	19.629093	22.834312	24.063473	27.32258	29.254974	32.441486	35.722477	39.133587	40.052135	37.253517	33.672916	32.151546	29.494896	27.534163	25.258377	23.429047	23.757252	21.177118	18.358847	19.654676	17.249279	18.145948	19.342987	21.96228	23.196297	23.33247	25.37131	27.599289	28.267786	28.770454	31.20678	33.274754	33.391464	34.86694	37.698112	38.739685	38.134426	40.720337	43.281292	43.502716	41.418194
Y-143-A	45.26666	44.262173	40.830086	39.998554	39.877518	36.887825	35.096775	35.86481	34.728313	31.330341	30.678635	32.212444	28.725794	27.452276	24.19388	25.436188	26.926521	28.67763	30.40233	33.21167	35.514618	36.53029	39.23655	38.632774	41.905888	43.80262	44.11258	40.645924	40.843742	38.651295	40.373703	38.766407	35.75878	34.348892	36.63665	35.71756	32.19436	31.00289	31.6378	35.29188	35.575443	34.40784	37.067825	38.75637	37.39806	33.813408	34.608055	36.37264	33.150894	30.990898	33.77954	34.320007	35.771473	33.060356	29.472038	28.085913	28.890835	26.746294	23.7314	24.778154	26.442991	25.137625	27.358324	28.459871	29.078983	31.811897	30.96553	27.264015	25.23824	22.86173	20.479437	21.11084	18.197584	20.358421	24.114906	26.429346	28.974846	31.828491	30.903624	32.889427	31.39678	28.26846	29.670452	26.354975	24.399555	21.160429	20.447208	18.280924	20.444757	20.241192	20.520618	21.629297	20.306154	18.063017	20.112757	18.139284	17.825516	18.863045	18.855469	22.30715	23.723873	27.223902	29.165024	32.584072	35.727882	39.294334	40.128227	37.15283	33.60782	31.686546	28.985643	26.60009	24.166023	21.850567	21.791073	18.997303	15.954537	17.480352	15.396549	17.038933	18.128473	20.263336	21.856598	22.46749	24.226957	26.21683	27.300415	28.031866	30.127403	32.217255	32.76831	34.21774	36.804287	38.08414	37.769176	40.18818	42.684086	43.2347	41.101456
A-144-A	48.768963	47.831776	44.433693	43.582767	43.346806	40.37088	38.6474	39.29362	38.061935	34.75785	34.0791	35.41606	31.832914	30.570265	27.436913	28.911867	30.46537	32.340405	34.086063	36.939167	39.22048	40.26831	42.938828	42.300144	45.525677	47.43569	47.822357	44.38259	44.616386	42.42692	44.1122	42.48082	39.469875	37.99913	40.28845	39.332504	35.854294	34.730686	35.41468	39.05794	39.338455	38.184807	40.81684	42.4756	41.0465	37.495358	38.305164	39.981174	36.703026	34.577652	37.301228	37.739628	39.01768	36.1912	32.626793	31.101002	31.980658	30.055346	26.886759	27.773125	29.624853	28.558008	30.934282	32.12605	32.83429	35.55311	34.61905	30.933464	28.832674	26.53412	24.056581	24.649809	21.66403	23.66069	27.401915	29.617891	32.342823	35.056976	33.926697	35.84826	34.26036	31.29818	32.941235	29.746195	27.902267	24.768143	24.168982	22.05132	24.166304	23.78614	23.90698	24.696972	23.024683	20.820942	23.214163	21.462324	21.431128	22.576895	22.621008	26.066925	27.393078	30.88175	32.696545	36.090553	39.173298	42.720657	43.684376	40.76822	37.26009	35.33212	32.702816	30.282595	27.873402	25.44284	25.234102	22.313911	19.227854	20.832182	18.794596	20.575645	21.351473	23.461515	25.31986	25.864088	27.37735	29.491558	30.76117	31.334616	33.294773	35.55793	36.165504	37.430447	40.04811	41.474606	41.06942	43.365227	45.978764	46.57892	44.563187
S-145-A	49.913807	48.934624	45.485813	44.546688	44.617554	41.704483	39.724693	40.470036	39.55103	36.11538	35.235905	36.83252	33.398388	31.821825	28.711227	29.900038	31.020042	32.837845	34.802776	37.556465	39.982883	40.802143	43.52128	42.739666	46.05481	47.703415	47.99226	44.530056	44.8122	42.72804	44.68932	43.087967	39.96138	38.4256	40.42074	39.137424	35.686207	34.433205	35.411522	39.03422	38.984287	37.939213	40.427612	42.204044	40.525448	37.08441	38.259403	39.833214	36.444195	34.65816	37.596313	37.76323	39.048782	36.07961	32.66917	30.785402	31.262115	29.424782	26.25988	26.63332	28.358051	27.656435	30.222841	31.398438	32.459045	35.011917	33.693954	30.097727	27.813807	25.90668	23.471891	24.555546	21.963728	24.398878	28.096762	30.681103	33.254395	35.98343	35.17886	37.400146	36.12613	32.997574	34.321404	30.983173	28.72752	25.511738	24.400476	21.971245	23.634163	22.660303	22.528496	22.789028	20.833807	19.005615	21.81035	20.648146	20.904734	22.644854	23.094769	26.603096	28.275654	31.691961	33.827236	37.153976	40.432934	43.93534	44.674183	41.697723	38.067093	36.30781	33.43437	31.14348	28.475721	26.244543	25.833094	22.72577	20.071014	22.092003	20.338577	21.960775	23.290123	25.393782	26.808685	27.48769	29.402975	31.321535	32.26044	33.08484	35.287388	37.275806	37.733696	39.293144	41.907852	43.057667	42.725113	45.248707	47.707558	48.132095	45.9248
G-146-A	47.070045	46.263927	42.894905	41.73372	41.852238	39.09487	36.947166	37.512302	36.765484	33.373363	32.22743	33.78432	30.39879	28.594875	25.62876	26.897709	27.865307	29.897383	32.093143	34.993282	37.62602	38.619293	41.53232	41.00184	44.436214	46.12197	46.148365	42.573914	42.589355	40.317505	42.22922	40.415718	37.16264	35.407738	37.32328	35.968548	32.6175	31.608387	32.77722	36.308125	36.393974	35.610767	38.28897	40.307926	38.82493	35.30208	36.50779	38.3675	35.12761	33.27899	36.356293	36.780216	38.40677	35.646854	32.205074	30.538784	30.814852	28.587234	25.722904	26.192905	27.47629	26.432554	28.661024	29.427807	30.241587	32.585762	31.3687	27.71366	25.75899	23.975363	21.969442	23.336489	20.951723	23.62114	27.32875	29.946577	32.20425	35.200703	34.62567	36.770214	35.427544	32.14014	33.191795	29.692223	27.427374	23.979544	22.620277	19.849752	21.245813	20.389978	19.878298	20.22194	18.158527	15.909274	18.637344	17.361801	17.955837	19.791212	20.641314	24.303558	26.302023	29.827621	32.154453	35.611233	38.877033	42.46787	42.972916	39.819912	36.170357	34.195236	31.16975	28.655296	25.76531	23.346247	22.594707	19.327549	16.827682	19.184816	17.895864	19.872568	21.50873	23.195242	24.499468	25.621485	27.601768	29.150843	30.143854	31.32644	33.42035	35.18829	35.87873	37.629513	40.015213	41.14167	41.114834	43.65538	45.918907	46.495567	44.11891
R-147-A	45.028957	44.008934	40.54107	39.52855	39.87051	37.031628	34.831387	35.706284	35.084053	31.527206	30.527607	32.444645	29.241117	27.478514	24.308336	25.086561	25.874935	27.561178	29.653229	32.340107	34.90564	35.64879	38.48488	37.7821	41.21804	42.763718	42.830357	39.2955	39.459377	37.354397	39.444553	37.82265	34.62791	33.081722	34.92757	33.54436	30.079046	28.760345	29.860048	33.451183	33.31756	32.38568	34.916668	36.858948	35.245983	31.77712	33.087162	34.831417	31.532576	29.822605	32.96397	33.24653	34.871834	32.085396	28.711273	26.957657	27.100742	24.869568	22.034023	22.434706	23.683886	22.688278	25.00811	25.909609	26.920805	29.350393	28.019457	24.407005	22.246447	20.460457	18.337402	19.825958	17.642788	20.537811	24.175352	27.007954	29.15753	32.131046	31.786352	34.141853	33.0829	29.684805	30.48689	26.93416	24.395153	20.978395	19.390985	16.625385	17.999617	16.98682	16.814117	17.317318	15.692419	13.818859	16.330057	15.109069	15.233506	17.195623	17.935123	21.488108	23.53165	26.925282	29.394592	32.736977	36.133656	39.647747	40.061848	36.947308	33.240547	31.497715	28.40621	26.162807	23.300188	21.279934	20.861305	17.822542	15.562487	17.748802	16.301487	17.73102	19.756395	21.682999	22.510855	23.463017	25.81993	27.355217	27.936716	29.159952	31.550718	33.130356	33.533943	35.472725	37.948555	38.803455	38.71023	41.448208	43.6298	43.980835	41.52021
T-148-A	41.56585	40.422237	36.909508	36.02109	36.400898	33.48828	31.336704	32.39698	31.756495	28.124125	27.31046	29.414043	26.316998	24.7238	21.375303	21.856104	22.714579	24.159433	26.078163	28.682829	31.167606	31.885902	34.696735	34.014683	37.448753	39.05437	39.129173	35.596336	35.77439	33.684807	35.749535	34.21565	31.104185	29.733953	31.697874	30.500717	26.929745	25.47468	26.34815	29.996195	29.936323	28.86422	31.432487	33.306705	31.818516	28.281126	29.44034	31.26107	28.033224	26.180843	29.303186	29.742355	31.502935	28.872633	25.439528	23.949913	24.177038	21.712835	19.035084	19.820673	20.952688	19.563496	21.685144	22.581654	23.421778	26.002068	24.898157	21.233149	19.13676	17.046099	14.925804	16.267546	14.070313	17.025501	20.642178	23.474129	25.48363	28.549797	28.32228	30.670858	29.673204	26.19256	26.825241	23.225063	20.657343	17.195436	15.615824	12.92688	14.5989275	14.027851	14.353399	15.57239	14.709439	12.822406	14.56202	12.816415	12.217592	13.816415	14.248695	17.73864	19.732395	23.112026	25.605764	28.94727	32.356094	35.870274	36.25116	33.13449	29.428299	27.712942	24.644232	22.492046	19.741806	17.92712	17.90673	15.219804	12.965343	14.762665	13.122412	14.177328	16.438189	18.45442	18.998875	19.869291	22.414476	23.907078	24.290777	25.54773	28.057291	29.531258	29.830683	31.857609	34.34115	35.090977	35.005173	37.81056	39.935802	40.234413	37.740856
T-149-A	42.061317	40.663746	37.05509	36.35349	37.04756	34.08419	31.8714	33.290752	32.848232	29.086145	28.423668	30.897373	28.076168	26.50224	23.088465	22.978188	23.482288	24.447334	26.23426	28.463911	30.827578	31.10336	33.7486	32.72367	36.126583	37.436268	37.60927	34.17455	34.633564	32.860546	35.231663	33.9965	30.980938	29.881077	31.620306	30.270748	26.641441	24.74291	25.613373	29.283295	28.76931	27.508001	29.73743	31.480082	29.643637	26.279835	27.731369	29.23594	25.833548	24.364252	27.582478	27.607698	29.214594	26.396687	23.149614	21.2699	21.199905	18.95469	16.174185	16.52048	17.739218	16.789198	19.300598	20.535791	21.914833	24.547249	23.065027	19.58007	16.996958	15.122361	12.675689	14.335705	12.617139	15.89322	19.299887	22.488205	24.414223	27.298141	27.366644	30.065434	29.526525	26.00417	26.351393	22.782352	19.77979	16.539644	14.572489	12.010299	13.406261	12.180429	12.980566	13.966104	13.541551	12.614464	14.284339	13.16998	12.140151	14.08131	14.408191	17.529928	19.524433	22.56771	25.225035	28.296015	31.882196	35.219925	35.50018	32.501865	28.73983	27.46386	24.341415	22.687801	20.031166	18.879402	19.183708	16.830734	15.139352	16.716644	15.038351	15.259405	17.826057	20.107208	20.05676	20.593355	23.526638	25.025484	24.854588	26.073019	28.935162	30.17955	30.04824	32.2597	34.87333	35.255978	35.01793	38.057266	40.0953	40.04819	37.486645
G-150-A	45.258293	43.68048	40.008675	39.529823	40.23233	37.149784	35.08465	36.682545	36.127712	32.342243	31.906439	34.415966	31.576117	30.16269	26.67351	26.505371	27.08473	27.832455	29.393532	31.40295	33.530914	33.539852	35.93097	34.572746	37.81933	38.988483	39.44775	36.18179	36.969803	35.47229	37.94239	36.967793	34.10439	33.232685	34.958305	33.61825	29.961153	27.816223	28.534563	32.226112	31.473455	29.958452	31.868996	33.31936	31.18066	28.014423	29.519302	30.599918	27.01278	25.768763	28.826834	28.42203	29.573633	26.444073	23.318075	21.001455	21.051542	19.429634	16.229286	16.200153	18.043833	17.782269	20.79321	22.55118	24.326397	27.093025	25.400215	22.12765	19.149933	17.33489	14.399329	15.725937	13.912533	16.888634	20.189337	23.414345	25.66797	28.178934	28.075546	30.95105	30.603807	27.2515	27.827404	24.47208	21.423307	18.565748	16.8792	14.850581	16.361885	14.854791	15.947531	16.523756	16.041744	15.660279	17.602793	16.845118	15.75378	17.629547	17.603619	20.43536	22.048018	24.860022	27.31212	30.15597	33.76825	36.952293	37.43938	34.668022	30.948862	29.994434	27.051746	25.71298	23.311472	22.38	22.911337	20.642553	18.830149	20.21339	18.177479	18.095993	20.312468	22.98199	23.028587	23.099915	25.97476	27.819153	27.54516	28.39447	31.391186	32.80829	32.38715	34.429295	37.273506	37.610725	37.04667	40.10418	42.30419	42.035866	39.63553
I-151-A	47.202675	45.419876	41.692963	41.517334	42.11339	38.86339	37.069202	38.863117	38.0689	34.29184	34.217068	36.72028	33.847366	32.75517	29.13726	28.924448	29.76399	30.258368	31.453766	33.26022	35.05757	34.88935	36.982	35.351574	38.381023	39.54616	40.359417	37.28882	38.39601	37.136265	39.568604	38.87291	36.239758	35.673107	37.55002	36.419514	32.693565	30.341465	30.707148	34.44195	33.640366	31.78448	33.455677	34.52057	32.25198	29.225023	30.534159	31.244665	27.56586	26.334446	29.085627	28.41297	29.094353	25.76393	22.686083	20.201008	20.687721	19.650284	16.105093	16.170567	18.692194	18.771883	22.049776	24.308838	26.209589	29.224646	27.610266	24.49247	21.305475	19.248314	15.880444	16.503435	14.395511	16.785555	19.944344	23.006887	25.636105	27.747194	27.337124	30.268175	30.03058	26.922995	27.822958	24.763319	21.858818	19.450272	18.306341	16.968876	18.892002	17.614817	19.185637	19.89042	19.647337	19.431335	21.243536	20.361702	18.921217	20.389666	19.788494	22.288534	23.35061	25.93988	28.034306	30.65579	34.203728	37.23511	38.034462	35.535698	31.925272	31.241053	28.603	27.555887	25.548834	24.812315	25.74661	23.716665	21.6597	22.612236	20.113327	19.647903	21.384907	24.45486	24.644306	24.161425	26.879326	29.125048	28.797924	29.172066	32.249504	33.90935	33.206486	34.97501	38.06187	38.42482	37.48518	40.48608	42.900284	42.449768	40.297146
V-152-A	49.026306	47.280506	43.5739	43.470592	43.777584	40.441063	38.869335	40.551346	39.454624	35.769886	35.835182	38.081497	34.99729	34.110176	30.461529	30.59871	31.815859	32.461735	33.528973	35.463825	37.14134	37.157227	39.1794	37.599567	40.51644	41.891884	42.873962	39.847836	40.972023	39.642033	41.85902	41.13657	38.56863	38.00539	40.11917	39.18321	35.428234	33.21051	33.400005	37.178486	36.62184	34.68353	36.450436	37.388542	35.255016	32.170998	33.18776	33.89247	30.256603	28.760408	31.26499	30.713678	31.194908	27.871872	24.687347	22.40864	23.379206	22.497225	18.845991	19.28118	22.04079	21.979977	25.178413	27.497646	29.164785	32.312084	30.929663	27.723095	24.653643	22.323446	18.880342	19.008371	16.373028	18.20331	21.454227	24.130972	27.11601	29.08074	28.189669	30.883148	30.354746	27.48082	28.874474	26.000711	23.497196	21.199425	20.600533	19.489063	21.795668	20.884993	22.411	23.248774	22.781076	22.173014	24.101305	22.898882	21.5176	22.67857	21.82227	24.382694	25.116798	27.80949	29.559065	32.231224	35.614716	38.673306	39.779926	37.379856	33.866276	33.056015	30.637146	29.444307	27.605593	26.586494	27.569277	25.475637	22.978725	23.771233	20.973011	20.730024	21.887712	25.101276	25.803703	25.130575	27.449821	30.015373	30.040613	30.082232	32.966534	34.99128	34.389317	35.80934	38.99563	39.656624	38.5395	41.319813	43.97658	43.64805	41.731434
M-153-A	52.17143	50.28632	46.555206	46.641747	46.92921	43.5141	42.08918	43.897568	42.701633	39.033955	39.28331	41.539654	38.46531	37.719013	34.035606	34.121372	35.39601	35.886707	36.77232	38.536842	40.006203	39.839897	41.62957	39.819115	42.548706	43.828342	45.05862	42.21071	43.57982	42.464233	44.70755	44.192394	41.768524	41.385582	43.510868	42.62059	38.849552	36.483185	36.536457	40.30669	39.621696	37.503185	39.035053	39.71635	37.42126	34.525993	35.50585	35.877594	32.19834	30.861464	33.13298	32.282597	32.338818	28.87378	25.90303	23.437407	24.584522	24.256681	20.512396	20.756899	23.852882	24.205023	27.581972	30.191704	32.044224	35.262894	33.80729	30.764107	27.53202	25.246218	21.653952	21.520285	18.960812	20.381453	23.338865	25.850391	29.018154	30.587019	29.511833	32.236897	31.865313	29.264868	30.847395	28.261284	25.858683	23.935217	23.564014	22.781067	25.114548	24.120638	25.794958	26.491287	26.054085	25.687141	27.681963	26.612871	25.166191	26.280209	25.243723	27.585047	28.042862	30.511904	32.037693	34.47374	37.788406	40.667206	41.965477	39.796764	36.38607	35.820927	33.591484	32.62911	30.993435	30.126776	31.26008	29.24793	26.719168	27.37481	24.432186	23.993309	24.887617	28.264528	29.005667	28.020052	30.220163	32.9928	32.946705	32.689716	35.60911	37.75128	36.932774	38.16335	41.49538	42.130726	40.74297	43.475056	46.255955	45.75415	44.025013
D-154-A	52.584225	50.735588	47.049767	47.227207	47.216606	43.73393	42.562366	44.273193	42.776268	39.23659	39.669285	41.675976	38.461594	37.982212	34.29515	34.65158	36.296806	36.872356	37.57804	39.441177	40.766895	40.810875	42.534386	40.83707	43.45385	44.990177	46.351048	43.538456	44.878918	43.669777	45.654655	45.114822	42.791164	42.448147	44.82934	44.196144	40.402473	38.17206	37.99826	41.793285	41.404053	39.202175	40.87014	41.439938	39.369892	36.377285	37.009384	37.455357	33.8807	32.212914	34.236065	33.62849	33.60413	30.270725	27.160482	25.077726	26.685272	26.308002	22.570753	23.325562	26.505642	26.51452	29.706612	32.30989	33.84557	37.201763	36.062786	32.91636	29.855621	27.248255	23.637228	23.048649	20.06303	20.958866	23.946365	26.016432	29.43205	30.902843	29.382036	31.786898	31.092716	28.748722	30.766323	28.388203	26.432617	24.633331	24.781479	24.248196	26.951519	26.408714	28.147003	29.15499	28.707521	27.950144	29.838358	28.369328	26.838432	27.55403	26.22088	28.532679	28.650822	31.180656	32.350082	34.825275	37.93073	40.830883	42.412838	40.33923	37.05844	36.351227	34.371754	33.291924	31.88126	30.8154	32.073654	30.142874	27.277304	27.648129	24.466799	24.137056	24.464699	27.905018	29.065992	27.887287	29.66937	32.695595	32.96287	32.3863	35.076378	37.53366	36.822853	37.701965	41.084305	42.00789	40.477215	42.960114	45.947483	45.594177	44.105545
S-155-A	56.01514	54.102226	50.420925	50.717564	50.635864	47.10786	46.066406	47.81129	46.204903	42.714508	43.261356	45.206226	41.96442	41.589996	37.90663	38.310856	40.03352	40.565807	41.164444	42.95274	44.13862	44.10894	45.673393	43.852795	46.314922	47.81846	49.36073	46.678787	48.164753	47.074223	49.03251	48.606716	46.377552	46.12536	48.54069	47.949635	44.149334	41.866497	41.612022	45.4002	44.96953	42.667553	44.208	44.60966	42.464214	39.592255	40.16747	40.4067	36.835384	35.245922	37.072685	36.3	35.9653	32.58566	29.652447	27.518133	29.258255	29.23632	25.488348	26.131496	29.476793	29.720253	32.991383	35.744137	37.360752	40.755417	39.58812	36.521946	33.386227	30.804996	27.134144	26.40425	23.459314	24.074038	26.840883	28.701113	32.231644	33.399895	31.681728	34.002293	33.350735	31.293085	33.503876	31.375332	29.57487	28.01605	28.328764	27.954506	30.67376	30.084387	31.850607	32.749435	32.238503	31.56631	33.556175	32.153904	30.646837	31.346476	29.935076	32.147274	32.087944	34.490993	35.464184	37.781757	40.779648	43.54427	45.301838	43.40632	40.228477	39.64557	37.81934	36.84168	35.55689	34.518	35.824814	33.901066	30.973148	31.287474	28.040976	27.681416	27.776642	31.263355	32.533802	31.179817	32.785034	35.9537	36.255756	35.449425	38.08001	40.665524	39.85834	40.53173	43.993748	44.966194	43.23827	45.610966	48.715168	48.283855	46.982563
G-156-A	57.07859	55.24701	51.633984	51.960217	51.611534	48.067387	47.224426	48.825645	46.979668	43.63645	44.282364	45.965458	42.606647	42.42559	38.79978	39.480408	41.484005	42.14356	42.64468	44.547867	45.65308	45.83759	47.380177	45.702354	48.084026	49.804565	51.40952	48.739616	50.152447	48.94912	50.678276	50.1857	48.01535	47.742847	50.348297	49.94179	46.149075	44.026844	43.643795	47.43303	47.257977	44.945747	46.627052	46.990475	45.04377	42.082676	42.40556	42.750187	39.281883	37.435795	39.090042	38.549217	38.203144	34.966732	31.9385	30.118925	32.130062	32.005962	28.299534	29.26507	32.603256	32.578968	35.68943	38.3712	39.725586	43.184063	42.250263	39.087833	36.111572	33.333126	29.707684	28.737932	25.531338	25.816559	28.593403	30.081152	33.73825	34.857777	32.796963	34.78	33.808918	32.002056	34.551052	32.5959	31.182795	29.68071	30.335241	30.063932	32.994698	32.705765	34.433147	35.512604	34.92165	33.93264	35.887436	34.212723	32.731262	33.172398	31.621155	33.844852	33.57891	36.04901	36.75072	39.116066	41.908524	44.694065	46.66204	44.825962	41.767105	41.02045	39.381683	38.25761	37.113358	35.863235	37.184883	35.288433	32.121334	32.267406	28.92999	28.760145	28.401575	31.822107	33.466515	32.04402	33.245766	36.559875	37.17677	36.149075	38.509964	41.347538	40.699036	41.063614	44.509624	45.75786	43.958374	46.073467	49.332924	49.077145	47.981136
D-157-A	59.38214	57.438244	53.845715	54.375675	53.932156	50.328297	49.698784	51.393864	49.39937	46.135	47.007423	48.649284	45.328697	45.363888	41.726376	42.363636	44.489273	44.997547	45.27084	47.029694	47.900196	48.000126	49.31669	47.522568	49.6886	51.417473	53.244926	50.751957	52.331367	51.277718	52.923534	52.608917	50.619026	50.535282	53.223816	52.964672	49.16004	46.955902	46.370247	50.136253	49.96848	47.49167	49.033993	49.15569	47.21	44.37222	44.52575	44.66032	41.257915	39.42292	40.792706	40.153847	39.49976	36.31115	33.45077	31.735338	33.980377	34.157864	30.498451	31.542898	35.031334	35.09877	38.201294	41.04875	42.40087	45.94408	45.097816	42.035706	39.027985	36.17481	32.487114	31.231739	28.044756	27.937881	30.422832	31.606054	35.35109	36.12025	33.835075	35.66569	34.750977	33.303104	36.04177	34.4211	33.242676	32.077595	33.0055	33.04234	36.080482	35.903408	37.811504	38.976086	38.520874	37.59722	39.457085	37.725163	36.08644	36.350353	34.574253	36.57403	36.01048	38.274666	38.690758	40.834724	43.454586	46.053806	48.23931	46.645958	43.75537	43.175205	41.785873	40.844177	39.952118	38.830708	40.347385	38.61649	35.41238	35.32886	31.874422	31.50525	30.871382	34.359688	36.0382	34.33529	35.338215	38.803574	39.393894	38.06088	40.35654	43.308483	42.503624	42.610443	46.135757	47.41378	45.371002	47.33888	50.714203	50.35624	49.508713
G-158-A	58.116108	55.98688	52.389698	53.16231	52.749744	49.08417	48.62122	50.531155	48.48991	45.24278	46.37993	48.14102	44.9752	45.218292	41.52135	41.8976	44.050186	44.2541	44.24419	45.75239	46.360672	46.280544	47.350628	45.402637	47.371483	49.05771	51.078743	48.77043	50.540268	49.69391	51.31461	51.246338	49.473434	49.664345	52.38552	52.284233	48.471024	46.10341	45.26583	48.98479	48.76747	46.090973	47.44138	47.297256	45.356693	42.665787	42.65552	42.566944	39.245113	37.448982	38.55476	37.80857	36.905937	33.783215	31.075426	29.492708	31.969456	32.40231	28.841646	30.051876	33.65512	33.74941	36.794575	39.82297	41.179226	44.807903	44.075542	41.177334	38.147167	35.208885	31.470795	29.877192	26.791237	26.295406	28.435713	29.407175	33.1753	33.624554	31.259895	33.084766	32.38266	31.155128	33.912968	32.577465	31.521307	30.745403	31.91515	32.363953	35.501366	35.49014	37.722878	39.09651	39.00598	38.23815	39.807137	38.003567	36.033634	36.059757	33.98371	35.636738	34.761047	36.731384	36.925457	38.801205	41.32039	43.720306	46.02838	44.665714	41.92219	41.601257	40.44305	39.810265	39.215755	38.407135	40.24383	38.81887	35.707302	35.30708	31.723131	30.92052	30.17734	33.801468	35.2694	33.231735	34.235363	37.789734	38.143066	36.570652	38.9578	41.875454	40.79424	40.796135	44.413605	45.555805	43.29888	45.262867	48.659767	48.10289	47.40193
V-159-A	55.79131	53.589695	49.932514	50.69075	50.492683	46.83253	46.21801	48.259438	46.406116	43.035736	44.120674	46.103886	43.046227	43.164482	39.411537	39.540615	41.4922	41.562244	41.592705	42.998543	43.656616	43.41318	44.50523	42.454693	44.503765	46.04362	48.007072	45.67519	47.495102	46.729057	48.518898	48.507637	46.702118	46.93286	49.523914	49.316246	45.49643	43.00048	42.217323	45.934307	45.54446	42.856346	44.110165	43.986504	41.92337	39.280037	39.425606	39.276367	35.878338	34.23599	35.47343	34.581177	33.720314	30.485535	27.793356	26.01124	28.355413	28.833935	25.244131	26.330969	29.952082	30.168642	33.296528	36.386425	37.899582	41.50137	40.646435	37.826138	34.704628	31.861185	28.086828	26.580967	23.66334	23.346205	25.479753	26.747343	30.439072	30.957857	28.870668	31.00694	30.564465	29.073174	31.55095	30.055796	28.696003	27.90129	28.867476	29.31893	32.345726	32.201286	34.531925	35.871117	35.938477	35.38267	36.87008	35.20548	33.137787	33.271835	31.232113	32.82621	32.063953	33.970882	34.369846	36.220196	38.92224	41.331554	43.462166	42.03389	39.186684	38.993076	37.699806	37.19941	36.536007	35.924847	37.807293	36.42757	33.504005	33.158745	29.615606	28.600224	28.194082	31.897217	33.04701	31.028282	32.372704	35.818752	35.89954	34.500534	37.1311	39.837067	38.618557	38.894436	42.532486	43.440765	41.25422	43.457516	46.719772	46.02531	45.129906
T-160-A	54.320004	52.169796	48.46018	49.036556	49.04954	45.446503	44.556187	46.59046	44.97683	41.47054	42.315517	44.457207	41.42182	41.262897	37.49639	37.526836	39.229473	39.360016	39.63347	41.097042	41.991184	41.695217	42.98059	40.93453	43.2012	44.606586	46.36476	43.884285	45.620316	44.79945	46.78794	46.669067	44.681484	44.76625	47.18673	46.751057	42.931786	40.406403	39.865044	43.607864	43.05901	40.50355	41.783604	41.873753	39.67407	36.983955	37.42525	37.37089	33.841167	32.35249	33.926125	32.95569	32.33247	28.949516	26.18268	24.080095	26.06388	26.392624	22.701359	23.495028	27.04445	27.389776	30.65799	33.681183	35.372986	38.877865	37.7986	34.949314	31.734215	29.068598	25.289803	24.161043	21.382914	21.594301	23.966469	25.714895	29.26593	30.09083	28.382683	30.824202	30.505554	28.600931	30.741114	28.879463	27.10006	25.996727	26.534925	26.6761	29.493525	29.06182	31.275417	32.42228	32.416985	32.006832	33.607937	32.159294	30.211061	30.647427	28.872046	30.646385	30.2449	32.283894	33.068016	35.070267	38.02357	40.56762	42.41372	40.760757	37.70997	37.473953	35.872356	35.303116	34.35248	33.74759	35.45526	33.91655	31.151741	31.091074	27.698456	26.750063	26.80895	30.48221	31.416922	29.666306	31.375414	34.622345	34.568764	33.532604	36.34497	38.834476	37.664604	38.30112	41.879467	42.62913	40.67315	43.11658	46.20965	45.508987	44.314407
H-161-A	50.742817	48.586353	44.85995	45.403442	45.50985	41.925377	40.955826	43.043415	41.529808	37.972782	38.801456	41.05676	38.11283	37.92421	34.13866	34.00666	35.63057	35.674507	35.945923	37.383205	38.325104	38.021698	39.385082	37.38895	39.762474	41.18075	42.825497	40.264603	41.934715	41.073673	43.09939	42.959248	40.9505	41.050533	43.44334	43.016594	39.197376	36.646477	36.088955	39.830757	39.28829	36.745514	38.076847	38.239326	36.09326	33.32478	33.779095	33.84449	30.305244	28.754482	30.457651	29.593294	29.203583	25.843845	22.90883	20.853796	22.808151	22.881758	19.18116	20.171444	23.651453	23.787214	26.990978	29.970085	31.608393	35.12232	34.100872	31.237995	28.065582	25.332386	21.5563	20.39992	17.61663	17.952118	20.435883	22.385456	25.855314	26.892576	25.381977	27.964798	27.700397	25.538233	27.46946	25.42967	23.48793	22.30128	22.767616	22.954123	25.798033	25.474874	27.817623	29.15115	29.37289	28.971064	30.338028	28.816845	26.701113	27.051985	25.21892	26.93098	26.578693	28.626657	29.546227	31.616415	34.67654	37.30222	39.005566	37.240562	34.115154	33.862553	32.17912	31.642435	30.683512	30.199074	31.992058	30.582685	27.94478	27.80453	24.438358	23.305433	23.569717	27.255386	27.9719	26.252398	28.168472	31.304802	31.104101	30.215815	33.147488	35.487106	34.299313	35.128452	38.66956	39.309288	37.477287	40.05516	43.03663	42.337708	40.985035
T-162-A	49.353695	47.23804	43.476864	43.844414	44.20789	40.712334	39.451324	41.55384	40.33385	36.655098	37.233807	39.68352	36.83111	36.348347	32.580585	32.267193	33.560436	33.61417	34.132	35.576077	36.7508	36.350872	37.89296	35.895565	38.47371	39.710537	41.12703	38.43714	40.02535	39.141056	41.38994	41.166496	38.99111	38.964638	41.137646	40.462116	36.66049	34.051373	33.755566	37.495995	36.747013	34.348446	35.670105	36.052814	33.754883	30.971106	31.76909	31.917639	28.265636	26.940004	29.002682	28.038568	27.920546	24.458418	21.519323	19.12179	20.570547	20.454899	16.695488	17.291206	20.642025	20.94113	24.2948	27.194338	29.057539	32.439785	31.156837	28.301188	25.014557	22.525068	18.769543	18.115438	15.650097	16.682127	19.325306	21.803822	24.985807	26.321274	25.30438	28.169336	28.09478	25.557049	27.02331	24.635147	22.218666	20.72626	20.625883	20.463263	22.996407	22.313025	24.569305	25.698698	25.929338	25.766554	27.190556	25.951761	23.92832	24.633068	23.119904	24.965776	25.037504	27.156225	28.508713	30.676874	33.972122	36.681877	38.047604	36.07572	32.768032	32.51686	30.512112	29.96021	28.704885	28.309174	29.924177	28.39906	26.038599	26.199793	23.084793	21.965782	22.819376	26.386005	26.760994	25.355927	27.68138	30.519066	30.10609	29.636568	32.745213	34.778862	33.615337	34.838375	38.2714	38.692265	37.11598	39.93187	42.68694	41.953896	40.29727
V-163-A	45.78346	43.77112	40.02501	40.27642	40.59279	37.125908	35.810112	37.82715	36.614338	32.930138	33.448967	35.873867	33.012146	32.522793	28.753113	28.466705	29.822998	29.957106	30.528809	32.12336	33.424763	33.23619	34.975163	33.219254	35.959682	37.379158	38.600117	35.740543	37.102108	35.99741	38.15387	37.75869	35.50029	35.3734	37.63084	37.029022	33.216602	30.738495	30.434938	34.207317	33.669827	31.367226	32.952488	33.52588	31.466011	28.446728	29.14233	29.64794	26.05999	24.431063	26.660692	26.094248	26.417215	23.15095	19.891325	17.854103	19.311401	18.551458	14.86258	15.969193	19.019718	18.706768	21.814371	24.475264	26.044445	29.453686	28.383902	25.347439	22.26253	19.53707	15.845471	15.161961	12.3811245	13.655962	16.680737	19.260695	22.356346	24.102299	23.168436	25.955357	25.660414	22.859287	24.228598	21.575964	19.135782	17.322662	17.216585	16.960697	19.688763	19.33784	21.628633	23.114058	23.478165	23.017933	24.182835	22.643019	20.486563	20.987514	19.406532	21.362694	21.527649	23.86264	25.335255	27.751589	31.089298	33.995823	35.25261	33.075924	29.686253	29.184525	27.078932	26.332706	25.01474	24.520515	26.160778	24.710554	22.328028	22.392467	19.279013	18.16745	19.139177	22.649519	23.0074	21.752882	24.153261	26.884958	26.54627	26.257318	29.337683	31.325726	30.34542	31.686937	35.02074	35.510517	34.143612	36.977734	39.66528	39.116905	37.326138
P-164-A	44.1001	42.12557	38.36515	38.439007	39.05363	35.711933	34.08771	36.136547	35.273373	31.487638	31.744755	34.39915	31.710035	30.915243	27.20554	26.641088	27.578667	27.668655	28.493073	30.05242	31.593388	31.286482	33.20703	31.474503	34.416283	35.632698	36.58408	33.59921	34.853703	33.732468	36.12371	35.653805	33.23862	32.998497	34.996418	34.136528	30.353691	27.79751	27.773912	31.522045	30.756441	28.6203	30.19614	31.019611	28.833004	25.798748	26.867327	27.492638	23.836798	22.4654	25.081882	24.454447	25.126625	21.864862	18.669834	16.39198	17.195002	16.082663	12.474108	13.175291	15.8962755	15.637234	18.843578	21.360594	23.158945	26.405333	25.067705	22.042242	18.846996	16.39821	12.772529	12.798436	10.594884	12.793837	15.839265	18.931784	21.556664	23.604225	23.259274	26.268312	26.205479	23.086859	23.867447	20.89801	17.959303	15.830251	14.9653	14.275152	16.579712	15.826738	18.097685	19.451017	19.971434	19.81313	20.899643	19.671328	17.536478	18.4283	17.236609	19.273252	19.9521	22.297752	24.25552	26.723955	30.267773	33.21706	34.079014	31.7004	28.151829	27.67314	25.228445	24.5096	22.881758	22.571032	24.035429	22.544064	20.597387	20.960897	18.248802	17.089725	18.783268	22.032423	21.898405	21.026232	23.863405	26.171114	25.541794	25.739635	28.974638	30.557718	29.591364	31.359032	34.523956	34.741047	33.66921	36.732105	39.13252	38.53836	36.435097
I-165-A	41.526176	39.777958	36.067112	35.894375	36.37933	33.107086	31.379496	33.179623	32.302032	28.533241	28.585272	31.100922	28.286266	27.388437	23.697315	23.374786	24.428856	24.843111	25.889315	27.7962	29.59827	29.68582	31.917772	30.584118	33.715984	35.183353	35.854496	32.649044	33.529224	32.03987	34.261925	33.45795	30.854475	30.334803	32.452904	31.630726	27.846222	25.599546	25.695639	29.481712	29.06195	27.176853	29.174295	30.321657	28.487642	25.164434	26.109352	27.24871	23.758524	22.003748	24.793806	24.718647	25.891493	22.952654	19.51601	17.779776	18.534716	16.67925	13.431284	14.598306	16.688587	15.643795	18.36878	20.360815	21.680597	24.866217	23.792902	20.4577	17.65232	14.981323	11.686105	11.933946	9.331683	11.929235	15.413881	18.422504	20.87781	23.411161	23.067513	25.80839	25.343946	22.015965	22.768225	19.494843	16.67991	13.961927	12.984613	11.776712	14.300116	13.965344	15.966658	17.67904	18.075186	17.325434	18.277681	16.611216	14.5283785	15.29417	14.240814	16.719807	17.70658	20.488728	22.60488	25.456797	28.972761	32.18052	32.925587	30.268667	26.640312	25.696583	23.07345	21.887619	20.008205	19.299599	20.582047	18.956648	16.853668	17.31004	14.674966	13.9007435	15.786498	18.821825	18.859623	18.411268	21.224829	23.355312	23.024948	23.521935	26.57676	28.16834	27.59848	29.449572	32.43106	32.852997	32.093193	35.079224	37.422092	37.154034	34.923576
Y-166-A	38.772808	37.11737	33.43122	33.047707	33.758682	30.637966	28.628128	30.400808	29.843794	26.021484	25.80849	28.50867	25.891428	24.732437	21.134233	20.53225	21.211525	21.624224	22.932674	24.888227	26.962595	27.086864	29.562393	28.426268	31.757883	33.151836	33.485188	30.121443	30.755	29.124237	31.459911	30.49475	27.725155	27.048964	28.990547	28.00559	24.244091	22.031267	22.374033	26.13245	25.674969	24.026703	26.185719	27.654772	25.925798	22.496756	23.653502	25.114378	21.734413	20.040882	23.153978	23.297884	24.956055	22.277948	18.911936	17.380157	17.60279	15.140223	12.438097	13.548138	14.843466	13.336023	15.708538	17.243738	18.46978	21.476496	20.363258	16.917091	14.280452	11.728505	8.857264	9.940375	8.064573	11.427889	14.778846	18.0081	19.86356	22.75782	22.924967	25.674662	25.302677	21.739832	21.918299	18.375784	15.27759	12.16359	10.366705	8.450835	10.635068	10.276451	12.277361	14.276236	15.018363	14.293901	14.808	13.142229	10.878913	11.869829	11.240092	13.874837	15.472063	18.333162	20.903412	23.864658	27.477844	30.756832	31.109335	28.216116	24.479708	23.408873	20.460005	19.176413	16.965147	16.390667	17.520468	15.972155	14.392645	15.041668	12.970584	12.166117	14.804973	17.366629	16.868301	16.929659	20.086535	21.679392	21.12254	22.162565	25.250036	26.416195	25.972225	28.209	30.93474	31.153748	30.76348	33.889744	35.927814	35.719322	33.202217
E-167-A	37.570866	36.253815	32.68111	31.932524	32.475353	29.5095	27.344254	28.69536	28.157524	24.413052	23.803535	26.245283	23.423801	21.997316	18.494984	18.374405	19.138992	20.156948	21.878546	24.305851	26.724428	27.33498	30.13605	29.464785	32.930515	34.53679	34.56171	31.019245	31.206924	29.164581	31.277395	29.873718	26.853117	25.72305	27.738241	26.710318	23.027788	21.338814	21.971788	25.673883	25.62016	24.398829	26.984903	28.818361	27.461235	23.86074	24.91566	26.847496	23.726208	21.776213	24.947323	25.563633	27.564825	25.17653	21.749979	20.604053	20.781332	17.962309	15.667386	16.87344	17.661108	15.735885	17.509098	18.323551	18.980207	21.705105	20.840897	17.154467	15.1641655	12.743377	10.768618	12.087213	10.179101	13.37126	16.823776	19.7405	21.393902	24.609554	24.705894	27.103542	26.30638	22.685783	22.900263	19.203594	16.462154	12.913666	11.079238	8.359607	10.345774	10.395298	11.474372	13.610932	13.853217	12.235988	12.793183	10.577849	8.817598	9.913669	9.960703	13.300739	15.376276	18.67352	21.334484	24.63524	28.107727	31.595644	31.823519	28.67666	24.942379	23.321318	20.200274	18.254347	15.607826	14.281787	14.838633	12.814284	10.988582	12.151675	10.486274	10.702937	13.531103	15.545464	15.397504	16.202942	19.14554	20.42513	20.36346	21.784786	24.51353	25.688692	25.794374	28.055958	30.504358	30.997019	30.977455	33.938442	35.900074	36.078735	33.468754
G-168-A	38.442417	37.108204	33.543427	32.98427	33.125687	29.989193	28.200912	29.484861	28.469727	24.829569	24.560724	26.676039	23.561594	22.56517	18.9336	19.270815	20.707596	21.789135	23.14812	25.661186	27.804312	28.611032	31.250093	30.5916	33.889885	35.774525	36.071655	32.623196	32.9082	30.844097	32.65476	31.305664	28.46942	27.480782	29.862024	29.207355	25.506578	23.926477	24.14425	27.882462	28.141043	26.688234	29.305803	30.856524	29.647203	26.008186	26.620756	28.467838	25.365608	23.056398	25.875675	26.622654	28.362741	25.94335	22.315287	21.378782	22.192375	19.622437	17.009712	18.68568	20.023733	18.065807	19.896822	21.013876	21.419373	24.3984	23.884096	20.219103	18.280853	15.431556	13.079902	13.3967905	10.534987	12.947842	16.65788	19.151903	21.323986	24.394571	23.90726	26.058971	24.895287	21.458366	22.304398	18.793222	16.561754	13.200219	12.423346	10.571263	13.310797	13.911023	15.19268	17.40241	17.475763	15.588159	16.259827	13.68974	11.921399	12.1650305	11.367347	14.557044	15.889248	19.299904	21.426786	24.800175	28.088469	31.627508	32.28025	29.287048	25.6839	23.951372	21.219425	19.178738	16.986122	15.356395	16.24322	14.346022	11.666116	12.235051	9.6663065	10.054846	11.962722	14.460853	15.114756	15.46967	17.932755	19.783121	20.181105	21.07071	23.627218	25.33544	25.512943	27.325737	29.964216	30.832363	30.541607	33.26217	35.554386	35.861053	33.551548
Y-169-A	36.99708	35.3451	31.685873	31.517965	31.70265	28.377592	26.840883	28.54071	27.399197	23.70095	23.956701	26.312511	23.43726	22.88482	19.112	18.903664	20.464645	20.915258	21.72174	23.854858	25.613771	26.156588	28.52139	27.620756	30.781782	32.68398	33.24116	29.937405	30.515736	28.708761	30.532133	29.551062	27.015934	26.515812	29.022795	28.658981	24.871523	22.922237	22.629583	26.416891	26.603275	24.72889	27.12888	28.31304	27.08845	23.505587	23.858746	25.48625	22.36353	19.928064	22.546011	23.24966	24.84683	22.459345	18.769772	18.05677	19.221434	16.745592	14.129343	16.33005	17.900356	15.775823	17.593168	19.13058	19.546293	22.850325	22.54976	19.069994	16.98598	13.713792	10.969072	10.409771	7.108154	9.215583	12.953958	15.460916	17.780249	20.72378	20.213013	22.498623	21.557566	18.105814	18.934284	15.511504	13.202573	10.134361	9.908286	9.126556	12.474719	13.555277	15.700717	18.31867	19.115582	17.697765	17.79322	15.197771	12.602004	12.136023	10.302801	12.770038	13.436965	16.568247	18.482738	21.668667	25.003775	28.43432	29.251896	26.455593	22.89743	21.505056	19.041435	17.522673	15.915936	15.000983	16.726576	15.620682	13.235732	12.862275	9.835096	8.770663	10.511687	13.584767	13.7829075	13.334448	16.030851	18.179056	18.117872	18.627666	21.508022	23.224506	22.945583	24.71204	27.585484	28.267689	27.676697	30.507368	32.876987	32.92575	30.720871
A-170-A	39.622066	37.72282	34.01048	34.17174	34.3641	30.909092	29.611313	31.559185	30.286285	26.616562	27.198711	29.599133	26.789898	26.46397	22.6677	22.318893	23.900965	24.0268	24.499132	26.278975	27.668669	27.85315	29.84284	28.522766	31.447441	33.223892	34.170895	31.101408	32.100456	30.656439	32.563812	31.952326	29.667633	29.501778	31.990631	31.680922	27.865328	25.608723	25.088188	28.87648	28.799807	26.58334	28.595594	29.372932	27.850458	24.48653	24.806328	25.911678	22.593128	20.346485	22.686537	22.915956	23.952242	21.227388	17.567514	16.50003	18.067484	16.25566	13.120161	15.301668	17.601404	16.045431	18.383062	20.562717	21.404778	24.892756	24.414604	21.168053	18.64345	15.3854475	12.036029	10.911786	7.415403	8.830727	12.439366	14.958292	17.80291	20.213663	19.408033	21.932314	21.264704	18.07216	19.241943	16.204912	13.890482	11.586181	11.803903	11.756682	15.050152	15.733673	18.220612	20.55955	21.393503	20.402803	20.764538	18.518955	15.88572	15.5827675	13.526991	15.4505205	15.536857	18.191265	19.737782	22.5382	25.863321	29.057598	30.179451	27.726267	24.279652	23.366367	21.225513	20.220364	19.013624	18.478327	20.42444	19.409863	17.029343	16.546734	13.3263445	11.874004	12.972425	16.441574	16.670094	15.510324	18.041283	20.614597	20.33919	20.275127	23.316002	25.220844	24.496231	25.994034	29.1643	29.758062	28.70361	31.53745	34.11109	33.853016	31.89686
L-171-A	39.187107	37.012897	33.24056	33.651566	34.14834	30.67548	29.382563	31.703726	30.635578	26.91334	27.695381	30.42832	27.979536	27.711813	23.94591	23.001219	24.247719	23.825624	24.03135	25.3258	26.471575	26.165743	27.89389	26.196686	29.031996	30.53468	31.64047	28.726706	30.055868	28.986465	31.139198	30.900908	28.821613	29.02049	31.318045	30.9931	27.183764	24.526854	23.822731	27.558226	27.107382	24.61261	26.230541	26.733955	24.945765	21.786133	22.222265	22.946417	19.487724	17.546696	19.874674	19.692589	20.55	17.655916	14.085943	12.756569	14.33271	12.765389	9.495266	11.846247	14.382812	13.050711	15.621758	18.262917	19.489426	23.07229	22.452463	19.534279	16.723867	13.528904	9.87648	8.339251	5.392204	6.863168	10.010355	13.00778	15.69607	17.848795	17.46704	20.428165	20.405317	17.208998	17.898243	15.004852	12.204826	10.49183	10.536615	11.1873455	14.243697	14.771319	17.793167	20.140966	21.51977	21.131626	21.170244	19.277885	16.291218	15.993005	13.759212	14.97532	14.853194	16.91415	18.534101	20.914528	24.390348	27.334763	28.354527	26.090115	22.656467	22.299622	20.239775	19.891117	18.964842	19.17535	21.43162	20.816788	18.976788	18.334257	15.362944	13.178983	14.578009	17.994314	17.485825	15.985828	18.869364	21.27937	20.33226	20.216257	23.590134	25.138506	23.902199	25.59829	28.847448	28.98853	27.77068	30.847813	33.270615	32.61517	30.606714
P-172-A	40.33162	37.953377	34.204144	34.996838	35.30288	31.700235	30.826107	33.313347	31.947508	28.371925	29.60345	32.227512	29.828426	29.98207	26.20976	25.259512	26.800226	26.117844	25.835703	26.847794	27.501226	27.055126	28.344208	26.417501	28.880033	30.469099	32.00617	29.399	31.04309	30.243298	32.201916	32.29598	30.582478	31.14552	33.61402	33.60599	29.83132	27.096926	25.957254	29.59956	29.224358	26.416567	27.769796	27.77296	26.038239	23.112103	23.106766	23.418055	20.078606	18.044254	19.724125	19.388163	19.63969	16.720385	13.20508	12.169327	14.618746	13.799896	10.612701	13.2873955	16.247944	15.139793	17.59325	20.552334	21.674238	25.38706	25.0227	22.369743	19.625404	16.354855	12.779316	10.391775	7.585612	7.0459995	9.42546	11.730495	14.974647	16.4553	15.497153	18.431461	18.53198	15.777931	16.976389	14.731146	12.536676	11.84659	12.878336	14.324451	17.517147	18.303505	21.483753	23.88895	25.35228	24.98219	24.961115	22.96083	19.859228	19.17308	16.50368	17.181559	16.246183	17.82341	18.731497	20.700546	23.922016	26.611746	28.080673	26.241343	23.10743	23.079468	21.594051	21.618843	21.289291	21.686329	24.279903	23.949184	21.938684	20.858603	17.60088	15.1245985	15.70298	19.355963	19.037327	16.85078	19.302597	22.124174	21.147797	20.33583	23.675356	25.49746	23.9233	25.161829	28.652817	28.847807	27.149166	30.068388	32.74148	31.892443	30.27116
H-173-A	40.788216	38.196297	34.43059	35.392624	36.030804	32.4872	31.550165	34.313435	33.216137	29.619217	30.902952	33.801376	31.714195	31.800508	28.10094	26.70186	27.851204	26.768429	26.358139	26.920774	27.391487	26.43378	27.448505	25.120993	27.457352	28.6505	30.329453	27.92535	29.90198	29.511442	31.744743	32.179165	30.634653	31.46743	33.660393	33.548084	29.840265	26.783756	25.594913	29.110292	28.304943	25.314161	26.194448	25.926823	23.84509	21.25561	21.477917	21.284542	17.813835	16.33702	17.964266	16.98918	16.898977	13.667358	10.431364	8.773157	11.2625265	11.104241	7.88837	10.426409	13.658906	13.102704	15.781095	19.140415	20.719706	24.371635	23.767761	21.52808	18.55262	15.629433	12.068928	9.683717	8.205499	7.776653	8.96553	11.642296	14.43535	15.4663725	15.126726	18.497889	19.347181	16.709015	17.278679	15.288232	12.69001	12.609658	13.221395	14.95867	17.6553	18.108484	21.543503	23.773392	25.590265	25.760162	25.578611	23.988222	20.778986	20.28442	17.736473	17.934093	17.021673	17.98703	19.014917	20.468658	23.78556	26.138597	27.418957	25.796429	22.727283	23.26753	21.824234	22.412018	22.206345	23.151394	25.820473	25.681889	24.115145	23.105406	20.141336	17.376896	18.335999	21.800564	20.91431	18.69014	21.412767	23.944386	22.424206	21.704893	25.252552	26.66107	24.678535	26.1401	29.604015	29.330383	27.547531	30.682806	33.1288	31.881895	30.190674
A-174-A	43.667168	41.210995	37.424435	38.135437	38.857628	35.37254	34.176975	36.774963	35.807182	32.108948	33.045334	35.935814	33.658817	33.404694	29.670462	28.484524	29.463654	28.707773	28.72974	29.52793	30.329498	29.411997	30.635174	28.32713	30.798613	31.804338	33.326107	30.821047	32.7087	32.233265	34.648865	34.887405	33.06862	33.592117	35.61876	35.152523	31.409489	28.381363	27.64317	31.231865	30.221571	27.46298	28.372377	28.38388	26.017754	23.446442	24.154722	23.979063	20.335155	19.226948	21.191135	19.968592	19.85877	16.387465	13.468525	10.999298	12.651689	12.684395	9.009828	10.307384	13.846125	13.99666	17.22627	20.536346	22.51722	26.012014	24.92041	22.53543	19.235064	16.658499	12.889819	11.524023	10.016794	10.721574	12.484151	15.362673	18.079956	19.235601	18.942327	22.279758	22.984417	20.289158	20.930737	18.691305	15.866011	15.137967	15.061088	15.944124	18.365562	18.09718	21.223518	22.947859	24.359924	24.696743	25.050835	23.803453	20.967627	21.127224	19.099276	19.90962	19.593033	20.936878	22.320976	23.98324	27.397905	29.827715	30.959745	29.180332	25.960855	26.327375	24.52278	24.789665	24.066242	24.677948	26.930126	26.27943	24.623947	24.158909	21.245394	18.982746	20.233442	23.719349	23.051928	21.238497	24.049862	26.553894	25.253904	24.81203	28.316448	29.769842	28.017883	29.58269	32.995712	32.79899	31.167439	34.31145	36.742	35.578747	33.77845
I-175-A	45.214165	42.862553	39.097115	39.79187	40.191204	36.62306	35.60002	38.009777	36.73524	33.10285	34.09477	36.708755	34.151966	34.031414	30.235872	29.477278	30.8403	30.37968	30.404774	31.476816	32.27298	31.67286	32.93543	30.801176	33.210407	34.49982	36.107567	33.57908	35.360638	34.690132	36.857754	36.94823	35.09788	35.496685	37.771656	37.43507	33.640827	30.833498	30.051008	33.719532	33.020428	30.304499	31.45401	31.487389	29.33449	26.621788	27.05756	27.044807	23.501118	22.019241	23.783127	22.860556	22.654556	19.31038	16.252535	14.231581	16.267216	16.203096	12.571059	14.053853	17.524345	17.420174	20.505169	23.650562	25.32465	28.899454	27.99685	25.366241	22.20553	19.383198	15.58544	14.047851	11.664247	11.938543	14.128779	16.495546	19.693108	20.81535	19.853064	22.851597	23.086214	20.591364	21.895042	19.75838	17.420813	16.544716	16.951796	17.704035	20.515001	20.45632	23.350473	25.108702	26.117292	26.029785	26.673424	25.13123	22.452658	22.490755	20.348904	21.482742	20.984695	22.644537	23.71737	25.582027	28.819561	31.365723	32.820587	31.060907	27.903702	27.975258	26.306408	26.235556	25.526697	25.690361	27.88775	27.030685	24.90132	24.393904	21.164907	19.225233	19.947466	23.62353	23.552197	21.636806	24.047407	26.908176	26.076138	25.34175	28.62534	30.513363	28.975504	30.174938	33.688046	33.883835	32.120544	35.011475	37.72268	36.774887	35.201366
L-176-A	48.83111	46.393547	42.632664	43.439636	43.848747	40.25903	39.311966	41.774776	40.464893	36.858017	37.904964	40.506374	37.93105	37.827606	34.02871	33.301193	34.644093	34.14992	34.13166	35.086758	35.755177	34.984993	36.04146	33.698605	35.906746	37.026535	38.83969	36.50642	38.49579	38.03131	40.248848	40.49508	38.732914	39.213696	41.42926	41.041893	37.26196	34.365658	33.59076	37.21738	36.352463	33.56213	34.467243	34.303944	31.954851	29.4942	29.995586	29.63252	26.083508	24.899162	26.43907	25.142946	24.446451	20.965881	18.334888	16.024662	18.042585	18.658363	15.073842	16.001085	19.692324	20.164465	23.424044	26.742031	28.649435	32.179337	31.101973	28.631437	25.320549	22.722204	18.918505	17.485285	15.372226	15.470008	17.265799	19.397083	22.634724	23.298223	22.204302	25.184256	25.599585	23.446285	24.888742	23.062859	20.84644	20.234274	20.645462	21.389605	24.042175	23.69673	26.51717	27.969145	28.824358	28.939817	29.838589	28.51746	25.979582	26.204836	24.148129	25.251886	24.686554	26.171766	27.090208	28.706266	31.83957	34.16543	35.752495	34.222324	31.187304	31.470417	29.922363	29.986897	29.323421	29.507858	31.657875	30.694645	28.51773	28.113506	24.851664	22.999165	23.575748	27.294569	27.319715	25.30109	27.576214	30.546917	29.71168	28.792347	32.04433	34.006725	32.330402	33.363968	36.95466	37.120117	35.147575	37.968544	40.75589	39.645782	38.24726
R-177-A	51.22187	48.799576	45.07739	45.97404	46.13924	42.488483	41.757595	44.137096	42.574062	39.072144	40.25278	42.642513	39.924683	40.003754	36.19702	35.72773	37.347324	36.96364	36.83743	37.87181	38.412167	37.78158	38.733265	36.43439	38.47789	39.75594	41.734573	39.49259	41.50479	41.010983	43.034344	43.285427	41.604153	42.101395	44.491825	44.251503	40.45479	37.66229	36.768097	40.408867	39.726513	36.88851	37.8494	37.570526	35.346096	32.88492	33.1472	32.758213	29.315811	27.950861	29.21526	28.030052	27.110247	23.755802	21.181696	19.184793	21.497929	22.210651	18.696564	19.781185	23.483875	23.860594	27.019236	30.31871	32.050434	35.646362	34.72119	32.182007	28.954674	26.215387	22.415106	20.770914	18.335373	18.010902	19.773123	21.404501	24.884977	25.308792	23.724731	26.37346	26.5436	24.765574	26.67813	25.136194	23.357857	22.869242	23.6616	24.477116	27.340668	27.163586	29.899462	31.383406	32.03788	31.922998	32.96296	31.46397	28.998001	29.076233	26.890501	28.048697	27.241581	28.769445	29.348886	30.935915	33.844402	36.11439	37.999546	36.623978	33.736748	33.94138	32.614815	32.578976	32.05395	32.02971	34.20247	33.186695	30.719927	30.207323	26.759907	25.078083	25.17215	28.95948	29.37981	27.19863	29.079424	32.30561	31.754034	30.5108	33.552464	35.82166	34.2057	34.87073	38.536938	38.952915	36.78112	39.3513	42.356247	41.322235	40.20187
L-178-A	55.028526	52.597878	48.87206	49.763115	49.948647	46.300907	45.545616	47.9062	46.353786	42.84334	43.962482	46.33416	43.556477	43.556847	39.75201	39.360607	40.92982	40.614807	40.571854	41.607517	42.16466	41.4603	42.359856	39.96213	41.93503	43.08156	45.12814	42.963455	45.059113	44.646996	46.738605	47.019184	45.313408	45.77339	48.09637	47.743114	43.947308	41.12479	40.340607	43.979202	43.16962	40.351143	41.200165	40.888027	38.50782	36.178055	36.5762	36.024796	32.5525	31.401154	32.637527	31.231052	30.087763	26.66104	24.358044	22.134352	24.248938	25.264137	21.754438	22.398706	26.144712	26.893574	30.202024	33.551697	35.47023	39.004955	37.888638	35.399998	32.053665	29.502357	25.690947	24.26947	21.96138	21.77799	23.477074	25.100105	28.54968	28.80778	27.217823	29.835487	30.067223	28.441036	30.391228	28.924906	27.123203	26.619715	27.268631	27.913464	30.632822	30.175095	32.76332	33.949917	34.384037	34.397556	35.714825	34.420673	32.146248	32.46224	30.443722	31.71527	31.009651	32.536507	33.134247	34.65132	37.534245	39.709637	41.622543	40.32391	37.458363	37.72572	36.370235	36.32621	35.70281	35.60788	37.644917	36.44723	33.942734	33.624588	30.205086	28.69661	28.804148	32.58022	33.09175	30.971022	32.810574	36.062504	35.559772	34.30423	37.3126	39.62154	37.996063	38.606644	42.28887	42.709694	40.473637	43.001602	46.037605	44.94381	43.89103
D-179-A	57.600357	55.165092	51.482956	52.474525	52.469532	48.781902	48.22187	50.53464	48.78294	45.37754	46.62847	48.83522	45.98011	46.15006	42.357796	42.13423	43.90866	43.6382	43.476074	44.53308	44.954903	44.333218	45.114742	42.73717	44.54734	45.803066	47.99901	45.93707	48.072277	47.668156	49.601616	49.91936	48.31045	48.818684	51.275585	51.05804	47.255245	44.494255	43.587387	47.222786	46.545933	43.66765	44.530693	44.095264	41.813766	39.50661	39.706024	39.10664	35.73351	34.462563	35.461037	34.127182	32.79949	29.50207	27.275063	25.297132	27.628521	28.723354	25.278023	26.074457	29.8359	30.50445	33.727894	37.08618	38.874477	42.46517	41.48048	38.96691	35.683804	33.02152	29.214106	27.605032	25.129154	24.634104	26.23717	27.4812	31.04913	31.08739	29.163805	31.487427	31.564236	30.288168	32.549545	31.347122	29.882252	29.522528	30.453417	31.205563	34.07246	33.764893	36.33517	37.578053	37.91795	37.776653	39.147114	37.715492	35.45939	35.632103	33.49364	34.744587	33.830753	35.334263	35.653526	37.096973	39.772858	41.85689	44.005093	42.866505	40.148983	40.39371	39.241123	39.16667	38.68883	38.483513	40.565536	39.37616	36.68732	36.251766	32.722237	31.302006	31.048347	34.832287	35.604404	33.34619	34.86824	38.28511	37.97023	36.45257	39.277008	41.797264	40.19435	40.49808	44.21804	44.81505	42.408714	44.71237	47.903526	46.848988	46.04753
L-180-A	59.96935	57.660706	53.95435	54.741516	54.767406	51.11795	50.37352	52.541904	50.868294	47.401276	48.405205	50.57046	47.580097	47.521957	43.746845	43.702194	45.392647	45.366028	45.48229	46.732185	47.39693	46.861664	47.84518	45.533436	47.514362	48.7302	50.774387	48.568592	50.5889	50.054817	52.083294	52.21782	50.401485	50.67615	53.055767	52.630764	48.818233	46.136997	45.498684	49.190083	48.458107	45.7452	46.711952	46.501907	44.117622	41.73186	42.16754	41.691437	38.202652	37.002346	38.26517	36.91508	35.74721	32.3325	30.042322	27.80905	29.827076	30.799753	27.226349	27.68521	31.384153	32.204784	35.58116	38.83378	40.74256	44.247005	43.048515	40.420033	37.063404	34.55592	30.744827	29.523802	27.012165	26.946249	28.863136	30.370258	33.92383	34.21238	32.3951	34.778812	34.72828	33.25521	35.481556	34.01314	32.354954	31.640965	32.271286	32.615208	35.335655	34.73346	37.01223	37.94601	37.93169	37.78706	39.501316	38.252872	36.307484	36.804695	34.973274	36.55263	35.960785	37.713818	38.278633	39.93511	42.740963	44.975563	47.00129	45.67291	42.800117	42.874058	41.47567	41.167812	40.38363	39.942005	41.733627	40.229313	37.49037	37.396503	33.96757	32.893223	32.811066	36.53277	37.439995	35.463993	37.0573	40.41379	40.250336	38.95316	41.758965	44.294994	42.88202	43.30958	46.98308	47.652763	45.405613	47.75231	50.92568	49.98692	49.045467
A-181-A	60.17113	58.055824	54.37239	54.95945	54.844654	51.229942	50.42213	52.356445	50.620537	47.184296	48.014503	49.98944	46.823586	46.67676	42.954006	43.221893	45.017204	45.296303	45.608986	47.138542	48.006268	47.74564	48.96381	46.87938	49.031475	50.425644	52.302036	49.903	51.69565	50.897713	52.8392	52.714527	50.72627	50.754963	53.20694	52.739685	48.922577	46.452637	45.964447	49.71478	49.166367	46.62229	47.86502	47.899834	45.63706	43.02639	43.470814	43.300594	39.78082	38.361053	39.809067	38.73166	37.861977	34.46977	31.897861	29.7469	31.718382	32.29572	28.618448	29.17598	32.762108	33.336838	36.678646	39.724884	41.477158	44.959167	43.795414	40.941517	37.682915	35.10831	31.336536	30.282217	27.493925	27.626362	29.918427	31.457449	35.081455	35.69284	33.76738	36.009983	35.595512	33.996017	36.372864	34.6948	33.09487	32.035255	32.62316	32.659496	35.43212	34.855164	36.866062	37.75509	37.420826	36.98188	38.90107	37.55697	35.860493	36.427013	34.760975	36.651134	36.23262	38.297966	38.945824	40.896286	43.71926	46.178013	48.18777	46.65065	43.679558	43.428547	41.899734	41.249702	40.271667	39.48047	41.03795	39.305546	36.38805	36.464787	33.07793	32.40391	32.239	35.85545	37.075367	35.33738	36.78815	40.14374	40.30331	39.119396	41.7577	44.432716	43.326008	43.727962	47.328148	48.23728	46.155228	48.41271	51.639965	50.966816	49.964916
G-182-A	62.814903	60.820137	57.172657	57.668472	57.40894	53.814556	53.03006	54.79358	52.9616	49.593212	50.34272	52.129177	48.8305	48.668022	45.009323	45.540985	47.44533	47.936424	48.34401	50.039886	50.984505	50.893936	52.196983	50.2298	52.411655	53.911594	55.752407	53.293262	54.983906	54.05427	55.906216	55.646465	53.58633	53.474636	55.990944	55.51723	51.707977	49.38437	48.97029	52.74356	52.317123	49.860695	51.238533	51.36656	49.170147	46.471935	46.888557	46.83889	43.32784	41.79851	43.268944	42.31612	41.50833	38.15119	35.50647	33.425404	35.399673	35.85476	32.153378	32.728355	36.25794	36.7496	40.06644	43.00592	44.66531	48.129646	46.988407	44.020576	40.825256	38.23026	34.499676	33.519688	30.584602	30.748245	33.177612	34.619205	38.295074	38.982304	36.90929	38.973	38.323357	36.799507	39.346184	37.654724	36.188763	34.992165	35.61191	35.483818	38.28058	37.711926	39.518127	40.32459	39.722412	39.09092	41.196606	39.811356	38.32757	38.933533	37.372837	39.439888	39.076096	41.29741	41.907406	43.979244	46.734745	49.267334	51.343628	49.75589	46.78588	46.35612	44.81561	43.960297	42.90075	41.858677	43.24771	41.35242	38.28653	38.471355	35.121433	34.75448	34.430477	37.94218	39.44076	37.824074	39.068768	42.456165	42.877136	41.680054	44.13619	46.957336	46.042175	46.316704	49.872574	50.98066	48.934425	51.048073	54.354977	53.842422	52.90365
R-183-A	64.31318	62.20311	58.58599	59.296104	58.93574	55.285683	54.72855	56.59236	54.608253	51.326473	52.32109	54.07078	50.826553	50.903004	47.22733	47.699223	49.741974	50.064846	50.220474	51.76602	52.462013	52.30167	53.374508	51.316925	53.27388	54.801643	56.856575	54.58002	56.420918	55.63341	57.376358	57.297546	55.436024	55.52919	58.145958	57.855682	54.036804	51.640953	50.99223	54.733265	54.34786	51.72323	52.97842	52.859043	50.71083	48.125355	48.331364	48.099274	44.68855	43.133297	44.303688	43.304367	42.224255	38.96848	36.478172	34.579117	36.80933	37.50133	33.884678	34.628197	38.26846	38.759426	42.01037	45.08839	46.689957	50.24484	49.246506	46.373875	43.188236	40.47787	36.707497	35.40811	32.47119	32.23341	34.376335	35.493515	39.22583	39.582584	37.300747	39.187584	38.589985	37.41562	40.126152	38.768402	37.5593	36.694958	37.613346	37.815067	40.753258	40.37277	42.392197	43.37125	42.9664	42.35135	44.28775	42.77583	41.084625	41.452263	39.632183	41.45825	40.7804	42.7929	43.10648	44.95709	47.52157	49.863476	52.149517	50.807667	48.022724	47.7492	46.475044	45.802654	45.01927	44.115044	45.731216	44.04203	40.932438	40.843487	37.363735	36.779697	36.181343	39.75563	41.273804	39.37759	40.426933	43.948822	44.335533	42.84106	45.22684	48.14413	47.076225	47.098167	50.715843	51.846096	49.570946	51.531822	54.935738	54.32658	53.638042
D-184-A	65.100876	62.85454	59.184513	59.968197	59.821228	56.15978	55.516655	57.55951	55.73221	52.349792	53.35382	55.324646	52.197876	52.18919	48.45622	48.667706	50.506046	50.643482	50.782917	52.141865	52.7924	52.370953	53.332596	51.063465	52.964443	54.254295	56.374702	54.204834	56.215748	55.63428	57.560177	57.644478	55.822105	56.02772	58.492382	58.09113	54.27248	51.689022	51.06785	54.77976	54.139053	51.447628	52.466488	52.24131	49.888554	47.497074	47.866234	47.38832	43.933662	42.6723	43.835632	42.52646	41.24862	37.892673	35.658546	33.51128	35.5775	36.590576	33.01836	33.450573	37.139866	37.977207	41.35293	44.57291	46.429466	49.94155	48.75513	46.058743	42.7232	40.199085	36.39522	35.182373	32.534004	32.384327	34.3325	35.62468	39.26105	39.451675	37.39654	39.529232	39.28539	38.06278	40.54124	39.20327	37.7603	37.02676	37.766262	38.024345	40.79376	40.18358	42.29819	43.118336	42.835587	42.551823	44.48517	43.21496	41.45508	41.978336	40.193626	41.89803	41.26722	43.103012	43.52394	45.199394	47.86444	50.070774	52.26049	51.00232	48.201553	48.180847	46.859627	46.417465	45.624847	44.967697	46.646328	44.996456	42.075897	42.045605	38.594776	37.778793	37.44487	41.107796	42.322155	40.3639	41.680355	45.143185	45.233112	43.79784	46.401752	49.139145	47.84323	48.03072	51.702896	52.578068	50.245983	52.382694	55.690887	54.846554	54.08951
L-185-A	66.754486	64.62496	60.930393	61.510006	61.436516	57.82725	56.979668	58.901497	57.19709	53.748127	54.50252	56.46801	53.25626	53.006092	49.30854	49.635384	51.34278	51.681618	52.086586	53.600338	54.4869	54.1224	55.2812	53.069355	55.15041	56.38412	58.336155	56.02181	57.918274	57.222507	59.260273	59.176308	57.157494	57.147495	59.504124	58.89148	55.085423	52.574486	52.214966	55.95869	55.24672	52.72395	53.827812	53.824627	51.37665	48.92028	49.524715	49.166374	45.608875	44.42945	45.85462	44.52646	43.425594	39.959766	37.66024	35.288605	37.061764	37.94482	34.297005	34.44055	38.02607	38.98399	42.466705	45.56862	47.536507	50.94219	49.555	46.782684	43.404198	41.054874	37.290966	36.437527	33.821236	34.06055	36.25278	37.820103	41.41207	41.84942	39.95249	42.206642	41.903923	40.439907	42.81309	41.207275	39.544453	38.505936	38.94136	38.840717	41.427624	40.546165	42.382107	42.906853	42.32108	42.064537	44.277584	43.213795	41.74687	42.573917	41.092808	43.060574	42.743645	44.77838	45.45986	47.32186	50.13916	52.492107	54.521656	53.06676	50.10759	49.949303	48.38207	47.752975	46.67407	45.844055	47.247265	45.332527	42.437836	42.73254	39.42799	38.889557	38.781044	42.36181	43.618813	41.93672	43.380592	46.73693	46.906395	45.72049	48.347862	51.037693	49.896564	50.26333	53.882782	54.772636	52.61858	54.849194	58.100838	57.344604	56.405293
T-186-A	68.79388	66.72465	63.077866	63.67701	63.408257	59.787018	59.079136	60.893585	59.017036	55.673363	56.488815	58.263798	54.963554	54.838123	51.183983	51.71268	53.611633	54.052956	54.403305	56.006737	56.842987	56.629597	57.77462	55.65773	57.680454	59.069412	61.074944	58.766632	60.61635	59.838108	61.718185	61.58385	59.59773	59.564034	62.05679	61.56246	57.75073	55.34841	54.91175	58.67014	58.13311	55.60111	56.81089	56.785942	54.466564	51.93627	52.373585	52.088745	48.588406	47.22836	48.542023	47.36976	46.255802	42.881397	40.506466	38.33579	40.29415	41.094925	37.441135	37.799088	41.39898	42.176464	45.578094	48.64151	50.443527	53.904198	52.662403	49.80146	46.509624	44.018436	40.257595	39.262646	36.454784	36.50926	38.728333	40.056637	43.73944	44.138187	41.999264	44.0087	43.488132	42.2191	44.826447	43.341843	41.931313	40.91462	41.56012	41.50171	44.235138	43.53065	45.331215	45.96107	45.287098	44.809845	47.03967	45.801823	44.369274	45.05244	43.49331	45.493507	45.051807	47.143833	47.644306	49.539814	52.210415	54.570774	56.759827	55.35226	52.474037	52.200462	50.75542	50.01697	49.01751	48.030254	49.426846	47.503914	44.44374	44.65313	41.29753	40.899456	40.50631	44.033295	45.545067	43.826218	44.99534	48.445816	48.836872	47.498505	49.930283	52.798515	51.76989	51.908596	55.513264	56.604412	54.391045	56.422596	59.790363	59.158436	58.38189
D-187-A	70.00388	67.776146	64.13217	64.9405	64.69257	61.023136	60.458836	62.4419	60.518776	57.196907	58.218147	60.07373	56.87783	56.909313	53.208626	53.55876	55.476505	55.68971	55.824482	57.218258	57.831562	57.444557	58.35323	56.07594	57.889736	59.19336	61.394203	59.28475	61.326782	60.756516	62.62757	62.71565	60.912415	61.101013	63.60763	63.21961	59.399967	56.853844	56.232807	59.948605	59.33525	56.63772	57.6446	57.37237	55.013542	52.66095	52.994312	52.461082	49.034775	47.77971	48.849064	47.515785	46.11188	42.795906	40.658646	38.54543	40.630116	41.737415	38.184746	38.56153	42.254055	43.15724	46.54402	49.771736	51.627632	55.141518	53.944298	51.238857	47.898273	45.387974	41.586723	40.372486	37.687584	37.471092	39.382153	40.53328	44.200584	44.272446	42.08586	44.06071	43.744606	42.721336	45.33638	44.120583	42.808666	42.10847	42.91153	43.14382	45.923397	45.28587	47.31343	48.03923	47.602974	47.27636	49.344833	48.09303	46.442585	46.99017	45.230003	46.979416	46.30845	48.153496	48.46908	50.108494	52.66841	54.8113	57.11465	55.942417	53.209824	53.17481	51.92283	51.43722	50.658875	49.90062	51.52	49.792458	46.78165	46.786556	43.33301	42.64778	42.16523	45.78536	47.163822	45.19621	46.34109	49.86438	50.08461	48.54441	51.023144	53.87433	52.618725	52.640144	56.31182	57.295124	54.88118	56.87345	60.262745	59.444397	58.833443
Y-188-A	70.94544	68.67568	64.978966	65.73232	65.69433	62.04673	61.303852	63.363243	61.63237	58.196507	59.0946	61.123646	57.98109	57.82346	54.09757	54.29815	55.98796	56.156715	56.414692	57.743565	58.44847	57.89379	58.827244	56.427765	58.301197	59.391785	61.53875	59.4313	61.533474	61.058125	63.12783	63.24987	61.374706	61.538338	63.867096	63.286747	59.48144	56.83347	56.367588	60.06928	59.22584	56.57236	57.443798	57.212917	54.65767	52.42161	53.001656	52.354454	48.851097	47.860718	49.067734	47.502296	46.06385	42.62709	40.646072	38.24456	40.04098	41.304573	37.768616	37.772755	41.421623	42.63248	46.1468	49.405476	51.501156	54.917465	53.481724	50.881256	47.421776	45.14715	41.360306	40.393566	37.947853	37.994293	39.88745	41.316288	44.877914	44.97294	43.054893	45.286255	45.201122	43.991028	46.364597	45.011288	43.40758	42.64515	43.158787	43.25638	45.81074	44.87626	46.83618	47.303608	46.82813	46.769215	48.948505	47.979774	46.416447	47.221832	45.639145	47.421722	46.948532	48.76179	49.30088	50.91145	53.63365	55.759563	57.889214	56.666534	53.835968	53.916996	52.498116	52.091553	51.161976	50.510452	52.042736	50.22584	47.381523	47.58302	44.226765	43.498596	43.332264	46.97773	48.13922	46.269157	47.68962	51.107788	51.138027	49.78275	52.44598	55.126575	53.781082	54.038082	57.720695	58.51008	56.160603	58.34972	61.626213	60.67795	59.900906
L-189-A	72.88221	70.752945	67.05803	67.63507	67.55761	63.94955	63.097153	64.99162	63.280136	59.839516	60.55101	62.4772	59.218834	58.91757	55.247025	55.648464	57.327232	57.725204	58.184998	59.7037	60.595463	60.185135	61.30046	59.01785	61.03783	62.183445	64.19555	61.944176	63.90394	63.265965	65.34425	65.27978	63.244587	63.202576	65.51413	64.81823	61.02228	58.504246	58.221767	61.96108	61.164886	58.658775	59.68291	59.650043	57.099014	54.741783	55.426987	54.953022	51.387337	50.341045	51.730293	50.262875	49.007915	45.523075	43.39822	40.93022	42.596188	43.658485	40.045116	39.962048	43.524826	44.6981	48.247726	51.371597	53.453503	56.8108	55.296124	52.570705	49.1352	46.91799	43.169773	42.42202	39.88294	40.156944	42.292175	43.836796	47.420773	47.738663	45.823067	48.04059	47.77475	46.431034	48.8398	47.300343	45.639076	44.616657	44.989967	44.80824	47.29443	46.24483	47.94984	48.241955	47.470497	47.30263	49.70896	48.810528	47.508247	48.481735	47.110645	49.134125	48.863308	50.88849	51.562416	53.371662	56.15996	58.441006	60.509968	59.12005	56.18297	56.067505	54.494217	53.85993	52.72619	51.84334	53.139774	51.10265	48.20108	48.625565	45.369637	44.94179	44.82237	48.371014	49.694866	48.04336	49.437874	52.810936	53.024548	51.812157	54.40019	57.130558	55.985355	56.290386	59.92051	60.831295	58.61815	60.796135	64.08368	63.290638	62.42276
M-190-A	74.73955	72.589165	68.93394	69.62153	69.38942	65.74789	65.076454	66.96069	65.0839	61.738	62.597713	64.40654	61.124393	61.00331	57.341656	57.822453	59.674633	60.049503	60.3618	61.86337	62.614574	62.25868	63.26407	60.99662	62.8842	64.13328	66.271255	64.10379	66.10395	65.4816	67.42049	67.41048	65.48431	65.52556	67.966095	67.42725	63.616337	61.122025	60.68257	64.421135	63.747314	61.153835	62.188244	62.03102	59.57996	57.223072	57.713943	57.205875	53.71622	52.54769	53.744778	52.351864	50.97832	47.593075	45.4831	43.211533	45.10147	46.20627	42.616253	42.749	46.378586	47.43045	50.90672	54.075207	56.032143	59.471558	58.112442	55.37005	51.98461	49.617382	45.840847	44.865757	42.206924	42.213223	44.2503	45.531425	49.186176	49.346462	47.215553	49.222282	48.863	47.77046	50.368793	49.035343	47.619442	46.747456	47.368713	47.358864	50.006145	49.153023	50.953377	51.410736	50.698128	50.400223	52.725456	51.650368	50.253162	51.030033	49.488567	51.425266	50.94564	52.91405	53.36038	55.093098	57.716278	59.91659	62.164642	60.909756	58.099297	57.98789	56.59973	55.98622	55.020996	54.11497	55.520542	53.576584	50.55662	50.80397	47.452457	46.99816	46.61061	50.162823	51.629517	49.834038	51.000607	54.48188	54.797794	53.374397	55.826923	58.692936	57.541317	57.613255	61.25876	62.28726	59.943123	61.94314	65.33221	64.56498	63.89868
K-191-A	75.595245	73.2939	69.618164	70.451355	70.340256	66.671844	66.03204	68.09435	66.27488	62.8914	63.864178	65.82788	62.662254	62.583595	58.867855	59.123184	60.884117	61.04459	61.23373	62.530384	63.14162	62.567265	63.39285	60.94588	62.69174	63.77164	66.034584	64.03148	66.20967	65.80049	67.82158	68.00983	66.2033	66.41901	68.78779	68.25344	64.445335	61.787647	61.263493	64.95547	64.117805	61.411957	62.21998	61.881554	59.319992	57.162266	57.676384	56.922333	53.468925	52.502876	53.56612	51.948994	50.3415	46.96482	45.116566	42.778206	44.634697	46.037838	42.551285	42.548866	46.21636	47.487103	50.991585	54.296703	56.39444	59.828995	58.409164	55.844757	52.37766	50.097214	46.303986	45.260372	42.80887	42.719162	44.503544	45.77157	49.35271	49.271954	47.24074	49.339848	49.253887	48.258068	50.736813	49.549522	48.078	47.429234	48.046566	48.214787	50.80091	49.88388	51.847206	52.287476	51.77219	51.710865	53.93218	52.959427	51.409184	52.17989	50.54921	52.29205	51.717335	53.46967	53.8734	55.38685	57.996033	60.01299	62.26119	61.170696	58.434902	58.56954	57.260864	56.891476	56.040195	55.376324	56.932743	55.119015	52.21717	52.377644	48.98695	48.272133	47.963436	51.60528	52.854286	50.903976	52.187477	55.673126	55.754696	54.26205	56.843964	59.60625	58.22814	58.326393	62.026615	62.867992	60.401077	62.468872	65.81134	64.83106	64.21256
I-192-A	76.71889	74.46931	70.75499	71.44037	71.47032	67.84367	67.00176	69.02854	67.3717	63.898235	64.67189	66.71334	63.530354	63.229416	59.52759	59.77389	61.35362	61.60496	61.999702	63.355377	64.14662	63.534504	64.49307	62.03278	63.920483	64.87882	67.00758	64.91267	67.04182	66.60251	68.7767	68.87775	66.92432	67.00344	69.22567	68.48364	64.69742	62.041924	61.737305	65.4352	64.45728	61.87542	62.676876	62.493366	59.798046	57.650524	58.40748	57.684605	54.14126	53.33042	54.61085	52.894672	51.39421	47.904205	46.069717	43.492004	45.059544	46.437878	42.92736	42.61729	46.18788	47.644135	51.24817	54.486816	56.743454	60.06614	58.43235	55.87812	52.34961	50.275925	46.52682	45.7866	43.458984	43.689304	45.603863	47.147938	50.661774	50.74716	48.922398	51.212063	51.186172	49.953625	52.267513	50.858852	49.13589	48.289528	48.61513	48.531548	50.910725	49.722176	51.494915	51.657425	50.965233	51.04284	53.448975	52.72114	51.372654	52.416847	51.03271	52.92788	52.61493	54.465157	55.118343	56.73346	59.50949	61.616604	63.68811	62.449665	59.573612	59.675495	58.15022	57.709866	56.63291	55.92554	57.290283	55.301342	52.502773	52.92251	49.662697	49.072773	49.028267	52.634644	53.803032	52.049488	53.530964	56.907856	56.945705	55.680603	58.36389	61.019806	59.691685	60.00693	63.684025	64.44567	62.11778	64.33881	67.59705	66.614845	65.80245
L-193-A	78.649055	76.52081	72.828705	73.409546	73.31562	69.70634	68.86298	70.73287	69.00296	65.57635	66.26436	68.14917	64.85267	64.525375	60.87841	61.344833	63.015995	63.46008	63.952156	65.47672	66.3644	65.927025	67.00412	64.67258	66.63789	67.72589	69.79021	67.591644	69.59926	69.003235	71.10077	71.05201	69.010345	68.94719	71.23468	70.486534	66.69846	64.180466	63.945858	67.68179	66.83353	64.33639	65.30419	65.24255	62.624752	60.34077	61.071095	60.512547	56.94912	55.989132	57.339222	55.779827	54.408577	50.923832	48.92481	46.408848	48.012253	49.198025	45.6148	45.39234	48.933926	50.24625	53.833603	56.97148	59.12455	62.450108	60.8535	58.16138	54.692635	52.56099	48.82538	48.13667	45.639614	45.91963	48.012306	49.521873	53.105114	53.329273	51.38489	53.55721	53.307335	52.067505	54.516403	53.037388	51.39584	50.39199	50.7395	50.51008	52.93549	51.781452	53.39292	53.526146	52.620842	52.50532	55.043865	54.254227	53.069393	54.13369	52.831497	54.891575	54.640404	56.658195	57.310814	59.079193	61.833622	64.05704	66.16817	64.83486	61.92266	61.83536	60.269714	59.629078	58.465454	57.53832	58.76096	56.639793	53.725834	54.23272	51.00773	50.660866	50.513245	54.0366	55.422363	53.785133	55.12565	58.518112	58.775402	57.52948	60.07634	62.848064	61.70311	61.944748	65.5823	66.520386	64.255516	66.37884	69.70075	68.88511	68.08605
T-194-A	80.32203	78.10534	74.43714	75.18069	75.00891	71.35697	70.68385	72.629845	70.78335	67.41832	68.28922	70.14885	66.88662	66.73744	63.066994	63.49252	65.27467	65.59667	65.902405	67.31979	68.02339	67.536804	68.44159	66.04672	67.838844	68.94553	71.170586	69.11378	71.2329	70.742676	72.75536	72.842636	70.94966	71.040565	73.412155	72.80797	69.003235	66.42862	66.01426	69.73217	68.92058	66.293724	67.17478	66.92652	64.3512	62.14799	62.717083	62.027405	58.544132	57.560364	58.690933	57.10481	55.54051	52.14577	50.261772	47.886806	49.671783	51.011726	47.486095	47.402046	51.024456	52.316067	55.85385	59.093212	61.19669	64.598015	63.115746	60.48186	57.017963	54.783375	51.00826	50.089306	47.57417	47.587986	49.49381	50.780113	54.390438	54.38347	52.30489	54.341614	54.132496	53.139412	55.69106	54.445736	52.984432	52.203686	52.76246	52.76317	55.310135	54.30558	56.087074	56.37504	55.625187	55.497967	57.908092	56.99743	55.644844	56.529266	55.031242	56.929264	56.455154	58.330303	58.772087	60.381256	62.990738	65.06692	67.32817	66.18034	63.407925	63.431976	62.05951	61.546894	60.581387	59.74763	61.142723	59.167507	56.201965	56.50893	53.17621	52.680096	52.343872	55.91669	57.3207	55.488415	56.6939	60.180317	60.41511	58.96056	61.454105	64.29176	63.03885	63.098103	66.772194	67.724495	65.29642	67.300766	70.68491	69.79739	69.1887
E-195-A	81.98631	79.702446	75.99712	76.74311	76.741455	73.098816	72.31858	74.35887	72.65334	69.20696	70.02574	72.0357	68.838104	68.57593	64.87937	65.15315	66.76067	67.0	67.354996	68.67391	69.39845	68.74302	69.611046	67.08971	68.87398	69.786964	72.00875	70.00759	72.21328	71.8477	74.01149	74.17556	72.26967	72.38893	74.617485	73.88314	70.09787	67.41923	67.08942	70.7762	69.766045	67.14693	67.87021	67.598976	64.867455	62.809822	63.548004	62.71361	59.204838	58.456287	59.632156	57.83653	56.185276	52.73452	51.03925	48.478825	50.054615	51.57309	48.112133	47.747334	51.319492	52.86949	56.479385	59.759945	62.054073	65.37529	63.717712	61.213783	57.66393	55.622257	51.872402	51.099876	48.799004	48.94759	50.768436	52.214294	55.730938	55.669044	53.78603	55.998955	56.00482	54.928207	57.299107	56.01228	54.360733	53.602505	53.977303	53.935974	56.30967	55.09414	56.856617	56.95459	56.221016	56.33681	58.79363	58.106808	56.785152	57.83652	56.436787	58.303177	57.93123	59.725536	60.294907	61.822655	64.52554	66.53522	68.683655	67.55306	64.74404	64.90974	63.45419	63.0568	62.02417	61.320335	62.69156	60.69084	57.867195	58.28049	55.00445	54.42008	54.29692	57.905678	59.120224	57.31095	58.71437	62.136555	62.19238	60.83503	63.475883	66.179634	64.810104	65.02243	68.71788	69.49664	67.07539	69.220406	72.52024	71.4898	70.79099
R-196-A	84.869606	82.67879	78.9749	79.608406	79.57173	75.9529	75.108574	77.03561	75.33381	71.89038	72.58889	74.519356	71.24119	70.888145	67.235725	67.6522	69.25715	69.6519	70.13746	71.58151	72.42321	71.861534	72.84136	70.38935	72.260895	73.20968	75.3556	73.26637	75.3868	74.91866	77.08628	77.130424	75.12104	75.10427	77.32276	76.510025	72.73302	70.14198	69.93292	73.64465	72.66365	70.13889	70.95691	70.80806	68.073524	65.942986	66.74749	66.015	62.464794	61.682297	62.965286	61.224792	59.673336	56.189278	54.409206	51.807156	53.309258	54.7146	51.204773	50.783314	54.302902	55.837883	59.472454	62.670246	64.9591	68.241585	66.52807	63.94684	60.412064	58.41176	54.687073	54.047565	51.685673	51.962925	53.92886	55.434597	58.97573	59.04015	57.141354	59.336063	59.22313	58.081394	60.491547	59.099564	57.422516	56.508297	56.803135	56.587708	58.91586	57.623222	59.211002	59.179886	58.239895	58.28834	60.900764	60.270493	59.131653	60.293068	59.0312	61.051197	60.801743	62.729797	63.37409	65.02447	67.76297	69.867294	71.991554	70.76173	67.888084	67.92905	66.38085	65.83564	64.67418	63.814762	65.02628	62.878204	60.01776	60.5771	57.370346	56.984425	56.876167	60.418232	61.7493	60.075024	61.445885	64.84619	65.030174	63.751106	66.33393	69.0824	67.84245	68.068436	71.73405	72.60214	70.25622	72.38162	75.70083	74.77107	74.02846
G-197-A	84.781685	82.58223	78.91887	79.64938	79.45297	75.80371	75.13333	77.04365	75.17878	71.827545	72.67059	74.486176	71.18705	71.01626	67.36725	67.85884	69.645836	70.021194	70.3617	71.805695	72.52229	72.04235	72.94203	70.53616	72.30745	73.39454	75.639206	73.59978	75.73011	75.24385	77.259636	77.335594	75.425385	75.48353	77.84809	77.209854	73.40893	70.85173	70.47757	74.199135	73.37198	70.76302	71.63295	71.38618	68.78078	66.60272	67.1986	66.48268	62.998043	62.04724	63.169113	61.550564	59.94169	56.549706	54.715984	52.31852	54.06381	55.443626	51.925064	51.768925	55.371708	56.724644	60.283276	63.51578	65.64931	69.0313	67.50308	64.869896	61.39327	59.202744	55.436546	54.565018	52.053314	52.087948	53.99847	55.26872	58.882797	58.846245	56.744087	58.741043	58.512836	57.57264	60.157604	58.93204	57.48631	56.689194	57.22862	57.17718	59.69262	58.6285	60.333557	60.524033	59.668972	59.548386	62.052574	61.199104	59.936947	60.880566	59.43683	61.380962	60.93222	62.827595	63.262768	64.87033	67.458786	69.51641	71.80315	70.67443	67.9104	67.925095	66.547745	66.00367	65.005226	64.11652	65.44769	63.404305	60.41879	60.7886	57.481094	57.064827	56.706745	60.25211	61.71732	59.913593	61.07421	64.569435	64.85725	63.391617	65.843735	68.71698	67.49008	67.50655	71.17624	72.16614	69.719986	71.679245	75.08788	74.2096	73.641754
Y-198-A	82.88141	80.80699	77.1597	77.762825	77.48654	73.867004	73.15486	74.92428	73.03442	69.708984	70.44981	72.15358	68.7753	68.557274	64.957695	65.612236	67.45229	67.99295	68.43916	70.042656	70.881294	70.57141	71.62587	69.365746	71.26648	72.48455	74.61348	72.43065	74.41074	73.75024	75.70975	75.62188	73.61016	73.525	75.93426	75.28539	71.48847	69.06209	68.76306	72.51702	71.81542	69.30352	70.3561	70.26547	67.74637	65.40475	65.99327	65.4812	61.96151	60.855396	62.10049	60.658047	59.25069	55.839615	53.791	51.432014	53.194168	54.33271	50.732986	50.6772	54.24821	55.428112	58.963776	62.083183	64.10754	67.486244	66.00369	63.232742	59.82404	57.573116	53.827522	53.020966	50.364815	50.49147	52.599323	53.903656	57.56456	57.73502	55.579594	57.530533	57.10131	56.05462	58.706627	57.346718	55.92241	54.943485	55.466892	55.27077	57.8196	56.801918	58.378735	58.584877	57.58616	57.28573	59.85845	58.93148	57.78924	58.74258	57.37963	59.47162	59.112686	61.176228	61.665653	63.45178	66.06812	68.281845	70.54626	69.2704	66.43599	66.255844	64.80152	64.0675	62.970943	61.90212	63.108994	60.969135	57.912514	58.357098	55.097767	54.878662	54.48698	57.95324	59.56433	57.896206	58.989113	62.46059	62.91638	61.529697	63.89341	66.82573	65.77801	65.80254	69.42268	70.54432	68.21473	70.142815	73.57207	72.862495	72.22975
S-199-A	81.64664	79.51135	75.9002	76.6486	76.264114	72.60973	72.07838	73.899	71.87629	68.628975	69.55709	71.21166	67.86777	67.85114	64.23467	64.865814	66.849754	67.282776	67.53519	69.06123	69.72749	69.42663	70.34622	68.08367	69.84554	71.14848	73.4003	71.316345	73.35418	72.743866	74.5777	74.58817	72.72053	72.77588	75.30191	74.83566	71.02196	68.574165	68.075554	71.815216	71.21582	68.58664	69.61846	69.37641	66.96301	64.63666	65.02115	64.458984	61.025227	59.811394	60.858345	59.48163	57.96839	54.66235	52.632088	50.470036	52.459503	53.644966	50.08216	50.263298	53.914303	54.963028	58.414692	61.602184	63.50586	66.97655	65.67109	62.914413	59.549625	57.135796	53.355007	52.289867	49.558937	49.410637	51.37955	52.448147	56.145977	56.154606	53.842514	55.631466	55.175426	54.343605	57.115734	55.961613	54.747757	53.96031	54.727325	54.764683	57.479156	56.68458	58.44715	58.89152	58.07684	57.692158	60.08787	58.962204	57.622623	58.33946	56.755108	58.690838	58.098953	60.051575	60.323326	61.996426	64.46205	66.575096	68.98553	67.85581	65.15509	65.02941	63.772053	63.128304	62.241146	61.242146	62.635036	60.668022	57.54024	57.746647	54.372437	54.01361	53.406097	56.906998	58.55843	56.706787	57.64002	61.19877	61.66478	60.077847	62.362217	65.36926	64.25642	64.0961	67.73356	68.90248	66.44561	68.24265	71.73264	71.00522	70.546455
F-200-A	79.19543	77.162964	73.58714	74.26543	73.75869	70.12501	69.62553	71.32395	69.22523	66.039986	66.94159	68.462456	65.058525	65.07915	61.510334	62.293316	64.38706	64.93919	65.21662	66.86788	67.58552	67.45976	68.47933	66.36776	68.2014	69.666145	71.84456	69.66049	71.56629	70.80294	72.5267	72.41287	70.505516	70.4755	73.08965	72.689255	68.879906	66.55868	66.053444	69.81149	69.380455	66.80633	68.009766	67.86353	65.585464	63.108166	63.40168	63.026226	59.60255	58.192432	59.2813	58.113804	56.76857	53.4983	51.265858	49.233055	51.32191	52.27717	48.664482	49.04496	52.679028	53.49445	56.874443	59.965656	61.703983	65.19997	64.017136	61.137054	57.869576	55.33479	51.574432	50.470203	47.57139	47.401936	49.50821	50.51135	54.259335	54.41547	51.994755	53.666737	52.99412	52.139767	55.02094	53.815445	52.71361	51.822456	52.67324	52.663143	55.47315	54.82391	56.532364	57.09457	56.221558	55.62276	58.000015	56.71732	55.415337	56.037235	54.443764	56.457348	55.86063	57.93303	58.17059	59.975742	62.40418	64.63167	67.07095	65.85235	63.139755	62.839363	61.58727	60.7906	59.894104	58.745785	60.090565	58.106247	54.88354	55.060883	51.693394	51.475807	50.743347	54.170776	55.98371	54.19735	54.993458	58.557343	59.196735	57.611748	59.770107	62.861748	61.90622	61.681335	65.26934	66.587776	64.20371	65.91559	69.44401	68.88124	68.42454
T-201-A	77.33506	75.198746	71.64498	72.491455	71.947174	68.27714	67.93243	69.74201	67.56353	64.42526	65.523155	67.07092	63.748272	63.950565	60.34586	61.01176	63.185547	63.56328	63.634098	65.14621	65.675125	65.48423	66.33815	64.173645	65.85452	67.33926	69.646965	67.59168	69.59455	68.9395	70.586945	70.62015	68.87389	69.02342	71.70537	71.46069	67.64274	65.24893	64.546425	68.271835	67.87383	65.16927	66.28569	65.961555	63.74699	61.34122	61.469196	60.986134	57.65097	56.207764	57.094395	55.92562	54.440937	51.26846	49.11836	47.243973	49.514076	50.578854	47.037807	47.592148	51.292114	52.046215	55.350693	58.53264	60.20598	63.77277	62.72677	59.92058	56.673885	54.029625	50.243523	48.89664	46.005844	45.572334	47.480526	48.284904	52.035137	51.992264	49.47971	51.053875	50.449	49.789574	52.722187	51.728558	50.780865	50.12379	51.17744	51.428925	54.355564	53.883064	55.80839	56.57827	55.9456	55.36012	57.53137	56.113422	54.58055	54.99292	53.178604	54.985542	54.161762	56.06587	56.11318	57.755096	60.05992	62.15124	64.70058	63.64824	61.067993	60.89375	59.82976	59.195972	58.51675	57.5233	59.085457	57.30654	54.07915	54.016293	50.539223	50.095932	49.219994	52.711918	54.463867	52.468693	53.18566	56.81834	57.37126	55.603622	57.75203	60.85849	59.767445	59.412918	63.034447	64.31788	61.79581	63.436405	66.99169	66.34205	66.03003
T-202-A	76.95696	74.900795	71.4189	72.27456	71.53381	67.878784	67.678276	69.3724	67.03737	64.029755	65.19498	66.55065	63.185238	63.53345	59.996147	60.828205	63.184643	63.640556	63.63912	65.23302	65.71313	65.70092	66.564	64.54689	66.19503	67.86818	70.17934	68.10425	70.01275	69.24558	70.70789	70.67342	68.97214	69.104004	71.924126	71.83057	68.02511	65.75934	64.96045	68.680176	68.49413	65.79595	67.05153	66.73325	64.70025	62.186577	62.12518	61.777954	58.51893	56.85465	57.654854	56.71234	55.309753	52.254173	49.967983	48.3302	50.780678	51.672638	48.137695	48.962322	52.65302	53.148308	56.32903	59.43723	60.894127	64.5086	63.65772	60.759113	57.639084	54.831257	51.07624	49.581585	46.51679	45.915565	47.856647	48.439014	52.233665	52.218403	49.508606	50.8318	49.988365	49.479618	52.593014	51.695087	50.999817	50.35458	51.613342	51.925457	54.998547	54.75791	56.68282	57.635025	56.996346	56.175728	58.269413	56.633766	55.08342	55.299747	53.389713	55.19132	54.24331	56.19462	56.072723	57.762993	59.91452	62.034634	64.70399	63.66971	61.176323	60.861744	59.924614	59.183804	58.6064	57.48683	59.068348	57.34801	53.99879	53.800865	50.301228	49.957672	48.821632	52.2206	54.17761	52.16271	52.6142	56.288605	57.044594	55.15841	57.09593	60.336685	59.380127	58.823112	62.38644	63.8628	61.334164	62.77429	66.40526	65.91498	65.737625
T-203-A	78.82981	76.88936	73.46091	74.246254	73.36221	69.7423	69.588234	71.13066	68.70667	65.791306	66.91305	68.09055	64.65231	65.02865	61.57396	62.60357	65.063324	65.66911	65.711205	67.43231	67.95888	68.111885	69.0494	67.16458	68.844475	70.642715	72.90619	70.76894	72.567116	71.67118	73.0239	72.87164	71.13339	71.16519	74.057495	74.00435	70.216805	68.08637	67.31049	71.03703	70.99327	68.36179	69.753914	69.51491	67.58194	64.96714	64.84309	64.633385	61.394382	59.594017	60.412548	59.626125	58.32832	55.317467	52.917297	51.37363	53.864025	54.600945	51.04336	51.964596	55.618362	55.972363	59.10056	62.1141	63.44627	67.05849	66.283005	63.286316	60.248722	57.38118	53.665066	52.181244	48.994717	48.39308	50.438232	50.93918	54.756542	54.83683	52.022953	53.188187	52.13632	51.67347	54.898266	53.988846	53.419453	52.679817	53.994076	54.224052	57.342503	57.18145	58.992393	59.965313	59.192734	58.192593	60.339664	58.614883	57.177444	57.35281	55.484943	57.380905	56.44686	58.50704	58.338562	60.130306	62.208538	64.398224	67.11388	66.03007	63.552673	63.076347	62.154907	61.255543	60.65347	59.35736	60.837822	59.05711	55.617573	55.43954	51.98812	51.843212	50.570847	53.850098	56.002934	54.07858	54.347572	58.014374	58.977455	57.082397	58.843815	62.18293	61.3987	60.731365	64.223656	65.871796	63.398457	64.697525	68.373604	68.0476	67.92427
A-204-A	75.9916	74.15681	70.7312	71.382774	70.48123	66.89581	66.65747	68.09145	65.69459	62.773598	63.776833	64.89843	61.405575	61.703316	58.284943	59.42149	61.883034	62.62075	62.77937	64.62962	65.29038	65.56746	66.66027	64.89605	66.71729	68.58897	70.71523	68.44283	70.103035	69.06363	70.40546	70.10718	68.26295	68.1622	71.0554	70.961685	67.18887	65.16212	64.47871	68.221466	68.25213	65.72518	67.258865	67.176674	65.299095	62.56017	62.473717	62.442375	59.17053	57.27538	58.241066	57.58799	56.496857	53.461395	50.88836	49.347687	51.792088	52.311245	48.708187	49.67834	53.26604	53.488407	56.58873	59.48571	60.744247	64.32477	63.563118	60.472073	57.498035	54.616962	50.94412	49.556858	46.285656	45.81341	48.040257	48.63112	52.45732	52.75889	49.970104	51.1579	49.96234	49.32772	52.54935	51.46995	50.861286	49.937496	51.187214	51.270615	54.379677	54.236156	55.930016	56.90341	56.032692	54.909107	57.092457	55.330894	53.99675	54.201534	52.429676	54.454685	53.640198	55.84825	55.783253	57.743164	59.89029	62.23362	64.86935	63.62418	61.05732	60.419296	59.38958	58.33229	57.616814	56.185673	57.548534	55.68591	52.217773	52.123383	48.731167	48.74989	47.50654	50.7185	52.955288	51.178696	51.44972	55.067463	56.140614	54.370945	56.09875	59.445534	58.812	58.225445	61.67171	63.389442	61.057747	62.39268	66.049484	65.854034	65.60769
E-205-A	76.81395	74.91848	71.41358	72.02675	71.317444	67.71647	67.31112	68.83758	66.60017	63.53789	64.44125	65.74477	62.2685	62.38997	58.904163	59.907738	62.185047	62.885506	63.154408	64.95867	65.70304	65.82344	66.94045	65.0419	66.9254	68.620964	70.72622	68.44384	70.17903	69.22284	70.75732	70.495056	68.57296	68.45348	71.20839	70.93915	67.14712	65.00851	64.454636	68.219055	68.04275	65.529335	66.953094	66.89963	64.834755	62.175392	62.29848	62.159786	58.789978	57.10203	58.18942	57.322327	56.175835	53.003067	50.53097	48.733727	50.985985	51.645256	48.005924	48.693962	52.291252	52.767853	56.01121	58.968544	60.44813	63.97989	63.004032	59.97495	56.867264	54.15248	50.440315	49.23604	46.111168	45.84736	48.091763	48.931213	52.731976	53.042526	50.44283	51.88863	50.90465	50.093376	53.14806	51.936745	51.057343	50.07379	51.09378	51.066044	54.02444	53.622746	55.27563	56.03367	55.109478	54.200836	56.514107	54.98374	53.712074	54.150196	52.50898	54.589043	53.9345	56.13767	56.268196	58.217556	60.53797	62.88324	65.39478	64.100784	61.42078	60.891285	59.70256	58.712692	57.85456	56.50807	57.811954	55.842773	52.480186	52.566967	49.205017	49.172535	48.20345	51.50692	53.565598	51.84059	52.383286	55.961197	56.858486	55.22906	57.1669	60.39256	59.651962	59.2786	62.78491	64.32918	62.019676	63.56007	67.15026	66.81672	66.41918
R-206-A	73.42302	71.46531	67.93314	68.58559	67.95348	64.33338	63.907112	65.52385	63.334587	60.221554	61.16513	62.576088	59.15406	59.28142	55.741863	56.61619	58.850166	59.449947	59.674988	61.408684	62.124664	62.17352	63.2641	61.321255	63.20623	64.8638	66.972336	64.70441	66.47557	65.56964	67.14693	66.94157	65.04698	64.992874	67.72325	67.46138	63.659523	61.45302	60.860504	64.618835	64.39519	61.843224	63.218716	63.132515	61.05129	58.41728	58.54556	58.37243	55.000507	53.341713	54.42773	53.52708	52.37717	49.19347	46.728798	44.921364	47.18393	47.865883	44.237396	44.947296	48.56139	49.041836	52.28333	55.27808	56.78285	60.327175	59.355003	56.367596	53.24053	50.51805	46.788036	45.54238	42.457214	42.174305	44.379234	45.25903	49.04943	49.348038	46.80463	48.3386	47.444965	46.574512	49.56521	48.342342	47.405113	46.46906	47.485947	47.530685	50.4966	50.11092	51.864216	52.68577	51.894382	51.054283	53.27316	51.736034	50.35055	50.757996	49.05639	51.0651	50.384064	52.531216	52.683994	54.596394	56.961483	59.293533	61.767735	60.479473	57.786774	57.32784	56.136547	55.23254	54.40944	53.17396	54.568974	52.675716	49.361496	49.3894	45.982594	45.80971	44.905178	48.283367	50.222042	48.43599	49.083496	52.66421	53.440823	51.82036	53.861126	57.02516	56.195675	55.897266	59.43869	60.887177	58.567364	60.198437	63.754494	63.34727	62.898
E-207-A	72.15591	70.36352	66.85622	67.32412	66.62663	63.06452	62.548843	63.98041	61.799664	58.712505	59.486877	60.768284	57.252808	57.278797	53.81609	54.89374	57.152164	57.97149	58.364544	60.295055	61.189663	61.43262	62.72513	60.96104	63.011147	64.7795	66.71618	64.28061	65.85877	64.749435	66.283806	65.86857	63.832375	63.57945	66.32415	66.01098	62.234932	60.197533	59.740192	63.517803	63.415966	61.01727	62.594612	62.718884	60.723347	57.92492	58.092316	58.161095	54.760345	52.96777	54.231728	53.52191	52.63419	49.442413	46.765923	44.980335	47.173836	47.56226	43.88109	44.64342	48.153908	48.45915	51.657864	54.47911	55.87221	59.366558	58.41425	55.287045	52.25573	49.521706	45.862663	44.766003	41.556946	41.453815	43.905125	44.87139	48.663757	49.2423	46.707508	48.209404	47.091805	46.046955	49.057644	47.6344	46.68357	45.489784	46.423462	46.23967	49.18687	48.8162	50.36365	51.152714	50.16255	49.124134	51.44226	49.86056	48.669827	49.1323	47.588444	49.798523	49.28453	51.643856	51.911697	54.04728	56.462746	58.981903	61.37563	59.891987	57.10466	56.406998	55.08647	53.939167	52.955803	51.4903	52.6858	50.646996	47.27096	47.44038	44.13718	44.251034	43.354477	46.600574	48.705746	47.143997	47.737045	51.245773	52.223698	50.758335	52.69514	55.89458	55.301853	55.06025	58.515633	60.099556	57.963287	59.579693	63.12238	62.916195	62.351658
I-208-A	74.94829	73.1725	69.62563	70.003876	69.4203	65.87702	65.21357	66.636	64.57581	61.410954	62.040176	63.39021	59.85447	59.7013	56.240887	57.30841	59.42067	60.302837	60.84939	62.80717	63.819866	63.996647	65.35482	63.530727	65.655106	67.30253	69.186905	66.71291	68.30134	67.20602	68.87551	68.42447	66.28418	65.941246	68.56958	68.08362	64.31233	62.2503	61.960243	65.752464	65.51172	63.18208	64.71763	64.92244	62.785313	60.025364	60.386593	60.417007	56.934223	55.29799	56.695442	55.84407	54.950516	51.65023	49.03995	47.03585	49.025444	49.482685	45.768776	46.256306	49.734516	50.24694	53.56108	56.3763	57.935024	61.356346	60.20952	57.10065	53.98385	51.42002	47.764187	46.89378	43.79585	43.923584	46.43577	47.607338	51.36538	51.995876	49.605198	51.26713	50.252792	49.073975	51.96607	50.412113	49.25733	47.948235	48.654972	48.28696	51.069992	50.4498	51.85175	52.38517	51.225796	50.31871	52.83012	51.472164	50.45339	51.161133	49.81113	52.137203	51.81408	54.224876	54.669907	56.84285	59.38202	61.929787	64.21857	62.663483	59.778473	59.100136	57.623817	56.450356	55.294147	53.80554	54.849716	52.64945	49.349346	49.746346	46.53815	46.73848	46.056656	49.295883	51.32994	49.895653	50.652527	54.094746	55.017887	53.700737	55.733047	58.856388	58.262405	58.169315	61.629677	63.13667	61.05982	62.790234	66.28405	66.03373	65.354454
V-209-A	73.718376	71.81847	68.211685	68.65569	68.247444	64.673004	63.938667	65.52789	63.585728	60.313133	60.970592	62.5279	59.07821	58.870747	55.322872	56.161327	58.13064	58.849987	59.370625	61.186905	62.165356	62.146473	63.43187	61.453247	63.55427	65.04053	66.96542	64.554985	66.26663	65.31841	67.13085	66.8066	64.69401	64.45096	66.97784	66.419304	62.629494	60.408497	60.12097	63.90629	63.480183	61.087605	62.461193	62.592678	60.316853	57.677498	58.147453	58.01848	54.497692	53.04606	54.451645	53.40096	52.39723	49.02598	46.55431	44.39379	46.286987	46.929768	43.23092	43.54369	47.060528	47.780212	51.181232	54.103962	55.837734	59.248028	57.978104	54.984306	51.753544	49.291637	45.58986	44.756763	41.823727	42.00553	44.413467	45.720856	49.437733	49.976845	47.738205	49.598904	48.83124	47.57966	50.317722	48.753445	47.41878	46.193367	46.789608	46.479973	49.178093	48.41562	49.926075	50.38743	49.35695	48.690815	51.173035	49.960487	48.83764	49.63689	48.273197	50.509117	50.205574	52.499874	53.029285	55.093204	57.729984	60.2016	62.41723	60.906807	57.991337	57.497288	55.9787	54.981678	53.826305	52.53894	53.675037	51.523075	48.34577	48.753635	45.51119	45.49509	45.007957	48.37338	50.16859	48.655754	49.64188	53.07338	53.754097	52.473423	54.709324	57.70542	56.92211	56.97258	60.502415	61.807255	59.683308	61.578365	65.00838	64.57394	63.820778
R-210-A	70.31573	68.498245	64.90972	65.26993	64.81692	61.26973	60.50776	62.012474	60.063656	56.808975	57.410496	58.908726	55.42761	55.205162	51.68362	52.604153	54.61474	55.42193	55.993313	57.907894	58.96325	59.07101	60.467964	58.617973	60.814117	62.403164	64.222145	61.71009	63.295307	62.2193	63.97684	63.541058	61.373844	61.049126	63.61305	63.078285	59.298576	57.17369	56.90998	60.702995	60.388905	58.06508	59.57775	59.820038	57.64806	54.88569	55.32115	55.366436	51.85136	50.26227	51.75371	50.87536	50.066517	46.723152	44.07538	42.000816	43.917408	44.325893	40.601776	41.060467	44.520977	45.03855	48.36975	51.18603	52.795002	56.201458	55.013607	51.928158	48.784523	46.250286	42.587376	41.770794	38.728706	38.964966	41.51662	42.844677	46.565315	47.28671	45.039978	46.869354	45.956127	44.590336	47.34209	45.667183	44.35567	43.000137	43.60333	43.219246	45.962967	45.300907	46.76049	47.318	46.263405	45.43891	47.88583	46.56141	45.465748	46.213104	44.872513	47.184574	46.9308	49.335327	49.904602	52.099045	54.753487	57.342163	59.51393	57.8893	54.93162	54.293827	52.729576	51.607735	50.40735	49.017044	50.10305	47.93342	44.71144	45.12361	41.903885	41.99604	41.48924	44.799286	46.67049	45.251358	46.20557	49.602806	50.381393	49.173847	51.35764	54.367153	53.709435	53.793148	57.273678	58.649746	56.635353	58.52721	61.942226	61.629265	60.80585
D-211-A	71.80756	70.15312	66.59039	66.75821	66.26758	62.791126	61.915848	63.231262	61.321922	58.09037	58.485065	59.858826	56.286526	55.911137	52.488186	53.6158	55.597824	56.641422	57.418774	59.517582	60.76148	61.02204	62.601078	60.88881	63.225452	64.864525	66.52977	63.880577	65.30318	64.06032	65.811356	65.17951	62.85986	62.320145	64.851875	64.208466	60.46831	58.50368	58.426914	62.228024	61.976772	59.822815	61.48903	61.93383	59.79086	56.9193	57.45067	57.678215	54.129856	52.492023	54.155827	53.38756	52.773335	49.409763	46.643646	44.529476	46.306164	46.506718	42.754852	43.1405	46.475925	46.93013	50.25053	52.89853	54.464176	57.782948	56.540356	53.349506	50.273727	47.81424	44.241318	43.64867	40.55996	41.02222	43.77601	45.21082	48.903023	49.847332	47.641895	49.453373	48.37916	46.87533	49.613987	47.7599	46.399475	44.795532	45.247715	44.58579	47.22952	46.478878	47.662235	48.059406	46.719765	45.75982	48.39769	47.138332	46.326336	47.224846	46.120026	48.65121	48.611164	51.20709	51.91463	54.294136	56.99904	59.731388	61.815254	60.023304	56.976894	56.138695	54.426704	53.076477	51.676197	50.05543	50.878384	48.504303	45.25937	45.90119	42.841522	43.254723	42.811832	45.962673	47.97684	46.813595	47.736343	51.03455	51.99425	50.960926	53.04704	56.068478	55.62891	55.77625	59.16658	60.651382	58.805836	60.682655	64.07427	63.925743	63.000763
I-212-A	73.68135	71.949196	68.32847	68.49685	68.19046	64.70751	63.70713	65.13118	63.37099	60.03135	60.364742	61.913807	58.3962	57.882534	54.41299	55.375484	57.165337	58.129707	58.97565	60.982132	62.26107	62.33825	63.890003	62.02676	64.3731	65.818756	67.492386	64.880554	66.40475	65.285515	67.21437	66.65895	64.30579	63.78655	66.17051	65.368484	61.62641	59.53553	59.56397	63.360428	62.88679	60.73131	62.24345	62.675	60.342335	57.597206	58.323902	58.398632	54.7823	53.38471	55.116936	54.110603	53.39307	49.922997	47.322124	44.966892	46.541454	46.939346	43.193768	43.26239	46.596287	47.349873	50.80139	53.522278	55.32151	58.578297	57.120327	54.036957	50.82762	48.56479	44.971886	44.54837	41.66443	42.290047	44.979557	46.609974	50.24568	51.128407	49.10484	51.12737	50.288773	48.694393	51.26403	49.35429	47.763176	46.170315	46.4107	45.683586	48.149467	47.129204	48.286312	48.444096	47.075935	46.391552	49.14055	48.14866	47.384243	48.50561	47.51571	50.040874	50.121273	52.64912	53.50484	55.810074	58.637623	61.313465	63.296455	61.51352	58.403828	57.717873	55.898056	54.666286	53.171947	51.684757	52.47579	50.040684	46.942173	47.72923	44.715435	45.025085	44.833847	48.05646	49.86154	48.711376	49.870705	53.121815	53.881397	52.944473	55.21275	58.10527	57.52753	57.83889	61.277542	62.58091	60.72267	62.75991	66.084404	65.777	64.75652
K-213-A	70.44307	68.643845	64.99427	65.199295	64.99045	61.493217	60.456463	61.981308	60.28924	56.88989	57.254646	58.93221	55.48089	54.95834	51.429615	52.237892	53.959568	54.81232	55.624466	57.551544	58.810814	58.800304	60.32945	58.414597	60.769688	62.157887	63.824837	61.226227	62.789284	61.72845	63.71796	63.223965	60.89369	60.44142	62.78586	61.976807	58.221523	56.046986	56.049458	59.840763	59.297802	57.105537	58.55912	58.96477	56.598503	53.88457	54.643	54.67856	51.051044	49.70781	51.46121	50.40401	49.694637	46.203407	43.618065	41.2167	42.759773	43.181087	39.439526	39.48657	42.836185	43.622017	47.091404	49.854416	51.705017	54.96906	53.4912	50.45387	47.20582	44.954548	41.33783	40.909847	38.09274	38.750957	41.40953	43.12494	46.726673	47.61258	45.689606	47.825386	47.10217	45.42188	47.885406	45.94195	44.25254	42.69023	42.884117	42.208336	44.66021	43.621265	44.883972	45.089287	43.86299	43.278717	45.940014	44.964104	44.08013	45.19985	44.16661	46.625652	46.706905	49.17676	50.085243	52.35182	55.238712	57.897697	59.819126	58.03589	54.904892	54.300068	52.45835	51.322083	49.84631	48.487507	49.36825	47.005512	43.975113	44.720634	41.671257	41.82843	41.751465	45.048813	46.699177	45.503117	46.804214	50.036762	50.649895	49.74921	52.137173	54.940907	54.266857	54.680676	58.145187	59.330173	57.475487	59.617573	62.88731	62.496788	61.409355
E-214-A	68.603424	66.97245	63.362404	63.388763	63.107018	59.677982	58.56457	59.90012	58.216484	54.857765	55.05909	56.601326	53.070488	52.453945	49.011303	50.0211	51.771698	52.842873	53.812077	55.932285	57.35848	57.55545	59.278206	57.56429	60.067783	61.58261	63.074333	60.318497	61.67389	60.404118	62.32572	61.62246	59.165375	58.519466	60.885487	60.046364	56.325977	54.338776	54.46219	58.259506	57.865955	55.83303	57.501278	58.11389	55.87327	52.990578	53.75513	54.05157	50.428024	48.92527	50.83424	50.006897	49.576824	46.12441	43.325497	41.010338	42.504726	42.589146	38.828102	38.98515	42.19679	42.743122	46.123363	48.683517	50.37926	53.587708	52.167873	48.987083	45.8713	43.59226	40.075394	39.784172	36.841465	37.665977	40.556004	42.324005	45.901737	47.063717	45.14757	47.217094	46.2683	44.433887	46.905952	44.78136	43.10843	41.295036	41.41976	40.51844	42.95666	41.97274	43.02247	43.231174	41.810726	40.983425	43.724403	42.673004	41.984142	43.135597	42.259518	44.910755	45.15204	47.824905	48.8315	51.310482	54.220306	57.05166	58.89393	56.92796	53.72563	52.876022	50.92383	49.542683	47.91997	46.329155	47.01036	44.513615	41.424026	42.305634	39.375294	39.826107	39.75792	42.90036	44.708477	43.745594	44.98256	48.123005	48.935726	48.192135	50.460735	53.285107	52.85147	53.313644	56.67432	57.991215	56.325333	58.436047	61.67935	61.493	60.30482
K-215-A	71.7715	70.22509	66.62281	66.528404	66.27455	62.897438	61.680832	62.917217	61.304394	57.94394	57.987003	59.484478	55.91546	55.151527	51.78369	52.88928	54.549675	55.757084	56.884277	59.08599	60.63484	60.86203	62.67339	60.986454	63.55823	65.02762	66.44112	63.631153	64.92795	63.606445	65.57963	64.78227	62.22289	61.44114	63.724644	62.750805	59.071194	57.155025	57.445553	61.233276	60.795544	58.87865	60.574493	61.299973	59.003193	56.120052	57.015396	57.349854	53.69254	52.263443	54.278587	53.417618	53.03435	49.540337	46.765636	44.343983	45.67563	45.73951	41.98605	41.95523	45.074596	45.720284	49.13508	51.60986	53.3685	56.48122	54.93744	51.746082	48.633198	46.50215	43.05627	42.971638	40.096546	41.093918	44.04975	45.916695	49.453987	50.69129	48.841904	50.9442	49.97824	48.080402	50.505028	48.28843	46.532036	44.593582	44.555233	43.45569	45.739197	44.582874	45.40853	45.377533	43.719948	42.918503	45.85188	44.977463	44.533768	45.87698	45.21361	47.993473	48.405815	51.158447	52.280632	54.82688	57.785763	60.66369	62.43489	60.391293	57.131325	56.217335	54.151558	52.670067	50.892113	49.193054	49.6679	47.007137	43.96981	45.065884	42.283474	42.92055	42.95746	45.99692	47.83767	47.04152	48.30558	51.364777	52.2376	51.617836	53.86038	56.65827	56.316303	56.842304	60.15784	61.49335	59.911674	62.038975	65.25508	65.11549	63.861176
L-216-A	73.50811	71.84911	68.192604	68.15113	68.07472	64.67798	63.381744	64.76524	63.278152	59.821552	59.865475	61.55043	58.06206	57.217747	53.790665	54.68838	56.175426	57.24341	58.37627	60.438107	61.96507	61.98043	63.71332	61.85125	64.38863	65.660034	67.12048	64.38784	65.82184	64.66389	66.8014	66.129166	63.5843	62.880295	65.02895	63.93492	60.25146	58.17753	58.51883	62.29143	61.62551	59.66709	61.17072	61.82899	59.34588	56.620575	57.676483	57.815544	54.11071	52.92868	54.956913	53.842636	53.309803	49.72939	47.153866	44.51922	45.683193	45.993896	42.26853	41.94138	45.078167	46.035828	49.57087	52.15282	54.14461	57.21206	55.476032	52.42592	49.174026	47.223785	43.74833	43.768486	41.11265	42.196125	45.02527	47.034782	50.51783	51.63257	49.94076	52.22944	51.518063	49.588215	51.86195	49.652752	47.705936	45.852757	45.658123	44.575443	46.705597	45.313347	46.180702	45.95098	44.343132	43.857468	46.839764	46.21426	45.744446	47.254932	46.6388	49.34422	49.8082	52.437824	53.653816	56.074734	59.123665	61.904167	63.605766	61.621033	58.334362	57.6171	55.49781	54.19112	52.385513	50.87675	51.39092	48.737106	45.853073	47.014774	44.24023	44.693645	44.93424	48.071373	49.683167	48.82934	50.304768	53.344185	53.988213	53.405346	55.82897	58.506428	57.98163	58.631523	62.009663	63.15323	61.51415	63.78194	66.94232	66.61546	65.30766
C-217-A	71.05316	69.27836	65.58332	65.62548	65.68157	62.25804	60.936657	62.47765	61.071335	57.542	57.65407	59.514828	56.124237	55.28585	51.77952	52.453564	53.843105	54.732723	55.79656	57.716232	59.18179	59.037403	60.69238	58.71532	61.219856	62.377674	63.87424	61.203556	62.738304	61.707508	63.938198	63.390335	60.901886	60.318607	62.40488	61.297405	57.594975	55.3767	55.67218	59.432266	58.634342	56.60054	57.970554	58.54812	55.97999	53.34842	54.457874	54.47401	50.75593	49.70237	51.71835	50.469677	49.866608	46.252285	43.77573	41.04679	42.150757	42.592068	38.88775	38.45883	41.63534	42.727634	46.31444	48.99363	51.102962	54.17949	52.38405	49.43385	46.09623	44.195587	40.677803	40.689003	38.17123	39.27142	41.995155	44.095264	47.5272	48.568157	47.004955	49.43492	48.91969	46.941498	49.079185	46.88167	44.811485	43.055256	42.801258	41.817135	43.906902	42.44738	43.47128	43.258835	41.846165	41.562347	44.44341	43.885685	43.25058	44.775852	44.093227	46.677643	47.117455	49.624165	50.882744	53.19757	56.303955	59.01087	60.65649	58.723183	55.434196	54.877113	52.756626	51.622494	49.865856	48.56211	49.212875	46.66553	43.88665	44.984226	42.15816	42.3756	42.755432	45.99953	47.392254	46.44063	48.091038	51.1202	51.54781	50.973816	53.554787	56.119823	55.42755	56.18014	59.604908	60.57871	58.898235	61.28535	64.38484	63.909946	62.556274
Y-218-A	69.720924	67.9822	64.27239	64.18858	64.41927	61.063824	59.5481	61.085266	59.881256	56.278854	56.214283	58.19265	54.86251	53.816486	50.33998	50.915962	52.078926	52.995014	54.229412	56.153107	57.769043	57.56587	59.330223	57.358494	59.983757	61.015026	62.355892	59.614708	61.086643	60.044872	62.415455	61.808086	59.212452	58.531624	60.446724	59.155037	55.500755	53.278908	53.769928	57.496017	56.56021	54.656246	56.005665	56.729725	54.072643	51.466698	52.795303	52.85619	49.098545	48.201374	50.413197	49.101765	48.64727	44.985176	42.53613	39.63772	40.439724	40.802773	37.14543	36.446407	39.46004	40.681034	44.301723	46.877663	49.113396	52.051437	50.078148	47.17367	43.81624	42.14	38.72417	39.041706	36.724968	38.139725	40.9254	43.28292	46.569016	47.768623	46.46645	49.074512	48.667786	46.460793	48.354767	45.964382	43.64971	41.738636	41.17817	39.975224	41.817	40.110992	40.968533	40.515495	39.00222	38.892796	41.879128	41.573685	41.0953	42.868073	42.42617	45.089542	45.782845	48.323704	49.827633	52.19694	55.44353	58.203545	59.637165	57.57677	54.18388	53.62632	51.315228	50.16487	48.221157	46.95366	47.449963	44.804802	42.214043	43.531185	40.87806	41.13794	41.83542	45.012188	46.21705	45.45621	47.339546	50.198475	50.50548	50.179726	52.87369	55.255726	54.579212	55.57571	58.94374	59.778465	58.256058	60.804726	63.76533	63.26466	61.71147
V-219-A	68.19759	66.35032	62.607662	62.578857	63.00095	59.65038	58.05885	59.754364	58.69888	55.01846	54.972244	57.15544	53.960518	52.86284	49.339306	49.649982	50.6274	51.356216	52.564796	54.32187	55.906513	55.500923	57.196583	55.09234	57.698334	58.546955	59.88792	57.213005	58.78567	57.89619	60.410255	59.928482	57.37188	56.794243	58.573925	57.204006	53.5615	51.184715	51.693142	55.37775	54.239944	52.299465	53.47084	54.140182	51.347294	48.8838	50.35099	50.263783	46.490013	45.81784	48.059242	46.554623	46.040283	42.33419	40.05235	36.986076	37.59416	38.12203	34.534397	33.582035	36.57068	38.03323	41.719917	44.37052	46.792778	49.676693	47.564907	44.81492	41.35828	39.846966	36.440907	36.85818	34.805134	36.323242	38.9673	41.48323	44.644836	45.779873	44.704185	47.499577	47.34854	45.059288	46.725468	44.320675	41.81158	39.987038	39.261333	38.107162	39.791023	37.91184	38.87366	38.3247	36.993324	37.199005	40.10232	39.98693	39.397537	41.26942	40.84414	43.376797	44.11783	46.508816	48.120964	50.36472	53.69524	56.36582	57.677345	55.655586	52.248184	51.879967	49.52426	48.570065	46.63229	45.607647	46.190758	43.640854	41.24847	42.561882	39.937553	39.957832	40.888786	44.127266	45.03787	44.231815	46.348026	49.129787	49.170273	48.920673	51.79331	53.995113	53.142815	54.30367	57.69103	58.302853	56.776962	59.47995	62.330154	61.65863	60.01623
A-220-A	70.01714	68.10916	64.34954	64.31905	64.93242	61.619144	59.916832	61.704453	60.819447	57.08114	56.974125	59.308907	56.22132	55.005325	51.494617	51.621357	52.374992	52.999165	54.259335	55.88645	57.48771	56.891796	58.54006	56.309685	58.89811	59.521515	60.838547	58.233906	59.8887	59.14409	61.81981	61.42398	58.86599	58.320095	59.909954	58.38452	54.797916	52.31818	52.937443	56.553352	55.180916	53.27575	54.2542	54.908623	51.943726	49.667866	51.34041	51.09229	47.312817	46.932125	49.218002	47.483513	46.88739	43.14327	41.10247	37.839424	38.159004	38.890984	35.432896	34.105595	36.976025	38.76686	42.50791	45.173077	47.815804	50.56598	48.24038	45.678272	42.14721	40.918083	37.59967	38.21261	36.471	38.125465	40.621986	43.286312	46.302723	47.36391	46.51499	49.470417	49.551617	47.209198	48.661873	46.24304	43.54719	41.777824	40.83425	39.640026	41.06427	38.920444	39.82737	39.005226	37.698093	38.25009	41.1837	41.382935	40.853264	42.918774	42.62887	45.085243	45.941456	48.20681	49.94991	52.07844	55.48473	58.062508	59.237297	57.245136	53.821342	53.617702	51.18579	50.37708	48.379566	47.52617	48.06958	45.523758	43.350716	44.770203	42.258682	42.16703	43.32404	46.554897	47.232964	46.458847	48.764988	51.444458	51.280853	51.138184	54.141304	56.17605	55.20048	56.51467	59.898247	60.316956	58.80856	61.640747	64.38324	63.563	61.83274
L-221-A	68.84661	66.96277	63.20965	63.0743	63.881554	60.657524	58.776695	60.578056	59.914207	56.1287	55.86564	58.32743	55.35212	53.951252	50.497826	50.47606	50.969326	51.569386	52.970673	54.549446	56.270184	55.582466	57.305492	55.07339	57.749928	58.21162	59.368805	56.73047	58.332855	57.61605	60.43312	60.01054	57.381023	56.770447	58.154915	56.447308	52.940643	50.444202	51.25155	54.791454	53.24996	51.480667	52.388588	53.169197	50.11171	47.917553	49.82037	49.58588	45.80629	45.635098	48.088398	46.273796	45.81838	42.071205	40.127174	36.7186	36.67629	37.357643	34.03469	32.381508	35.014225	36.979225	40.7142	43.257927	46.042202	48.61149	46.095665	43.64917	40.117424	39.180965	36.02835	36.961124	35.51742	37.4568	39.93076	42.81907	45.628246	46.810173	46.255558	49.36364	49.582756	47.05445	48.2257	45.66195	42.74252	40.87685	39.62053	38.24773	39.360397	36.955116	37.703484	36.610924	35.271454	36.09496	39.0646	39.567867	39.173763	41.47093	41.420223	43.88162	44.974037	47.207474	49.17836	51.30705	54.821507	57.40667	58.35197	56.266926	52.77727	52.613724	50.02187	49.249775	47.103813	46.35063	46.76225	44.18385	42.267704	43.86342	41.558582	41.455673	42.92492	46.05545	46.495296	45.895866	48.42152	50.900036	50.57778	50.675457	53.777126	55.59323	54.609108	56.159103	59.463005	59.712566	58.360252	61.339317	63.915764	63.049026	61.13496
D-222-A	71.117935	69.09044	65.31886	65.33431	66.22968	62.970383	61.146904	63.109234	62.463795	58.6576	58.524147	61.09925	58.212612	56.88693	53.38631	53.18568	53.629498	54.026047	55.288666	56.670258	58.23882	57.340973	58.875225	56.456	58.9824	59.273006	60.56966	58.104504	59.89765	59.40014	62.290607	62.06718	59.563816	59.12971	60.455627	58.762325	55.26369	52.60761	53.317753	56.809296	55.102573	53.212498	53.87574	54.458336	51.26998	49.298035	51.224792	50.71937	46.971485	47.0158	49.31919	47.260197	46.540085	42.78556	41.1224	37.62849	37.548996	38.589863	35.3735	33.556507	36.2428	38.480446	42.252037	44.95309	47.888004	50.453857	47.871635	45.626522	42.01017	41.162727	37.986008	38.809467	37.546463	39.332863	41.553513	44.39442	47.165833	48.090755	47.589844	50.76336	51.20787	48.80848	49.924145	47.52749	44.59222	42.969	41.76053	40.602306	41.68055	39.234165	40.161327	39.055073	37.9352	38.996502	41.83699	42.42299	41.866943	44.116993	43.94222	46.201954	47.16053	49.182076	51.0754	52.98907	56.475903	58.882908	59.857044	57.944927	54.536488	54.611637	52.121456	51.584717	49.576077	49.042202	49.614265	47.173927	45.331715	46.80318	44.425312	44.083744	45.54149	48.771	49.067715	48.286434	50.862305	53.389977	52.88604	52.869183	56.06524	57.832943	56.640278	58.16814	61.538708	61.64636	60.151047	63.166706	65.73182	64.672035	62.83034
F-223-A	72.18497	70.04788	66.26137	66.46379	67.24064	63.88244	62.253723	64.307724	63.480865	59.703876	59.794254	62.336052	59.417408	58.307632	54.72285	54.525146	55.16965	55.453354	56.498814	57.803074	59.172504	58.238945	59.59999	57.085426	59.451035	59.80309	61.317253	58.9749	60.91645	60.513275	63.31166	63.22898	60.869	60.605312	62.09064	60.586143	57.01279	54.27494	54.74528	58.28013	56.64475	54.555725	55.156647	55.51421	52.354794	50.41665	52.13419	51.479984	47.75382	47.712784	49.783844	47.67958	46.70617	42.95989	41.349182	37.954426	38.190987	39.447357	36.167175	34.580517	37.515095	39.712128	43.502197	46.400063	49.276997	52.01572	49.58899	47.3401	43.67878	42.597748	39.256237	39.72923	38.311836	39.7675	41.85956	44.480854	47.39856	48.081734	47.366524	50.445362	50.906487	48.733177	50.042038	47.86517	45.113956	43.71565	42.80766	41.93741	43.280525	41.06028	42.25573	41.422333	40.485462	41.431126	44.14273	44.482315	43.681957	45.686344	45.21675	47.343643	48.013927	49.935287	51.58526	53.37396	56.74822	59.047478	60.2344	58.500805	55.199577	55.376137	53.08932	52.66379	50.87508	50.397266	51.199127	48.88961	46.87554	48.102783	45.502716	45.005882	46.203148	49.575054	49.968468	48.926323	51.354275	54.072296	53.58323	53.296814	56.467773	58.381424	57.06982	58.38834	61.860134	62.0231	60.315918	63.22852	65.92079	64.790695	63.14744
E-224-A	75.11554	72.90324	69.11464	69.37209	70.26288	66.91838	65.26807	67.41071	66.665504	62.869186	62.974953	65.60904	62.76931	61.633335	58.052326	57.726475	58.253902	58.426815	59.44557	60.615803	61.929234	60.832047	62.086475	59.44865	61.72506	61.89404	63.45225	61.23266	63.28285	63.038807	65.9285	65.96256	63.65775	63.4705	64.83852	63.26686	59.7411	56.915062	57.404354	60.86965	59.066917	56.963604	57.36962	57.63595	54.358875	52.621895	54.434814	53.593243	49.910263	50.096294	52.104862	49.805588	48.67898	44.953377	43.59966	40.125347	40.209908	41.698063	38.56674	36.764606	39.61382	42.047596	45.83463	48.76983	51.786427	54.437572	51.89545	49.830143	46.13563	45.23409	41.96022	42.47854	41.27085	42.71127	44.626045	47.261154	50.08262	50.616207	50.017513	53.16204	53.805695	51.68553	52.88451	50.786236	47.97499	46.699963	45.72409	44.911446	46.11352	43.772163	44.976295	44.0014	43.134483	44.304646	46.98672	47.502506	46.699745	48.769268	48.327816	50.345856	51.015602	52.794968	54.45876	56.101555	59.475494	61.645752	62.78348	61.146618	57.889954	58.23074	55.96134	55.683933	53.922688	53.587666	54.411575	52.14644	50.253086	51.490986	48.927483	48.323265	49.595062	52.980698	53.23946	52.154243	54.65858	57.345276	56.715225	56.428623	59.6706	61.4956	60.059692	61.42157	64.90615	64.93505	63.18025	66.14548	68.782234	67.511955	65.87327
Q-225-A	76.50571	74.43208	70.65581	70.72064	71.638084	68.36541	66.56479	68.5595	67.9082	64.10208	63.991444	66.5708	63.67803	62.354244	58.85612	58.657166	59.0844	59.45486	60.695145	62.016132	63.52867	62.54016	63.977337	61.457317	63.88449	64.06556	65.44794	63.09234	64.98498	64.598465	67.526985	67.382484	64.91804	64.52327	65.80097	64.06737	60.596275	57.902824	58.61797	62.075943	60.27581	58.364494	58.893497	59.381798	56.10877	54.2872	56.24418	55.577106	51.86121	52.037987	54.241257	52.033897	51.12051	47.37769	45.909824	42.387917	42.291054	43.551414	40.413143	38.498238	41.16667	43.565746	47.340668	50.0868	53.103195	55.627068	52.97396	50.841515	47.206203	46.44917	43.289726	44.078712	42.868134	44.55689	46.663807	49.433277	52.21886	52.974663	52.440365	55.603313	56.126976	53.85056	55.009014	52.72123	49.818054	48.300922	47.128433	46.024788	47.06326	44.560078	45.457035	44.228886	43.065754	44.218945	47.108143	47.79687	47.29081	49.571983	49.396584	51.615692	52.52587	54.473812	56.309414	58.12164	61.573914	63.880238	64.90072	63.092	59.73224	59.907764	57.464775	56.997707	55.018925	54.512905	55.078594	52.617813	50.77663	52.263363	49.867928	49.51699	50.91618	54.178345	54.498158	53.653843	56.194477	58.775578	58.25468	58.16036	61.362804	63.16056	61.89646	63.36579	66.77886	66.86182	65.272354	68.26898	70.86499	69.71795	67.94798
E-226-A	76.26692	74.27263	70.499626	70.53278	71.26055	67.94802	66.2264	68.10319	67.28972	63.52634	63.42968	65.846565	62.813488	61.55749	58.053383	58.078075	58.709126	59.236847	60.48188	61.9697	63.507114	62.71622	64.229805	61.825974	64.29617	64.69732	66.10133	63.649757	65.45763	64.90738	67.699646	67.43955	64.932594	64.45875	65.911385	64.279785	60.7451	58.164448	58.827324	62.375393	60.789387	58.8653	59.60223	60.138977	56.99917	54.973812	56.77211	56.267467	52.516644	52.419075	54.61381	52.60628	51.760464	48.007122	46.293167	42.90144	43.0635	44.13999	40.829067	39.208378	42.013535	44.14661	47.92282	50.657234	53.497585	56.147514	53.647705	51.301018	47.70571	46.705048	43.44261	44.10192	42.581146	44.18504	46.4714	49.127132	52.08446	52.921043	52.148396	55.169716	55.45491	53.225075	54.615948	52.316753	49.567593	47.95557	46.952354	45.819164	47.078697	44.752632	45.627747	44.560326	43.25359	44.08719	47.060852	47.5142	47.03934	49.215492	48.97212	51.327217	52.17282	54.28412	56.020855	57.975002	61.377357	63.79709	64.959435	63.098785	59.723938	59.717075	57.30899	56.660446	54.682487	53.960682	54.499138	51.95636	49.897057	51.360477	48.879185	48.698063	49.896923	53.161415	53.739223	52.89806	55.257347	57.945168	57.65351	57.470474	60.544926	62.52792	61.406178	62.72764	66.15575	66.45041	64.84355	67.71598	70.43934	69.44966	67.75883
M-227-A	77.83936	75.712845	71.92667	72.14479	72.837845	69.45161	67.878746	69.88497	68.96878	65.21772	65.319374	67.76821	64.76127	63.675076	60.09836	60.038685	60.76974	61.133984	62.18108	63.531784	64.87667	63.97417	65.296135	62.759445	65.05965	65.426796	67.02278	64.726295	66.70419	66.30732	69.06896	68.98464	66.62617	66.33852	67.86572	66.36279	62.78477	60.084347	60.55365	64.10458	62.49575	60.397594	60.993034	61.30537	58.138477	56.228966	57.90207	57.19568	53.483696	53.4217	55.404705	53.277405	52.172592	48.44213	46.88305	43.53819	43.873623	45.213757	41.923702	40.384552	43.345005	45.550934	49.341206	52.253704	55.114475	57.867542	55.442265	53.17808	49.52467	48.41854	45.054752	45.460167	43.93087	45.272186	47.36534	49.858532	52.87333	53.45194	52.57717	55.555424	55.94876	53.919914	55.395382	53.308483	50.671513	49.301937	48.499172	47.631275	49.033497	46.83058	47.948124	47.049442	45.95651	46.822575	49.655945	49.990093	49.289043	51.293148	50.81704	52.999165	53.61177	55.565228	57.11708	58.896477	62.20827	64.47745	65.780426	64.109344	60.84358	61.002514	58.767822	58.29222	56.512257	55.925797	56.679565	54.28447	52.15848	53.41402	50.77029	50.385483	51.426254	54.813004	55.377975	54.301	56.591232	59.408016	59.04151	58.6461	61.741585	63.785152	62.499325	63.681343	67.19289	67.45613	65.65978	68.47865	71.2683	70.15124	68.61882
A-228-A	80.7429	78.626884	74.842064	75.00031	75.80894	72.471596	70.79358	72.7994	72.00762	68.22873	68.226524	70.73289	67.7674	66.55649	63.021915	62.911842	63.488018	63.860043	65.004005	66.32401	67.733826	66.75354	68.09258	65.51926	67.837204	68.062416	69.593185	67.31645	69.2959	68.95007	71.81211	71.72676	69.3253	68.99103	70.37326	68.7294	65.21612	62.509113	63.11291	66.606316	64.86124	62.851944	63.35812	63.719635	60.459595	58.660477	60.49134	59.732796	56.032135	56.14684	58.195324	55.961613	54.86101	51.131413	49.705925	46.261967	46.37444	47.769188	44.585236	42.813946	45.61832	47.99155	51.77879	54.62441	57.60006	60.218616	57.64197	55.48699	51.83354	50.94344	47.687725	48.276985	46.919403	48.395817	50.455227	53.051006	55.964752	56.555172	55.8248	58.882107	59.36652	57.27638	58.625347	56.48642	53.734726	52.329185	51.35632	50.380413	51.58332	49.197315	50.173336	49.04068	47.866188	48.906837	51.81246	52.375267	51.814453	53.982685	53.667458	55.866352	56.612385	58.541664	60.208965	61.965454	65.33023	67.57434	68.76412	67.07064	63.77784	63.98264	61.661133	61.20823	59.33195	58.78017	59.421894	56.96577	54.972702	56.36597	53.840374	53.48938	54.6772	58.013958	58.48485	57.50299	59.8936	62.622272	62.18638	61.904713	65.04942	66.99544	65.69663	66.987724	70.4714	70.644714	68.90592	71.79774	74.51305	73.34596	71.73344
T-229-A	81.10892	79.14096	75.370895	75.366905	76.09943	72.80111	71.05112	72.88458	72.08475	68.32573	68.16936	70.55087	67.4845	66.170975	62.703156	62.794613	63.396935	63.990692	65.29794	66.81209	68.38258	67.58667	69.10433	66.684	69.14203	69.4937	70.897835	68.46493	70.277756	69.73787	72.55579	72.27586	69.73617	69.208565	70.61292	68.90743	65.40631	62.858654	63.598553	67.12874	65.50111	63.628315	64.33649	64.890465	61.707466	59.73553	61.58916	61.05018	57.306847	57.271393	59.46431	57.40635	56.509815	52.759525	51.118114	47.7034	47.81147	48.940334	45.666748	43.965076	46.707985	48.914017	52.687946	55.386494	58.265408	60.853992	58.282936	55.970028	52.387035	51.47628	48.258305	48.977917	47.472336	49.089695	51.37557	54.01839	56.982597	57.78747	56.99616	60.000465	60.277416	58.084984	59.507828	57.218433	54.473953	52.84393	51.810047	50.611973	51.804092	49.400826	50.148647	48.92902	47.483276	48.343365	51.421436	51.98302	51.647865	53.90679	53.7506	56.156185	57.04683	59.17853	60.92618	62.880997	66.28005	68.68693	69.853516	67.99994	64.622604	64.61008	62.178146	61.49518	59.46321	58.682644	59.122467	56.493973	54.440212	55.99669	53.56211	53.47687	54.663166	57.898834	58.53417	57.73651	60.06533	62.75717	62.513035	62.337	65.38614	67.39508	66.29896	67.60256	71.032776	71.349884	69.73538	72.59073	75.331955	74.34139	72.66348
A-230-A	80.8978	78.897964	75.125595	75.22841	75.79456	72.41928	70.83528	72.673805	71.68292	67.96923	67.96832	70.25409	67.11308	65.97881	62.456615	62.642525	63.466908	64.05218	65.216354	66.75503	68.20804	67.48717	68.93344	66.519646	68.898705	69.40103	70.9434	68.538925	70.39688	69.83497	72.52337	72.27817	69.81531	69.36518	70.95725	69.43075	65.85012	63.300953	63.85716	67.45502	65.97987	63.97421	64.74731	65.18671	62.095768	60.041214	61.684406	61.142117	57.40224	57.17762	59.225025	57.25092	56.252197	52.516663	50.784286	47.506935	47.91835	49.069004	45.686493	44.264328	47.20924	49.254448	53.032463	55.841663	58.594685	61.352398	58.959316	56.541065	52.95055	51.778862	48.419113	48.868248	47.136135	48.515415	50.800365	53.250378	56.36704	57.070805	56.04484	58.91082	59.080143	57.05107	58.690056	56.533447	53.98098	52.446663	51.67468	50.644867	52.10119	49.92692	50.84635	49.889744	48.519722	49.166634	52.18106	52.467625	51.973614	54.01932	53.641705	56.016262	56.695854	58.835255	60.38399	62.325855	65.622955	68.01466	69.37472	67.60723	64.29599	64.25816	61.97485	61.28064	59.395374	58.560486	59.14432	56.579018	54.32426	55.70035	53.091446	52.976757	53.910145	57.224464	58.028633	57.071342	59.220173	62.06869	61.936142	61.5541	64.51961	66.69686	65.596176	66.69932	70.18796	70.63759	68.89109	71.61645	74.48793	73.53415	72.018654
A-231-A	83.9511	81.864044	78.08182	78.27783	78.89025	75.4917	73.94681	75.87712	74.89022	71.166016	71.24044	73.58642	70.488594	69.3959	65.845764	65.93956	66.73864	67.21451	68.30081	69.726524	71.08601	70.240814	71.565384	69.03756	71.3101	71.70508	73.341736	71.05536	73.032104	72.60622	75.33464	75.21085	72.823875	72.474976	74.032814	72.50997	68.934654	66.29607	66.799774	70.3681	68.79506	66.721054	67.345085	67.66008	64.494934	62.582943	64.23461	63.523796	59.816063	59.71987	61.66239	59.543785	58.37173	54.653595	53.10467	49.800606	50.196888	51.555294	48.24712	46.74137	49.700653	51.89401	55.68327	58.575962	61.413548	64.164474	61.7306	59.430252	55.79565	54.679478	51.31166	51.701088	50.067158	51.353058	53.486607	55.889038	58.983204	59.51745	58.50932	61.39258	61.6929	59.76559	61.384388	59.34186	56.794895	55.40366	54.66321	53.74771	55.182037	52.97791	53.98044	52.99839	51.72529	52.502693	55.467884	55.81149	55.24399	57.274338	56.834198	59.101425	59.702984	61.71986	63.212387	65.02008	68.28695	70.55901	71.94874	70.29899	67.04598	67.15058	64.93319	64.37246	62.56408	61.84515	62.511658	60.010487	57.791237	59.10841	56.458233	56.220154	57.138943	60.50886	61.24305	60.180347	62.345932	65.229645	65.000565	64.54135	67.553116	69.71211	68.48844	69.56174	73.0917	73.46416	71.620384	74.35262	77.22508	76.15182	74.6987
S-232-A	85.692604	83.707504	79.93439	79.9734	80.647896	77.31883	75.63004	77.45806	76.58477	72.8445	72.732155	75.062096	71.948814	70.68282	67.20889	67.366135	68.03961	68.64959	69.91975	71.43652	72.95718	72.159706	73.62031	71.16199	73.55233	73.90861	75.39693	73.01733	74.88345	74.37422	77.16499	76.915665	74.403564	73.89631	75.341194	73.66214	70.14948	67.60102	68.30199	71.84417	70.22919	68.31633	68.99672	69.482574	66.28959	64.352394	66.1562	65.55043	61.819157	61.775715	63.88047	61.78753	60.769306	57.029793	55.44186	52.06139	52.25985	53.48446	50.203297	48.545925	51.341057	53.56453	57.345074	60.089874	62.963352	65.58345	63.02922	60.720898	57.129536	56.179028	52.924225	53.553986	51.98324	53.48686	55.737717	58.279575	61.31069	62.009655	61.108326	64.04644	64.30281	62.230614	63.764732	61.565575	58.906364	57.338444	56.40341	55.260784	56.51764	54.152485	54.910126	53.695953	52.213318	53.02986	56.139095	56.668236	56.340714	58.56093	58.352768	60.755318	61.56722	63.688313	65.34493	67.26335	70.61039	72.9737	74.23531	72.451935	69.11375	69.12082	66.75129	66.0714	64.08313	63.265858	63.720383	61.074684	58.945034	60.473362	57.98421	57.921986	58.987503	62.252167	62.984085	62.12141	64.35632	67.128716	66.942894	66.663536	69.67111	71.76811	70.65778	71.85491	75.32341	75.695755	73.993996	76.7832	79.59525	78.59074	77.00747
S-233-A	85.13992	83.244644	79.48678	79.477646	79.98814	76.64388	75.013664	76.71847	75.71791	72.0291	71.90836	74.08317	70.8586	69.64053	66.18705	66.54539	67.380615	68.1391	69.42852	71.09705	72.65491	72.042076	73.58607	71.24993	73.69171	74.24043	75.7205	73.24489	75.014114	74.348114	77.01721	76.64918	74.092255	73.499214	75.083	73.48473	69.93291	67.50108	68.174614	71.78194	70.35695	68.456604	69.32705	69.87816	66.80798	64.69064	66.370186	65.92663	62.171623	61.895775	64.0113	62.106934	61.181164	57.44171	55.63881	52.373158	52.757896	53.798977	50.39281	48.96766	51.843163	53.836292	57.6012	60.307796	63.022327	65.72901	63.304092	60.816547	57.27805	56.142464	52.831936	53.379364	51.567936	53.01943	55.424755	57.875847	61.027626	61.822437	60.73747	63.54587	63.58339	61.538593	63.252216	61.030254	58.502506	56.83816	56.02781	54.84073	56.257854	54.03981	54.753613	53.664314	52.05625	52.601257	55.771835	56.111397	55.832855	57.96767	57.72726	60.247265	61.025208	63.29039	64.87639	66.927345	70.22926	72.70006	74.062355	72.21712	68.864975	68.69746	66.3484	65.4986	63.500202	62.489975	62.896954	60.18271	57.88764	59.406155	56.87869	56.983284	57.88652	61.116684	62.067406	61.23835	63.310986	66.14542	66.16658	65.8362	68.71515	70.95618	69.99276	71.07297	74.53019	75.089134	73.40138	76.07851	78.98396	78.13581	76.60683
S-234-A	85.057915	83.293846	79.563255	79.44291	79.825584	76.505615	74.87354	76.41589	75.3477	71.71084	71.5043	73.52151	70.196945	68.95532	65.56446	66.135254	67.066795	68.01643	69.39556	71.23824	72.89379	72.47536	74.15062	71.96537	74.49912	75.20969	76.61428	74.01577	75.64253	74.796616	77.3706	76.8399	74.19629	73.45949	75.12265	73.54198	69.989815	67.71219	68.43784	72.08361	70.82439	69.00784	70.076866	70.75815	67.80163	65.51239	67.13308	66.887054	63.113678	62.644485	64.83139	63.120937	62.351696	58.618168	56.607155	53.431385	53.903004	54.71247	51.220654	49.956955	52.823433	54.603367	58.331295	60.929756	63.498783	66.223015	63.880363	61.23174	57.77639	56.540203	53.241707	53.80892	51.81121	53.29906	55.885067	58.30169	61.52304	62.476383	61.27474	63.977737	63.79397	61.71618	63.549988	61.246777	58.803104	56.981598	56.209126	54.892693	56.379715	54.246647	54.818302	53.76205	51.96423	52.26424	55.531143	55.76319	55.628	57.74882	57.574844	60.248882	61.08037	63.514366	65.09936	67.31398	70.59834	73.201805	74.59684	72.64105	69.249756	68.87858	66.49216	65.43712	63.36204	62.135128	62.408806	59.583115	57.18018	58.76974	56.286095	56.619793	57.431038	60.5692	61.717754	61.00925	62.95351	65.78584	66.017166	65.71915	68.46735	70.806656	70.03184	71.05556	74.46446	75.1941	73.58746	76.17932	79.13591	78.465485	76.93257
S-235-A	82.57936	80.932144	77.22596	76.96667	77.33745	74.077255	72.359436	73.780876	72.762146	69.14019	68.79608	70.75252	67.40081	66.05774	62.734337	63.40263	64.299934	65.38943	66.90011	68.864006	70.65408	70.35893	72.18159	70.12857	72.78584	73.56612	74.8279	72.106255	73.583664	72.59554	75.15015	74.47182	71.726875	70.847305	72.48949	70.85397	67.33541	65.17897	66.020096	69.6637	68.478325	66.78904	68.00064	68.84762	65.959595	63.55294	65.214775	65.15212	61.365788	60.81262	63.137794	61.56783	61.008167	57.278	55.11616	51.95911	52.36253	52.938576	49.426804	48.190105	50.954952	52.60166	56.286434	58.739258	61.232185	63.897785	61.560345	58.822075	55.445103	54.231434	51.01038	51.71845	49.681126	51.325886	54.064495	56.562744	59.751156	60.90689	59.748905	62.448975	62.146988	59.931393	61.727737	59.277306	56.79613	54.795036	53.92131	52.425762	53.851704	51.70039	52.101433	50.991333	49.039803	49.228695	52.57379	52.821815	52.84546	55.04005	55.013935	57.816425	58.794754	61.35805	63.049843	65.40783	68.735016	71.46149	72.76983	70.67103	67.213135	66.6874	64.19605	62.987896	60.786663	59.429802	59.5472	56.623596	54.239624	55.958008	53.592155	54.100647	54.985683	58.013634	59.208206	58.676697	60.63073	63.368576	63.691982	63.538177	66.23683	68.548584	67.923485	69.02461	72.35799	73.14202	71.683556	74.28787	77.201904	76.657326	75.02171
L-236-A	79.95268	78.20595	74.482	74.35627	74.702415	71.37959	69.765465	71.296814	70.20246	66.57336	66.3879	68.394035	65.06719	63.862408	60.454212	61.03121	62.014065	62.96732	64.32464	66.19939	67.86058	67.50789	69.22345	67.105545	69.679695	70.479645	71.85119	69.19954	70.77112	69.859695	72.38259	71.81704	69.17385	68.43719	70.16196	68.64821	65.07009	62.815197	63.494484	67.16288	65.99136	64.16424	65.320625	66.03245	63.155926	60.770073	62.325066	62.177258	58.400955	57.81648	60.0297	58.432457	57.76754	54.04484	51.9045	48.79013	49.33258	50.00722	46.46618	45.335434	48.234005	49.867756	53.572063	56.153316	58.63566	61.410213	59.157593	56.431686	53.00235	51.659725	48.336655	48.862804	46.786842	48.279957	50.932236	53.350086	56.582817	57.622654	56.40561	59.091022	58.842434	56.71177	58.551163	56.2065	53.784412	51.91985	51.182896	49.87279	51.438496	49.402122	50.02891	49.113598	47.368168	47.560513	50.772972	50.876278	50.670883	52.71867	52.4958	55.181137	55.997242	58.471245	60.052002	62.321426	65.60482	68.26288	69.65492	67.65451	64.25283	63.819485	61.437702	60.344418	58.28687	57.039623	57.353786	54.56203	52.116558	53.65468	51.142242	51.472904	52.27128	55.40825	56.569176	55.867535	57.804165	60.63036	60.88512	60.5994	63.332973	65.67554	64.93942	65.970085	69.36035	70.118195	68.5511	71.13797	74.08809	73.47307	71.91949
E-237-A	81.93606	80.14934	76.42963	76.4123	76.625404	73.240944	71.779655	73.32516	72.07025	68.49037	68.44778	70.37099	66.99295	65.94867	62.506786	63.15396	64.31196	65.23871	66.46139	68.32726	69.865944	69.54457	71.16456	69.023766	71.495384	72.38321	73.89311	71.30501	72.94407	72.054146	74.47768	73.97044	71.412094	70.75909	72.61979	71.24607	67.61826	65.34922	65.87404	69.57856	68.50105	66.5587	67.719154	68.30424	65.47939	63.08085	64.47198	64.26894	60.514248	59.822433	61.879307	60.307564	59.503426	55.80862	53.663746	50.661495	51.432762	52.192913	48.604923	47.661343	50.70424	52.26387	55.963825	58.646065	61.050915	63.944042	61.81618	59.05271	55.61574	54.09889	50.678246	50.97317	48.749153	50.00911	52.60692	54.83352	58.180557	59.07975	57.66417	60.218037	59.90362	57.960014	59.984753	57.795967	55.55181	53.81224	53.30327	52.16078	53.919765	52.055244	52.822044	52.086315	50.416637	50.484734	53.63301	53.547222	53.214638	55.08563	54.67532	57.302624	57.92281	60.365578	61.757084	63.97369	67.15051	69.75575	71.32043	69.43038	66.10894	65.69092	63.456482	62.385742	60.471165	59.20199	59.641205	56.916813	54.32149	55.697216	53.044044	53.334034	53.89821	57.097115	58.396538	57.539574	59.30525	62.26911	62.60762	62.123337	64.778	67.263855	66.50145	67.33992	70.78234	71.64212	69.93749	72.39933	75.462234	74.85273	73.46364
K-238-A	80.77362	79.08126	75.398285	75.34137	75.38349	72.000374	70.61707	72.03493	70.650635	67.1483	67.11227	68.86609	65.399055	64.428566	61.02637	61.868706	63.195118	64.253174	65.47057	67.470535	69.02649	68.89434	70.582756	68.582634	71.08651	72.16517	73.65701	70.992455	72.52428	71.485176	73.76452	73.14705	70.569565	69.84691	71.84516	70.57854	66.933136	64.793365	65.268906	69.01087	68.13825	66.21382	67.55422	68.19256	65.519325	62.961098	64.20538	64.167885	60.42779	59.50278	61.54684	60.18675	59.48931	55.838646	53.497974	50.658688	51.611946	52.17429	48.512077	47.83037	50.91275	52.211258	55.845463	58.46557	60.679	63.64122	61.675735	58.76055	55.414837	53.71426	50.276043	50.46671	48.01986	49.198082	51.92092	54.02357	57.457535	58.44935	56.8611	59.255173	58.713936	56.81353	59.003754	56.814068	54.734924	52.921448	52.560062	51.402622	53.320614	51.649273	52.38773	51.819416	50.07683	49.860405	53.00622	52.70053	52.392593	54.130646	53.66967	56.378807	56.944046	59.50654	60.806206	63.137894	66.240746	68.936844	70.59225	68.65426	65.34738	64.75645	62.569668	61.340683	59.44725	57.99963	58.40744	55.65672	52.905716	54.232433	51.551884	52.00051	52.377293	55.51405	57.029633	56.2049	57.781483	60.789047	61.33664	60.79747	63.2978	65.91461	65.305984	66.01665	69.42377	70.46811	68.78947	71.12072	74.25863	73.8129	72.48722
S-239-A	82.2746	80.60514	76.95277	76.94878	76.821754	73.40931	72.16863	73.52931	71.981544	68.56245	68.622154	70.231865	66.70031	65.87305	62.484844	63.46455	64.976494	66.0764	67.201126	69.24999	70.728264	70.70242	72.35209	70.40482	72.84534	74.06186	75.63434	72.98688	74.512085	73.42442	75.56747	74.93979	72.41619	71.71654	73.857574	72.729836	69.05737	66.974655	67.33064	71.099754	70.37913	68.39611	69.81185	70.389404	67.820755	65.19669	66.268906	66.26498	62.559082	61.470013	63.396145	62.147644	61.403748	57.80665	55.394886	52.712246	53.88169	54.417023	50.715107	50.259148	53.43042	54.57267	58.1606	60.806995	62.882248	65.93735	64.12409	61.132034	57.833813	55.95689	52.468758	52.468132	49.845436	50.826385	53.54973	55.454983	58.986607	59.917336	58.122955	60.339417	59.650066	57.912907	60.29653	58.225113	56.351715	54.598484	54.452766	53.40097	55.497856	54.021854	54.825413	54.432564	52.705486	52.29547	55.39111	54.879345	54.511368	56.07284	55.474865	58.170486	58.580788	61.16444	62.28978	64.62715	67.610596	70.30075	72.110016	70.23255	66.99862	66.342026	64.28327	63.00132	61.217804	59.678547	60.146355	57.436584	54.533016	55.72758	52.96084	53.457577	53.586754	56.714752	58.419094	57.511234	58.872227	61.978878	62.68078	61.983498	64.34365	67.110435	66.55923	67.073616	70.486595	71.68502	69.92917	72.102554	75.34423	74.98003	73.80262
Y-240-A	80.771065	79.1285	75.51581	75.565384	75.26637	71.8313	70.73973	72.046906	70.337036	67.00746	67.1769	68.64912	65.071266	64.40796	61.029335	62.12658	63.83457	64.95936	65.972984	68.068954	69.46626	69.56788	71.191826	69.33197	71.72366	73.1078	74.734314	72.087746	73.57735	72.42042	74.40498	73.759125	71.29977	70.63345	72.93213	71.976	68.277306	66.2603	66.47196	70.262375	69.72732	67.68684	69.2058	69.73482	67.314384	64.59519	65.46639	65.54041	61.883766	60.58841	62.4057	61.324795	60.594406	57.07333	54.542416	52.05864	53.462223	53.901604	50.16469	49.997654	53.2462	54.15917	57.66779	60.31943	62.21143	65.366974	63.75218	60.66947	57.44594	55.35738	51.82967	51.618538	48.80516	49.587105	52.325897	54.032276	57.64547	58.55754	56.569324	58.601406	57.743042	56.13878	58.697956	56.72803	55.070686	53.36786	53.4519	52.52068	54.819603	53.5921	54.493015	54.34833	52.69125	52.054974	55.042664	54.2692	53.794575	55.133675	54.372322	57.038185	57.28422	59.89105	60.84214	63.200108	66.0606	68.76262	70.707695	68.87257	65.7145	64.97273	63.048603	61.71091	60.05571	58.43702	58.99435	56.36502	53.30925	54.3322	51.472107	51.996567	51.87858	54.991913	56.869038	55.879795	57.02903	60.219166	61.068848	60.22651	62.44391	65.343506	64.86065	65.193565	68.59581	69.944534	68.13895	70.15968	73.4858	73.22225	72.17478
E-241-A	82.335976	80.75722	77.19504	77.25409	76.78606	73.35432	72.3816	73.58865	71.73898	68.51272	68.73188	70.03327	66.398254	65.84763	62.524372	63.783844	65.65159	66.855415	67.816124	69.985466	71.341644	71.57896	73.2	71.433136	73.78756	75.31252	76.9711	74.3183	75.756165	74.519226	76.36213	75.666214	73.237854	72.55256	74.970215	74.129776	70.431694	68.51251	68.647675	72.4462	72.07319	70.023735	71.64278	72.15852	69.85825	67.06269	67.78598	67.936775	64.32491	62.867226	64.602196	63.66381	62.94547	59.493134	56.878906	54.55542	56.120808	56.478836	52.72771	52.75973	56.037617	56.780327	60.217697	62.83995	64.57917	67.786644	66.3145	63.154175	60.01073	57.78615	54.25854	53.91637	50.953636	51.588943	54.347954	55.87619	59.549026	60.450554	58.288418	60.13155	59.097904	57.629642	60.352417	58.469444	57.01054	55.32604	55.582314	54.702778	57.13062	56.078304	56.979218	56.968246	55.28518	54.451508	57.402718	56.45562	55.98131	57.172047	56.333267	59.007904	59.148525	61.797173	62.6055	64.99597	67.73724	70.45405	72.51615	70.70836	67.616714	66.77165	64.94988	63.522907	61.943657	60.205276	60.76574	58.15871	54.9823	55.912197	53.0274	53.652218	53.312138	56.35756	58.42622	57.41648	58.3439	61.58455	62.612602	61.661224	63.708588	66.73606	66.3582	66.51502	69.883675	71.39744	69.56595	71.421394	74.82563	74.68078	73.75612
L-242-A	81.79185	80.14417	76.60735	76.82032	76.23298	72.75013	71.96631	73.23034	71.2273	68.071495	68.49051	69.73994	66.119385	65.7835	62.425484	63.67239	65.70431	66.80057	67.561966	69.65936	70.84003	71.0839	72.56794	70.78492	73.001724	74.611786	76.40816	73.85305	75.36365	74.18057	75.903076	75.31021	73.02353	72.48406	75.033005	74.377754	70.64539	68.68899	68.617325	72.4183	72.14097	69.95723	71.55109	71.906654	69.69303	66.9112	67.43529	67.522766	63.978745	62.416004	63.95522	63.065834	62.22426	58.854828	56.25689	54.104214	55.899685	56.329273	52.58957	52.841328	56.229263	56.868336	60.25063	62.967335	64.60435	67.92271	66.61605	63.46223	60.33639	57.937534	54.34492	53.735657	50.678005	51.035225	53.670273	54.968166	58.702843	59.43918	57.103924	58.78822	57.71513	56.46481	59.33301	57.65364	56.403202	54.907467	55.41737	54.77677	57.391445	56.55414	57.6604	57.888332	56.393345	55.48456	58.269676	57.115513	56.427185	57.38036	56.301975	58.829933	58.727	61.275127	61.860455	64.144844	66.741554	69.36369	71.58797	69.92763	66.961716	66.171715	64.54702	63.207985	61.840034	60.16462	60.925735	58.485462	55.209503	55.890648	52.85998	53.3447	52.766846	55.86978	58.004196	56.79392	57.550694	60.906982	61.959515	60.788837	62.75685	65.88587	65.441765	65.398926	68.800415	70.37746	68.40308	70.12235	73.60765	73.44658	72.70466
P-243-A	81.933304	80.38677	76.920074	77.10705	76.34149	72.88865	72.211174	73.33807	71.20698	68.174545	68.61471	69.66818	65.99759	65.76415	62.490814	63.920845	66.107735	67.31072	68.04118	70.23756	71.405334	71.82619	73.345055	71.707375	73.9167	75.6918	77.46995	74.8789	76.285446	74.98157	76.54237	75.85958	73.58914	72.99968	75.663666	75.12652	71.4145	69.59665	69.46718	73.261986	73.17931	71.025085	72.75909	73.145615	71.08983	68.20256	68.57757	68.80245	65.317215	63.56306	65.05214	64.3631	63.61012	60.330402	57.607513	55.641754	57.575504	57.843456	54.104553	54.57706	57.949196	58.36228	61.63785	64.27198	65.71576	69.06292	67.920586	64.674484	61.669346	59.137897	55.584393	54.874203	51.66599	51.91091	54.597694	55.728287	59.49313	60.283558	57.796684	59.276115	57.98548	56.834087	59.843964	58.21665	57.1699	55.650387	56.31403	55.69042	58.417698	57.77552	58.84781	59.221745	57.6917	56.55132	59.283497	57.941067	57.277103	58.074596	56.947647	59.49986	59.322132	61.936943	62.400455	64.75267	67.227875	69.89574	72.20428	70.53328	67.6286	66.68839	65.150314	63.684063	62.37487	60.553623	61.287415	58.87095	55.487316	56.084187	53.067585	53.69225	52.901604	55.88847	58.222675	57.041798	57.565277	60.932365	62.19035	60.95179	62.719837	65.960205	65.67062	65.46941	68.79953	70.55785	68.61123	70.15825	73.69772	73.700775	73.05419
D-244-A	85.42922	83.84373	80.38262	80.63793	79.84179	76.36883	75.75854	76.91527	74.73603	71.72779	72.234245	73.273476	69.60998	69.435844	66.15796	67.57727	69.79517	70.95558	71.6237	73.773926	74.86843	75.249855	76.68816	74.9967	77.12544	78.8843	80.747734	78.22538	79.70118	78.45776	80.00304	79.3838	77.16716	76.63511	79.32027	78.81453	75.09218	73.23737	73.056175	76.85034	76.75039	74.54024	76.215324	76.51837	74.438774	71.605576	71.94583	72.08173	68.61062	66.88614	68.28602	67.53761	66.66337	63.395355	60.755283	58.796684	60.77533	61.162354	57.43451	57.890785	61.31097	61.79049	65.08607	67.78446	69.256	72.629745	71.48733	68.27492	65.23745	62.698757	59.11419	58.339157	55.146465	55.300392	57.89996	58.952854	62.735603	63.401436	60.858932	62.288948	61.034153	60.00845	63.06542	61.545277	60.5544	59.13182	59.85694	59.31062	62.061108	61.419884	62.54066	62.9092	61.40227	60.30463	63.035557	61.700706	61.000168	61.771893	60.589195	63.086132	62.830013	65.38174	65.76402	68.037025	70.45497	73.045975	75.42825	73.84815	70.9986	70.122215	68.65621	67.249596	66.0058	64.22234	65.006744	62.622322	59.227913	59.77481	56.723312	57.291542	56.436607	59.446426	61.787613	60.525585	60.996002	64.40703	65.65395	64.32198	66.06803	69.34306	68.99939	68.7105	72.062386	73.82878	71.795204	73.28235	76.85896	76.82013	76.27011
G-245-A	87.1766	85.52105	82.000175	82.25596	81.61149	78.12002	77.402504	78.65387	76.59082	73.47841	73.93632	75.12666	71.49125	71.202034	67.86803	69.1597	71.23293	72.33402	73.060005	75.14399	76.27145	76.50619	77.927414	76.11021	78.25263	79.85838	81.73183	79.234726	80.7954	79.648796	81.343	80.78396	78.53287	78.015625	80.58865	79.95338	76.22008	74.260216	74.161835	77.96214	77.68441	75.46863	77.02468	77.317474	75.08481	72.34719	72.841255	72.857155	69.327286	67.78556	69.24285	68.30708	67.35078	63.99598	61.47734	59.33468	61.16523	61.700974	57.972828	58.198086	61.6181	62.32098	65.71976	68.478226	70.13284	73.465256	72.15301	69.01859	65.87401	63.47873	59.87037	59.218555	56.164413	56.442112	59.007984	60.217728	63.972878	64.59633	62.1884	63.795456	62.7229	61.61133	64.54755	62.97178	61.794807	60.371677	60.9384	60.340324	62.96687	62.12202	63.225536	63.415012	61.88462	60.99099	63.811226	62.674976	62.007008	62.9508	61.85038	64.35463	64.1921	66.70323	67.20646	69.43187	71.96009	74.516655	76.822365	75.24268	72.33119	71.57268	70.013275	68.69429	67.369995	65.683876	66.44795	64.00524	60.706852	61.369373	58.33219	58.823074	58.16107	61.251034	63.439053	62.18127	62.847794	66.2408	67.331665	66.07372	67.98087	71.165184	70.707535	70.55633	73.96401	75.58594	73.53633	75.1668	78.69975	78.52839	77.89368
Q-246-A	87.20875	85.50458	81.9268	82.14847	81.67439	78.18137	77.32333	78.65329	76.736275	73.51382	73.88874	75.236496	71.63521	71.20128	67.821815	68.98489	70.889275	71.94771	72.761955	74.79613	75.9913	76.09528	77.53658	75.62155	77.81441	79.26823	81.10498	78.60363	80.21338	79.13788	80.989044	80.4607	78.152145	77.62254	80.06456	79.281715	75.55043	73.50517	73.51845	77.3168	76.86493	74.6764	76.13581	76.45991	74.08526	71.42538	72.0953	72.03223	68.44255	67.07916	68.63708	67.54019	66.56309	63.12101	60.69386	58.36232	60.008938	60.63844	56.91647	56.90563	60.290337	61.192513	64.67937	67.46056	69.28731	72.55526	71.069466	68.00713	64.775536	62.540844	58.935047	58.446487	55.54017	55.989758	58.554478	59.959618	63.66554	64.306076	62.070507	63.87698	62.97384	61.71722	64.49866	62.81809	61.426926	59.960155	60.33107	59.643196	62.120438	61.065258	62.12299	62.12653	60.56476	59.86768	62.772648	61.84348	61.22954	62.36106	61.376694	63.90732	63.8801	66.37326	67.03897	69.24924	71.91189	74.466064	76.65193	75.03043	72.03491	71.36675	69.68012	68.42483	66.989655	65.389915	66.10609	63.595905	60.413044	61.21547	58.2213	58.658546	58.226585	61.375122	63.39682	62.18714	63.075695	66.418526	67.35364	66.22017	68.29511	71.36258	70.81766	70.84904	74.29399	75.76271	73.74473	75.54559	79.00896	78.7253	77.95797
V-247-A	85.61056	83.94692	80.34344	80.44999	80.09297	76.63778	75.62198	76.93061	75.150894	71.85877	72.08566	73.50615	69.91081	69.30989	65.94187	67.07666	68.83918	69.95429	70.91486	72.98886	74.31924	74.40485	75.95496	74.05117	76.36121	77.74281	79.45947	76.87771	78.4293	77.31771	79.27297	78.67329	76.25899	75.6304	77.96198	77.037735	73.33238	71.3015	71.4678	75.26046	74.725624	72.63786	74.11166	74.56207	72.12302	69.45195	70.27997	70.27143	66.62985	65.350075	67.070786	65.93979	65.07924	61.572094	59.121387	56.6571	58.119946	58.67952	54.952534	54.78008	58.0751	59.047123	62.570484	65.27812	67.18438	70.36571	68.75604	65.697	62.452534	60.35117	56.796986	56.51258	53.68997	54.361652	57.02256	58.625202	62.274258	63.05884	60.98116	62.93653	62.079628	60.622692	63.266895	61.41258	59.840145	58.22814	58.39494	57.533833	59.8658	58.65097	59.574745	59.415634	57.748306	57.125347	60.127853	59.35329	58.872307	60.178585	59.3671	61.99527	62.157463	64.71943	65.57267	67.86481	70.655975	73.28967	75.328476	73.58263	70.48178	69.781204	67.93472	66.628815	65.035164	63.41574	64.00044	61.38411	58.293285	59.27202	56.380775	56.891823	56.667175	59.787888	61.72388	60.66168	61.71494	64.96261	65.84675	64.89662	67.0612	70.0278	69.51757	69.73392	73.15769	74.55043	72.65353	74.58998	77.97462	77.69107	76.755936
I-248-A	83.88135	82.089134	78.44572	78.66042	78.41032	74.91221	73.902214	75.37059	73.63669	70.27872	70.59849	72.17556	68.655594	68.0848	64.628845	65.56921	67.26937	68.21136	69.08219	71.01268	72.254486	72.17952	73.62159	71.5873	73.82866	75.10073	76.89327	74.40145	76.07799	75.10931	77.14195	76.68417	74.343155	73.8489	76.13883	75.217354	71.48637	69.310394	69.4095	73.19332	72.534904	70.35253	71.679695	72.01542	69.492455	66.93266	67.78568	67.6241	63.98157	62.82455	64.48543	63.208775	62.220974	58.693424	56.37125	53.840702	55.286366	56.019268	52.321323	52.069458	55.417957	56.528713	60.098145	62.919113	64.935	68.13848	66.48153	63.525433	60.196377	58.128155	54.523594	54.188213	51.475754	52.102913	54.63525	56.268913	59.894894	60.551548	58.54644	60.60433	59.932148	58.49019	61.053703	59.260044	57.613663	56.131634	56.289864	55.55307	57.872543	56.61056	57.68945	57.547527	56.050842	55.606052	58.528996	57.80601	57.167202	58.46946	57.568245	60.072765	60.17124	62.6025	63.45036	65.615776	68.43477	70.97102	72.99948	71.34164	68.26169	67.73153	65.91765	64.787025	63.265793	61.83366	62.563255	60.043716	57.017403	57.919838	54.949398	55.240456	55.0921	58.333763	60.099163	58.90742	60.087486	63.36513	64.060005	63.067184	65.36927	68.26508	67.57822	67.845184	71.33483	72.581345	70.600044	72.6248	75.98127	75.54025	74.60557
T-249-A	83.1275	81.2902	77.60488	77.786224	77.715706	74.233345	73.08478	74.63319	73.060326	69.606834	69.84597	71.58389	68.12686	67.41768	63.932133	64.71972	66.23348	67.11393	68.06437	69.92717	71.2305	71.0201	72.47799	70.3571	72.64493	73.756714	75.49579	73.00659	74.72232	73.83058	76.015366	75.59318	73.207695	72.710106	74.85481	73.79144	70.07907	67.82014	68.02826	71.78973	70.95463	68.808846	70.0302	70.39898	67.74457	65.27521	66.30629	66.070015	62.3857	61.419525	63.181084	61.751022	60.762478	57.16671	54.94874	52.238132	53.472824	54.289555	50.627327	50.127605	53.41245	54.721893	58.358242	61.18555	63.36775	66.488014	64.66331	61.800655	58.40027	56.512012	52.936996	52.776234	50.24853	51.055046	53.564556	55.395664	58.93605	59.616627	57.8151	60.068295	59.57511	57.98406	60.358486	58.46362	56.602497	55.086445	55.036198	54.21707	56.363327	54.893726	55.931774	55.608536	54.111973	53.886555	56.860443	56.353157	55.756382	57.237427	56.455883	58.96057	59.197502	61.589523	62.603825	64.74102	67.684555	70.20809	72.094604	70.39723	67.2463	66.81301	64.878365	63.82663	62.205963	60.88522	61.573654	59.016403	56.138454	57.165718	54.26071	54.478405	54.57544	57.852303	59.42032	58.28436	59.69083	62.888893	63.409973	62.556046	65.018684	67.769104	66.99486	67.45477	70.95912	72.03675	70.105446	72.298256	75.55993	75.008255	73.93477
I-250-A	80.157425	78.25288	74.54298	74.76005	74.7954	71.30607	70.117226	71.76414	70.26836	66.76001	67.02132	68.88529	65.49816	64.76949	61.236378	61.871635	63.300232	64.07065	64.9953	66.76944	68.052246	67.738495	69.16321	66.97739	69.2621	70.291115	72.02792	69.566956	71.33226	70.51561	72.77155	72.4183	70.05729	69.62496	71.71176	70.62464	66.90868	64.56315	64.7607	68.50663	67.57966	65.40378	66.54281	66.879715	64.170845	61.760765	62.844734	62.543713	58.851517	57.977673	59.754444	58.241676	57.23493	53.615982	51.457935	48.67759	49.845757	50.727856	47.089912	46.509827	49.7968	51.191074	54.8525	57.72254	59.98145	63.089973	61.2188	58.424614	54.978573	53.14132	49.557938	49.419083	46.997055	47.844128	50.296024	52.211605	55.701286	56.361534	54.673557	57.03948	56.679214	55.02071	57.278664	55.363964	53.400105	51.92585	51.80905	51.0307	53.127895	51.603214	52.723236	52.39889	51.021477	50.928783	53.839775	53.389996	52.702755	54.209766	53.410004	55.84546	56.094494	58.414257	59.484238	61.56489	64.56253	67.051216	68.87128	67.18605	64.02126	63.68437	61.727325	60.780056	59.17128	57.982376	58.741283	56.244415	53.45003	54.45734	51.538334	51.615902	51.8337	55.169235	56.579456	55.406654	56.950962	60.120823	60.492363	59.677513	62.254047	64.90894	64.03423	64.59432	68.11959	69.07145	67.14025	69.43385	72.635826	71.99056	70.855835
G-251-A	79.886826	77.957924	74.21911	74.3793	74.6025	71.15132	69.807434	71.513374	70.1998	66.608376	66.76067	68.774826	65.46215	64.57387	61.03901	61.526764	62.742092	63.46576	64.49399	66.20544	67.569244	67.12572	68.581245	66.324646	68.66614	69.522064	71.17745	68.71306	70.49744	69.75003	72.16258	71.8284	69.41218	68.955414	70.872185	69.62195	65.94527	63.534534	63.871555	67.578224	66.46608	64.357315	65.39068	65.78498	62.94291	60.631996	61.920025	61.55708	57.831387	57.169685	59.067337	57.404293	56.42365	52.74639	50.70547	47.736496	48.640373	49.590305	46.01513	45.144188	48.322727	49.931637	53.647594	56.492462	58.923203	61.915333	59.857533	57.17068	53.66809	52.053997	48.536938	48.620144	46.421066	47.48354	49.91084	52.039806	55.409508	56.11522	54.662907	57.220726	57.03592	55.216343	57.255657	55.225716	53.035946	51.509666	51.147083	50.254295	52.131706	50.371384	51.40971	50.862003	49.464306	49.612537	52.58203	52.386604	51.77987	53.492073	52.854275	55.295517	55.716644	57.998806	59.257847	61.315735	64.43754	66.916145	68.56664	66.828224	63.59168	63.34059	61.246983	60.367386	58.638733	57.55562	58.23824	55.695423	53.08175	54.24032	51.431057	51.45955	51.946926	55.27864	56.481277	55.402023	57.174316	60.229343	60.43135	59.78737	62.509083	64.997055	64.05635	64.82462	68.338776	69.11917	67.267334	69.72597	72.81228	72.07028	70.78218
N-252-A	78.39713	76.334564	72.57252	72.85672	73.19313	69.7149	68.391884	70.265434	69.00614	65.37113	65.63201	67.800674	64.59781	63.759197	60.1589	60.424484	61.564644	62.081776	62.99366	64.52664	65.77613	65.15042	66.47062	64.07444	66.32276	67.04674	68.78411	66.437126	68.35923	67.78199	70.26749	70.09893	67.78435	67.487595	69.350235	68.11831	64.43447	61.87082	62.12095	65.79375	64.54711	62.335938	63.189274	63.44281	60.514965	58.351257	59.660507	59.115128	55.409756	54.90366	56.717033	54.886505	53.757824	50.07656	48.213696	45.178696	46.04484	47.21052	43.7058	42.732388	45.952805	47.728565	51.472584	54.43741	56.98212	59.982685	57.885746	55.342674	51.76508	50.203995	46.659443	46.678722	44.646698	45.64413	47.884567	50.033527	53.34007	53.888603	52.541958	55.200775	55.23429	53.447716	55.369244	53.429043	51.171562	49.818398	49.449543	48.720688	50.564896	48.76996	49.993607	49.48193	48.31733	48.674614	51.505184	51.363525	50.56904	52.249557	51.507355	53.773186	54.111897	56.21731	57.458256	59.350796	62.481636	64.83115	66.459335	64.83371	61.64397	61.59303	59.556286	58.88891	57.264553	56.409557	57.257183	54.85841	52.34542	53.393993	50.52722	50.29866	50.864494	54.291855	55.288433	54.069683	55.964836	59.023186	59.00956	58.32066	61.17097	63.559433	62.426346	63.244125	66.80464	67.41677	65.48211	68.02162	71.05661	70.14333	68.86452
E-253-A	76.272964	74.22564	70.484924	70.82523	70.99816	67.48029	66.29629	68.1327	66.71269	63.142548	63.516327	65.57109	62.31329	61.630516	58.01402	58.383972	59.722527	60.260883	61.063766	62.6498	63.824154	63.32282	64.626114	62.307266	64.52241	65.42696	67.22565	64.862915	66.7554	66.101944	68.43949	68.25236	65.9915	65.72954	67.76007	66.69782	62.967876	60.45627	60.557697	64.273544	63.213703	60.930725	61.90145	62.109344	59.32546	57.04046	58.1449	57.684273	54.003716	53.269722	54.986343	53.323605	52.208576	48.575493	46.556015	43.705967	44.84368	45.9044	42.31989	41.66478	45.005177	46.534725	50.224506	53.21601	55.581768	58.70869	56.81149	54.151943	50.62888	48.82519	45.203457	44.996796	42.740997	43.542965	45.82403	47.79513	51.21653	51.753895	50.200863	52.70562	52.57977	50.902515	53.00924	51.15236	49.088688	47.77648	47.64032	47.03353	49.10703	47.56153	48.90169	48.655083	47.557026	47.67577	50.412273	49.996414	49.078556	50.542744	49.6233	51.872795	52.045856	54.188404	55.264854	57.19126	60.223625	62.601482	64.37305	62.778114	59.643253	59.50831	57.59308	56.870182	55.36616	54.434536	55.385403	53.05697	50.37958	51.261078	48.27446	48.05368	48.39009	51.840458	52.99856	51.683205	53.398052	56.55889	56.677135	55.841625	58.5824	61.108177	60.02747	60.679295	64.25275	65.007385	63.013046	65.42504	68.555084	67.73222	66.57034
R-254-A	74.46709	72.56072	68.83197	68.98888	69.159676	65.7036	64.390724	66.0815	64.727615	61.151054	61.338596	63.331673	60.017162	59.18739	55.63421	56.132233	57.422447	58.146557	59.136467	60.88621	62.2495	61.892094	63.39384	61.223637	63.61139	64.58508	66.20229	63.67475	65.389854	64.56063	66.9019	66.52563	64.11598	63.66374	65.66095	64.50288	60.800495	58.423676	58.69185	62.422203	61.427578	59.30398	60.44636	60.872875	58.140255	55.710136	56.901905	56.66241	52.939888	52.122032	54.041336	52.528732	51.676235	48.01911	45.808437	42.935696	43.954144	44.732307	41.09707	40.428238	43.6506	45.055084	48.727703	51.55063	53.858295	56.914772	54.98498	52.207615	48.750698	46.98918	43.44066	43.441544	41.126312	42.165794	44.67421	46.78787	50.18424	50.993423	49.504612	52.033104	51.75788	49.87946	51.9423	49.86916	47.722576	46.15427	45.862938	45.002	46.996197	45.386353	46.507774	46.16162	44.853577	44.85615	47.724888	47.349583	46.638653	48.230885	47.510147	49.953075	50.33489	52.66386	53.902637	56.028244	59.143433	61.69133	63.34719	61.556576	58.311604	57.98162	55.905224	54.980007	53.2884	52.182064	52.927807	50.444763	47.773464	48.843014	45.985737	45.99894	46.44612	49.7833	51.010376	49.924427	51.674053	54.732624	54.96957	54.326363	57.025726	59.52794	58.634964	59.401035	62.896507	63.719406	61.910446	64.35802	67.44386	66.77366	65.46564
F-255-A	72.40576	70.43726	66.68327	66.84292	67.18779	63.75343	62.338516	64.134346	62.933323	59.284813	59.439835	61.601547	58.39389	57.477848	53.89911	54.194016	55.305763	55.910088	56.923656	58.563652	59.94505	59.440605	60.927525	58.675064	61.084877	61.907276	63.479465	60.975277	62.73692	62.00343	64.47356	64.163994	61.754013	61.346825	63.21215	61.961056	58.280323	55.80224	56.12636	59.818405	58.660217	56.54554	57.567413	57.995518	55.156784	52.825233	54.159573	53.838516	50.097725	49.46343	51.4538	49.80316	48.95637	45.25834	43.159252	40.13659	40.95645	41.819096	38.243702	37.35411	40.519646	42.1038	45.820564	48.66427	51.11823	54.104458	52.04826	49.38533	45.865517	44.26164	40.74733	40.881596	38.78595	39.969776	42.403896	44.691223	47.967316	48.78269	47.516094	50.22175	50.143745	48.13832	49.982635	47.84349	45.504345	43.95215	43.47895	42.600933	44.435696	42.665382	43.821663	43.37076	42.170933	42.4122	45.23749	45.03591	44.28205	45.98971	45.334015	47.707848	48.183407	50.422962	51.79824	53.858517	57.069164	59.576683	61.09074	59.28777	56.004726	55.797447	53.64223	52.84222	51.10968	50.174225	50.94303	48.504185	46.008137	47.124706	44.32662	44.190853	44.873882	48.236996	49.219826	48.15362	50.121967	53.08403	53.11156	52.587444	55.438538	57.770058	56.765926	57.712097	61.20469	61.840343	60.07663	62.675846	65.64757	64.858894	63.4313
R-256-A	72.46351	70.33287	66.56804	66.94463	67.28436	63.778175	62.52206	64.49113	63.207657	59.57038	59.958267	62.193707	59.06272	58.33923	54.68203	54.815277	56.001095	56.374435	57.14916	58.598255	59.753185	59.097935	60.362553	57.957706	60.17978	60.951637	62.724037	60.39588	62.347813	61.80172	64.248795	64.15443	61.92653	61.75217	63.67739	62.571495	58.854134	56.22355	56.32299	60.000446	58.798553	56.48776	57.334232	57.509663	54.64353	52.450943	53.651943	53.103283	49.41335	48.83532	50.59299	48.805477	47.687763	44.019775	42.097397	39.12568	40.124138	41.277374	37.747456	36.941196	40.265636	41.93496	45.654797	48.69573	51.179874	54.268723	52.29614	49.753563	46.172836	44.47183	40.86283	40.71549	38.66544	39.556145	41.73587	43.858128	47.165653	47.692123	46.35331	49.03779	49.122643	47.323837	49.211395	47.31137	45.074978	43.821587	43.554424	43.001816	44.966385	43.329784	44.786324	44.532837	43.6352	43.970425	46.582764	46.27105	45.225067	46.731857	45.80721	47.938107	48.150654	50.174103	51.3552	53.195854	56.312717	58.64025	60.283096	58.69355	55.536957	55.54371	53.584694	53.020626	51.52806	50.806377	51.846024	49.623493	47.113018	47.969284	45.006042	44.57268	45.120693	48.619274	49.511425	48.168884	50.101025	53.17757	53.0613	52.316143	55.218716	57.569798	56.351475	57.174866	60.752438	61.308002	59.34364	61.9095	64.92411	63.971428	62.699707
C-257-A	70.184	68.05731	64.31454	64.76358	64.939285	61.388916	60.28562	62.23164	60.78176	57.211315	57.734066	59.862736	56.688038	56.140575	52.461765	52.681595	54.074562	54.446983	55.088356	56.575256	57.635887	57.0996	58.33298	56.002987	58.18024	59.137695	60.980217	58.64667	60.575424	59.962074	62.25303	62.154274	59.996906	59.877193	61.97663	61.0586	57.297092	54.71299	54.63975	58.354954	57.346565	54.951794	55.90945	56.022644	53.313972	51.004566	51.978203	51.509533	47.8564	47.037975	48.678745	47.06801	45.958454	42.351933	40.26867	37.511097	38.814606	39.86071	36.259182	35.81747	39.265186	40.66043	44.30727	47.37976	49.668415	52.890697	51.140774	48.49104	44.976402	43.013165	39.325912	38.912376	36.62801	37.284737	39.489616	41.412956	44.841785	45.343685	43.786655	46.31317	46.243782	44.563576	46.643074	44.84306	42.816963	41.629745	41.62634	41.23332	43.448017	42.096046	43.69814	43.74641	42.953674	43.045776	45.52393	44.91469	43.7114	44.96651	43.83176	45.91939	45.936897	47.980812	48.97761	50.839462	53.84973	56.197624	57.99242	56.445774	53.354725	53.288685	51.47051	50.8688	49.523277	48.745197	49.917892	47.796543	45.12308	45.776466	42.676243	42.216774	42.51809	46.053413	47.096794	45.630604	47.379227	50.568024	50.570698	49.66042	52.45918	54.947826	53.76612	54.4162	58.013306	58.70501	56.66925	59.10806	62.21951	61.348293	60.201115
P-258-A	67.21856	65.17233	61.423874	61.734417	61.97847	58.47888	57.234444	59.118996	57.779667	54.167564	54.54261	56.702965	53.53004	52.84371	49.18895	49.411488	50.70435	51.161194	51.948193	53.520172	54.736008	54.259514	55.651215	53.413136	55.7476	56.714264	58.389454	55.923058	57.724865	57.00249	59.34447	59.123035	56.84994	56.607903	58.642807	57.628933	53.885235	51.35786	51.420628	55.14208	54.13198	51.854458	52.913895	53.202953	50.504826	48.097977	49.18557	48.87757	45.1775	44.342087	46.18385	44.657642	43.786465	40.14232	37.91597	35.08582	36.230644	37.05262	33.41213	32.907295	36.25869	37.59221	41.24651	44.20235	46.49118	49.649982	47.843437	45.129684	41.637543	39.73645	36.099403	35.887524	33.623524	34.536716	36.91443	39.03868	42.40255	43.148365	41.740322	44.367584	44.254692	42.337185	44.28423	42.267506	40.08699	38.692444	38.497932	37.90869	40.025753	38.584873	40.068806	40.050255	39.179897	39.259987	41.78998	41.242832	40.140205	41.51847	40.539845	42.748962	42.962868	45.125175	46.311752	48.31722	51.441074	53.920593	55.561665	53.843792	50.642097	50.465256	48.48517	47.775684	46.272945	45.436623	46.484844	44.279446	41.6735	42.46902	39.47413	39.11407	39.60805	43.079998	44.06592	42.78065	44.661774	47.732384	47.733944	47.028427	49.86797	52.26417	51.18357	52.008835	55.544556	56.21076	54.347076	56.885185	59.911446	59.11729	57.795395
E-259-A	67.68707	65.51788	61.74145	62.122135	62.577206	59.090714	57.77221	59.823936	58.647423	54.96592	55.356045	57.720936	54.695286	53.94593	50.265556	50.217342	51.2963	51.551945	52.309258	53.67824	54.84071	54.111347	55.38974	52.969643	55.241516	55.961967	57.670765	55.32114	57.26956	56.755135	59.264038	59.20419	56.98821	56.864704	58.729645	57.614246	53.90311	51.20478	51.29439	54.95001	53.686592	51.366665	52.17734	52.369045	49.48579	47.299416	48.554222	48.014065	44.309494	43.787125	45.61875	43.80978	42.78488	39.091072	37.150093	34.107277	35.01518	36.134735	32.616856	31.762394	35.08134	36.768322	40.495598	43.549805	46.076164	49.150925	47.164783	44.669746	41.067604	39.397884	35.7964	35.691772	33.773384	34.764233	36.914593	39.182472	42.393005	42.99258	41.836464	44.661797	44.868305	42.917118	44.614155	42.63208	40.254013	39.003597	38.63114	38.111835	40.017937	38.361572	39.931553	39.750824	39.050438	39.498943	41.96155	41.66896	40.491306	41.994034	41.054337	43.100296	43.356205	45.317085	46.60041	48.421024	51.61553	53.951263	55.47116	53.837936	50.64594	50.7141	48.705593	48.233612	46.74578	46.1762	47.29174	45.175293	42.79675	43.610764	40.67607	40.07732	40.80563	44.319977	44.99746	43.660553	45.76934	48.753044	48.46644	47.825222	50.843533	53.045177	51.75743	52.738174	56.294533	56.710373	54.816525	57.506584	60.415478	59.40754	58.017677
A-260-A	66.4386	64.13717	60.368656	60.965748	61.345722	57.7876	56.67455	58.860825	57.547756	53.91524	54.563965	56.94097	53.977245	53.472008	49.731117	49.575886	50.804165	50.856052	51.342407	52.55709	53.477993	52.673992	53.744884	51.233795	53.32223	54.086575	55.99454	53.795105	55.89012	55.505207	57.91684	58.039284	56.017906	56.12045	58.10996	57.210327	53.461735	50.66532	50.47827	54.12561	52.92151	50.40053	51.11217	51.056656	48.236595	46.118168	47.14199	46.446327	42.81385	42.22443	43.792854	41.954258	40.70169	37.069637	35.208084	32.3267	33.550323	34.869225	31.377174	30.796978	34.299297	35.906654	39.57644	42.803413	45.247105	48.46223	46.66822	44.237953	40.63837	38.764	35.066174	34.577553	32.606014	33.214962	35.132668	37.158672	40.440067	40.77466	39.46626	42.208008	42.498608	40.775505	42.580578	40.85678	38.668873	37.72372	37.658398	37.51043	39.635727	38.249687	40.140675	40.281918	39.89826	40.303043	42.49621	41.96978	40.47262	41.669983	40.40249	42.19865	42.13232	43.901154	44.92912	46.561584	49.62362	51.810738	53.50303	52.073402	49.02641	49.248898	47.48061	47.202072	45.997936	45.59665	47.003033	45.135178	42.691635	43.18247	40.0648	39.188423	39.692684	43.322666	43.97284	42.344677	44.341576	47.456898	47.089775	46.18983	49.20493	51.469093	50.01178	50.81635	54.445988	54.84478	52.754005	55.362995	58.341022	57.22803	56.022194
L-261-A	63.00471	60.78141	57.01165	57.502872	57.88505	54.35481	53.163452	55.284943	54.01269	50.361805	50.923496	53.29393	50.315815	49.74801	46.01806	45.891464	47.104702	47.232616	47.80587	49.119106	50.15611	49.458008	50.676632	48.28492	50.51794	51.370617	53.140507	50.800774	52.761948	52.24	54.642677	54.642487	52.533306	52.53999	54.538715	53.620728	49.866734	47.137947	47.01221	50.687233	49.557686	47.113216	47.97356	48.06933	45.320538	43.04957	44.096058	43.596302	39.922752	39.212822	40.9424	39.262085	38.260033	34.60743	32.51863	29.643488	30.837797	31.879854	28.300869	27.81393	31.286373	32.717785	36.376507	39.51031	41.879753	45.09459	43.33329	40.79208	37.232586	35.30433	31.60951	31.205948	29.154718	29.927538	32.0361	34.19473	37.46788	38.044224	36.796696	39.58175	39.76562	37.846382	39.596764	37.690693	35.4244	34.299065	34.150875	33.882645	36.020706	34.664215	36.5156	36.724068	36.325798	36.6297	38.803875	38.21557	36.73627	37.947487	36.737812	38.631344	38.67715	40.572723	41.71831	43.506435	46.645317	48.97729	50.579613	48.9928	45.855835	45.93973	44.064793	43.668396	42.370617	41.89835	43.247032	41.346924	38.909595	39.447365	36.372368	35.563797	36.1642	39.754536	40.399384	38.89191	40.95409	44.00107	43.674004	42.908688	45.929268	48.15815	46.811653	47.72255	51.30359	51.73191	49.781136	52.44059	55.376297	54.37292	53.041756
F-262-A	63.258987	60.983566	57.194874	57.652657	58.27647	54.80638	53.450783	55.66918	54.626995	50.900738	51.358685	53.918526	51.076015	50.34196	46.63189	46.278606	47.20706	47.220848	47.881565	49.058025	50.150986	49.243576	50.448883	47.935467	50.194756	50.789154	52.485146	50.18792	52.212925	51.83134	54.43331	54.505554	52.371414	52.395157	54.16831	53.06559	49.370132	46.524845	46.543797	50.145767	48.750134	46.359974	47.024845	47.142258	44.196682	42.10861	43.421127	42.77691	39.075943	38.70625	40.551537	38.620422	37.598186	33.88067	32.039738	28.885582	29.676332	30.907364	27.461067	26.494757	29.838568	31.646315	35.38608	38.527218	41.154938	44.216038	42.207184	39.859005	36.205246	34.601738	31.009232	30.894878	29.248182	30.283287	32.25293	34.66718	37.717297	38.286655	37.38985	40.401028	40.861607	38.796825	40.217216	38.22533	35.678905	34.560017	34.08497	33.72334	35.538647	33.865124	35.66931	35.603165	35.26913	35.94784	38.134212	37.88633	36.46347	37.915695	36.89504	38.720356	38.958565	40.729572	42.092182	43.77997	47.041153	49.298397	50.683098	49.08107	45.895313	46.14631	44.137966	43.892044	42.489223	42.215607	43.50091	41.601307	39.43795	40.126064	37.21965	36.299175	37.241665	40.78735	41.12291	39.713768	42.047962	44.918163	44.338417	43.772346	46.95637	48.94215	47.479362	48.633392	52.17717	52.360523	50.49267	53.334755	56.102238	54.947254	53.45645
Q-263-A	65.41017	62.98971	59.206062	59.865475	60.48575	56.96553	55.762463	58.122505	57.009567	53.315903	53.971653	56.571217	53.797657	53.22408	49.478127	49.009438	49.99004	49.81059	50.260227	51.245567	52.1144	51.04392	52.005688	49.32382	51.360893	51.860184	53.769466	51.68523	53.912853	53.742565	56.32689	56.614906	54.661297	54.893555	56.69052	55.697178	52.001926	49.03442	48.867687	52.422966	50.959953	48.40562	48.856365	48.70827	45.7133	43.828476	45.028564	44.10782	40.487495	40.236145	41.810272	39.690567	38.32365	34.655293	33.098885	29.999916	30.938213	32.547527	29.228178	28.28794	31.724617	33.676872	37.38517	40.693207	43.364635	46.47376	44.51698	42.33638	38.65335	37.028904	33.409073	33.039036	31.486698	32.19938	33.853977	36.05758	39.115067	39.3326	38.361675	41.330708	41.974895	40.170082	41.638794	39.928814	37.514282	36.72056	36.445076	36.383514	38.264526	36.688152	38.69192	38.71734	38.581703	39.359688	41.404533	41.120697	39.51747	40.813095	39.58848	41.17946	41.170742	42.707165	43.861362	45.296886	48.438965	50.47953	51.995327	50.63608	47.601524	48.080883	46.277256	46.260605	45.08077	44.988094	46.471066	44.738697	42.573727	43.06479	40.048508	38.905514	39.69259	43.326214	43.605515	41.951946	44.211937	47.181503	46.48493	45.69749	48.901344	50.909096	49.24282	50.25378	53.870308	53.97706	51.900875	54.689465	57.49839	56.168278	54.85396
P-264-A	64.51208	62.010887	58.25045	59.098663	59.55624	55.962498	54.99821	57.419765	56.105316	52.494846	53.399014	55.921078	53.1514	52.841267	49.0558	48.596943	49.808495	49.51478	49.708298	50.620502	51.264595	50.221676	51.01259	48.31137	50.17641	50.81957	52.923946	50.952763	53.26973	53.14807	55.562416	55.968906	54.189465	54.595715	56.580563	55.838463	52.101414	49.116043	48.667835	52.23431	50.935673	48.204636	48.655094	48.294415	45.445183	43.546715	44.438026	43.449425	39.915737	39.46766	40.761105	38.726326	37.171707	33.59912	32.02074	29.198725	30.576729	32.26844	28.943916	28.443972	32.05706	33.770473	37.372955	40.800964	43.28419	46.557556	44.86752	42.667477	39.046364	37.13315	33.419895	32.617336	30.874674	31.149662	32.639957	34.51516	37.708004	37.691544	36.4488	39.243633	39.85358	38.31659	40.003418	38.560978	36.434864	35.904922	36.018177	36.298	38.471764	37.249115	39.506443	39.889824	39.961056	40.5445	42.374256	41.775127	39.91506	40.866276	39.31255	40.718315	40.36623	41.783348	42.6285	43.937172	46.905743	48.842857	50.591995	49.415787	46.533356	47.072964	45.530804	45.6124	44.711266	44.673134	46.403473	44.87271	42.558994	42.734673	39.52674	38.212486	38.675415	42.397118	42.775543	40.851543	42.89758	46.031956	45.372917	44.29199	47.41432	49.564472	47.808094	48.568127	52.25074	52.442	50.170006	52.808357	55.73818	54.382923	53.29356
S-265-A	67.16925	64.54939	60.799183	61.7792	62.32106	58.72567	57.813972	60.36031	59.082394	55.48076	56.477154	59.083084	56.41069	56.144737	52.354668	51.749252	52.88709	52.42907	52.51359	53.237328	53.737656	52.49833	53.093075	50.227985	51.912636	52.369785	54.605965	52.8333	55.321236	55.416588	57.88509	58.4776	56.82491	57.380394	59.287132	58.54699	54.84594	51.74451	51.23064	54.719345	53.27007	50.457672	50.666523	50.11468	47.16267	45.51103	46.4209	45.164864	41.71382	41.500393	42.61712	40.349518	38.51811	35.00668	33.78566	30.939362	32.239204	34.271297	31.140062	30.463316	34.033665	35.99018	39.569786	43.08956	45.693798	48.91779	47.16777	45.17424	41.516945	39.738842	36.079967	35.23417	33.723312	33.878986	35.079037	36.868084	39.949234	39.653397	38.49409	41.303852	42.1507	40.78231	42.3754	41.126587	39.014275	38.715324	38.83789	39.26643	41.341908	40.055202	42.392082	42.702915	42.89476	43.680416	45.44861	44.969864	43.045284	43.99666	42.399826	43.627182	43.18458	44.383636	45.15143	46.223866	49.12361	50.8473	52.609264	51.625717	48.85842	49.626633	48.190304	48.484356	47.695072	47.840694	49.65891	48.224182	46.007973	46.127724	42.924488	41.45238	41.927467	45.66971	45.91098	43.871723	45.944168	49.071224	48.25068	47.088238	50.260662	52.333603	50.397278	51.12913	54.83379	54.88032	52.488438	55.132973	58.021763	56.479008	55.47918
F-266-A	69.34703	66.84877	63.091087	63.940804	64.37203	60.771076	59.818928	62.20827	60.86216	57.261055	58.139328	60.612312	57.77935	57.441868	53.66435	53.30043	54.523335	54.298977	54.534683	55.470387	56.114887	55.05898	55.81231	53.07147	54.871822	55.45855	57.61635	55.706196	58.06517	57.98086	60.40608	60.821793	59.03151	59.406296	61.373116	60.575718	56.844284	53.870247	53.479237	57.043514	55.700317	52.98929	53.388966	53.003033	50.09508	48.27614	49.208427	48.14069	44.62528	44.255783	45.499878	43.38799	41.711353	38.165813	36.724197	33.888344	35.195953	36.992004	33.708424	33.066948	36.626	38.470074	42.099342	45.519344	48.063065	51.297356	49.52282	47.346336	43.69919	41.8735	38.178303	37.450024	35.700424	35.980114	37.464058	39.271385	42.483746	42.371914	41.059464	43.774605	44.363876	42.950924	44.72469	43.347305	41.27093	40.734684	40.83585	41.03489	43.16054	41.825535	43.95469	44.15548	44.042587	44.658257	46.66863	46.17337	44.457756	45.51442	44.039486	45.52018	45.191845	46.6291	47.44068	48.721813	51.64365	53.524498	55.329517	54.21411	51.362034	51.911938	50.37865	50.427383	49.48391	49.363846	51.006912	49.358738	46.989204	47.264446	44.05944	42.87143	43.27206	46.98778	47.47959	45.572998	47.538933	50.722225	50.14172	49.013206	52.08229	54.304333	52.562485	53.238564	56.937984	57.177094	54.845215	57.416317	60.396526	59.025	58.016987
L-267-A	67.935326	65.41379	61.68857	62.660835	62.910618	59.257645	58.509644	60.898716	59.359695	55.848686	56.913647	59.272884	56.417446	56.302307	52.509373	52.213814	53.662914	53.399616	53.44627	54.378887	54.867805	53.909843	54.570396	51.88126	53.573288	54.348522	56.630436	54.766506	57.13811	57.024887	59.267986	59.724716	58.05392	58.529053	60.68213	60.106876	56.340015	53.40334	52.792522	56.3773	55.234547	52.4093	52.887035	52.379303	49.646835	47.746357	48.397133	47.36262	43.92086	43.305813	44.347	42.40247	40.658073	37.21467	35.660007	33.109703	34.798466	36.538147	33.224686	33.00581	36.687943	38.2431	41.763744	45.232418	47.56055	50.935627	49.416504	47.164455	43.600964	41.500553	37.738403	36.668674	34.695072	34.63009	36.049038	37.561478	40.90367	40.667713	39.081066	41.592213	42.05734	40.862396	42.863613	41.68211	39.88593	39.50884	39.945858	40.38143	42.773136	41.76211	44.059834	44.576572	44.588894	44.972416	46.821987	46.02412	44.127567	44.887127	43.155743	44.530113	43.933136	45.33007	45.88071	47.117023	49.87942	51.723	53.732967	52.7289	49.994576	50.516525	49.192062	49.251976	48.520397	48.37984	50.19631	48.69356	46.16924	46.190205	42.836082	41.570625	41.66706	45.424835	46.060112	43.96569	45.70441	49.023075	48.544044	47.179554	50.129993	52.503307	50.753773	51.195774	54.92891	55.300396	52.836895	55.244995	58.342247	57.01898	56.200592
G-268-A	68.472145	65.79371	62.089123	63.255783	63.584656	59.92289	59.28182	61.845642	60.3275	56.843662	58.080418	60.547512	57.846092	57.849194	54.04303	53.52508	54.924328	54.409218	54.253918	54.936245	55.20749	54.033585	54.44444	51.585785	53.05592	53.674698	56.123413	54.489563	57.053917	57.185555	59.44553	60.140995	58.66396	59.366177	61.473537	60.98163	57.248993	54.171535	53.397995	56.89054	55.63258	52.670326	52.89453	52.133354	49.35283	47.69676	48.277798	46.963184	43.63844	43.210796	44.005844	41.85896	39.8206	36.475937	35.264294	32.773163	34.49843	36.575497	33.47274	33.22006	36.90133	38.607098	42.055416	45.648216	48.03981	51.40601	49.919483	47.890957	44.318214	42.27388	38.55485	37.31659	35.58296	35.292965	36.337337	37.707485	40.924423	40.357216	38.849205	41.369476	42.1214	41.126686	43.010395	42.085636	40.34553	40.29638	40.825153	41.538864	43.893414	42.934914	45.434277	46.028027	46.309944	46.874023	48.519924	47.750378	45.65797	46.29856	44.416557	45.505104	44.723118	45.82583	46.23655	47.177437	49.836838	51.42818	53.47332	52.70884	50.134098	50.93158	49.78448	50.131268	49.609726	49.73935	51.750225	50.461533	48.057976	47.902863	44.523495	42.97357	43.05881	46.85255	47.28029	44.99154	46.759106	50.067898	49.36251	47.8692	50.88473	53.15171	51.164005	51.561905	55.31903	55.509506	52.895905	55.308205	58.350674	56.808105	56.106953
M-269-A	64.76179	62.06405	58.360733	59.551823	59.903027	56.244877	55.614902	58.221214	56.72349	53.24164	54.524426	57.033672	54.40008	54.44592	50.638775	50.026962	51.419403	50.82115	50.600784	51.23426	51.47181	50.286747	50.692646	47.845142	49.335567	49.989742	52.42344	50.769947	53.325146	53.454956	55.70034	56.417164	54.976326	55.731926	57.852722	57.42129	53.69323	50.59819	49.752354	53.23208	52.005184	49.009308	49.24528	48.467224	45.736034	44.046345	44.57038	43.28263	39.96324	39.48452	40.271057	38.164967	36.172962	32.821045	31.54376	29.096947	30.917938	32.9616	29.867895	29.757029	33.47318	35.075027	38.474632	42.085274	44.4216	47.817772	46.415512	44.39879	40.860718	38.74798	35.031242	33.687607	31.984007	31.622805	32.604298	33.982025	37.179348	36.62955	35.165108	37.745872	38.548782	37.494274	39.31059	38.38301	36.6322	36.64887	37.22423	38.053566	40.447254	39.60388	42.22168	42.972134	43.424305	43.972298	45.447186	44.59372	42.370293	42.897675	40.9276	41.9113	41.070305	42.113716	42.51565	43.43679	46.114304	47.719654	49.737278	48.958332	46.384262	47.207222	46.08747	46.49626	46.045864	46.26993	48.373558	47.208893	44.862053	44.59848	41.21584	39.532673	39.64397	43.442463	43.764397	41.428707	43.24724	46.522144	45.733353	44.24797	47.307705	49.513268	47.484055	47.93156	51.68307	51.820545	49.227898	51.69051	54.695293	53.140743	52.395153
E-270-A	62.903484	60.119514	56.410744	57.644127	58.191586	54.576225	53.86963	56.60893	55.2832	51.76109	53.044727	55.728207	53.262714	53.254677	49.459698	48.591503	49.784092	48.99492	48.736687	49.181423	49.3761	47.98276	48.306095	45.332104	46.79069	47.239414	49.66366	48.095055	50.745842	51.04026	53.41485	54.259186	52.878277	53.740177	55.70995	55.22318	51.54852	48.331005	47.483654	50.878555	49.466194	46.442932	46.478912	45.622826	42.77527	41.265408	41.907288	40.448566	37.149452	36.92958	37.715557	35.39293	33.317368	29.93719	28.908651	26.309216	27.937605	30.213177	27.290348	26.963654	30.619	32.436954	35.82503	39.490696	41.972538	45.284534	43.79405	41.980797	38.411987	36.475517	32.845623	31.562626	30.213385	29.920755	30.663752	32.192196	35.178135	34.547794	33.399605	36.190376	37.297245	36.138393	37.637615	36.708878	34.771194	34.920708	35.336903	36.260113	38.46598	37.52809	40.250565	40.968285	41.650047	42.446606	43.754063	43.053616	40.73084	41.296654	39.35093	40.147118	39.34694	40.19045	40.69989	41.461464	44.21033	45.70607	47.55744	46.82216	44.25807	45.28505	44.140064	44.76315	44.3448	44.82398	46.99203	45.96027	43.847767	43.56971	40.28981	38.391636	38.742107	42.51628	42.52187	40.182156	42.22283	45.348938	44.285343	42.915577	46.127968	48.098995	45.909286	46.550896	50.27307	50.16116	47.608566	50.233913	53.077377	51.355015	50.494995
S-271-A	60.066257	57.387497	53.647205	54.71666	55.282784	51.68674	50.840347	53.492104	52.22794	48.64888	49.78667	52.47171	49.953453	49.82399	46.030704	45.216244	46.36929	45.704227	45.603474	46.19981	46.5862	45.31598	45.86454	43.0133	44.706913	45.251064	47.489758	45.701855	48.192944	48.303207	50.717102	51.38405	49.84326	50.54938	52.51237	51.943626	48.244194	45.092052	44.37384	47.83566	46.46989	43.549297	43.771725	43.141567	40.31002	38.59171	39.3374	38.116943	34.688282	34.351437	35.410133	33.229595	31.470907	27.955475	26.600342	23.861727	25.415194	27.40373	24.288109	23.967146	27.656607	29.368906	32.837734	36.428497	38.897266	42.214104	40.68281	38.71929	35.136787	33.170536	29.498896	28.364258	26.924538	26.880177	27.903301	29.681461	32.71205	32.41892	31.34735	34.25846	35.222324	33.769115	35.219646	34.006638	31.899864	31.789106	32.054295	32.792553	34.987686	34.000233	36.648373	37.360027	37.97091	38.70075	40.052998	39.347496	37.09061	37.743675	35.906036	36.865463	36.246246	37.28537	37.993332	38.991222	41.89841	43.621418	45.35316	44.376373	41.640213	42.48479	41.14946	41.60527	41.016426	41.388123	43.448456	42.321022	40.216156	40.05076	36.823776	35.02971	35.52576	39.276062	39.289246	37.112072	39.26514	42.32887	41.32443	40.140278	43.38954	45.339584	43.295876	44.096172	47.786964	47.72492	45.349472	48.069458	50.88536	49.30757	48.255516
C-272-A	58.857643	56.279186	52.506943	53.36107	54.083496	50.558643	49.455135	52.03829	50.977432	47.30306	48.18677	50.957397	48.436005	48.048664	44.282528	43.444324	44.37933	43.828	43.98956	44.690063	45.336468	44.080673	44.863358	42.077515	44.01806	44.475426	46.466175	44.491226	46.844513	46.84589	49.42369	49.93051	48.188656	48.705734	50.509766	49.71172	46.030357	42.898293	42.450016	45.930813	44.440277	41.693897	41.986618	41.62293	38.672718	36.875732	37.928925	36.864887	33.30265	33.092728	34.51788	32.32283	30.881199	27.225458	25.746937	22.682842	23.795002	25.591715	22.383408	21.666891	25.258118	27.141588	30.75138	34.23267	36.86463	40.058666	38.294003	36.28948	32.63289	30.884174	27.256277	26.548738	25.265219	25.726183	27.002565	29.198244	32.10104	32.167015	31.4018	34.519108	35.465355	33.643433	34.848164	33.277836	30.83057	30.39008	30.24529	30.64174	32.59054	31.29776	33.764713	34.229416	34.720165	35.598377	37.08652	36.618263	34.54401	35.49848	33.957626	35.1127	34.856407	36.06089	37.12702	38.32333	41.448368	43.348904	44.814274	43.580856	40.644592	41.37578	39.740143	40.0676	39.18785	39.50712	41.349598	40.05284	38.09503	38.20857	35.161114	33.509483	34.365112	38.03206	37.924774	36.036713	38.440884	41.32251	40.28054	39.43392	42.778645	44.57427	42.655064	43.751743	47.363503	47.229927	45.10456	47.999416	50.681923	49.179028	47.84721
G-273-A	59.793636	57.394436	53.60824	54.23597	54.877636	51.372288	50.137184	52.511635	51.43886	47.732346	48.393993	51.04153	48.33236	47.776405	44.02487	43.460217	44.429356	44.195797	44.623215	45.616776	46.521263	45.504097	46.55636	43.96181	46.11659	46.71461	48.521267	46.32235	48.45876	48.198772	50.76347	51.001404	49.03242	49.27094	51.100357	50.169273	46.45804	43.49572	43.279427	46.85361	45.469807	42.911594	43.47482	43.405148	40.503048	38.468212	39.627045	38.867107	35.209522	34.82171	36.511368	34.5413	33.41097	29.713879	27.912626	24.826828	25.823685	27.198318	23.782293	23.032759	26.538662	28.277027	31.964901	35.259026	37.839153	41.00335	39.155243	36.90025	33.24955	31.495514	27.840696	27.42112	25.85494	26.640781	28.375175	30.710855	33.732388	34.147636	33.28264	36.33831	36.96198	34.961082	36.30746	34.462395	31.9616	31.107088	30.808374	30.797417	32.74346	31.305485	33.458862	33.730125	33.81334	34.517498	36.341164	35.90915	34.134834	35.311768	34.011776	35.55038	35.5537	37.11201	38.344273	39.863873	43.077053	45.224926	46.653004	45.17701	42.081074	42.499893	40.65202	40.632244	39.47053	39.44811	41.016262	39.410168	37.30976	37.697556	34.694187	33.42673	34.32002	37.93924	38.087746	36.45615	38.823383	41.711456	40.94292	40.252407	43.5083	45.425865	43.78345	44.914547	48.490284	48.560062	46.595417	49.461044	52.201298	50.93018	49.49587
I-274-A	57.991528	55.766773	51.983368	52.408905	52.95773	49.480774	48.14679	50.330532	49.240376	45.525406	46.013905	48.545193	45.701267	45.035755	41.307037	40.961433	41.991077	42.017292	42.64205	43.900726	45.02569	44.26958	45.586193	43.224895	45.597515	46.394054	48.00205	45.56813	47.460255	46.919563	49.421844	49.399773	47.245953	47.251022	49.145412	48.167915	44.43114	41.648727	41.57868	45.23247	44.028084	41.62987	42.501343	42.708218	39.944862	37.625767	38.79711	38.394997	34.677868	34.02435	35.955147	34.299557	33.55154	29.860653	27.664791	24.66629	25.6547	26.51049	22.914988	22.350546	25.773743	27.177832	30.853994	33.949165	36.371414	39.541348	37.73668	35.219097	31.642786	29.77715	26.110466	25.864538	24.00946	25.061882	27.217766	29.674246	32.77085	33.571617	32.644405	35.636806	35.945724	33.7288	35.157177	33.040073	30.512617	29.284283	28.894958	28.576906	30.589754	29.17326	31.122755	31.406971	31.240902	31.677742	33.658604	33.12291	31.52189	32.778763	31.62728	33.46446	33.66627	35.539627	36.911526	38.74592	42.030807	44.43427	45.80898	44.084167	40.85002	40.951633	38.93407	38.59823	37.229614	36.922424	38.30016	36.502415	34.283268	34.83111	31.870253	30.897041	31.827808	35.376076	35.715572	34.31455	36.65484	39.509254	38.97323	38.443993	41.61115	43.605145	42.23136	43.415928	46.9268	47.178192	45.40315	48.246765	51.008846	49.983868	48.43153
H-275-A	57.66659	55.46985	51.68063	51.966873	52.764355	49.391926	47.816254	50.016014	49.204857	45.4165	45.689747	48.382374	45.656677	44.736942	41.071224	40.553173	41.24607	41.25568	42.08389	43.291714	44.586678	43.698074	45.117718	42.727688	45.224453	45.79202	47.207397	44.722393	46.569504	46.071068	48.78157	48.724678	46.459736	46.372574	48.008305	46.77871	43.115856	40.283733	40.471928	44.056717	42.60608	40.36417	41.13451	41.504265	38.56701	36.350883	37.865902	37.455605	33.693283	33.355713	35.53703	33.72394	33.139427	29.398945	27.359444	24.069744	24.495125	25.33666	21.870895	20.727587	23.907568	25.651512	29.410803	32.40032	35.072807	38.032322	35.932407	33.544228	29.893536	28.420845	24.920553	25.165182	23.749512	25.26179	27.395927	30.194872	33.00376	33.96381	33.451153	36.65153	37.147488	34.690212	35.736565	33.413513	30.551472	29.168623	28.30794	27.713045	29.304117	27.477169	29.248486	29.169521	28.9669	29.767656	31.834276	31.700228	30.275198	31.88229	31.066801	32.94433	33.489983	35.33701	37.03589	38.87605	42.31831	44.73124	45.80746	43.957775	40.618813	40.77784	38.525917	38.23007	36.63688	36.445126	37.634705	35.75466	33.847263	34.663116	31.975002	31.022123	32.386303	35.795628	35.840637	34.69065	37.32323	39.91558	39.18497	38.98164	42.274376	43.993538	42.614826	44.107796	47.517754	47.55713	45.980904	49.012455	51.56793	50.480347	48.691193
E-276-A	56.519146	54.13605	50.345764	50.837357	51.776005	48.39282	46.895706	49.327736	48.584225	44.79855	45.264584	48.131657	45.61952	44.82885	41.14456	40.293114	40.88425	40.544956	41.136295	42.029446	43.101017	41.929886	43.10776	40.504173	42.834236	43.20822	44.76456	42.477657	44.545605	44.323986	47.110836	47.324795	45.262493	45.451004	47.011024	45.86433	42.23132	39.18587	39.182453	42.674625	41.044117	38.62254	39.089622	39.198177	36.14333	34.17806	35.685173	34.961227	31.24544	31.167904	33.17246	31.079838	30.241283	26.485933	24.769245	21.356905	21.731842	23.018946	19.728693	18.421236	21.718422	23.752657	27.512691	30.7198	33.537872	36.506844	34.409557	32.30571	28.589323	27.19561	23.710682	23.75698	22.731218	24.029516	25.719376	28.501268	31.145594	31.817045	31.507393	34.841324	35.694923	33.336853	34.158062	32.041126	29.124838	28.124237	27.312487	27.104486	28.625956	26.857325	28.977888	29.052145	29.33092	30.414713	32.10894	32.009396	30.261095	31.69499	30.670147	32.15041	32.497272	33.98189	35.600082	37.127956	40.541786	42.725616	43.769745	42.12217	38.899433	39.393627	37.294075	37.373386	36.02548	36.23016	37.692577	36.13381	34.434216	34.99554	32.291206	30.91232	32.329437	35.78753	35.50106	34.121376	36.871284	39.418858	38.35678	38.061516	41.491207	43.034565	41.364872	42.900703	46.339466	46.12604	44.4286	47.54526	50.004837	48.669495	46.91832
T-277-A	54.003105	51.61066	47.820126	48.406948	49.146606	45.68094	44.364956	46.791706	45.837315	42.10091	42.74941	45.512764	42.939407	42.369026	38.626785	37.858574	38.72684	38.373013	38.78315	39.733517	40.689426	39.67277	40.827988	38.31104	40.614365	41.258152	42.912243	40.589706	42.630882	42.305634	44.90046	45.105633	43.120956	43.38525	45.1905	44.295303	40.584557	37.58981	37.33768	40.908978	39.549206	36.99503	37.63868	37.667286	34.83698	32.667816	33.843277	33.249344	29.54931	29.083612	30.95512	29.118	28.311005	24.594229	22.545177	19.419985	20.361206	21.441982	17.944479	17.349054	20.898739	22.42842	26.097065	29.376081	31.904934	35.0972	33.332073	31.04897	27.423439	25.584703	21.918169	21.503414	20.073166	21.045895	22.82507	25.417727	28.288338	28.965252	28.370934	31.584139	32.267796	29.981506	31.041313	29.00195	26.302483	25.381653	24.950928	25.007278	26.94293	25.623724	27.987823	28.536148	28.967941	29.6806	31.166897	30.62944	28.624388	29.687437	28.329166	29.748579	29.816254	31.347597	32.74462	34.33083	37.66065	39.910187	41.15608	39.535458	36.356415	36.755394	34.819775	34.85633	33.70366	33.85319	35.527252	34.114662	32.200344	32.474415	29.556345	28.070744	29.209318	32.771824	32.637974	31.062902	33.64676	36.358536	35.410397	34.906483	38.26838	39.98467	38.334396	39.689	43.1885	43.132275	41.3369	44.343563	46.936626	45.693016	44.06773
T-278-A	52.441525	50.241997	46.45306	46.760536	47.52992	44.146633	42.604286	44.84248	44.01164	40.22657	40.58352	43.313175	40.65768	39.84123	36.146507	35.51464	36.272133	36.183304	36.91015	38.115837	39.392128	38.583134	40.065296	37.784073	40.366173	41.09503	42.443806	39.85991	41.62002	41.02386	43.657772	43.574596	41.339096	41.311314	43.054718	41.980907	38.27309	35.43683	35.475185	39.098927	37.8011	35.49783	36.416584	36.821205	34.055634	31.643415	33.00932	32.79394	29.026922	28.443573	30.695341	29.123976	28.809446	25.12308	22.765133	19.633883	20.235954	20.700432	17.097221	16.398506	19.685783	21.00544	24.700516	27.698456	30.188011	33.27871	31.404734	28.897312	25.303837	23.543726	19.941195	20.012703	18.49973	20.054972	22.290648	25.178425	27.953506	29.118502	28.673878	31.892086	32.336273	29.72162	30.665462	28.237198	25.339874	23.915556	23.114668	22.666367	24.456573	22.933233	25.00268	25.394812	25.56205	26.179102	27.86942	27.419666	25.67059	27.013357	25.993185	27.767971	28.242556	30.103193	31.82162	33.74065	37.211975	39.720543	40.758343	38.82231	35.452827	35.543938	33.305134	33.0228	31.525227	31.432222	32.811607	31.150616	29.271225	29.856478	27.122898	25.95901	27.382101	30.794125	30.703745	29.512716	32.22153	34.756638	33.95344	33.792774	37.118748	38.77154	37.403446	38.965965	42.33885	42.364468	40.86821	43.93439	46.44166	45.420708	43.564445
F-279-A	52.48372	50.197666	46.414253	46.73323	47.79109	44.499016	42.81302	45.19442	44.63453	40.8114	41.101788	44.049667	41.624626	40.6761	37.049694	36.08913	36.49044	36.17927	36.935287	37.893654	39.16734	38.061867	39.46489	37.01806	39.581047	39.977303	41.259045	38.77227	40.641518	40.268845	43.128002	43.189747	40.992268	41.05425	42.515636	41.26477	37.652004	34.64269	34.799217	38.291454	36.650013	34.376663	34.99428	35.369904	32.357933	30.220617	31.900576	31.455204	27.685099	27.582119	29.920637	28.012297	27.651333	23.92624	21.967915	18.498642	18.499699	19.281528	15.958066	14.494649	17.618694	19.525995	23.308245	26.351223	29.182817	32.072437	29.90988	27.722279	24.011581	22.712517	19.313513	19.736307	18.937428	20.7174	22.5864	25.69772	28.101686	29.176586	29.18985	32.619553	33.432205	30.745749	31.251532	28.827044	25.653225	24.37127	23.190376	22.740013	24.055689	22.16248	24.260616	24.364979	24.781921	25.933655	27.489107	27.46039	25.71076	27.269144	26.441202	27.985714	28.629416	30.215174	32.138474	33.839508	37.395626	39.74275	40.520905	38.62892	35.26565	35.625664	33.29975	33.291405	31.760273	32.00614	33.365185	31.823578	30.348854	31.01885	28.537695	27.168377	28.941687	32.23	31.717638	30.602388	33.57445	35.860813	34.711983	34.748497	38.226097	39.55281	38.00666	39.817944	43.11553	42.82083	41.40203	44.645493	46.929604	45.702477	43.70022
N-280-A	50.91508	48.43509	44.65184	45.25554	46.291843	42.92496	41.46725	44.06453	43.397987	39.62678	40.24517	43.25955	40.98134	40.3252	36.653297	35.467285	35.989536	35.337883	35.716125	36.396896	37.34167	36.05295	37.167328	34.537815	36.886242	37.269043	38.803055	36.515656	38.619755	38.472725	41.265003	41.605988	39.6792	40.074524	41.642056	40.65866	37.030426	33.855927	33.62856	37.07751	35.449493	32.88502	33.295494	33.309464	30.320154	28.322453	29.739037	29.0149	25.297081	25.202404	27.223133	25.159718	24.483456	20.73254	18.910793	15.466143	15.8727	17.102491	13.813272	12.7184	16.220787	18.09552	21.803637	25.152111	27.921127	30.982237	29.071264	27.069153	23.378725	21.837208	18.337797	18.1473	17.469954	18.714413	20.13007	23.054071	25.46719	26.193796	26.189938	29.662846	30.724173	28.23446	28.712837	26.595333	23.553667	22.77028	21.965683	22.140762	23.695097	22.221706	24.803556	25.369577	26.290016	27.409472	28.502771	28.199392	26.002811	27.10558	25.82441	26.914215	27.119528	28.351564	29.995998	31.396353	34.84854	36.99074	37.912457	36.27323	33.074432	33.723354	31.697512	32.041805	30.916409	31.49282	33.253147	32.108303	30.65037	30.8781	28.227594	26.40453	27.969414	31.37177	30.691404	29.191977	32.114628	34.49728	33.12749	32.885475	36.43031	37.735374	35.90701	37.594578	40.97646	40.55812	38.916004	42.14699	44.454098	43.034374	41.190105
S-281-A	47.879467	45.506794	41.71446	42.22886	43.110607	39.71211	38.269035	40.756725	39.980812	36.20942	36.81779	39.736305	37.359283	36.752583	33.047997	31.99361	32.69649	32.179867	32.585453	33.480827	34.52914	33.517326	34.834038	32.443016	34.962387	35.660423	37.077198	34.57588	36.466698	36.040977	38.68647	38.833412	36.813084	37.098293	38.856674	37.99461	34.289124	31.252398	30.969862	34.537025	33.203785	30.672049	31.439898	31.633133	28.911922	26.542637	27.763472	27.436047	23.688177	23.111937	25.281357	23.669973	23.396229	19.73258	17.324408	14.2061825	14.970197	15.462431	11.839652	11.539632	15.0843935	16.223263	19.854296	23.087828	25.544594	28.766739	27.111462	24.784765	21.203747	19.246124	15.569735	15.211921	14.070485	15.4298935	17.274942	20.27298	22.840881	23.936083	23.781527	27.161877	27.913702	25.24116	25.841345	23.508139	20.497046	19.44428	18.751547	18.889204	20.773752	19.633127	22.299805	23.25099	24.187798	24.909117	25.884596	25.216291	22.895987	23.797823	22.384457	23.623629	23.825026	25.320457	26.988695	28.677355	32.164898	34.551918	35.5182	33.68408	30.384377	30.74304	28.660082	28.769323	27.609837	28.011118	29.811533	28.677534	27.068905	27.196669	24.463951	22.68308	24.206816	27.620783	27.06441	25.615171	28.50437	30.919962	29.718433	29.515413	33.0018	34.412952	32.77252	34.449375	37.81231	37.580368	36.045933	39.231483	41.60262	40.40853	38.516815
I-282-A	47.266907	45.02372	41.246952	41.494	42.611794	39.370052	37.602417	39.99831	39.541557	35.707626	35.968193	39.001	36.70837	35.754887	32.159157	31.01162	31.32706	30.922085	31.682024	32.64943	34.016457	32.989525	34.560535	32.28296	35.035786	35.554485	36.626648	33.958992	35.653553	35.13307	37.983967	37.95394	35.711887	35.764725	37.242817	36.05553	32.420483	29.40828	29.53059	33.049408	31.505526	29.25931	30.068666	30.620985	27.771118	25.383003	27.05444	26.923758	23.13257	22.837618	25.433912	23.83059	23.984602	20.386967	18.07479	14.768834	14.616963	14.686613	11.267543	10.089907	13.14754	14.571232	18.31926	21.280544	23.989225	26.94021	24.920435	22.600769	18.927853	17.453976	14.025224	14.592835	14.015888	16.176632	18.151367	21.521002	23.669247	25.13128	25.433676	28.896692	29.669945	26.709837	26.896276	24.232786	20.868168	19.409382	17.99512	17.542053	18.84717	17.133713	19.52219	20.07461	20.94864	22.004864	23.0961	22.864243	20.820288	22.2193	21.346184	22.788895	23.563265	25.176672	27.308077	29.14121	32.788956	35.27684	35.85753	33.77114	30.313816	30.566736	28.120653	28.106775	26.557667	26.957466	28.418623	27.104475	25.842392	26.37272	24.04287	22.48023	24.532122	27.665874	26.863127	25.880556	29.0421	31.089638	29.800457	30.077223	33.598003	34.714684	33.234108	35.262703	38.431248	38.057404	36.863102	40.19742	42.32594	41.19777	39.007587
M-283-A	47.417248	44.978027	41.223186	41.669403	43.01918	39.824936	38.09609	40.73722	40.441116	36.63946	37.0493	40.274727	38.270546	37.395252	33.865784	32.33565	32.41857	31.609903	32.1446	32.6904	33.819813	32.38656	33.66523	31.096828	33.66099	33.82912	35.01929	32.602745	34.574493	34.43913	37.451515	37.749863	35.73684	36.08911	37.35964	36.176846	32.65176	29.389	29.375923	32.709396	30.830782	28.42723	28.763494	29.02352	25.913582	23.9421	25.763468	25.172194	21.421347	21.673008	24.104458	22.023085	21.87955	18.232742	16.502018	12.854426	12.221015	13.064283	10.094637	8.09091	11.263163	13.4704	17.236866	20.45497	23.478107	26.307285	24.154436	22.339539	18.599155	17.508015	14.339401	14.812788	15.060555	16.933405	18.177143	21.529493	23.321064	24.408102	25.09407	28.724115	29.969452	27.147568	26.965292	24.573223	21.122877	20.189005	18.730183	18.716755	19.674932	17.900103	20.541794	21.041655	22.396097	23.906836	24.630505	24.644028	22.410547	23.699991	22.736046	23.647242	24.259214	25.349623	27.437986	28.83484	32.451927	34.624844	35.07437	33.22718	29.918278	30.62545	28.333485	28.807125	27.514997	28.404804	30.062237	29.085423	28.162104	28.5046	26.298487	24.35263	26.473219	29.545446	28.342476	27.179604	30.454807	32.361126	30.669071	30.905312	34.552948	35.39276	33.581146	35.703693	38.85182	38.13056	36.84349	40.291996	42.24679	40.807083	38.61986
K-284-A	44.72443	42.178905	38.410275	39.067085	40.26811	36.969826	35.478004	38.23623	37.74269	33.992924	34.70704	37.90475	35.94815	35.382103	31.79547	30.18262	30.529991	29.51545	29.703955	30.146263	31.02561	29.617	30.75653	28.164518	30.645327	31.044085	32.422104	30.04099	32.101856	31.98039	34.816727	35.24305	33.420578	34.00719	35.531715	34.696262	31.101957	27.798965	27.362728	30.74887	29.116377	26.440323	26.843634	26.861296	23.97469	21.851315	23.236332	22.646696	18.894907	18.76949	20.990482	19.065151	18.880548	15.2172165	13.128845	9.6577835	9.847877	10.627112	7.2955194	6.6048627	10.330804	11.806035	15.423684	18.892853	21.59415	24.730312	23.042969	21.163351	17.56213	15.876532	12.472565	12.089835	12.187396	13.560924	14.58774	17.834139	19.748009	20.746695	21.318268	24.941391	26.218088	23.465355	23.341084	21.101864	17.792345	17.19775	16.22297	16.8446	18.296051	17.226723	20.32479	21.497593	23.195415	24.334908	24.63205	24.131294	21.454967	22.156893	20.662975	21.231623	21.387272	22.310305	24.131243	25.438051	28.99108	31.14684	31.791162	30.051691	26.82079	27.606289	25.574167	26.220236	25.304462	26.361319	28.406128	27.780489	26.739613	26.619316	24.207563	21.899206	23.762453	26.93332	25.686543	24.18703	27.370586	29.401152	27.631588	27.611729	31.277391	32.19033	30.23849	32.221973	35.450706	34.756947	33.313652	36.716408	38.759644	37.294514	35.23431
C-285-A	42.39062	40.050903	36.281734	36.630154	37.879738	34.674778	32.922024	35.502785	35.166115	31.355507	31.76783	34.975605	32.985126	32.175922	28.639278	27.068348	27.259398	26.46464	26.989542	27.708529	28.96903	27.817703	29.372215	27.114035	29.941774	30.482512	31.458546	28.741472	30.427612	29.955765	32.831383	32.920403	30.810455	31.091751	32.565983	31.561886	27.933867	24.762556	24.627726	28.106934	26.567852	24.166946	24.961958	25.475058	22.74179	20.235579	21.835184	21.821508	18.034454	17.672918	20.414246	18.976103	19.547693	16.147789	13.6579895	10.588404	10.236918	9.640272	6.211886	5.612952	8.701223	9.546533	13.240852	16.354242	18.992182	22.070093	20.297457	18.076942	14.453284	12.739007	9.285973	9.690604	9.920069	12.220476	13.814811	17.399424	19.082716	20.743841	21.510366	25.0421	26.01289	22.899033	22.573135	19.855627	16.282955	15.022197	13.452552	13.505067	14.773064	13.535866	16.563416	17.819824	19.533888	20.581043	20.816883	20.327879	17.722458	18.643913	17.475954	18.366121	19.042524	20.344414	22.599838	24.316755	28.019405	30.481113	30.85547	28.724972	25.26587	25.669	23.254835	23.559608	22.261772	23.160727	24.96883	24.21041	23.326086	23.439259	21.29252	19.202162	21.474693	24.413582	23.078892	22.030499	25.401318	27.159237	25.48576	25.907635	29.532862	30.314062	28.683762	30.932407	33.981533	33.3604	32.294323	35.75389	37.6682	36.472923	34.141933
D-286-A	40.192894	37.920883	34.20152	34.370197	35.90913	32.89936	30.880253	33.464928	33.49274	29.689125	29.86665	33.243565	31.526136	30.496342	27.150087	25.269829	24.997334	24.070684	24.788498	25.394457	26.869883	25.617592	27.362051	25.23329	28.25782	28.606844	29.206064	26.352951	27.848627	27.347576	30.423876	30.43463	28.219336	28.422964	29.593489	28.37475	24.847652	21.60046	21.730818	25.093416	23.314104	21.123632	21.905903	22.744278	19.953823	17.424389	19.460941	19.683441	15.962756	15.933057	19.077541	17.754145	18.906038	15.857338	13.619038	10.838561	9.3914	7.8923254	5.567904	4.1216455	5.665296	6.446333	10.169955	13.015748	15.9268	18.738613	16.695814	14.608914	10.898879	9.753383	6.900559	8.485352	9.969582	12.762994	14.055401	17.783823	18.754301	20.723524	22.069954	25.576992	26.651485	23.362284	22.449976	19.555223	15.740871	14.321203	11.988656	11.72493	12.143003	10.552556	13.665994	14.919113	17.126017	18.521736	18.31509	18.160055	15.564151	16.682241	15.947244	16.63495	17.802513	18.951633	21.636948	23.338842	27.116232	29.577892	29.49365	27.1669	23.639126	24.050823	21.366144	21.761799	20.268503	21.467596	23.11142	22.528345	22.219027	22.46677	20.856752	18.764668	21.503088	24.001501	22.201323	21.562132	25.162035	26.40903	24.479786	25.382648	29.007105	29.338919	27.78341	30.399595	33.173275	32.29656	31.593447	35.187828	36.76142	35.58248	32.96157
V-287-A	42.449295	40.251617	36.603867	36.60011	38.389496	35.56481	33.31655	35.827053	36.156418	32.371082	32.256912	35.696728	34.087082	32.754078	29.572199	27.650982	26.961657	26.118202	27.130886	27.664076	29.306114	27.89284	29.661934	27.500881	30.516855	30.488802	30.881182	28.101208	29.553125	29.180626	32.4756	32.458817	30.147846	30.193138	30.94697	29.329678	26.001007	22.768839	23.367407	26.501951	24.319944	22.463848	22.969168	23.998394	20.917027	18.78306	21.347498	21.40855	17.817844	18.431047	21.63851	20.011251	21.099234	18.09949	16.439037	13.393753	11.135837	10.200189	8.706604	5.7637515	6.058564	8.242845	11.716865	14.120654	17.456474	19.704239	17.048555	15.360342	11.623694	11.670401	9.698009	11.952992	13.668003	16.557291	17.721556	21.429325	22.161139	24.024557	25.592657	29.143213	30.34996	27.075989	25.992119	23.117872	19.263552	17.799747	15.117777	14.3340025	13.901884	11.404252	13.845207	14.146694	16.224646	18.31124	18.381266	19.005753	16.964354	18.708374	18.606945	19.41994	20.971474	22.038773	24.906677	26.492632	30.260975	32.59603	32.2403	29.909601	26.421457	26.915974	24.074194	24.468391	22.7001	23.887564	25.117426	24.30603	24.317917	24.997108	23.720299	21.924887	24.874426	27.186563	25.310116	24.971989	28.631094	29.660995	27.689968	28.832567	32.426926	32.556587	31.04989	33.81973	36.45757	35.42293	34.8748	38.5287	39.915092	38.667187	35.922085
D-288-A	40.895462	38.972145	35.37284	35.00306	36.791138	34.10626	31.599613	33.830574	34.31636	30.527027	30.030693	33.40249	31.740961	30.10929	27.050621	25.272034	24.384016	23.903915	25.362692	26.258877	28.322752	27.275185	29.462664	27.72731	31.010838	31.177546	31.174896	28.097128	29.084019	28.288929	31.538544	31.104382	28.469725	28.094206	28.77175	26.921047	23.595318	20.63792	21.696407	24.875254	22.875124	21.468157	22.473904	24.064861	21.305178	18.816042	21.474535	22.166534	18.735254	19.008066	22.521364	21.452507	23.081978	20.367252	18.394163	15.827135	13.699458	11.825221	10.566155	8.545276	7.8978987	8.723522	11.6290455	13.170999	16.228054	18.23832	15.489427	13.332507	9.757632	10.098043	8.700981	11.842447	13.451571	16.832949	18.429302	22.16476	22.759575	25.111397	26.678156	30.040493	30.901272	27.417969	26.281652	23.080004	19.224768	17.162506	14.005381	12.360686	11.383868	8.3264065	10.294619	10.438733	12.511289	14.602448	14.671393	15.505613	13.799017	15.998854	16.515253	17.767292	19.907417	21.383059	24.563478	26.535221	30.330128	32.93174	32.377636	29.703299	26.074438	26.10129	22.919415	22.842997	20.60774	21.492746	22.293385	21.241915	21.481646	22.525564	21.650135	20.278814	23.529984	25.500612	23.64712	23.848284	27.541733	28.28115	26.527994	28.08275	31.519325	31.561584	30.454697	33.386684	35.812878	34.925076	34.741783	38.359287	39.645428	38.710915	35.77397
I-289-A	41.669342	39.838154	36.17753	35.776108	37.21987	34.367622	31.980074	34.042244	34.191257	30.344812	29.874083	33.029087	30.978315	29.400864	26.13893	24.812431	24.395546	24.306692	25.818306	27.114792	29.228294	28.53832	30.826988	29.206774	32.51788	33.05396	33.219803	30.042109	30.96706	29.90693	32.9119	32.28886	29.54598	29.004217	30.072714	28.397144	24.887787	22.163967	23.09465	26.527567	24.978449	23.494501	24.872946	26.421507	23.887081	21.07999	23.314566	24.176922	20.62474	20.292751	23.720781	22.89305	24.392036	21.472513	18.993841	16.437756	15.1036005	13.209265	10.998956	9.766211	10.344542	10.599888	13.695391	15.395241	17.982668	20.368204	18.029537	15.324265	11.876116	11.170996	8.8719225	11.595855	12.0995455	15.623679	17.872759	21.588224	22.748556	25.224518	26.279799	29.551397	30.049276	26.533852	25.907389	22.56803	18.841282	16.406384	13.559653	11.636585	11.586626	8.93063	10.785898	11.215684	12.462277	13.793432	14.486217	14.766004	13.09212	15.306695	15.640787	17.49195	19.53468	21.51992	24.539852	26.852234	30.653637	33.48939	33.281944	30.53784	26.81705	26.505217	23.336813	22.829987	20.479677	20.805687	21.57478	20.12723	19.761349	20.912252	19.665583	18.581148	21.657366	23.88692	22.5354	22.692963	26.240337	27.330177	25.992926	27.356485	30.724619	31.19605	30.28595	32.980785	35.572655	35.065544	34.755825	38.23717	39.82864	39.10144	36.310665
R-290-A	45.09747	43.12597	39.4305	39.21355	40.64698	37.704308	35.451355	37.62714	37.667683	33.8113	33.5042	36.650127	34.53498	33.05981	29.72148	28.450096	28.148563	27.96544	29.301311	30.431597	32.32294	31.404774	33.42601	31.493298	34.609276	34.96951	35.417763	32.454933	33.69453	32.913258	35.979233	35.588123	32.993553	32.6252	33.67711	32.01188	28.530497	25.677748	26.473362	29.866804	28.12571	26.446121	27.467499	28.689339	25.857395	23.35693	25.617176	25.996586	22.316576	22.274885	25.468761	24.159042	25.122402	21.87975	19.642122	16.559465	15.2648945	14.286896	11.676486	9.743405	11.17185	12.481212	15.991301	18.174612	21.051695	23.478958	20.993462	18.613459	14.999842	14.384848	11.752106	13.869444	14.159135	17.304302	19.410847	23.104414	24.560484	26.629053	27.529615	30.956835	31.644667	28.30535	27.896418	24.783224	21.081234	19.004217	16.537958	15.068045	15.282513	12.66844	14.444139	14.389128	15.25643	16.827415	17.946486	18.406239	16.862745	19.018476	19.098364	20.828913	22.517754	24.322311	27.107967	29.19564	32.98658	35.65225	35.63605	33.13219	29.491259	29.46108	26.48808	26.199514	24.05041	24.411446	25.283918	23.759405	23.149857	24.26645	22.707766	21.54224	24.33467	26.877083	25.6993	25.514456	28.980936	30.373278	29.013811	30.054897	33.512257	34.154312	33.017418	35.54326	38.32915	37.794567	37.193825	40.67668	42.407787	41.478462	38.848717
K-291-A	47.046635	45.281235	41.654896	41.14662	42.672817	39.897522	37.406715	39.348423	39.59713	35.763268	35.080368	38.156055	36.01127	34.19082	31.027061	29.932163	29.357851	29.499546	31.230652	32.540733	34.71923	33.91589	36.137676	34.372	37.597225	37.858517	38.04567	34.99545	36.00446	35.08535	38.219616	37.59215	34.781666	34.077793	34.871635	32.858875	29.535748	26.922983	28.19554	31.46771	29.641682	28.372744	29.475464	31.024694	28.186424	25.751535	28.282698	28.826777	25.252674	25.361656	28.70692	27.453333	28.568316	25.410023	23.290516	20.217003	18.622429	17.553852	15.266627	13.068388	13.842097	15.239432	18.472027	20.130486	23.022427	25.033974	22.246338	19.90216	16.512045	16.498688	14.4269285	17.037552	17.360928	20.712545	22.957418	26.666292	28.010845	30.22894	31.194014	34.572678	35.146355	31.725708	31.271389	28.01969	24.306276	21.952301	19.192097	17.13601	16.796337	13.644305	14.453091	13.433291	13.563086	15.495889	17.202723	18.30535	17.521742	20.2623	20.990238	23.048735	25.159668	27.141344	30.128117	32.35168	36.156425	38.895336	38.688347	36.028507	32.338882	32.11613	28.922169	28.363203	25.841545	25.926735	26.26399	24.354506	23.941336	25.581732	24.39147	23.715588	26.689053	28.97927	27.890467	28.121359	31.583984	32.772705	31.573032	32.89785	36.244305	36.802456	35.906483	38.551155	41.18937	40.69002	40.317905	43.799828	45.4269	44.6244	41.858852
D-292-A	45.72372	44.139465	40.51809	39.856907	41.12278	38.313313	35.837646	37.540955	37.610886	33.788013	32.997337	35.861263	33.467335	31.613214	28.405598	27.683607	27.381031	27.90455	29.788858	31.483301	33.826084	33.42804	35.87497	34.398132	37.74631	38.371044	38.493847	35.250145	36.009975	34.733986	37.63951	36.724297	33.755222	32.806644	33.87004	31.971973	28.543615	26.22058	27.505054	30.933535	29.541895	28.367405	29.929136	31.654816	29.151772	26.336626	28.575554	29.521534	25.96794	25.529074	28.922485	28.12397	29.46411	26.382298	23.815931	21.089087	19.98529	18.408907	15.862191	14.510724	15.423741	15.948667	18.990515	20.421202	22.831558	25.008818	22.573233	19.732302	16.580027	16.014847	13.816907	16.348621	16.01457	19.4923	22.213581	25.824045	27.377623	29.888083	30.556683	33.728535	33.89754	30.397928	30.21075	26.782434	23.243786	20.488369	17.841265	15.401022	15.455145	12.63969	13.190042	12.56224	12.160536	13.236182	15.278915	15.903249	15.28623	18.052233	18.868288	21.394598	23.613619	26.024738	28.986872	31.560213	35.329975	38.319996	38.242798	35.402374	31.636868	30.996735	27.732906	26.723206	24.018536	23.619967	23.77987	21.575315	20.831945	22.639622	21.412413	21.14156	24.053186	26.284555	25.546793	25.985662	29.296213	30.543215	29.720636	31.089123	34.264874	35.040676	34.461433	37.000732	39.610195	39.426083	39.151886	42.496788	44.254147	43.745716	41.005
L-293-A	46.691765	44.927505	41.22537	40.855083	41.915985	38.88602	36.70519	38.566933	38.300034	34.453648	34.038807	36.850864	34.30873	32.805164	29.37589	28.727516	28.860617	29.223103	30.737394	32.353615	34.39358	33.937386	36.148083	34.46171	37.64125	38.388706	38.87882	35.7661	36.805744	35.666904	38.460873	37.760292	34.98849	34.315384	35.687355	34.110035	30.529995	28.044682	28.877232	32.44732	31.16875	29.59287	31.053707	32.395626	29.84879	27.027887	28.947565	29.629942	25.941462	25.317326	28.442226	27.503498	28.45183	25.154823	22.462917	19.618002	19.073635	17.919634	14.825622	13.80265	15.62565	16.253984	19.619085	21.622282	24.008333	26.6007	24.423662	21.558237	18.20587	17.01182	14.112859	15.850937	14.946314	18.038652	20.832615	24.330816	26.318588	28.562178	28.875967	32.072693	32.239883	28.906633	29.089544	25.8477	22.442759	19.943157	17.859959	16.01451	16.876759	14.633265	15.889568	15.872847	15.729703	16.415838	18.285362	18.308424	17.166964	19.373144	19.484703	21.880438	23.559574	25.92667	28.545193	31.032564	34.761715	37.69729	37.981167	35.34879	31.640984	31.144432	28.157597	27.299473	24.95262	24.584599	25.196037	23.146484	21.895182	23.279129	21.45876	20.9095	23.400717	26.072126	25.585684	25.521557	28.68873	30.37979	29.610275	30.522411	33.766712	34.86416	34.085827	36.341312	39.207413	39.143032	38.51449	41.78591	43.806526	43.197876	40.701687
Y-294-A	50.26197	48.46502	44.766483	44.39987	45.575005	42.580257	40.347565	42.233204	42.060577	38.210777	37.733692	40.576202	38.061665	36.455692	33.08583	32.42488	32.39921	32.74538	34.314606	35.821095	37.842014	37.203827	39.314262	37.458942	40.560497	41.07347	41.6125	38.615273	39.78338	38.818043	41.748222	41.137253	38.37699	37.707108	38.884785	37.12191	33.636818	31.095476	32.072525	35.546673	34.01117	32.482346	33.688656	34.969387	32.17642	29.621489	31.762339	32.172947	28.454418	28.193323	31.268744	29.985579	30.667095	27.23302	24.861973	21.682074	20.883696	20.250196	17.236155	15.5583315	17.40501	18.722364	22.225277	24.30042	26.982763	29.392818	26.914204	24.316738	20.871819	20.112335	17.34219	19.157001	18.490797	21.450537	24.039253	27.549328	29.544657	31.55998	31.919226	35.22409	35.561882	32.32212	32.501835	29.369713	25.91381	23.589651	21.46331	19.656689	20.215143	17.60759	18.580385	17.914993	17.45988	18.603104	20.805775	21.325623	20.506893	22.95286	23.230896	25.55916	27.252638	29.475744	32.09402	34.425503	38.169353	40.978188	41.23506	38.701214	35.02415	34.703957	31.718924	30.983036	28.607782	28.295462	28.765604	26.600407	25.450508	27.009098	25.257101	24.765776	27.224932	29.919252	29.433483	29.340435	32.509132	34.22348	33.394024	34.271717	37.557438	38.63069	37.7533	40.011795	42.915527	42.759304	42.057926	45.369217	47.37775	46.63634	44.153202
A-295-A	50.720844	49.18443	45.55163	44.884052	45.98776	43.116158	40.72031	42.29619	42.19049	38.386974	37.575943	40.234562	37.589684	35.721058	32.49709	32.164497	32.0811	32.85055	34.768814	36.59328	38.905373	38.566772	40.950832	39.3845	42.648964	43.291527	43.583942	40.404396	41.25942	39.997894	42.84998	41.91039	38.919243	37.882725	39.013107	37.08107	33.678215	31.475117	32.777084	36.229984	34.875	33.685253	35.1964	36.81309	34.202988	31.473146	33.65819	34.422688	30.782187	30.341656	33.583393	32.603767	33.583076	30.271032	27.727716	24.755257	23.918251	22.854187	19.960323	18.478773	19.913704	20.838404	24.080679	25.696218	28.137583	30.343782	27.866062	25.059624	21.902107	21.265318	18.82473	20.961159	20.109795	23.292965	26.178284	29.665401	31.62417	33.937443	34.24304	37.3971	37.438362	34.08245	34.31552	30.98255	27.599504	24.888567	22.597374	20.252455	20.613161	17.905203	18.147259	17.104496	15.865446	16.691608	19.429611	20.110832	19.927256	22.70339	23.46328	26.200207	28.240974	30.783289	33.54662	36.156048	39.892162	42.893204	43.051483	40.293316	36.54129	35.86209	32.685852	31.536497	28.826628	28.08501	28.072771	25.514757	24.353441	26.357422	24.902472	24.981947	27.528828	29.949865	29.69562	30.030392	33.105232	34.65802	34.135166	35.2651	38.362045	39.45829	38.93554	41.242146	43.993637	44.021343	43.568928	46.807846	48.7844	48.305916	45.71857
N-296-A	49.47215	47.975464	44.32972	43.708866	44.528313	41.546413	39.326706	40.814423	40.42037	36.647	35.966778	38.438545	35.581333	33.90158	30.56489	30.514053	30.838085	31.754848	33.561127	35.58133	37.837048	37.751972	40.165993	38.726322	41.98241	42.93517	43.335056	40.094933	40.89581	39.46144	42.081947	41.058613	38.085514	37.042072	38.507034	36.848347	33.31995	31.235615	32.29664	35.889927	34.893517	33.577477	35.340744	36.893955	34.520008	31.544823	33.370953	34.30191	30.660818	29.774033	32.90264	32.209164	33.207253	29.924898	27.05562	24.36072	24.055754	22.793486	19.637238	18.853601	20.613073	21.00233	24.179298	25.864105	27.948635	30.434965	28.341892	25.241648	22.18711	20.952461	18.23883	19.936733	18.45244	21.45023	24.62124	27.916538	30.151083	32.540546	32.498352	35.466755	35.21011	31.904083	32.469757	29.13876	26.00215	23.183187	21.27625	19.019398	19.984476	17.844238	18.311045	17.92805	16.716883	16.752512	19.41108	19.391144	19.002018	21.410967	21.860447	24.777876	26.604479	29.372902	31.92942	34.712452	38.364635	41.49369	41.891323	39.11833	35.377567	34.48219	31.42583	30.062368	27.450422	26.421354	26.536947	23.93174	22.294037	24.137415	22.383083	22.619629	24.868048	27.40985	27.522955	27.76631	30.62019	32.39364	32.16084	33.103695	36.07444	37.452	37.065598	39.153416	41.970337	42.268635	41.737843	44.823322	46.988297	46.678444	44.230583
T-297-A	51.247112	49.574856	45.871365	45.51669	46.20622	43.056362	41.08646	42.735878	42.092495	38.31628	37.961933	40.412987	37.483986	36.10394	32.616814	32.565063	33.177353	33.90051	35.387383	37.272736	39.248177	39.047787	41.217194	39.560448	42.63223	43.618835	44.337963	41.254818	42.32424	41.067486	43.63083	42.83286	40.05032	39.265957	40.91864	39.47943	35.853916	33.593998	34.319122	37.986454	36.995575	35.363026	36.96117	38.178528	35.718494	32.82587	34.444393	35.08383	31.363358	30.43311	33.2933	32.40734	33.004345	29.562712	26.717726	23.92008	24.024431	23.230413	19.779058	19.13821	21.486483	22.087662	25.482285	27.600122	29.746735	32.49864	30.522673	27.492453	24.256641	22.709806	19.58439	20.687408	18.889366	21.42307	24.510185	27.637941	30.20692	32.270386	31.92876	34.907825	34.701782	31.616163	32.494415	29.406437	26.418873	23.928432	22.487616	20.761614	22.185617	20.327473	21.29114	21.198915	20.289204	20.329844	22.789824	22.491833	21.702137	23.71713	23.636698	26.341908	27.705006	30.338327	32.580376	35.20718	38.795734	41.813023	42.507553	39.96111	36.3072	35.60468	32.80729	31.647598	29.362238	28.448118	28.93894	26.52416	24.582846	26.038948	23.833364	23.782202	25.621275	28.517431	28.802282	28.585001	31.286934	33.428593	33.19475	33.72234	36.745415	38.37024	37.768234	39.59758	42.63071	42.990326	42.13033	45.14633	47.52192	47.079292	44.861324
V-298-A	51.713657	50.181454	46.518482	46.104584	46.502438	43.322487	41.481052	42.914623	42.027023	38.344257	37.992085	40.15371	36.99397	35.71159	32.237244	32.602455	33.554817	34.55925	36.052364	38.19093	40.187553	40.297256	42.547176	41.087833	44.163334	45.427834	46.167812	43.013325	43.94326	42.470318	44.79563	43.826958	41.00816	40.093426	41.982883	40.706127	37.058228	35.042164	35.687313	39.41185	38.760098	37.161297	39.018124	40.27345	38.051178	34.96936	36.31581	37.160545	33.500977	32.200485	34.961586	34.378338	35.02606	31.669903	28.586893	26.098518	26.59209	25.60574	22.080273	21.950737	24.355547	24.53093	27.750177	29.752098	31.544638	34.39356	32.701607	29.453644	26.433657	24.562263	21.431995	22.236513	19.903337	22.181562	25.515675	28.362732	31.160517	33.30999	32.59939	35.309635	34.7189	31.726454	32.976242	29.907036	27.252972	24.634571	23.554035	21.80807	23.591122	22.15124	22.972115	23.133307	21.951214	21.36384	23.924076	23.199183	22.545021	24.311216	24.130936	27.056543	28.292656	31.173138	33.21582	36.038322	39.497715	42.650368	43.541008	40.950054	37.329536	36.338947	33.635624	32.168423	29.901987	28.58215	28.982334	26.41207	24.050547	25.488918	23.136267	23.48186	24.92894	27.806244	28.58658	28.411413	30.771479	33.0775	33.25861	33.651062	36.433784	38.350418	38.001472	39.588684	42.6181	43.30605	42.43885	45.246204	47.791603	47.589188	45.50188
L-299-A	54.20465	52.600372	48.92795	48.6801	48.901596	45.61692	43.995895	45.46189	44.337254	40.71159	40.575745	42.614086	39.35653	38.306885	34.780594	35.272022	36.485756	37.44239	38.726322	40.82741	42.6273	42.73573	44.818424	43.261154	46.18006	47.526127	48.499115	45.457966	46.537304	45.142467	47.35897	46.502956	43.81388	43.032593	45.085735	43.978355	40.28486	38.230106	38.65668	42.418873	41.84286	40.063526	41.853683	42.887733	40.662643	37.625053	38.770645	39.445847	35.776176	34.38645	36.89909	36.244972	36.586887	33.170105	30.109451	27.657473	28.514277	27.846483	24.185495	24.222479	26.958864	27.216642	30.504896	32.732895	34.49086	37.49745	35.924828	32.700264	29.630405	27.55917	24.23916	24.607664	22.014856	23.820698	27.067444	29.64035	32.716175	34.598446	33.543674	36.1368	35.4684	32.74012	34.342022	31.516941	29.117119	26.753166	26.091145	24.694008	26.769255	25.544765	26.56292	26.852629	25.725159	25.068565	27.583883	26.680168	25.882452	27.374395	26.87179	29.674458	30.555233	33.36607	35.10179	37.828773	41.166466	44.243134	45.408936	42.994522	39.47733	38.555874	36.082603	34.684437	32.655167	31.311396	31.898586	29.41623	26.801332	27.984049	25.351767	25.62616	26.619888	29.681526	30.732018	30.24971	32.341057	34.939274	35.251606	35.291176	37.99696	40.17452	39.749672	41.04499	44.210976	45.045414	43.93059	46.591938	49.338703	49.109726	47.254383
S-300-A	54.051212	52.50182	48.877594	48.69449	48.625008	45.286163	43.89467	45.24747	43.83873	40.339245	40.36046	42.146873	38.748344	37.94885	34.425438	35.194157	36.77198	37.825497	38.94968	41.165745	42.850456	43.183403	45.231586	43.809235	46.647038	48.251133	49.320244	46.28869	47.31402	45.80353	47.766285	46.86201	44.255375	43.496128	45.804527	44.954464	41.2375	39.3268	39.535126	43.325478	43.054295	41.20349	43.151234	44.1021	42.10769	38.94926	39.764614	40.5473	36.971024	35.248028	37.55995	37.165024	37.483963	34.191616	30.965282	28.864273	30.135935	29.368484	25.69006	26.231102	29.06198	28.9549	32.068504	34.282276	35.717953	38.863415	37.614685	34.271236	31.373661	28.965378	25.616392	25.565115	22.565416	23.944569	27.255957	29.456287	32.732258	34.578915	33.147354	35.440872	34.450695	31.921188	33.893005	31.221209	29.22042	26.927168	26.729916	25.552912	28.001322	27.246685	28.360224	29.020535	27.94201	26.865788	29.214281	27.867039	26.957787	28.036268	27.247337	30.039196	30.623775	33.518642	34.947025	37.742214	40.892025	44.013763	45.42076	43.065205	39.657444	38.56949	36.312965	34.775276	32.945293	31.391535	32.09228	29.693832	26.738865	27.644077	24.795347	25.20982	25.69026	28.777534	30.23672	29.616821	31.31875	34.124756	34.75373	34.532703	37.006474	39.468174	39.181717	40.16886	43.355427	44.471405	43.262836	45.69059	48.613266	48.55408	46.90124
G-301-A	56.12646	54.506638	50.89971	50.89758	50.64444	47.222614	46.07846	47.465607	45.823124	42.418148	42.678074	44.335796	40.891685	40.35827	36.816372	37.667152	39.48619	40.45813	41.346848	43.498337	44.963074	45.30347	47.169548	45.68209	48.34001	50.040077	51.327923	48.424564	49.57765	48.144684	49.968887	49.185658	46.73818	46.13241	48.600796	47.946007	44.20051	42.26027	42.235226	46.035362	45.859818	43.840263	45.727608	46.458374	44.50937	41.39881	41.98557	42.62461	39.091076	37.266464	39.3031	38.890144	38.94071	35.669292	32.48909	30.523619	32.135574	31.615475	27.89938	28.63956	31.694237	31.596226	34.704487	37.089584	38.45014	41.72984	40.633377	37.324574	34.419132	31.832005	28.37027	27.923998	24.760044	25.65443	28.795443	30.65298	34.13219	35.69858	33.93138	36.03491	34.9553	32.751537	35.049866	32.675102	30.982801	28.981936	29.187237	28.357302	31.03978	30.507658	31.815691	32.635456	31.66868	30.54465	32.78527	31.265892	30.188847	30.985357	29.891994	32.50423	32.72917	35.506577	36.601704	39.26688	42.24298	45.258892	46.93593	44.778603	41.516663	40.501022	38.508728	37.064095	35.504818	33.974274	34.879955	32.637318	29.513685	30.120031	27.060715	27.353296	27.380978	30.579039	32.252163	31.327576	32.723232	35.773426	36.513695	35.934486	38.287968	40.98039	40.619156	41.288578	44.574444	45.83285	44.38544	46.627647	49.731228	49.65565	48.26102
G-302-A	59.845375	58.228275	54.63001	54.649914	54.34693	50.91768	49.81967	51.174637	49.479225	46.11262	46.376846	47.958923	44.47072	43.946053	40.443356	41.383564	43.224342	44.23921	45.130737	47.281002	48.712025	49.03018	50.837715	49.288937	51.87963	53.551014	54.92366	52.074448	53.291683	51.902485	53.724583	52.966026	50.531036	49.91822	52.3839	51.701603	47.962624	46.022938	46.019096	49.819588	49.607536	47.57207	49.40181	50.07837	48.058105	45.010857	45.615658	46.14717	42.593174	40.839115	42.80182	42.276035	42.153133	38.830097	35.760002	33.710304	35.337444	35.0223	31.280441	31.869852	35.003876	35.09427	38.283363	40.732773	42.17285	45.44614	44.277645	40.998505	38.035805	35.516865	32.028988	31.588274	28.463356	29.273243	32.320435	34.091766	37.63195	39.043694	37.169502	39.218037	38.141308	36.10496	38.516983	36.261024	34.632877	32.718834	32.954044	32.129242	34.7651	34.123188	35.354122	36.00144	34.87905	33.811333	36.21561	34.810085	33.857132	34.732075	33.681923	36.298515	36.487232	39.229416	40.247185	42.8487	45.771507	48.724777	50.493748	48.4154	45.193848	44.218754	42.275154	40.84087	39.290806	37.717773	38.559723	36.24159	33.091732	33.759197	30.725458	31.089071	31.009888	34.183674	35.95556	34.995434	36.274845	39.382782	40.188663	39.511143	41.7985	44.57451	44.203785	44.753292	48.0665	49.382904	47.84397	50.00463	53.180702	53.089012	51.797543
T-303-A	60.84044	59.037144	55.370132	55.53175	55.424255	51.943428	50.816097	52.406235	50.821728	47.350044	47.708195	49.53403	46.175518	45.63603	42.038147	42.6654	44.334732	45.095303	45.89861	47.819344	49.142097	49.167595	50.813816	49.010147	51.511566	52.964306	54.464394	51.745167	53.185883	52.03844	54.037643	53.496696	51.14288	50.70806	53.053528	52.29669	48.527443	46.342545	46.30392	50.097828	49.619022	47.449657	49.01581	49.529804	47.288544	44.43547	45.16802	45.40911	41.789276	40.30961	42.219467	41.36283	40.985435	37.536896	34.699257	32.3959	33.937077	33.994556	30.233498	30.5378	33.816864	34.28441	37.651493	40.325443	42.04864	45.336357	43.984802	40.884182	37.713455	35.33278	31.727705	31.287876	28.411728	29.218224	32.04387	33.94503	37.465027	38.642437	36.91004	39.187786	38.464775	36.454346	38.714615	36.544884	34.71498	33.01147	33.14247	32.470604	34.998375	34.130592	35.554394	36.068756	35.128994	34.45976	36.841183	35.673107	34.556644	35.55101	34.439575	36.874077	37.017494	39.53978	40.597404	42.98301	45.988667	48.78067	50.524982	48.580437	45.36151	44.68911	42.753387	41.61351	40.125233	38.865757	39.868298	37.649708	34.68453	35.3224	32.23587	32.237995	32.361	35.70815	37.157875	36.012295	37.537395	40.665707	41.140354	40.418686	42.94402	45.58698	44.920452	45.56946	48.990986	50.05985	48.379147	50.69319	53.82674	53.467514	52.16734
T-304-A	59.721283	58.00653	54.324833	54.287453	54.354126	50.96208	49.582546	51.111187	49.755207	46.199516	46.296738	48.219498	44.885838	44.0654	40.51109	41.099903	42.52267	43.396385	44.459103	46.457863	48.013786	48.033665	49.86761	48.120007	50.805573	52.149647	53.43172	50.58135	51.89733	50.671944	52.819447	52.144535	49.61639	49.00282	51.17045	50.186127	46.45908	44.316013	44.546104	48.326004	47.730804	45.748344	47.36325	48.108128	45.7879	42.901653	43.896854	44.263256	40.58129	39.23481	41.427624	40.554264	40.418705	36.913944	34.04632	31.549213	32.72051	32.586308	28.841795	28.852945	31.927946	32.477844	35.8905	38.401325	40.239887	43.37204	41.81998	38.698475	35.514942	33.36716	29.87558	29.859722	27.16442	28.439688	31.431791	33.67177	37.01654	38.45943	37.036556	39.502483	38.846363	36.52818	38.503212	36.044704	33.91375	31.92566	31.650774	30.617826	32.868534	31.708897	32.87951	33.122944	31.985476	31.416216	33.9857	33.071415	32.19932	33.52259	32.75233	35.376816	35.885986	38.53068	39.916866	42.436607	45.617393	48.520493	50.004948	47.85997	44.48999	43.740463	41.535336	40.28872	38.51427	37.205376	37.957294	35.54624	32.753185	33.722687	30.865856	31.032059	31.559141	34.785675	36.07212	35.23465	37.02522	39.92923	40.330387	39.951805	42.575233	45.018505	44.44453	45.38925	48.717484	49.67034	48.221714	50.708015	53.680637	53.349606	51.797783
M-305-A	62.36303	60.79805	57.15692	56.970978	56.94997	53.61687	52.189434	53.52284	52.149296	48.651894	48.5865	50.337444	46.89426	45.9689	42.523605	43.36772	44.8131	45.929226	47.155174	49.325	51.011528	51.1859	53.13974	51.51255	54.263535	55.667953	56.862873	53.932793	55.12112	53.75819	55.857555	55.018494	52.380047	51.57705	53.739826	52.680138	48.999508	47.02946	47.409634	51.18466	50.673138	48.83745	50.57893	51.464737	49.18747	46.232918	47.266315	47.76103	44.084175	42.68454	44.948208	44.169895	44.123325	40.635185	37.719166	35.245586	36.350117	36.097363	32.36878	32.329914	35.285717	35.78943	39.161537	41.517082	43.28912	46.33794	44.758514	41.553215	38.45824	36.380436	32.998066	33.136456	30.382603	31.748188	34.857883	37.06715	40.41541	41.96445	40.478146	42.836475	42.00128	39.687817	41.74567	39.2245	37.158	35.008217	34.67688	33.418976	35.58792	34.370445	35.238346	35.29819	33.818687	33.083298	35.885628	35.030163	34.478443	35.92152	35.361774	38.17747	38.823864	41.62184	43.044086	45.692497	48.848686	51.83837	53.31642	51.08099	47.683838	46.756424	44.4815	43.020466	41.100986	39.539253	40.031578	37.41123	34.55093	35.72926	33.015842	33.531807	34.001495	37.06289	38.567215	37.932076	39.584614	42.441875	43.0699	42.76875	45.23854	47.755993	47.38579	48.28782	51.54364	52.6465	51.29278	53.691425	56.690376	56.511814	54.952755
Y-306-A	65.186905	63.504063	59.81894	59.71676	59.833607	56.47386	55.01623	56.491257	55.199677	51.63798	51.60989	53.50703	50.13871	49.178112	45.691963	46.353542	47.659325	48.627518	49.82229	51.83706	53.460068	53.417297	55.25242	53.427937	56.104176	57.31791	58.608124	55.78499	57.142365	55.964626	58.206505	57.51607	54.92137	54.218853	56.266182	55.11011	51.427013	49.293873	49.695072	53.45297	52.716927	50.811478	52.336826	53.112103	50.63638	47.86091	49.029892	49.28331	45.55757	44.41195	46.635426	45.572178	45.300823	41.71281	39.029064	36.331055	37.309902	37.39126	33.677273	33.319466	36.348534	37.221863	40.738815	43.245422	45.264164	48.28424	46.5151	43.46728	40.21418	38.313335	34.87845	35.07169	32.540493	33.90999	36.83715	39.126404	42.453716	43.80434	42.412685	44.9177	44.329475	42.072178	44.040874	41.59985	39.397392	37.400986	36.97019	35.78612	37.81543	36.362103	37.29112	37.13356	35.699722	35.306618	38.16581	37.569603	36.987846	38.57408	38.027	40.73072	41.36871	44.009434	45.461205	47.945713	51.152122	54.011967	55.476723	53.347404	49.95658	49.248753	46.97187	45.70848	43.807636	42.441776	42.99133	40.397484	37.67882	38.884644	36.167137	36.483368	37.073868	40.231	41.546146	40.80169	42.59403	45.468094	45.89267	45.556747	48.168903	50.610252	50.045017	50.996876	54.327183	55.270832	53.808544	56.296875	59.277428	58.909092	57.358627
P-307-A	66.432884	64.85831	61.18269	60.88556	61.13599	57.878033	56.206043	57.58005	56.48601	52.88784	52.600693	54.526897	51.17357	49.948566	46.56047	47.245975	48.321278	49.434116	50.881844	52.97513	54.806152	54.76891	56.75848	54.98705	57.799683	58.90312	60.006348	57.088665	58.331173	57.08824	59.450138	58.62785	55.876064	54.983154	56.84354	55.453434	51.850426	49.798874	50.479538	54.1929	53.346085	51.646755	53.19755	54.18053	51.626743	48.86286	50.276627	50.61787	46.861713	45.86636	48.305172	47.207264	47.10158	43.481293	40.83205	37.97779	38.614567	38.58355	34.94258	34.270203	37.06264	38.064293	41.59304	43.9183	46.044003	48.871292	46.89477	43.8672	40.637608	39.022	35.756165	36.341022	34.0075	35.726227	38.744335	41.26041	44.43675	45.967327	44.80027	47.419144	46.86634	44.415436	46.18279	43.54314	41.13486	38.924427	38.15382	36.64081	38.35558	36.603348	37.193924	36.663486	34.935005	34.66227	37.761135	37.487595	37.24638	39.159443	38.973213	41.839375	42.798	45.530754	47.23668	49.817898	53.140278	56.075096	57.33348	55.051144	51.554707	50.77433	48.280285	46.907112	44.749252	43.30407	43.558556	40.760532	38.223015	39.76291	37.31025	37.833553	38.715744	41.712784	42.93605	42.477833	44.428055	47.103966	47.512444	47.45327	50.09636	52.388805	51.929596	53.09049	56.3277	57.202847	55.931072	58.525616	61.383236	61.053055	59.317436
G-308-A	66.12375	64.459816	60.751213	60.467766	60.947945	57.71719	55.918266	57.432858	56.537117	52.850883	52.5215	54.664276	51.45274	50.11017	46.700134	47.117752	47.9393	48.893196	50.37779	52.313663	54.159523	53.905613	55.853706	53.946545	56.763958	57.642887	58.710636	55.84605	57.175224	56.08328	58.62926	57.910706	55.161217	54.328884	55.995686	54.45457	50.8849	48.687096	49.46376	53.122936	52.024513	50.33849	51.69892	52.672234	49.943462	47.341972	48.970135	49.16389	45.38065	44.670197	47.18548	45.862427	45.714878	42.038082	39.586964	36.512474	36.85583	36.988342	33.440212	32.399055	35.101948	36.41652	40.0279	42.39087	44.755848	47.47349	45.28039	42.427	39.088524	37.736294	34.522614	35.31748	33.31539	35.21819	38.10042	40.82457	43.84348	45.330048	44.436565	47.267715	46.98843	44.43086	45.930588	43.24411	40.59037	38.428787	37.40272	35.85818	37.315872	35.280273	35.879803	35.112846	33.477184	33.600544	36.696613	36.737526	36.481003	38.596886	38.52408	41.292316	42.376015	44.969448	46.841434	49.306305	52.73821	55.588802	56.682938	54.41469	50.88134	50.28865	47.699333	46.508766	44.294067	43.084526	43.35208	40.59722	38.31829	39.940273	37.582424	37.90385	39.08731	42.113518	43.015015	42.569096	44.78743	47.346508	47.477325	47.548893	50.380116	52.461075	51.838943	53.20455	56.44652	57.07947	55.834267	58.604343	61.329605	60.825787	58.96758
I-309-A	63.035164	61.265232	57.535843	57.39102	57.85827	54.564064	52.86647	54.50969	53.548363	49.848465	49.6943	51.90996	48.74863	47.560863	44.05709	44.33907	45.24473	46.027172	47.336605	49.17015	50.883053	50.57057	52.420677	50.458057	53.21123	54.124268	55.28633	52.475857	53.889885	52.867676	55.380882	54.77824	52.13784	51.466953	53.22339	51.826805	48.193954	45.88542	46.4726	50.159084	49.086296	47.24908	48.5667	49.4081	46.710133	44.105137	45.611378	45.744415	41.966534	41.19733	43.618965	42.296246	42.089314	38.419598	35.94107	32.91943	33.420948	33.601757	30.001654	29.125536	31.985859	33.232758	36.8588	39.360134	41.69535	44.54193	42.465954	39.618053	36.22985	34.70438	31.365194	31.948153	29.897385	31.661894	34.4748	37.151546	40.2066	41.614956	40.69195	43.535343	43.31875	40.799614	42.3082	39.700127	37.080494	35.051403	34.165195	32.84079	34.472427	32.600807	33.503006	33.02661	31.705788	31.824116	34.687733	34.528286	33.95744	35.875866	35.55994	38.18211	39.091473	41.589767	43.364895	45.75058	49.1566	51.955246	53.113667	50.925858	47.43767	46.938282	44.455265	43.39704	41.345577	40.284824	40.79807	38.231457	35.909184	37.29682	34.774635	34.852898	35.9775	39.128674	39.94881	39.317566	41.555496	44.190434	44.21767	44.17195	47.063366	49.149506	48.40496	49.730778	53.02673	53.613056	52.27638	55.053673	57.797398	57.223335	55.420956
A-310-A	61.051197	59.39944	55.694454	55.351612	55.94319	52.76236	50.858913	52.40442	51.64301	47.91717	47.52325	49.781357	46.66905	45.24942	41.835644	42.100468	42.78852	43.69143	45.23157	47.150875	49.076008	48.817276	50.85525	49.01954	51.938774	52.80445	53.726524	50.78486	52.02197	50.88492	53.47653	52.718628	49.93054	49.079197	50.6806	49.10491	45.543667	43.333553	44.165066	47.80593	46.689537	45.066376	46.478413	47.564407	44.878498	42.21505	43.91404	44.23733	40.46215	39.752316	42.416264	41.18578	41.280228	37.647697	35.107018	32.04109	32.216934	32.09821	28.595522	27.539207	30.097195	31.295681	34.860935	37.120495	39.47261	42.14191	39.94175	37.066902	33.752968	32.447197	29.307627	30.285208	28.41408	30.563587	33.5061	36.40855	39.261196	40.94296	40.275204	43.19814	42.97138	40.208984	41.47045	38.626686	35.81741	33.53236	32.304497	30.644222	31.99081	29.903908	30.515	29.801842	28.284786	28.46387	31.463772	31.527182	31.211718	33.39332	33.409622	36.180065	37.416016	40.021633	42.062492	44.580093	48.090237	50.99653	51.915558	49.53754	45.94727	45.327705	42.62927	41.44441	39.15419	38.033066	38.298862	35.59632	33.471325	35.13027	32.876404	33.124947	34.570137	37.534355	38.218433	37.894726	40.304146	42.696266	42.694977	42.963093	45.87352	47.773365	47.16305	48.724163	51.887436	52.403187	51.31205	54.193447	56.77783	56.28353	54.269497
D-311-A	63.302658	61.608906	57.896915	57.531227	58.32048	55.195374	53.167984	54.784447	54.210526	50.439938	49.958267	52.353363	49.35591	47.796154	44.427475	44.518867	44.952297	45.76751	47.38486	49.17703	51.135162	50.68668	52.68712	50.730885	53.639164	54.267387	55.147663	52.270798	53.57767	52.58175	55.34402	54.6581	51.856323	51.013485	52.393547	50.62804	47.145866	44.848545	45.83172	49.387115	48.01618	46.460472	47.67342	48.768402	45.89571	43.43232	45.370277	45.53386	41.752636	41.362953	44.08347	42.6119	42.628925	38.953705	36.670925	33.388157	33.23092	33.3275	29.977066	28.473808	30.873652	32.453224	36.074398	38.323475	40.920006	43.416485	40.961906	38.296627	34.912727	33.95857	30.947302	32.167023	30.65273	32.940636	35.71678	38.763557	41.460896	43.065025	42.624718	45.700024	45.699005	42.897476	43.94758	41.09591	38.10178	35.875645	34.405037	32.682182	33.702705	31.29195	31.781704	30.691294	29.141552	29.738152	32.806778	33.272816	33.08302	35.501427	35.701996	38.39364	39.767525	42.240955	44.4212	46.82081	50.40333	53.21558	53.98776	51.63379	48.02774	47.569313	44.785187	43.7404	41.37315	40.41933	40.60261	37.889828	36.025234	37.819546	35.722248	35.88063	37.547928	40.474392	40.92881	40.657253	43.240925	45.514896	45.318947	45.70375	48.72743	50.455708	49.735733	51.447556	54.59506	54.922703	53.859306	56.861313	59.334286	58.700245	56.59579
R-312-A	63.826313	61.935535	58.181908	58.060715	58.85798	55.62726	53.760998	55.59176	54.921276	51.130363	50.91325	53.410786	50.47388	49.126034	45.637432	45.54389	46.067844	46.61267	47.96491	49.54337	51.258095	50.6131	52.373745	50.20438	52.931416	53.481827	54.59781	51.90027	53.45257	52.680172	55.457336	55.021046	52.406307	51.83085	53.279396	51.65939	48.110886	45.599266	46.330387	49.899548	48.438255	46.63235	47.625713	48.431583	45.461212	43.153652	44.987946	44.862614	41.074432	40.78267	43.282883	41.593815	41.286766	37.557987	35.458088	32.110146	32.12087	32.617493	29.233898	27.72867	30.408142	32.196533	35.917786	38.464565	41.16723	43.810802	41.401413	38.873066	35.345875	34.27586	31.075972	31.974634	30.49611	32.486416	35.016975	37.953613	40.732727	42.028114	41.519444	44.63956	44.83333	42.21374	43.32092	40.695583	37.753284	35.848515	34.594902	33.254124	34.450943	32.15487	33.05056	32.185772	31.02715	31.772709	34.592125	34.931988	34.36636	36.56493	36.430073	38.860886	39.938496	42.185795	44.177967	46.350372	49.880573	52.51717	53.43203	51.296745	47.79026	47.587994	44.995186	44.225883	42.116425	41.412323	41.924984	39.445824	37.532066	39.026703	36.690018	36.491898	38.01392	41.151234	41.51402	40.906933	43.484604	45.926464	45.560562	45.693665	48.816986	50.58756	49.6102	51.207348	54.485687	54.719902	53.41956	56.42195	58.96208	58.131325	56.174397
M-313-A	59.99795	58.101555	54.347725	54.237392	55.02885	51.79376	49.937763	51.79477	51.121986	47.32602	47.147846	49.67868	46.77926	45.477005	41.959854	41.798138	42.345688	42.839333	44.1488	45.726006	47.437054	46.82922	48.624416	46.51227	49.284378	49.910656	50.98677	48.237724	49.74369	48.92234	51.665565	51.2167	48.614418	48.06956	49.57163	48.027798	44.44537	41.92137	42.58545	46.17842	44.787624	42.951977	44.02099	44.850998	41.9614	39.554417	41.327843	41.302704	37.511578	37.11134	39.6555	38.08317	37.91575	34.213634	31.973822	28.691444	28.747276	29.06157	25.628168	24.27159	26.982801	28.595236	32.29663	34.84068	37.466423	40.173603	37.862156	35.26297	31.745329	30.5526	27.311634	28.181465	26.673906	28.719412	31.302984	34.286816	37.031567	38.433304	37.97268	41.10199	41.27458	38.57092	39.613255	36.929523	33.962936	32.019314	30.763	29.450834	30.723877	28.53315	29.567917	28.921574	27.942505	28.613781	31.277826	31.466208	30.73901	32.84394	32.63233	35.033367	36.10086	38.360466	40.37591	42.58796	46.132988	48.814835	49.698498	47.517326	43.995285	43.758354	41.162216	40.396164	38.318523	37.662277	38.266582	35.882446	33.978462	35.378506	33.017696	32.72816	34.304935	37.444542	37.731052	37.119896	39.748615	42.15241	41.74387	41.913456	45.05717	46.782616	45.81139	47.454487	50.707813	50.92564	49.674427	52.698883	55.20365	54.40408	52.40692
Q-314-A	59.68256	57.901608	54.181618	53.861244	54.830036	51.73626	49.64295	51.407272	50.989002	47.172005	46.71955	49.3124	46.49724	44.92042	41.531002	41.318047	41.56156	42.16065	43.732834	45.35596	47.28873	46.67858	48.64343	46.62555	49.54575	50.04117	50.86229	48.01422	49.361107	48.473244	51.344067	50.759315	48.006584	47.273865	48.535786	46.73771	43.269653	40.83018	41.807728	45.311157	43.786507	42.207424	43.296783	44.37997	41.43978	39.060303	41.114136	41.222073	37.450912	37.23164	40.02074	38.462784	38.560703	34.90757	32.72289	29.35314	28.948612	29.038828	25.805248	24.086414	26.374678	28.088501	31.723524	33.992405	36.71996	39.162262	36.622627	34.08653	30.635262	29.830353	26.880596	28.249186	27.063438	29.50853	32.140797	35.35124	37.83619	39.46343	39.306236	42.52353	42.737213	39.82317	40.577297	37.68605	34.508064	32.34268	30.672243	28.99423	29.83172	27.289127	27.939882	26.860973	25.641792	26.560934	29.401213	29.995266	29.609064	32.06977	32.276638	34.794388	36.232845	38.548264	40.85524	43.149994	46.79689	49.54224	50.149433	47.799175	44.1876	43.878918	41.051952	40.198532	37.858574	37.184647	37.490005	34.962	33.351948	35.07194	33.051094	32.930737	34.858936	37.77469	37.88039	37.598667	40.410004	42.535263	42.061638	42.5672	45.733166	47.23263	46.37382	48.26996	51.37748	51.483116	50.47973	53.617805	55.936447	55.180458	52.965023
K-315-A	62.242947	60.330704	56.596004	56.394264	57.501587	54.400223	52.317684	54.236336	53.893627	50.05214	49.681293	52.40354	49.700764	48.14678	44.743473	44.331985	44.451862	44.847225	46.32236	47.729694	49.540325	48.68294	50.471577	48.247616	51.038166	51.300735	52.225494	49.547115	51.084522	50.43712	53.43089	53.04134	50.39459	49.815903	50.94581	49.092896	45.67028	43.066605	44.012787	47.437004	45.674824	44.016716	44.814365	45.72853	42.596203	40.488796	42.656414	42.464592	38.710724	38.803658	41.48357	39.616177	39.45189	35.757584	33.909737	30.362408	29.794855	30.31136	27.22338	25.164434	27.456863	29.593035	33.28837	35.700645	38.655907	41.026917	38.331352	36.065174	32.5164	31.92843	29.006794	30.344572	29.440016	31.771961	34.121277	37.336624	39.747658	41.122494	41.081886	44.41149	44.887257	42.07245	42.72119	39.975464	36.727757	34.806152	33.113003	31.623997	32.319004	29.636457	30.403543	29.16909	28.14355	29.426891	32.159416	32.968792	32.49022	34.97123	35.122723	37.42624	38.781723	40.86326	43.142937	45.211193	48.85984	51.42356	52.00681	49.812145	46.26518	46.21874	43.45618	42.85605	40.61821	40.18785	40.60136	38.195156	36.72876	38.376347	36.33949	35.991436	37.95324	40.94288	40.869415	40.440792	43.33592	45.473347	44.790123	45.226627	48.50405	49.914383	48.843838	50.76446	53.92532	53.85353	52.7359	55.943466	58.219753	57.256233	55.071384
E-316-A	61.190514	59.094807	55.32814	55.37569	56.44894	53.240406	51.347973	53.465034	52.99344	49.151344	49.06706	51.862507	49.21655	47.91121	44.390923	43.816177	44.079594	44.210747	45.390858	46.604095	48.158928	47.15179	48.711582	46.314133	48.932106	49.180763	50.340534	47.82058	49.577606	49.115547	52.074867	51.9179	49.470585	49.165695	50.42072	48.77962	45.276558	42.48398	43.12284	46.573814	44.798954	42.868656	43.501816	44.121895	40.9549	38.94481	40.936783	40.50565	36.75078	36.85809	39.308502	37.293053	36.847076	33.11271	31.379911	27.818213	27.493177	28.350876	25.202103	23.26258	25.892113	28.121609	31.889872	34.605396	37.587006	40.153072	37.59701	35.416977	31.757626	30.94815	27.816359	28.76228	27.84622	29.855331	31.973213	35.05918	37.5514	38.651825	38.530968	41.880756	42.515827	39.870243	40.57852	38.054043	34.891563	33.28717	31.860888	30.78966	31.73871	29.28894	30.52358	29.67208	29.092115	30.380442	32.79741	33.347412	32.437973	34.61186	34.37586	36.409485	37.435066	39.303665	41.37061	43.233376	46.81329	49.223972	49.963177	47.97467	44.534718	44.708473	42.161076	41.814938	39.866318	39.666466	40.43846	38.29785	36.745396	38.046192	35.760857	35.058357	36.84836	40.028675	39.88064	39.116325	41.979992	44.277203	43.448383	43.62809	46.97948	48.439205	47.13739	48.929913	52.20496	52.06623	50.72759	53.916397	56.260445	55.136215	53.104126
I-317-A	57.53945	55.453827	51.695904	51.70843	52.854515	49.68773	47.734146	49.87635	49.497128	45.64488	45.53201	48.402054	45.851807	44.51902	41.017063	40.30973	40.476097	40.539524	41.734623	42.91818	44.518444	43.506657	45.132168	42.792614	45.493675	45.747646	46.79566	44.207413	45.894802	45.396805	48.383377	48.202393	45.739586	45.438477	46.6534	45.00904	41.51169	38.696877	39.352486	42.78937	41.00496	39.104057	39.777737	40.4804	37.34649	35.27287	37.316303	36.990604	33.23008	33.335728	35.90778	33.971504	33.73715	30.035124	28.217194	24.652575	24.166857	24.816563	21.701021	19.702047	22.241804	24.411104	28.166409	30.829803	33.813156	36.357895	33.804935	31.616003	27.95625	27.181137	24.102322	25.186216	24.437986	26.625666	28.748116	31.968973	34.308537	35.562363	35.62776	39.033115	39.703587	36.916565	37.42794	34.798054	31.521763	29.854824	28.274885	27.165504	28.01741	25.542032	26.858494	26.101597	25.728546	27.093288	29.333174	29.882126	28.867437	31.042309	30.841146	32.81922	33.93787	35.784927	37.971615	39.86239	43.493034	45.94447	46.551765	44.480766	41.003666	41.164444	38.55006	38.232906	36.260498	36.166634	36.9693	34.929962	33.526134	34.796352	32.607006	31.80478	33.773525	36.878963	36.545742	35.858044	38.847088	41.003	40.064568	40.383865	43.77791	45.093136	43.798668	45.728397	48.931526	48.70804	47.48812	50.746807	52.98207	51.874996	49.731697
T-318-A	58.65894	56.65632	52.939957	52.78034	54.129314	51.107086	48.936535	51.017715	50.899944	47.038204	46.68078	49.624702	47.183895	45.598736	42.23322	41.444454	41.284767	41.402378	42.82561	43.990143	45.76546	44.684387	46.41422	44.11471	46.90392	46.950974	47.776115	45.158432	46.741386	46.256207	49.394806	49.137905	46.56639	46.122017	47.051003	45.134933	41.78447	39.019817	39.984776	43.287926	41.295467	39.6436	40.2338	41.13503	37.896446	35.963783	38.32054	38.028957	34.324715	34.71714	37.472767	35.46531	35.40334	31.775593	30.147757	26.495728	25.493542	26.05348	23.250383	20.79019	22.8148	25.224335	28.884165	31.281261	34.42673	36.653576	33.817284	31.807253	28.214365	27.934034	25.20731	26.768269	26.407015	28.902534	30.978985	34.367275	36.43394	37.813633	38.176167	41.658215	42.416664	39.49244	39.72875	36.96753	33.512398	31.712992	29.75133	28.342085	28.704372	25.843325	26.773468	25.498564	24.941776	26.683954	29.05602	30.087109	29.40959	31.928339	32.12792	34.153328	35.59832	37.426994	39.8643	41.761024	45.464096	47.91129	48.25069	46.074924	42.550392	42.71278	39.90951	39.5735	37.38345	37.326363	37.853497	35.70799	34.620674	36.1763	34.311134	33.641674	35.907825	38.80817	38.290493	37.880028	41.024044	42.925266	41.89433	42.501064	45.918144	47.00797	45.775715	47.928196	50.99921	50.634	49.616302	52.978905	55.028873	53.912296	51.585922
A-319-A	60.620075	58.44385	54.717453	54.761536	56.186573	53.121075	51.058372	53.327618	53.19955	49.338833	49.170166	52.21612	49.878147	48.426872	45.014923	44.03927	43.869144	43.73136	44.94137	45.854137	47.407356	46.07547	47.548065	45.016285	47.60031	47.448456	48.46693	46.07995	47.910793	47.705456	50.90396	50.90493	48.51916	48.314472	49.19978	47.35081	44.021027	41.073395	41.865086	45.095684	42.929913	41.10261	41.375587	41.990284	38.600266	36.96145	39.304943	38.65243	34.99812	35.651268	38.17989	35.86166	35.439465	31.794249	30.533197	26.776329	25.76301	26.85249	24.197496	21.56758	23.711357	26.472635	30.152893	32.77615	36.073204	38.31278	35.450317	33.715656	30.049889	29.831177	27.069721	28.38712	28.215197	30.433397	32.168747	35.456673	37.491703	38.528996	38.936207	42.485264	43.507126	40.760952	40.95561	38.43145	35.00371	33.549213	31.729647	30.664476	31.05028	28.24787	29.447475	28.25344	28.007252	29.937916	32.097645	33.13848	32.23198	34.598553	34.581703	36.324528	37.540127	39.087955	41.38069	42.997284	46.64353	48.864063	49.259697	47.31613	43.915226	44.376034	41.742954	41.70537	39.73617	39.937874	40.688183	38.740067	37.69205	39.04624	37.06196	36.10893	38.28518	41.308125	40.6613	39.99739	43.15339	45.136093	43.909424	44.337437	47.84457	48.898373	47.414333	49.50677	52.658375	52.138435	50.933205	54.320286	56.366295	55.02224	52.80466
L-320-A	57.69568	55.396595	51.656406	51.874123	53.278828	50.152718	48.224155	50.639225	50.435947	46.587864	46.631535	49.73956	47.485054	46.22788	42.750248	41.613174	41.53586	41.175816	42.153065	42.91511	44.28654	42.863026	44.195538	41.574722	44.070118	43.944736	45.096127	42.78563	44.742092	44.64116	47.79903	47.955284	45.720284	45.725418	46.717617	45.062847	41.67097	38.588608	39.124683	42.37452	40.237217	38.202003	38.395084	38.816624	35.44146	33.81767	36.014126	35.244682	31.582785	32.21259	34.61407	32.242237	31.714481	28.048939	26.816698	23.056509	22.174366	23.434553	20.751663	18.213387	20.61684	23.391418	27.10987	29.953768	33.23341	35.637108	32.9335	31.239151	27.509563	27.089706	24.195295	25.23319	25.134909	27.157818	28.698225	31.931065	33.94868	34.85509	35.28429	38.85814	40.000412	37.32226	37.472095	35.075615	31.684837	30.457169	28.800915	28.066917	28.630354	26.062613	27.67764	26.894213	27.089497	28.970253	30.783228	31.564405	30.274311	32.357704	32.04099	33.537735	34.522606	35.8954	38.062767	39.540443	43.14605	45.278393	45.74264	43.913677	40.583054	41.18946	38.706696	38.866173	37.126495	37.538273	38.57833	36.892002	35.831802	36.88927	34.771217	33.516907	35.617702	38.724285	37.95261	37.0719	40.234066	42.264935	40.896782	41.187786	44.74725	45.77833	44.138733	46.183174	49.37729	48.786396	47.47411	50.863533	52.9147	51.477703	49.33161
A-321-A	55.14212	52.95217	49.24479	49.282043	50.812954	47.806644	45.69221	48.03072	48.02622	44.172703	44.014256	47.17405	45.014156	43.576996	40.20355	38.988922	38.681232	38.374805	39.543625	40.354786	41.922638	40.547478	42.07266	39.60158	42.27783	42.122974	43.003056	40.54226	42.304756	42.08649	45.321358	45.333595	42.97156	42.83087	43.66445	41.851837	38.53075	35.511013	36.271717	39.46639	37.269356	35.440475	35.727627	36.41776	33.062332	31.359549	33.770638	33.23102	29.578936	30.270363	32.94303	30.715914	30.587269	27.013882	25.686012	21.944141	20.632908	21.466494	18.958849	16.150555	18.114534	20.875822	24.526457	27.113861	30.43916	32.65706	29.810146	28.118998	24.43924	24.3013	21.663069	23.150877	23.342388	25.743103	27.370403	30.807533	32.56878	33.779274	34.47923	38.086266	39.1907	36.290287	36.173042	33.55667	29.994093	28.53911	26.523746	25.50361	25.72006	22.918463	24.33743	23.360209	23.587976	25.663332	27.423094	28.431606	27.285677	29.572258	29.548737	31.104525	32.398685	33.83429	36.264755	37.861725	41.553036	43.791565	44.001377	41.97659	38.55517	39.048042	36.36529	36.439777	34.507206	34.939358	35.798058	34.08954	33.28974	34.51323	32.67242	31.504488	33.8989	36.79358	35.840763	35.24164	38.553196	40.32113	38.897552	39.49456	43.05264	43.878143	42.36745	44.63773	47.678185	47.01307	45.957863	49.431736	51.31155	49.968582	47.614758
P-322-A	54.572987	52.44696	48.809513	48.70281	50.47367	47.644897	45.330082	47.645344	47.939205	44.109367	43.74684	47.011715	45.05508	43.415134	40.209995	38.810966	38.133812	37.77809	39.11362	39.822807	41.525867	40.045097	41.648205	39.23791	41.98673	41.599358	42.21304	39.744576	41.38967	41.219543	44.60436	44.58066	42.16448	41.943066	42.455414	40.406414	37.26924	34.270397	35.301865	38.30168	35.86883	34.292076	34.447216	35.330795	31.897114	30.383076	33.11596	32.620056	29.095396	30.118435	32.96174	30.703766	30.830116	27.439478	26.346272	22.636845	20.72154	21.377651	19.380768	16.137827	17.335262	20.311481	23.738413	25.996798	29.474277	31.316948	28.202892	26.797918	23.242983	23.688639	21.545237	23.508303	24.22067	26.88275	28.362366	31.9284	33.29922	34.641346	35.717556	39.371223	40.594254	37.565826	37.081017	34.368603	30.651989	29.133656	26.735207	25.503866	25.155695	22.030798	23.152168	21.760231	22.08686	24.610811	26.243992	27.705801	26.776922	29.302668	29.637026	31.102396	32.694897	34.01551	36.69036	38.234863	41.964348	44.158413	44.04135	41.929104	38.504616	39.04153	36.206875	36.34383	34.267246	34.855637	35.513203	33.85034	33.462875	34.85707	33.37846	32.23946	34.93771	37.576504	36.337498	36.00009	39.471745	40.91596	39.32515	40.2286	43.800655	44.318832	42.842796	45.36129	48.220093	47.35389	46.53502	50.11403	51.742912	50.37529	47.824722
S-323-A	56.242596	54.315308	50.721085	50.35269	52.145603	49.430023	46.928513	49.022896	49.440796	45.619606	44.95664	48.131435	46.106583	44.206657	41.126465	39.918655	39.095486	39.041317	40.69595	41.622757	43.589485	42.286076	44.117798	41.903015	44.80203	44.44366	44.823784	42.21046	43.61237	43.24109	46.639893	46.365005	43.740578	43.215256	43.585262	41.293964	38.262215	35.496323	36.877277	39.8327	37.42804	36.175106	36.517002	37.715084	34.359215	32.752453	35.630947	35.394917	31.911398	32.87144	35.90257	33.827774	34.195328	30.866764	29.637747	26.007725	24.008873	24.300247	22.330843	19.151915	19.99972	22.744402	26.030203	27.904495	31.303621	32.906704	29.649403	28.151	24.76988	25.45533	23.548922	25.87237	26.484442	29.41203	31.157892	34.79532	36.15083	37.7347	38.803722	42.406975	43.44381	40.287373	39.817444	36.910465	33.15984	31.319315	28.700611	27.019016	26.413029	23.031647	23.546751	21.622551	21.371023	23.970331	25.993622	27.799894	27.387014	30.261763	31.016628	32.789577	34.707558	36.26735	39.120686	40.87825	44.650562	46.992695	46.75338	44.449356	40.93455	41.227524	38.18879	38.03818	35.657013	35.974052	36.23582	34.27371	33.972534	35.737003	34.4996	33.743515	36.574165	39.039513	37.91721	37.908463	41.378235	42.69254	41.28205	42.413845	45.89456	46.39709	45.164803	47.773468	50.5286	49.75679	49.139217	52.710686	54.29542	53.096474	50.423256
T-324-A	53.13211	51.305695	47.76884	47.25296	49.14779	46.561943	43.924	45.948032	46.545025	42.75958	41.93962	45.14973	43.259613	41.237194	38.287437	36.977097	35.935776	35.897316	37.691845	38.636982	40.753006	39.51236	41.500652	39.46371	42.494457	42.14098	42.2673	39.533493	40.72938	40.242733	43.669136	43.268906	40.562057	39.92417	40.150784	37.748707	34.803486	32.11693	33.68473	36.553307	34.13015	33.086887	33.5356	34.98184	31.726131	30.043142	33.056423	33.06793	29.673141	30.642948	33.85925	31.992197	32.73542	29.587513	28.28757	24.838377	22.5611	22.386986	20.715134	17.517418	17.786764	20.321463	23.376514	24.909264	28.266373	29.658476	26.32161	24.849072	21.61358	22.601671	21.077871	23.765139	24.669346	27.825424	29.566837	33.28127	34.359547	36.1847	37.476345	41.040516	42.036987	38.741936	38.02551	34.986164	31.168402	29.184563	26.294104	24.40072	23.421999	19.886171	20.17676	18.078363	17.975052	20.811308	22.639414	24.658392	24.357029	27.35114	28.366615	30.114733	32.27811	33.842422	36.882942	38.710693	42.499172	44.905308	44.442078	41.98849	38.44347	38.632065	35.461998	35.25529	32.750595	33.126305	33.245888	31.351042	31.349276	33.192245	32.248615	31.535751	34.58586	36.80405	35.489536	35.72595	39.280743	40.32195	38.851738	40.243702	43.67982	43.972137	42.85788	45.639698	48.222202	47.380913	46.99991	50.608692	52.020367	50.915012	48.085094
M-325-A	52.229267	50.50166	46.915844	46.3311	47.978497	45.291435	42.703854	44.581806	44.963737	41.149307	40.307274	43.356922	41.213303	39.208347	36.160957	35.156284	34.397533	34.63821	36.511223	37.766468	39.98127	39.04058	41.1912	39.30588	42.448524	42.435436	42.60937	39.692104	40.768253	40.001904	43.26225	42.66359	39.82786	39.033108	39.55305	37.270573	34.14692	31.604729	33.125565	36.221653	34.13955	33.052216	33.887268	35.426277	32.364986	30.283043	33.05617	33.341473	29.815054	30.309937	33.586895	32.006477	32.84841	29.598259	27.844465	24.48728	22.657932	22.153006	20.003775	17.283241	17.986578	20.020975	23.226585	24.804802	27.906351	29.588465	26.487284	24.508356	21.225798	21.70088	19.8402	22.446548	22.818554	26.055931	28.19688	31.893702	33.269924	35.284428	36.265877	39.72736	40.417442	37.072735	36.65443	33.482334	29.754108	27.496328	24.730467	22.629923	22.030325	18.6325	18.872728	16.995977	16.454544	18.781677	20.983837	22.669218	22.437037	25.450083	26.432533	28.532816	30.705822	32.61458	35.607838	37.717583	41.5228	44.149464	43.884415	41.30162	37.65259	37.545067	34.329914	33.80051	31.182972	31.196352	31.249287	29.109165	28.770718	30.705019	29.619177	29.155579	32.0923	34.378002	33.38149	33.668957	37.104164	38.303787	37.129433	38.461838	41.80949	42.35805	41.438793	44.09046	46.736965	46.177563	45.78081	49.288723	50.889866	49.993065	47.221596
K-326-A	53.906017	52.319237	48.725353	48.023083	49.45869	46.730675	44.15963	45.83114	46.052467	42.24561	41.301	44.141674	41.74558	39.682804	36.618862	35.9968	35.45868	36.044502	38.05575	39.6082	41.93766	41.266415	43.55198	41.80368	45.012688	45.227913	45.41977	42.385994	43.341232	42.34888	45.468445	44.66718	41.69991	40.696026	41.389427	39.128628	35.948444	33.628838	35.200855	38.41524	36.59693	35.573067	36.684834	38.31729	35.39897	33.09003	35.69795	36.170025	32.587345	32.75409	36.039677	34.653862	35.504845	32.179543	30.141027	26.853348	25.397017	24.751648	22.268763	19.94138	20.947771	22.634045	25.869604	27.395697	30.258764	32.05606	29.112226	26.814308	23.622837	23.767433	21.718992	24.2031	24.033346	27.271212	29.7677	33.392563	35.056328	37.18596	37.855225	41.204052	41.60238	38.253	38.154175	34.892582	31.296736	28.799168	26.189987	23.868624	23.565725	20.320215	20.270493	18.38952	17.149496	18.933292	21.659369	23.164845	23.249897	26.332842	27.38732	29.857628	32.05982	34.287865	37.218582	39.567875	43.360714	46.159073	46.057503	43.37727	39.66402	39.282425	36.029625	35.164986	32.40431	31.991407	31.833973	29.354553	28.69123	30.838665	29.676783	29.603647	32.378937	34.689575	34.085316	34.47594	37.7397	39.08366	38.252598	39.536804	42.75668	43.55807	42.85915	45.37078	48.057167	47.77238	47.373142	50.767143	52.535408	51.832882	49.12151
I-327-A	54.707554	53.003872	49.335644	48.836105	50.06224	47.14469	44.801575	46.5588	46.47906	42.64571	41.968143	44.73712	42.165325	40.35935	37.10182	36.606644	36.44695	36.98566	38.75626	40.32644	42.459785	41.81094	43.95487	42.0828	45.18091	45.55323	46.035725	43.065475	44.20676	43.256287	46.26017	45.57479	42.719044	41.880714	42.877907	40.88115	37.523083	35.10171	36.340977	39.723854	38.060738	36.727055	37.851788	39.220737	36.306503	33.912178	36.241516	36.572575	32.87507	32.82291	35.91178	34.47624	35.037716	31.552494	29.381021	26.048592	25.072384	24.690132	21.799086	19.77433	21.442713	23.095459	26.566143	28.490795	31.288023	33.455048	30.740217	28.282413	24.917175	24.527763	21.978174	23.952353	23.323196	26.267784	28.85168	32.344055	34.364292	36.311665	36.64732	39.964577	40.295177	37.093967	37.334946	34.20672	30.755375	28.390535	26.186184	24.179665	24.466751	21.580687	22.011076	20.676712	19.600924	20.933699	23.6218	24.591486	24.311739	27.064077	27.661709	30.136736	31.980118	34.248478	36.916077	39.25209	43.002224	45.7936	46.005436	43.460342	39.775414	39.433647	36.370052	35.535618	32.98951	32.50677	32.646255	30.200743	29.094656	30.985672	29.391134	29.211117	31.655897	34.27101	33.927227	33.98728	37.100327	38.79329	38.076305	39.01708	42.24995	43.345097	42.548546	44.81121	47.694584	47.564034	46.89599	50.19983	52.20627	51.472992	48.967903
K-328-A	54.887	53.367798	49.72551	49.072876	50.071133	47.153885	44.824608	46.332714	46.105453	42.32133	41.519615	44.04537	41.250393	39.3972	36.171463	36.07006	36.12792	37.02321	38.93895	40.82419	43.09697	42.77796	45.10214	43.46047	46.65463	47.29901	47.719723	44.596474	45.533	44.3	47.12222	46.18749	43.197174	42.127045	43.30178	41.358143	37.968834	35.819138	37.113235	40.58245	39.237705	38.018314	39.478508	41.005314	38.318016	35.65629	37.80411	38.430737	34.74113	34.313255	37.43866	36.32791	37.04879	33.604126	31.111813	28.00907	27.348427	26.623583	23.56418	22.024975	23.740496	24.894512	28.24833	29.99131	32.465813	34.70052	32.19553	29.421278	26.242563	25.563944	22.988218	24.888203	23.773209	26.725014	29.656855	33.032185	35.239265	37.390556	37.45477	40.583183	40.55495	37.32987	37.838528	34.60088	31.333866	28.692867	26.630245	24.379753	24.907766	22.257795	22.391544	21.172047	19.581196	20.275558	23.301836	23.998047	24.012632	26.757265	27.453133	30.273582	32.179188	34.77245	37.3919	39.99794	43.70088	46.688892	47.011856	44.327274	40.595093	39.914566	36.81126	35.603046	32.91764	31.997272	31.908493	29.178785	27.775776	29.84914	28.251942	28.513031	30.793497	33.328392	33.37287	33.612732	36.516556	38.271942	37.92859	38.881317	41.922195	43.228333	42.722694	44.86126	47.710716	47.871334	47.28252	50.443775	52.570263	52.096455	49.62626
I-329-A	55.616386	54.03917	50.360527	49.86432	50.616863	47.549366	45.452293	46.97535	46.442257	42.680668	42.1104	44.4967	41.52373	39.9267	36.56718	36.659912	37.105415	38.011883	39.71507	41.659878	43.76405	43.54226	45.761684	44.082775	47.17505	48.02006	48.673306	45.59327	46.635628	45.386456	48.042984	47.165398	44.273403	43.316277	44.785275	43.103004	39.584923	37.420593	38.420433	42.016018	40.882507	39.43382	40.962605	42.287155	39.684578	36.91938	38.76161	39.333515	35.597927	34.89531	37.814857	36.764053	37.273502	33.75946	31.105717	28.104284	27.952162	27.366377	24.015102	22.911106	25.098928	26.075586	29.513824	31.511744	33.823883	36.35373	34.11262	31.188433	27.962807	26.805231	23.880426	25.262836	23.64634	26.23988	29.278126	32.432972	34.977467	36.989784	36.675537	39.681976	39.49128	36.43666	37.32408	34.22747	31.198423	28.6649	27.053986	25.094595	26.168926	23.939478	24.415966	23.681288	22.222084	22.470615	25.399807	25.575502	25.310307	27.681395	27.963472	30.797285	32.354168	35.01569	37.347134	39.97468	43.586277	46.58959	47.217525	44.643696	40.964783	40.24858	37.34623	36.10162	33.625286	32.571568	32.717957	30.02734	28.185694	29.99754	28.015436	28.26479	30.138262	32.904865	33.283413	33.248	35.914703	37.991947	37.84448	38.468075	41.440086	43.055332	42.533043	44.390842	47.38868	47.758575	46.948715	49.966736	52.324936	51.890343	49.633556
I-330-A	54.69566	53.319668	49.69948	49.038033	49.580563	46.555756	44.46851	45.73138	45.084507	41.407158	40.70427	42.841064	39.696957	38.062794	34.780373	35.239635	35.87355	37.10769	38.943165	41.173435	43.414856	43.52493	45.928112	44.52125	47.70934	48.80817	49.344555	46.11848	46.9192	45.389874	47.852367	46.7231	43.717945	42.538826	44.156746	42.545734	39.038433	37.163647	38.21346	41.84213	41.02831	39.726208	41.57543	43.07556	40.73229	37.730255	39.401794	40.296806	36.628475	35.58438	38.546352	37.860657	38.608444	35.218277	32.29165	29.590677	29.639841	28.650724	25.2876	24.621899	26.689644	27.160818	30.38478	32.1288	34.089405	36.62665	34.616795	31.44194	28.469519	27.095621	24.27918	25.625723	23.652016	26.251053	29.56483	32.57983	35.189846	37.440285	36.93988	39.722687	39.175236	36.084988	37.150723	33.94858	31.125996	28.332155	26.837872	24.656338	25.895914	23.954367	24.155964	23.602983	21.811205	21.433697	24.508976	24.372143	24.36346	26.653362	27.045685	30.15728	31.792027	34.73354	37.0308	39.908543	43.445168	46.629726	47.30404	44.58258	40.885677	39.82732	36.895233	35.293552	32.702103	31.247284	31.166847	28.267664	26.181835	28.134893	26.220816	26.920452	28.642452	31.237242	31.961685	32.156708	34.602913	36.658794	36.86851	37.556664	40.301785	42.061398	41.854427	43.619183	46.519337	47.152195	46.483276	49.3535	51.768734	51.609966	49.36207
A-331-A	56.650017	55.274246	51.657017	51.090004	51.399746	48.286087	46.398212	47.607082	46.700706	43.09303	42.544888	44.48976	41.187725	39.757195	36.436874	37.13603	38.087116	39.384968	41.072544	43.372643	45.488	45.710854	48.034275	46.628887	49.72094	50.982536	51.688763	48.505203	49.361786	47.80363	50.10689	48.992542	46.061447	44.93193	46.763466	45.341007	41.780334	39.9548	40.80988	44.50015	43.865646	42.43422	44.337955	45.697865	43.432964	40.376328	41.811985	42.66924	38.99822	37.751514	40.523964	39.898785	40.467243	37.05346	34.039017	31.45505	31.883696	31.027138	27.510298	27.14093	29.492062	29.862333	33.101715	34.986736	36.803425	39.510685	37.692318	34.43815	31.482988	29.818407	26.82463	27.770487	25.424305	27.65335	31.013443	33.768738	36.646027	38.762028	37.908833	40.52305	39.784214	36.893684	38.32049	35.27519	32.725086	30.042112	28.948137	27.00013	28.60275	26.975529	27.330652	27.028101	25.254807	24.586401	27.60621	27.139074	27.02241	29.009289	29.11827	32.229282	33.57707	36.5693	38.596405	41.489296	44.906303	48.09675	49.02896	46.403988	42.77938	41.66102	38.913425	37.24685	34.825912	33.210846	33.24552	30.362514	27.93156	29.685333	27.514463	28.30147	29.58664	32.299953	33.386868	33.38937	35.53769	37.85035	38.300144	38.704613	41.312855	43.35706	43.192707	44.676365	47.66814	48.523087	47.685978	50.383785	52.999092	52.91364	50.866722
P-332-A	56.31089	55.14514	51.612473	50.885677	50.983997	47.940315	46.080296	47.01405	45.998806	42.517002	41.839973	43.500523	40.05296	38.604652	35.416412	36.492275	37.62091	39.226913	41.02378	43.57311	45.799957	46.33335	48.809708	47.666805	50.82495	52.304634	52.895622	49.599884	50.226925	48.421547	50.52621	49.17928	46.16432	44.82841	46.780956	45.434544	41.927048	40.39755	41.296185	44.97449	44.63599	43.358345	45.52986	47.04114	45.016926	41.78409	43.06561	44.20081	40.621277	39.099213	41.88447	41.582672	42.35661	39.07917	35.872288	33.56455	34.12878	32.953403	29.4897	29.44428	31.651514	31.626236	34.64122	36.277454	37.768696	40.44077	38.837788	35.412495	32.722973	30.919413	28.090595	28.99762	26.406775	28.583563	32.119446	34.70045	37.593483	39.9009	38.888664	41.260166	40.18519	37.302685	38.884678	35.78448	33.47145	30.600012	29.636185	27.532215	29.234772	27.888847	27.98395	27.826315	25.804548	24.605572	27.671476	26.931787	27.072521	28.928469	29.142176	32.450386	33.84699	37.055637	39.022137	42.116325	45.42653	48.760178	49.726936	46.98418	43.377666	41.947216	39.20475	37.217	34.72285	32.736526	32.537575	29.499826	26.862532	28.716259	26.66451	27.90691	28.984362	31.46208	32.902027	33.13423	35.010044	37.272713	38.084316	38.542713	40.884384	43.056984	43.209316	44.581	47.44751	48.55856	47.86584	50.39332	53.04708	53.232418	51.20978
P-333-A	59.5606	58.466633	54.96919	54.224274	54.18069	51.141483	49.36203	50.175156	49.042484	45.648273	44.96816	46.441414	42.898636	41.49991	38.39405	39.688564	40.94274	42.671085	44.46448	47.090836	49.299366	49.92536	52.39075	51.277348	54.39607	55.946507	56.591633	53.30581	53.922775	52.07344	54.09156	52.696304	49.68253	48.291897	50.30678	48.994953	45.515167	44.084053	44.972504	48.649258	48.396664	47.130375	49.339317	50.83019	48.83018	45.586376	46.7992	47.925926	44.348763	42.764793	45.470783	45.185474	45.86382	42.567814	39.354958	37.07091	37.75693	36.67384	33.163044	33.1492	35.441742	35.443855	38.4671	40.117092	41.555695	44.238827	42.67485	39.228	36.573578	34.734596	31.89054	32.687725	29.976206	31.978596	35.513176	37.941956	40.952705	43.1862	41.981598	44.22752	43.014782	40.27589	42.062923	39.056145	36.906628	34.08059	33.27538	31.219076	32.98676	31.703085	31.716242	31.502153	29.32656	28.024939	31.170414	30.404066	30.671618	32.458984	32.650776	35.98476	37.29089	40.536743	42.374058	45.48638	48.71347	52.054142	53.142933	50.434578	46.871296	45.37143	42.70548	40.631264	38.1743	36.038692	35.760796	32.664936	29.909718	31.752375	29.696522	31.100704	31.921228	34.34832	36.035896	36.24841	37.89569	40.245552	41.256462	41.5954	43.78754	46.117493	46.363396	47.564037	50.434437	51.707096	50.9613	53.354164	56.1109	56.382175	54.469807
E-334-A	57.875114	56.802357	53.345627	52.685467	52.404728	49.31479	47.745106	48.49906	47.124577	43.83562	43.328583	44.61751	40.983887	39.8389	36.712543	38.186176	39.758835	41.50858	43.1217	45.811752	47.897057	48.6956	51.1177	50.11711	53.16365	54.932266	55.657997	52.38695	52.967384	51.035706	52.835136	51.42683	48.511963	47.187435	49.438854	48.391907	44.873024	43.524693	44.175358	47.879326	47.8886	46.524162	48.857067	50.25522	48.46249	45.11119	46.027817	47.246418	43.753307	41.885143	44.425316	44.368885	45.056805	41.88042	38.522644	36.537094	37.556713	36.3627	32.83464	33.261166	35.654438	35.324165	38.204296	39.870316	41.031994	43.863827	42.607338	39.061394	36.5333	34.36667	31.470778	31.907364	28.894371	30.578472	34.14524	36.2896	39.41664	41.63607	40.173504	42.178566	40.726025	38.1328	40.16482	37.281307	35.444702	32.688232	32.25649	30.420967	32.53267	31.686356	31.90419	32.133354	30.172398	28.531176	31.402134	30.173891	30.211243	31.588816	31.482018	34.76309	35.80561	39.093548	40.68033	43.832954	46.900906	50.268307	51.53853	48.88506	45.42249	43.802677	41.331497	39.177025	36.923927	34.66755	34.561142	31.612675	28.571335	30.106544	27.852573	29.313322	29.738337	32.175194	34.1523	34.239124	35.58649	38.082123	39.317284	39.450718	41.459167	43.9909	44.33361	45.29754	48.169228	49.64842	48.83642	51.04393	53.919605	54.32254	52.570927
R-335-A	56.24309	54.951275	51.414	50.978733	50.771267	47.553883	46.081486	47.104748	45.68599	42.300213	42.047398	43.549366	39.99698	39.02717	35.701885	36.882164	38.491146	39.936417	41.320484	43.8095	45.707092	46.30828	48.558407	47.368713	50.315002	52.025566	52.920864	49.75861	50.544292	48.797314	50.65873	49.477604	46.70362	45.636986	47.937656	46.99304	43.370163	41.767017	42.205456	45.96163	45.85819	44.262608	46.430756	47.619408	45.7401	42.466827	43.321537	44.3444	40.811543	38.98983	41.41509	41.21477	41.724594	38.496216	35.190105	33.16435	34.319885	33.32098	29.713968	30.205257	32.809723	32.57309	35.56378	37.48503	38.76187	41.752815	40.50877	37.03734	34.336353	32.037983	28.922848	29.124044	26.081097	27.607649	31.072947	33.216293	36.435047	38.479668	36.99411	39.105667	37.832386	35.28769	37.33399	34.55597	32.67243	30.120651	29.822536	28.282833	30.57752	29.784662	30.41005	30.844347	29.266218	27.857227	30.513275	29.203217	28.806778	30.038828	29.606462	32.68561	33.50476	36.631977	38.12601	41.12622	44.220894	47.481873	48.839695	46.326546	42.891598	41.500366	39.137096	37.24632	35.190063	33.22612	33.495174	30.782423	27.730104	28.970785	26.408695	27.422934	27.829967	30.580376	32.371677	32.126144	33.60303	36.27243	37.26478	37.211597	39.416794	41.9527	42.019054	42.96475	45.99139	47.332924	46.32473	48.614124	51.53527	51.738583	50.051098
K-336-A	57.389107	56.06745	52.56581	52.28556	51.843754	48.554123	47.34489	48.356045	46.67046	43.406197	43.389793	44.71084	41.092426	40.420483	37.08909	38.40564	40.3133	41.71324	42.86036	45.33389	47.030468	47.716183	49.827053	48.64756	51.4423	53.313133	54.38606	51.31493	52.166122	50.43285	52.103153	50.9935	48.3698	47.431377	49.937187	49.23454	45.583504	44.00068	44.18547	47.9552	48.027237	46.282482	48.46323	49.469463	47.70807	44.42191	45.001167	45.96985	42.502045	40.492786	42.66458	42.553326	42.89257	39.731968	36.395348	34.586468	36.09891	35.214226	31.57555	32.372993	35.163242	34.8011	37.73057	39.770374	40.88312	44.0212	43.003292	39.51767	36.863605	34.316975	31.10607	30.896507	27.618975	28.686832	32.052757	33.83918	37.241394	39.094833	37.26863	39.133526	37.68018	35.42799	37.807602	35.28687	33.753475	31.42896	31.561563	30.352148	32.941845	32.472397	33.310604	34.01755	32.600143	31.04691	33.513504	31.91643	31.311535	32.179665	31.41347	34.34046	34.801163	37.865692	39.02288	41.954235	44.856075	48.058235	49.678467	47.322124	44.032223	42.633102	40.535576	38.671894	36.89075	34.894585	35.37553	32.84499	29.574669	30.46417	27.679054	28.624935	28.537312	31.358757	33.427353	32.91843	34.039196	36.93766	38.11334	37.723183	39.750935	42.53777	42.605167	43.22145	46.309437	47.84904	46.653072	48.723015	51.821476	52.08183	50.64438
Y-337-A	55.150585	54.009556	50.60215	50.192837	49.57474	46.365078	45.19457	45.980495	44.20831	41.07539	40.979607	42.063084	38.36513	37.73353	34.525	36.117733	38.185616	39.794086	40.9902	43.648293	45.42374	46.386944	48.631615	47.721905	50.57675	52.639606	53.56854	50.403255	51.02421	49.07539	50.550583	49.246803	46.583256	45.501163	48.113445	47.5251	43.94021	42.611774	42.79268	46.51773	46.865864	45.258743	47.669956	48.81123	47.305832	43.873997	44.30001	45.546356	42.206757	39.953503	42.141735	42.368584	42.970406	39.997036	36.498657	34.991985	36.560776	35.32315	31.81347	32.90716	35.49033	34.731304	37.394924	39.177364	39.963238	43.05123	42.269863	38.672024	36.293613	33.630344	30.625616	30.385914	26.969187	28.003448	31.485577	33.115696	36.43268	38.50605	36.62211	38.252434	36.49881	34.215034	36.647213	34.066982	32.75777	30.277163	30.522877	29.225216	31.889196	31.730192	32.420723	33.348408	31.891779	29.946365	32.268353	30.381824	29.87985	30.531628	29.803225	32.825146	33.311474	36.530785	37.639034	40.740227	43.529495	46.85559	48.45321	45.982727	42.7312	41.05298	38.980114	36.8602	35.06698	32.805492	33.15573	30.618847	27.207302	28.054806	25.376541	26.667398	26.385208	28.951014	31.291254	30.993544	31.867506	34.670513	36.143322	35.83245	37.606976	40.457523	40.816578	41.36476	44.29656	46.036842	45.019955	46.945393	50.02493	50.538467	49.09419
S-338-A	52.40808	51.246723	47.792908	47.303566	46.880825	43.69706	42.336452	43.19231	41.618847	38.357254	38.13614	39.422924	35.792675	34.97422	31.698784	33.11615	34.987984	36.568905	37.893208	40.541477	42.444073	43.336845	45.6793	44.76799	47.738926	49.701954	50.498234	47.263947	47.83873	45.883625	47.49521	46.164032	43.41085	42.282894	44.776173	44.059498	40.46562	39.088516	39.392887	43.12207	43.36403	41.829346	44.24341	45.500458	43.949448	40.505272	41.085945	42.39779	39.030525	36.865517	39.235615	39.44779	40.22166	37.239216	33.72521	32.138054	33.487904	32.09146	28.6312	29.632187	32.059143	31.272657	33.925972	35.62004	36.47193	39.49155	38.612995	35.012516	32.62455	30.058435	27.117073	27.10847	23.814987	25.176556	28.757807	30.657843	33.824406	36.077095	34.472897	36.30413	34.701363	32.145058	34.292168	31.492205	29.915508	27.254084	27.219492	25.727514	28.261963	27.985077	28.62826	29.527071	28.10728	26.216734	28.533594	26.724691	26.230652	27.049263	26.475142	29.58982	30.31039	33.579506	34.941517	38.102745	41.050335	44.429546	45.81926	43.22588	39.860905	38.19515	35.9311	33.813587	31.850052	29.654835	29.949522	27.346302	24.057518	25.0801	22.47798	23.745966	23.865498	26.447037	28.528868	28.393211	29.59811	32.24158	33.523285	33.470894	35.434868	38.072437	38.394592	39.228027	42.130314	43.683643	42.808945	44.938713	47.868618	48.316723	46.66313
V-339-A	49.76723	48.52157	45.08022	44.770653	44.19652	40.926365	39.79613	40.738785	38.957127	35.75425	35.822006	37.06679	33.44909	32.96211	29.596329	30.973316	33.11903	34.530224	35.560844	38.14059	39.83579	40.78945	43.012756	42.14354	45.002197	47.12296	48.03078	44.868385	45.479145	43.541092	44.979008	43.74675	41.16738	40.235325	42.929974	42.500973	38.868263	37.46221	37.449524	41.180138	41.60276	39.903378	42.338337	43.42565	42.055885	38.580612	38.85913	40.184826	36.93064	34.539112	36.697205	37.091606	37.846367	35.019146	31.425613	30.171688	31.837692	30.385576	26.99441	28.439928	30.930864	29.849125	32.324097	34.083168	34.698925	37.871353	37.29773	33.705864	31.426311	28.556856	25.575634	25.115473	21.597496	22.53906	26.056017	27.659538	30.90919	33.098007	31.293457	32.93634	31.191885	28.761112	31.094242	28.454212	27.174536	24.698683	25.096527	24.002722	26.884235	27.07252	28.071903	29.442978	28.444736	26.45012	28.318525	26.113556	25.187134	25.499208	24.474764	27.363613	27.715796	30.912535	31.998875	35.117764	37.92218	41.27485	42.828537	40.34212	37.098034	35.431095	33.409447	31.368343	29.72303	27.616095	28.282133	26.029184	22.575296	23.075533	20.153788	21.180473	20.893557	23.627697	25.840857	25.41933	26.412394	29.248343	30.589497	30.278072	32.1724	34.95837	35.236126	35.874702	38.831196	40.47874	39.48475	41.503277	44.526585	45.000374	43.49402
W-340-A	50.10434	49.0766	45.773506	45.34919	44.49876	41.32596	40.32024	40.96033	39.00551	36.03061	36.039104	36.89987	33.163555	32.78362	29.63156	31.42346	33.797813	35.469475	36.519463	39.29116	41.014816	42.27643	44.578957	43.97657	46.82118	49.145493	49.96948	46.76587	47.16804	45.029037	46.209858	44.7859	42.203896	41.120335	43.944027	43.656906	40.12871	39.028126	38.999084	42.6522	43.377018	41.81614	44.45063	45.6227	44.50047	40.93217	41.02522	42.5625	39.458282	36.851772	38.92882	39.61517	40.503403	37.856647	34.190735	33.214497	34.972797	33.331722	30.073917	31.71514	34.061085	32.714714	34.946606	36.475376	36.77261	39.87313	39.531918	35.869137	33.870113	30.93755	28.18428	27.66087	24.063395	24.825659	28.32651	29.627165	32.81813	35.092613	33.114246	34.40485	32.30263	30.027225	32.53298	29.98037	29.069157	26.55638	27.152155	26.025927	28.933424	29.398275	30.18357	31.659288	30.518522	28.163313	29.961653	27.531263	26.815233	26.895792	25.925674	28.856022	29.15495	32.452774	33.365932	36.59517	39.18366	42.605698	44.2268	41.7016	38.572773	36.625893	34.72415	32.416965	30.822483	28.391783	28.870567	26.609617	22.994434	23.424824	20.683683	22.158028	21.461819	23.815287	26.459726	26.230541	26.754364	29.52449	31.29459	30.95344	32.443607	35.38978	36.00877	36.421806	39.202927	41.15416	40.283073	42.028008	45.09486	45.861897	44.46393
I-341-A	50.33701	49.496445	46.2214	45.499317	44.787518	41.769745	40.465122	40.907955	39.210773	36.201355	35.80381	36.65201	32.88996	32.10325	29.09825	31.02772	33.135544	35.096928	36.527912	39.47266	41.506367	42.8413	45.38126	44.898884	47.934616	50.165497	50.73414	47.38098	47.58764	45.302837	46.596275	44.94471	42.12841	40.739746	43.371593	42.81649	39.374115	38.44863	38.78151	42.395916	43.06858	41.790806	44.539364	46.00458	44.845245	41.227802	41.586746	43.29951	40.163193	37.67921	40.04266	40.74091	41.8694	39.188107	35.51797	34.372467	35.766354	33.91716	30.720236	32.077137	34.155952	32.84161	35.054768	36.31474	36.65829	39.53624	39.01246	35.28931	33.375755	30.717216	28.18609	28.165928	24.779537	26.054724	29.705065	31.31847	34.292885	36.82931	35.154373	36.591187	34.547985	32.00506	34.203587	31.363815	30.17406	27.317636	27.43897	25.801435	28.349169	28.534664	28.859922	30.021688	28.494469	26.006292	28.09373	25.882954	25.66182	26.146406	25.714842	28.95328	29.737392	33.210976	34.483025	37.87186	40.603252	44.139095	45.48141	42.73137	39.461647	37.358376	35.14751	32.611443	30.619108	27.963238	27.953405	25.31605	21.832808	22.842539	20.553238	22.486862	22.283361	24.30752	26.849794	27.127497	27.881496	30.29868	32.090317	32.19109	33.68974	36.40387	37.22344	37.93417	40.54364	42.419975	41.846962	43.716118	46.594894	47.449368	45.801903
G-342-A	47.11443	46.176643	42.83759	42.145267	41.58346	38.52625	37.132343	37.730694	36.141273	32.99425	32.623302	33.70844	30.01986	29.194212	26.02661	27.717775	29.747885	31.575552	32.993153	35.87856	37.93343	39.188637	41.751266	41.24644	44.332985	46.512756	47.029987	43.65673	43.871544	41.61828	42.99613	41.393585	38.570576	37.250847	39.856384	39.295223	35.79835	34.766857	35.07007	38.708675	39.32461	38.01537	40.74918	42.228065	41.0739	37.448032	37.8355	39.581474	36.457226	33.985508	36.423485	37.14798	38.395	35.762592	32.077633	30.981287	32.29546	30.31125	27.200724	28.636864	30.601486	29.163269	31.30414	32.53497	32.86941	35.76673	35.262486	31.545303	29.64078	26.9415	24.441854	24.45043	21.108727	22.528364	26.221292	27.975435	30.836601	33.485954	32.004284	33.57344	31.660969	28.921951	30.909706	27.934626	26.589594	23.645033	23.666521	22.012451	24.598635	24.867207	25.336287	26.690664	25.420702	22.972404	24.843113	22.521425	22.069366	22.498852	22.003643	25.244839	26.100546	29.583603	30.991327	34.399517	37.235565	40.79098	42.012436	39.20894	35.87535	33.819145	31.520798	29.046736	27.021698	24.492832	24.631096	22.0781	18.614069	19.56703	17.158476	18.947746	19.015072	21.1674	23.475615	23.769955	24.80663	27.167372	28.75251	28.986923	30.685062	33.247795	33.965252	34.879646	37.51248	39.21679	38.697197	40.736897	43.518238	44.27757	42.498165
G-343-A	45.144535	44.264847	41.022404	40.414513	39.559177	36.48951	35.3701	35.859932	33.985214	31.030592	30.880207	31.691866	27.941978	27.491087	24.379686	26.291616	28.708223	30.531788	31.692537	34.6248	36.51294	38.00367	40.506927	40.202007	43.178135	45.59842	46.152798	42.827023	42.946228	40.596012	41.668667	40.03925	37.373383	36.139343	38.98917	38.76812	35.31848	34.44904	34.461594	38.033752	38.980423	37.618942	40.470356	41.847984	40.994976	37.31433	37.337315	39.21008	36.28981	33.523457	35.722523	36.767067	38.073204	35.692265	31.936575	31.280203	32.882595	30.772537	27.837255	29.715773	31.632816	29.829464	31.656708	32.797417	32.739758	35.701843	35.59819	31.886492	30.258322	27.299948	24.941496	24.526735	21.013977	21.943121	25.518087	26.825344	29.678013	32.32119	30.59919	31.793657	29.556942	27.009724	29.225214	26.44514	25.594416	22.812824	23.336172	22.04625	24.910389	25.745344	26.399097	28.190313	27.227102	24.560833	25.958918	23.20096	22.483948	22.288002	21.415823	24.435379	24.924862	28.385485	29.447079	32.87746	35.453217	39.022564	40.406002	37.670734	34.519993	32.29401	30.28725	27.723452	26.030067	23.39441	23.76332	21.57616	17.896935	18.260231	15.686964	17.55278	16.96005	18.96533	21.681808	21.862785	22.404278	24.873592	26.787676	26.796034	28.174528	30.9528	31.85305	32.476776	35.035797	36.998886	36.469994	38.25643	41.127888	42.086826	40.486225
S-344-A	47.01001	46.391216	43.284626	42.453045	41.46169	38.56702	37.405964	37.553593	35.68916	32.93281	32.5187	32.991913	29.16354	28.568811	25.777983	28.081982	30.480768	32.639156	34.007282	37.12537	39.16167	40.86213	43.493576	43.38223	46.40438	48.882328	49.29565	45.903374	45.824326	43.30471	44.264305	42.411278	39.644474	38.150646	40.958786	40.674843	37.370064	36.797226	37.00336	40.481503	41.566444	40.43592	43.42572	44.973278	44.211765	40.48938	40.550514	42.57289	39.708317	36.92547	39.179558	40.328552	41.73621	39.392925	35.632748	34.972645	36.472683	34.272182	31.381397	33.145607	34.93605	33.118847	34.868984	35.789265	35.623215	38.410717	38.310673	34.557102	33.09878	30.294615	28.139286	27.942377	24.523043	25.557457	29.133743	30.393293	33.14735	35.868805	34.138107	35.1818	32.78139	30.303947	32.52114	29.740417	28.988916	26.10518	26.503883	24.959982	27.59195	28.349525	28.602491	30.180428	28.849825	25.94587	27.541874	24.865368	24.630629	24.576923	24.06976	27.223028	27.902302	31.445307	32.533512	36.04544	38.520344	42.138885	43.46402	40.644566	37.532898	35.097126	33.05034	30.24158	28.397429	25.455938	25.377003	22.965279	19.330956	20.01808	17.943014	20.299406	19.675762	21.178608	24.106215	24.642748	24.929205	27.153406	29.3627	29.522657	30.58826	33.361652	34.572292	35.13281	37.47888	39.618423	39.27845	40.897087	43.71937	44.903416	43.304802
I-345-A	45.492546	44.967518	41.84779	40.777836	40.02449	37.25017	35.76039	35.839428	34.297882	31.423452	30.649248	31.278639	27.493519	26.470863	23.723269	25.988846	28.065874	30.402092	32.108566	35.323868	37.63809	39.329918	42.162563	42.124393	45.323193	47.66758	47.839462	44.3249	44.093735	41.486324	42.60571	40.597683	37.625942	35.90617	38.509094	37.97145	34.718952	34.240623	34.757328	38.201073	39.191723	38.29568	41.35475	43.15281	42.355785	38.612736	38.925816	41.093597	38.221447	35.580643	38.103733	39.251347	40.901985	38.56276	34.828785	34.051285	35.19486	32.77879	30.020641	31.569569	33.053734	31.214922	32.88856	33.55088	33.42375	36.00674	35.754986	31.977373	30.618856	28.063437	26.15837	26.412786	23.26295	24.78564	28.450748	30.043503	32.53386	35.49962	34.14503	35.40152	33.175247	30.386581	32.200783	29.128551	28.043388	24.858316	24.773983	22.78567	25.072271	25.632526	25.53813	26.944748	25.431082	22.416645	24.115543	21.57205	21.68674	21.969534	21.947193	25.347036	26.502117	30.163267	31.640543	35.262604	37.91677	41.6142	42.624054	39.60046	36.34203	33.830544	31.46647	28.518764	26.297892	23.244253	22.77495	20.046997	16.570406	17.821884	16.17867	18.85572	18.880337	20.133928	22.75983	23.758924	24.444168	26.292767	28.347937	28.978094	30.190636	32.63449	33.92413	34.872665	37.086285	39.021656	38.95628	40.79358	43.383694	44.55304	42.6666
L-346-A	41.99929	41.375866	38.23115	37.28472	36.48756	33.628826	32.24798	32.452465	30.802744	27.889135	27.328655	28.04408	24.269135	23.48961	20.551798	22.7112	25.002172	27.169579	28.663252	31.83418	34.03373	35.76932	38.555073	38.5788	41.733837	44.169476	44.362396	40.880066	40.64391	38.037846	39.05775	37.117123	34.25531	32.69686	35.454025	35.14344	31.837435	31.311201	31.577084	35.02392	36.14765	35.140606	38.227516	39.931175	39.29671	35.53119	35.63523	37.864586	35.117126	32.321373	34.736305	36.06481	37.801277	35.64311	31.883755	31.398676	32.667732	30.123854	27.540762	29.40998	30.810785	28.686674	30.129	30.762987	30.410797	33.087204	33.097107	29.3423	28.125862	25.354523	23.533728	23.510971	20.313324	21.624691	25.212051	26.641413	29.03617	32.053307	30.711748	31.865047	29.589493	26.770817	28.542332	25.494095	24.578573	21.450178	21.616053	19.893099	22.42471	23.428429	23.656752	25.52779	24.50342	21.48218	22.645359	19.714018	19.349201	19.126888	18.73693	21.979734	22.934353	26.576353	27.942211	31.57368	34.16363	37.868607	38.89871	35.896202	32.69469	30.152151	27.906153	24.984673	22.970287	19.983925	19.880732	17.513634	13.849012	14.5712185	12.624249	15.234082	15.085657	16.38193	19.0652	19.983227	20.629726	22.525248	24.582764	25.166151	26.388317	28.84609	30.11812	31.059774	33.283245	35.21272	35.146008	36.98878	39.569984	40.741886	38.867744
A-347-A	42.196884	41.722736	38.74456	37.836388	36.66665	33.869278	32.805756	32.766323	30.797466	28.215023	27.82042	28.065317	24.218983	23.832756	21.162556	23.692312	26.345703	28.584589	29.849424	33.07393	35.102345	37.097595	39.806725	40.036133	43.049206	45.709015	45.946777	42.53393	42.19383	39.490543	40.171047	38.169716	35.47152	33.94056	36.89907	36.89372	33.71336	33.419006	33.462242	36.788586	38.2298	37.222443	40.397377	42.006508	41.628723	37.850315	37.638805	39.94521	37.380947	34.36408	36.521156	38.092285	39.80472	37.83312	34.050858	33.874454	35.398277	32.855404	30.362497	32.493153	33.929348	31.627821	32.86686	33.439926	32.77946	35.45865	35.78411	32.071033	31.079014	28.169357	26.450346	26.092567	22.78901	23.62044	27.033009	27.99898	30.410456	33.332756	31.699152	32.43327	29.808043	27.307035	29.365997	26.608463	26.224304	23.34177	23.964476	22.576426	25.243567	26.598803	26.881685	28.930874	27.987425	24.834463	25.767143	22.6398	22.226862	21.551865	20.912361	23.87904	24.464249	28.016838	28.982449	32.584	34.846367	38.52731	39.749363	36.85157	33.884705	31.172302	29.265913	26.254122	24.588287	21.477892	21.454615	19.432999	15.734006	15.920473	14.066606	16.744312	15.809939	16.73493	19.914013	20.739555	20.688282	22.635223	25.139889	25.449938	26.183031	28.898054	30.434608	30.976254	33.058655	35.334927	35.263515	36.742462	39.430897	40.864525	39.234272
S-348-A	43.34831	43.154476	40.294453	39.05398	37.93519	35.382854	34.076954	33.702026	31.974987	29.509912	28.64918	28.69285	24.848772	24.034748	21.736626	24.550718	26.933262	29.550617	31.199581	34.60493	36.913635	39.038616	41.952168	42.349613	45.493114	48.09272	48.087303	44.56259	43.99209	41.123676	41.8249	39.561443	36.6631	34.77929	37.544266	37.312096	34.30575	34.30964	34.714764	37.928555	39.395905	38.71712	42.015297	43.89846	43.54167	39.73857	39.731197	42.204655	39.659702	36.749203	39.106724	40.706623	42.59948	40.620632	36.858902	36.556355	37.801086	35.11344	32.68969	34.573833	35.778667	33.51064	34.690506	34.970406	34.29151	36.698402	36.904682	33.16537	32.33929	29.723549	28.271427	28.347212	25.267263	26.468851	29.938894	31.097584	33.31444	36.39968	34.973698	35.758358	33.15902	30.545994	32.371605	29.459364	28.90936	25.8014	26.01833	24.181995	26.434221	27.556055	27.315775	29.048586	27.695704	24.329292	25.490007	22.568922	22.783583	22.47393	22.443056	25.636597	26.659718	30.308416	31.533522	35.226856	37.525185	41.26448	42.252758	39.18722	36.168564	33.288464	31.16016	27.912266	25.894539	22.513111	21.838902	19.433163	15.969546	16.834396	15.73837	18.885674	18.391119	18.797419	21.852356	23.204546	23.240591	24.73936	27.322208	28.027285	28.623833	31.097921	32.890987	33.618183	35.449547	37.712547	37.939205	39.41974	41.918423	43.495667	41.70303
L-349-A	40.181015	40.085823	37.260372	35.83272	34.842026	32.413395	30.897861	30.423399	28.91584	26.418425	25.294987	25.399681	21.593393	20.513536	18.286858	21.154755	23.395548	26.163733	28.005987	31.501684	33.991886	36.20521	39.269676	39.84008	43.082058	45.641167	45.40868	41.81251	41.045277	38.06318	38.77106	36.35869	33.353855	31.309694	33.990356	33.706398	30.787203	30.968704	31.506943	34.620564	36.164043	35.690712	39.089867	41.148438	40.926052	37.114185	37.160416	39.82407	37.416813	34.5338	37.009705	38.75833	40.912533	39.10077	35.389038	35.210167	36.22964	33.29833	31.161787	33.047825	33.899006	31.432472	32.322693	32.28276	31.416813	33.625412	33.922985	30.218626	29.68086	27.208311	26.142889	26.433516	23.649908	25.058363	28.449587	29.704447	31.574451	34.864323	33.75632	34.579105	32.073376	29.261053	30.704006	27.633842	26.996716	23.740446	23.713627	21.68597	23.6777	24.951733	24.5208	26.378162	25.1629	21.663862	22.485394	19.433428	19.777925	19.37766	19.641235	22.868711	24.184015	27.866556	29.3122	33.07409	35.40591	39.19162	39.907772	36.68981	33.642483	30.631123	28.345255	24.944983	22.742804	19.229029	18.276133	15.842706	12.499094	13.570199	13.049323	16.520157	16.436958	16.358404	19.186687	21.005915	21.238382	22.292696	24.816813	25.937634	26.535685	28.691391	30.631077	31.649616	33.280033	35.401024	35.919384	37.518566	39.777893	41.40307	39.394814
S-350-A	37.585876	37.741558	35.129467	33.551033	32.34054	30.126883	28.708916	27.886425	26.314945	24.147228	22.913315	22.586765	18.795794	17.852343	16.064741	19.309072	21.720829	24.655155	26.44224	30.033802	32.5215	35.036617	38.15503	39.068398	42.259396	44.95884	44.551052	40.969906	39.927837	36.77026	37.16925	34.569546	31.638489	29.481703	32.24641	32.21213	29.529076	30.088913	30.534067	33.40744	35.299572	35.018436	38.55912	40.680042	40.80528	37.00316	36.82479	39.708195	37.59826	34.578827	36.925793	38.998093	41.354237	39.85371	36.192585	36.36692	37.391106	34.273758	32.468998	34.55545	35.138065	32.37756	32.841877	32.476242	31.1846	33.19461	33.856407	30.26673	30.178743	27.735508	27.088877	27.276318	24.696293	25.890612	29.031504	29.994644	31.53575	34.90362	33.867905	34.380592	31.711367	29.005898	30.294222	27.357391	27.081032	23.947231	24.081348	22.222559	24.080404	25.773525	25.278152	27.38698	26.425682	22.82061	23.094414	19.831778	20.168999	19.26879	19.54001	22.463673	23.701206	27.272926	28.566668	32.32217	34.37977	38.156723	38.766033	35.515636	32.676052	29.419004	27.313118	23.737736	21.726488	18.067299	16.9634	14.998317	11.95887	12.564668	12.737524	16.361914	16.032118	15.114664	18.046173	20.20828	20.024559	20.60823	23.432434	24.721403	24.863903	26.879318	29.19238	30.14142	31.408989	33.67886	34.490856	35.870388	37.958584	39.85861	37.86402
T-351-A	35.137444	35.022125	32.21513	30.791773	29.782839	27.355787	25.853659	25.402061	23.873777	21.355095	20.295986	20.466297	16.650032	15.739459	13.354649	16.265745	18.75082	21.45357	23.153559	26.678144	29.145378	31.514448	34.614746	35.407566	38.63254	41.27616	40.917244	37.332863	36.408344	33.3399	33.886066	31.430029	28.498634	26.52451	29.359346	29.354551	26.467136	26.765518	27.07567	30.080767	31.873148	31.428968	34.91947	36.9714	37.04997	33.244267	33.06015	35.908787	33.780785	30.764797	33.141563	35.19316	37.579693	36.10886	32.470226	32.700844	33.703293	30.546907	28.838964	31.013477	31.54324	28.696678	29.102285	28.795448	27.513062	29.652063	30.344387	26.749405	26.615797	24.058159	23.41911	23.530268	21.023167	22.242805	25.345352	26.396036	27.859055	31.280554	30.394836	31.058924	28.562267	25.681696	26.79519	23.738876	23.329823	20.153036	20.27644	18.511412	20.506245	22.388382	22.187017	24.58004	24.005474	20.554852	20.519358	17.03528	16.904308	15.743971	15.783497	18.704868	19.949196	23.557755	24.966408	28.74327	30.951185	34.74724	35.308933	32.033306	29.086708	25.921535	23.721289	20.217915	18.193995	14.626647	13.909594	12.102087	8.738898	9.00141	8.926607	12.575933	12.510775	11.739702	14.503085	16.672087	16.857748	17.506676	20.078146	21.459074	21.94722	23.878191	25.971127	27.138979	28.578432	30.63465	31.377563	33.002594	35.07911	36.777466	34.66891
F-352-A	36.553154	36.179337	33.276897	32.246773	31.051388	28.348211	27.23559	27.08444	25.152113	22.612782	22.158724	22.364424	18.522087	18.23979	15.571051	18.217922	21.049347	23.333342	24.557875	27.88306	29.984623	32.226444	35.06564	35.633106	38.69034	41.44302	41.42767	37.972755	37.348927	34.470596	34.961006	32.802143	30.118855	28.53716	31.588596	31.808523	28.74776	28.705738	28.631395	31.788593	33.52863	32.688698	36.028545	37.749683	37.73648	33.938953	33.5375	36.145706	33.90837	30.752645	32.88721	34.851295	36.937756	35.365227	31.644464	31.913464	33.301918	30.39559	28.42424	30.812206	31.763824	29.005358	29.659567	29.801641	28.652058	31.149292	31.875296	28.263296	27.794744	24.889853	23.755196	23.362648	20.41668	21.184307	24.335566	25.135418	27.01149	30.19742	28.89348	29.446787	26.78358	24.117395	25.733646	22.898197	22.739595	19.819221	20.493769	19.220394	21.766178	23.713251	24.01922	26.529896	26.088356	22.838327	22.96586	19.452047	18.796581	17.45008	16.748259	19.477531	20.112736	23.656826	24.663797	28.358772	30.494747	34.24224	35.20225	32.156696	29.27878	26.29936	24.418032	21.193127	19.627869	16.383108	16.438297	14.945557	11.328606	10.8466	9.435407	12.502381	11.568757	11.6236	14.866535	16.222424	16.075544	17.496693	20.160973	20.87713	21.409887	23.847153	25.68843	26.452337	28.229328	30.469429	30.778913	32.280956	34.70292	36.308388	34.495
Q-353-A	34.57074	34.4439	31.792707	30.692389	29.139101	26.62811	25.78371	25.26773	23.096483	21.006653	20.620726	20.252605	16.41937	16.586466	14.415242	17.448952	20.573053	22.93243	23.945871	27.319675	29.301598	31.882372	34.70256	35.629086	38.56197	41.508076	41.37676	37.987286	37.112545	34.079906	34.166157	31.860983	29.35047	27.742146	30.939957	31.50795	28.704565	29.0305	28.765291	31.653152	33.782436	33.08341	36.534935	38.243248	38.60617	34.8443	34.13645	36.924587	35.015507	31.695877	33.598152	35.901615	38.12345	36.88444	33.2338	33.88866	35.353176	32.33464	30.671776	33.266296	34.019424	31.011238	31.262054	31.135902	29.553797	31.878883	33.003777	29.539202	29.491592	26.599018	25.831753	25.253582	22.495619	22.910635	25.724829	26.08988	27.661974	30.8367	29.497759	29.609375	26.68963	24.281982	25.854269	23.30238	23.676588	21.027271	21.994907	21.013264	23.449757	25.785063	26.059177	28.764362	28.514786	25.186396	24.888641	21.240248	20.574955	18.734911	17.940485	20.2136	20.589144	23.92556	24.60381	28.23455	29.97392	33.67866	34.630486	31.627361	29.052174	25.827032	24.28834	20.94462	19.765528	16.46965	16.52575	15.655169	12.444709	11.307177	10.58112	13.548068	12.064174	11.10079	14.603961	16.1568	15.2622385	16.26043	19.390598	20.09932	19.973196	22.408752	24.68448	25.192316	26.584042	29.10749	29.65985	30.805779	33.12684	35.07394	33.38851
Q-354-A	31.16945	30.992388	28.27174	27.087795	25.722918	23.20121	22.14577	21.723673	19.732061	17.428183	16.941332	16.864698	13.019404	13.108477	10.669504	13.617788	16.780634	19.102661	20.161625	23.585331	25.694899	28.315676	31.252932	32.297176	35.316998	38.211246	37.907516	34.466644	33.46707	30.371264	30.496897	28.126324	25.547699	23.91812	27.121704	27.733637	24.933887	25.306532	25.01721	27.84835	30.040148	29.430576	32.937176	34.738407	35.22712	31.480457	30.772276	33.705143	31.94627	28.652554	30.628376	33.063946	35.51082	34.45697	30.90024	31.708233	32.97802	29.779638	28.448675	31.07301	31.505941	28.314611	28.247574	27.870674	26.084263	28.285475	29.56347	26.190723	26.412394	23.605286	23.214926	22.723751	20.333973	20.853466	23.47704	23.916922	25.092524	28.444176	27.473665	27.674137	24.955566	22.315283	23.411346	20.70475	21.00036	18.296469	19.116524	18.16572	20.41602	23.016636	23.333977	26.25783	26.364069	23.146378	22.36113	18.602997	17.719297	15.518451	14.733216	16.826828	17.370491	20.692099	21.579361	25.263212	27.074232	30.821465	31.502	28.35359	25.727882	22.40533	20.7304	17.276701	16.056284	12.745519	12.9339285	12.526492	9.610795	7.8633685	7.70808	10.720953	9.667144	7.9470744	11.178403	13.247275	12.669213	13.139073	16.138681	17.325115	17.340094	19.393747	21.731354	22.632038	23.895893	26.178818	26.985888	28.360773	30.44084	32.337048	30.398502
M-355-A	32.421284	31.806902	28.817217	28.048502	26.84336	23.942598	23.019323	23.202698	21.096203	18.41559	18.461609	18.95751	15.245659	15.534551	12.48089	14.671815	17.853888	19.659784	20.410295	23.579779	25.444252	27.705782	30.438118	31.071009	34.044037	36.897003	36.9262	33.55004	32.958057	30.136839	30.500925	28.51303	26.050776	24.82815	28.095953	28.679514	25.56141	25.371346	24.842352	27.96841	29.856638	28.813221	32.117886	33.64873	33.862247	30.105421	29.384556	32.03489	30.02804	26.704323	28.627682	30.834433	33.02104	31.755568	28.108913	28.81165	30.315792	27.322577	25.720522	28.455128	29.242277	26.18413	26.45098	26.558512	25.093393	27.696503	28.804165	25.359158	25.112555	22.002121	21.08785	20.25719	17.49602	17.819708	20.614405	21.100868	22.698484	25.925198	24.728823	25.130491	22.47699	19.75779	21.183432	18.427584	18.605928	15.942979	17.077454	16.439976	19.211372	21.749775	22.56473	25.57116	25.82939	22.865322	22.279602	18.531544	17.10832	14.928976	13.487985	15.630049	15.7954	19.195168	19.985014	23.659395	25.695717	29.442736	30.409353	27.405428	24.626272	21.632996	19.992437	16.897747	15.851925	12.962516	13.926217	13.439834	10.113196	8.116358	6.1469717	8.599688	7.066758	6.8830285	10.319463	11.505822	11.25329	12.737162	15.382633	16.0415	16.648157	19.07878	20.847004	21.665949	23.491802	25.65809	25.960915	27.544313	29.93558	31.486252	29.655575
W-356-A	33.453163	32.735558	29.833317	29.413904	27.857706	24.85084	24.473892	24.727304	22.168089	19.804476	20.424603	20.618023	17.029768	17.992981	15.156754	17.253744	20.694925	22.177162	22.401525	25.327452	26.735672	29.007067	31.423113	32.006863	34.703575	37.740246	38.053905	34.87732	34.455944	31.776512	31.873367	30.119867	28.014631	27.132837	30.586264	31.491379	28.40911	28.128525	27.215277	30.283516	32.27831	30.975874	34.146946	35.34533	35.64864	31.970242	30.906693	33.368828	31.444155	27.957905	29.476664	31.73351	33.64631	32.45869	28.813816	29.736582	31.644606	28.898933	27.206285	30.180265	31.266638	28.245476	28.566013	28.95591	27.451094	30.232265	31.51489	28.172731	27.822918	24.503742	23.326385	21.973124	18.95794	18.597046	21.170532	21.102926	22.972572	25.864094	24.172508	24.169199	21.171104	18.921072	20.922451	18.673801	19.448954	17.32927	19.11385	19.059732	22.123274	24.761051	25.883932	28.956844	29.299389	26.42683	25.89174	22.154463	20.513618	18.170235	16.242907	17.904125	17.331362	20.407211	20.542414	23.998482	25.689407	29.307413	30.696474	28.006378	25.518684	22.658583	21.579811	18.812202	18.408909	15.890794	17.262949	17.095682	13.848091	11.586929	9.314843	10.79016	8.065083	8.350939	12.049755	12.282273	11.094944	13.239084	16.135834	15.952795	16.183939	19.163202	20.849392	21.014174	22.98619	25.496763	25.438087	26.651937	29.360384	30.988035	29.577957
I-357-A	32.898743	32.06659	29.29558	29.243584	27.36383	24.296938	24.490948	24.84667	21.890242	19.893036	21.124176	21.088804	17.80031	19.458614	16.86033	18.706198	22.35213	23.431042	23.072142	25.693684	26.609343	28.923176	31.008686	31.647491	34.03127	37.25723	37.77976	34.835667	34.508602	31.962992	31.72531	30.21232	28.527044	28.030691	31.654703	32.954254	29.973293	29.657518	28.311316	31.219875	33.3852	31.878195	34.91733	35.78893	36.309917	32.76101	31.289547	33.62602	31.9426	28.306387	29.360914	31.779896	33.519672	32.59242	29.056767	30.358362	32.578037	30.00537	28.467976	31.699202	32.87979	29.792479	29.939674	30.450596	28.75941	31.614283	33.1954	30.053072	29.789381	26.341585	25.161646	23.32925	20.354107	19.305538	21.399242	20.672739	22.520065	25.076431	23.044184	22.511436	19.201378	17.503119	19.856558	18.228611	19.707075	18.243677	20.607384	21.175266	24.369917	27.249044	28.670511	31.91181	32.515415	29.774967	29.027426	25.2619	23.337412	20.660925	18.301464	19.310505	18.033316	20.63361	20.083757	23.23368	24.461645	27.897985	29.621063	27.257614	25.161596	22.421192	21.97595	19.574347	19.886917	17.819906	19.64014	20.012173	17.02886	14.316422	12.067084	12.681702	9.247385	9.476403	13.010868	12.468767	10.317841	12.799446	15.823487	14.88264	14.610146	17.981388	19.611977	19.136938	21.129538	23.93569	23.611734	24.422625	27.346851	29.079721	28.0721
S-358-A	33.057144	32.56588	30.12392	29.933842	27.675936	24.912273	25.356424	25.231857	22.088406	20.673437	21.82135	21.117556	17.911533	19.837265	17.843723	20.108133	23.835112	25.136177	24.763947	27.45762	28.32926	30.945251	33.026787	33.990517	36.254566	39.60989	40.003513	37.117886	36.53957	33.844315	33.251965	31.553537	29.982676	29.346401	33.005	34.488697	31.770079	31.8318	30.50165	33.16011	35.61322	34.32268	37.46489	38.397305	39.174847	35.658134	34.049545	36.524643	35.063313	31.380266	32.305145	34.92062	36.735783	35.999706	32.531616	33.97498	36.179024	33.540905	32.12599	35.362263	36.423347	33.247185	33.203537	33.478355	31.54187	34.187805	35.95973	32.874798	32.881775	29.538513	28.594603	26.850256	23.995234	22.9452	24.884928	23.945507	25.557167	28.04305	25.983583	25.0645	21.568048	20.254862	22.54589	21.199535	22.957235	21.585817	23.90155	24.3687	27.369184	30.326714	31.509287	34.72622	35.2074	32.27481	31.471142	27.665497	26.019884	23.284939	21.184649	22.113338	20.89253	23.343336	22.60651	25.634132	26.456665	29.780497	31.485357	29.192566	27.399776	24.46151	24.2507	21.707945	22.125343	19.875927	21.356285	21.82973	19.00065	16.363867	14.765436	15.785114	12.481154	11.8180275	15.3685665	15.22345	12.551692	14.360811	17.76693	16.894444	15.812825	19.104883	21.20724	20.386206	21.862694	25.007631	24.939642	25.247738	28.059233	30.188622	29.380754
K-359-A	34.53883	34.00557	31.754541	31.855656	29.333311	26.625875	27.531122	27.429886	24.04897	23.019451	24.526953	23.605824	20.69863	22.969547	21.190512	23.311174	27.08323	28.155006	27.435871	29.873812	30.36097	32.950596	34.72101	35.679443	37.639343	41.10917	41.708714	39.048725	38.578667	36.029575	35.186337	33.698986	32.461567	32.08645	35.813526	37.53155	34.894627	34.922974	33.344437	35.887188	38.415382	36.978313	39.98792	40.658585	41.543007	38.143257	36.277977	38.589523	37.266693	33.52722	34.092087	36.73577	38.32199	37.721848	34.35348	35.982674	38.437805	36.00139	34.59505	37.95815	39.17571	36.036625	35.98222	36.406315	34.429356	37.136097	39.042202	36.0678	36.04811	32.62043	31.571365	29.53976	26.64207	25.187265	26.838936	25.468807	27.143187	29.248358	26.86367	25.513317	21.836863	21.1591	23.762774	22.966799	25.12635	24.19038	26.814407	27.599771	30.70723	33.72159	35.07095	38.33469	38.884354	36.00284	35.19704	31.39179	29.632128	26.813974	24.50901	25.14893	23.539629	25.645643	24.43177	27.11713	27.52636	30.58383	32.602173	30.664804	29.225687	26.475414	26.717821	24.47951	25.280256	23.283184	24.938025	25.568216	22.782473	20.063124	18.362816	19.034832	15.512721	15.058097	18.398352	17.774975	14.729723	16.663187	19.961096	18.523005	17.059132	20.521925	22.482353	21.038303	22.448202	25.81662	25.461603	25.275345	28.261284	30.471682	30.13009
Q-360-A	31.26721	30.881645	28.864426	28.959805	26.220135	23.710825	24.876745	24.593143	21.088743	20.50342	22.185425	20.964706	18.421741	21.099667	19.740294	21.740978	25.517746	26.45128	25.499353	27.828907	28.176088	30.985397	32.725548	34.01804	35.877182	39.434036	39.848484	37.264683	36.556446	33.926144	32.766964	31.214294	30.191061	29.891483	33.64026	35.627956	33.24345	33.508724	31.78429	34.029415	36.80632	35.51751	38.559044	39.238403	40.44869	37.14292	35.083103	37.555447	36.572342	32.802807	33.220123	36.142113	37.939514	37.68499	34.465168	36.389576	38.724815	36.140575	35.112667	38.54679	39.45196	36.117348	35.662064	35.78804	33.480927	35.96031	38.164795	35.39442	35.746914	32.441338	31.80034	29.77386	27.235209	25.715797	27.023525	25.447556	26.60976	28.757956	26.639467	25.011679	21.340006	20.774118	22.95848	22.368975	24.822853	24.088825	26.73217	27.666662	30.547098	33.80511	35.120007	38.517735	39.295143	36.442703	35.257607	31.429277	29.628733	26.528355	24.24615	24.469017	22.762691	24.567406	23.176369	25.716486	25.768442	28.738546	30.584833	28.672762	27.536057	24.64726	25.18424	22.997683	24.1363	22.340092	24.055521	25.181334	22.830196	19.827904	18.637589	19.137447	15.707737	14.500937	17.481895	17.057602	13.633733	14.871704	18.275818	16.965206	14.862281	18.074156	20.391357	18.834717	19.734343	23.248247	23.246672	22.790173	25.526455	28.034117	27.70824
E-361-A	29.820255	29.05354	26.706688	27.01286	24.566696	21.695084	22.75706	22.981796	19.531733	18.4334	20.393333	19.786703	17.215454	19.865799	18.00078	19.538733	23.317488	23.927841	22.808218	25.007648	25.280567	27.876423	29.576887	30.649324	32.57171	36.076958	36.607666	34.001358	33.497524	31.000608	30.068865	28.719862	27.686357	27.61527	31.395016	33.335968	30.749435	30.69501	28.828703	31.233824	33.83075	32.32444	35.264904	35.83566	36.924553	33.62481	31.563236	33.938213	32.879078	29.10633	29.523071	32.38377	34.153492	33.869293	30.651058	32.607693	34.966244	32.42751	31.444355	34.929325	35.855846	32.536037	32.099857	32.37719	30.16743	32.80452	34.965656	32.22957	32.454163	29.070642	28.351187	26.169516	23.67944	22.01685	23.227587	21.635538	22.83163	25.01679	22.938232	21.47318	17.858908	17.058622	19.254612	18.597101	21.0649	20.459915	23.256319	24.44315	27.438553	30.737986	32.310093	35.794624	36.794846	34.15282	32.875496	29.071812	26.957846	23.766598	21.184923	21.214878	19.276188	21.030811	19.604338	22.19819	22.4754	25.565105	27.46151	25.505299	24.194086	21.445236	21.965265	19.980772	21.272133	19.781498	21.926195	23.193865	20.861301	17.622475	16.069239	16.023947	12.461498	11.629725	14.428028	13.546155	10.116017	11.876533	15.068121	13.510433	11.838692	15.316186	17.286129	15.906113	17.312677	20.625513	20.389664	20.373833	23.27715	25.468103	24.967854
Y-362-A	32.820095	31.804485	29.400015	30.029684	27.631285	24.627047	25.854265	26.363493	22.888548	21.700722	23.85127	23.441208	20.892065	23.466867	21.374163	22.750263	26.497606	26.919333	25.649448	27.621845	27.624592	29.919373	31.315271	32.049618	33.759094	37.254105	38.142876	35.709156	35.550114	33.319973	32.475544	31.448238	30.568666	30.739098	34.524055	36.44228	33.709873	33.358635	31.360027	33.897686	36.295803	34.49863	37.232586	37.517998	38.420498	35.19219	33.059204	35.10925	33.917366	30.153976	30.339012	32.973186	34.355156	33.94549	30.738707	32.658745	35.3245	33.104816	31.88761	35.43673	36.720577	33.596123	33.4442	34.116074	32.162945	35.040577	37.073593	34.32388	34.216667	30.674795	29.550879	27.077856	24.33224	22.319464	23.466734	21.635923	23.272352	25.039558	22.486622	20.879269	17.1509	16.847984	19.642582	19.354298	21.921312	21.614735	24.673834	26.093246	29.352034	32.515553	34.331554	37.779102	38.75911	36.219704	35.168606	31.403185	29.13435	26.075727	23.250563	23.293186	21.063467	22.680378	20.973177	23.303942	23.523857	26.402096	28.714071	27.095808	25.859335	23.499249	24.188353	22.540993	23.915087	22.591743	24.914326	25.976412	23.384323	20.251474	18.159472	17.826448	14.077497	14.16222	16.930042	15.3964	12.177326	14.628163	17.401196	15.219973	13.934213	17.641695	19.007353	17.204554	19.045574	22.301407	21.443426	21.286549	24.545067	26.449903	26.339798
D-363-A	32.218216	31.36152	29.33028	30.085602	27.342056	24.617817	26.301773	26.58798	22.9347	22.37829	24.73273	23.891996	21.751095	24.695398	23.087187	24.453722	28.200903	28.515879	26.978348	28.759342	28.468267	30.93153	32.118908	33.13508	34.55717	38.175617	39.02618	36.800972	36.49052	34.27076	33.012737	32.02581	31.487959	31.790516	35.595493	37.81269	35.348137	35.22184	33.052567	35.277206	37.91524	36.206543	38.903553	39.077248	40.289505	37.204456	34.81356	36.895767	36.043873	32.26009	32.14127	34.980465	36.376328	36.296997	33.277363	35.469315	38.15548	35.940525	34.973297	38.59076	39.732845	36.51006	36.084396	36.584797	34.376186	37.075962	39.375225	36.810913	36.969307	33.506027	32.628113	30.097305	27.576115	25.418314	26.21014	24.050793	25.313251	26.85431	24.336426	22.232113	18.465942	18.735367	21.320274	21.517212	24.444132	24.438335	27.563238	29.119646	32.230568	35.548794	37.329544	40.849068	41.925507	39.354767	38.10533	34.316814	32.081055	28.85202	26.067282	25.788862	23.416735	24.657587	22.607702	24.584303	24.22153	26.792744	29.152641	27.807364	27.057474	24.701023	25.833548	24.333061	26.044224	24.865715	27.155088	28.521505	26.182442	22.936811	21.231798	20.888084	17.208885	16.756256	19.26599	17.841978	14.289379	16.112432	18.897972	16.620058	14.572686	18.045763	19.6238	17.305237	18.571762	22.086544	21.34628	20.513802	23.653664	25.890045	26.167778
E-364-A	28.597698	27.633503	25.609234	26.489632	23.755003	20.999857	22.856144	23.299696	19.62281	19.174713	21.8177	21.111668	19.337168	22.5073	21.002695	21.96903	25.630512	25.64026	23.82605	25.403675	24.941164	27.461578	28.603304	29.7967	31.180975	34.83655	35.56642	33.38484	32.972363	30.760334	29.367012	28.445284	28.09233	28.590807	32.391464	34.78082	32.435734	32.333576	29.99218	32.0326	34.759613	33.077732	35.736637	35.87529	37.293198	34.30198	31.771128	33.94377	33.345486	29.5653	29.340126	32.378765	33.966732	34.16333	31.28518	33.711006	36.255512	33.932957	33.317093	36.9726	37.83821	34.482964	33.732674	34.043182	31.6289	34.190968	36.69186	34.333214	34.734966	31.378273	30.818645	28.271214	26.11881	23.908163	24.359795	22.073553	22.85438	24.46938	22.281986	20.062132	16.391174	16.594923	18.710447	19.056252	22.194324	22.420303	25.56348	27.326828	30.253986	33.742794	35.59095	39.220116	40.56856	38.14142	36.566837	32.81901	30.436296	26.999413	24.147726	23.432985	20.907335	21.81871	19.612131	21.456148	20.88735	23.455849	25.663212	24.303642	23.733875	21.356825	22.744781	21.446812	23.502253	22.687803	25.19228	26.9792	25.025768	21.54883	20.112427	19.395014	15.897313	15.07563	17.036694	15.570829	11.861522	13.236782	15.830399	13.5303	11.104131	14.437363	16.10296	13.74031	14.813614	18.366074	17.827265	17.008379	20.031189	22.373714	22.532621
S-365-A	29.30505	27.908398	25.496313	26.62129	24.290262	21.152168	22.805067	23.80907	20.301855	19.225357	22.016973	21.966892	20.058844	22.98684	20.937387	21.507456	25.09853	24.826326	22.92223	24.33375	23.779987	25.91445	26.937557	27.701061	29.122091	32.694122	33.69368	31.512777	31.469337	29.490982	28.458511	27.834122	27.431118	28.155165	31.939949	34.17032	31.550495	31.018705	28.576824	30.877516	33.292374	31.295414	33.78341	33.739296	34.889145	31.902039	29.408737	31.342112	30.536451	26.76472	26.500639	29.339085	30.729362	30.773289	27.860895	30.249115	32.938133	30.794004	30.071215	33.77049	34.828598	31.600847	31.050098	31.69339	29.544062	32.369427	34.698265	32.324825	32.4189	28.936003	28.09437	25.318085	23.083685	20.624363	20.991041	18.615004	19.697723	21.194029	18.794662	16.725336	12.991707	13.137428	15.635138	16.04142	19.188786	19.637596	22.991562	25.02382	28.15248	31.553007	33.69017	37.326145	38.7971	36.58582	35.09499	31.418491	28.762178	25.392311	22.238947	21.443598	18.641983	19.499731	17.197197	19.031	18.793009	21.456617	23.902159	22.59099	21.769482	19.722395	21.050278	20.061182	22.16069	21.630142	24.481695	26.177494	24.104998	20.602415	18.654936	17.401855	13.841323	13.83959	15.584255	13.4184675	10.001466	12.263774	14.347383	11.519148	10.004846	13.686659	14.592724	12.33638	14.336714	17.518728	16.39161	16.155153	19.526697	21.304876	21.37313
G-366-A	33.04207	31.554018	29.070086	30.266302	28.02249	24.823368	26.37741	27.456535	23.99262	22.735771	25.402203	25.429783	23.26716	25.986113	23.701475	24.415863	28.019938	27.836123	26.06824	27.488995	26.93883	28.816126	29.705982	30.111074	31.449814	34.93457	36.21891	34.10695	34.35068	32.54131	31.709389	31.226566	30.754562	31.47385	35.240402	37.309525	34.514812	33.771206	31.392693	33.898457	36.095676	33.915894	36.28575	36.105053	36.970573	33.981476	31.58627	33.24197	32.170784	28.45066	28.148092	30.66321	31.677767	31.440905	28.462254	30.643604	33.58618	31.724035	30.64034	34.325947	35.76749	32.770283	32.611565	33.618553	31.790987	34.835785	36.924644	34.424103	34.151363	30.533108	29.249674	26.33497	23.744673	21.13776	21.683891	19.307934	20.993528	22.168266	19.28964	17.307615	13.552471	14.023195	17.156696	17.628635	20.576078	21.028418	24.46637	26.485704	29.858555	33.044247	35.2904	38.825043	40.138187	37.93681	36.767597	33.11119	30.442816	27.301003	24.069504	23.576975	20.772045	21.77987	19.519339	21.27472	21.21876	23.735434	26.469877	25.350315	24.409843	22.636148	23.81424	22.879665	24.747616	24.084702	26.900888	28.221478	25.788494	22.489513	20.084415	18.891432	15.199884	15.92504	17.986519	15.573479	12.556429	15.375265	17.33556	14.356881	13.436243	17.165892	17.66641	15.375113	17.698706	20.703285	19.120422	18.893837	22.472042	23.931698	24.2398
P-367-A	35.35552	33.684483	30.91305	32.08598	30.176682	26.77892	27.966948	29.290337	26.030832	24.272884	26.75637	27.18155	24.74187	27.077917	24.375862	25.01608	28.519932	28.35761	26.809603	28.27827	27.89995	29.45306	30.385727	30.360626	31.848846	35.149334	36.61669	34.41915	34.953766	33.278374	32.870907	32.482998	31.775097	32.455284	36.150093	37.92079	34.866524	33.80402	31.561666	34.366955	36.22727	33.866364	36.13965	35.93221	36.40045	33.351585	31.207964	32.64171	31.186197	27.558268	27.440872	29.580616	30.352533	29.713661	26.594034	28.45298	31.51999	29.858278	28.417295	32.033535	33.793106	31.033504	31.289467	32.65034	31.220577	34.497772	36.250904	33.609394	32.927742	29.211697	27.502161	24.525911	21.638975	19.008974	19.844336	17.73304	20.029303	21.155045	18.04036	16.614296	13.069477	13.179013	16.724106	16.87819	19.381979	19.706781	23.12586	25.107952	28.680588	31.602016	33.98267	37.393276	38.610386	36.528095	35.64853	32.089935	29.350084	26.488314	23.177923	22.987087	20.26464	21.519867	19.549728	21.447622	21.943066	24.563902	27.357946	26.161654	24.820099	23.275494	24.073277	23.183315	24.726906	24.038109	26.89107	27.841314	25.152842	22.092772	19.201168	17.872375	14.277949	15.8836565	17.997633	15.316229	13.001021	16.397179	18.061443	15.118583	15.123947	18.871246	18.93768	17.099224	19.926619	22.556314	20.69976	21.02954	24.690975	25.703484	25.810848
S-368-A	32.99792	31.057783	28.130728	29.499052	27.861526	24.327896	25.479906	27.186356	24.097704	22.128956	24.819159	25.66376	23.486216	25.806528	22.980566	23.083723	26.404345	25.843727	24.058693	25.238993	24.684172	26.007418	26.824259	26.661081	28.145737	31.406904	32.926537	30.768969	31.440361	29.925488	29.639738	29.478266	28.889462	29.835564	33.46588	35.26676	32.19059	30.914867	28.49352	31.275757	33.010113	30.500057	32.628098	32.284813	32.76363	29.798637	27.56432	28.923637	27.552574	23.92359	23.691347	25.882164	26.71322	26.226507	23.185099	25.271358	28.3144	26.647524	25.475737	29.17968	30.791502	27.97239	28.049723	29.446232	28.00453	31.30851	33.126835	30.666368	30.021769	26.331947	24.743687	21.589725	19.005226	16.105957	16.525349	14.172658	16.307827	17.429064	14.413897	13.032726	9.491865	9.398814	12.949945	13.275378	15.974952	16.70771	20.293425	22.64535	26.15465	29.1688	31.765543	35.267483	36.79302	34.958675	33.830788	30.36939	27.371952	24.390545	20.875084	20.24588	17.229734	18.143297	16.008114	17.766834	18.373877	21.030993	23.813833	22.642723	21.274351	19.980082	20.910715	20.414192	22.229147	22.028803	25.197803	26.437004	24.061886	20.851303	17.980045	16.001787	12.657837	14.45557	15.877821	12.738212	10.76997	14.248249	15.284241	12.094271	12.658545	16.231575	15.793626	14.164696	17.339378	19.601646	17.566956	18.331516	21.975494	22.675777	22.60693
I-369-A	31.226961	29.604906	26.655579	27.570557	25.872202	22.394812	23.238287	24.610653	21.528988	19.45334	21.825535	22.515854	20.062971	22.280018	19.46285	19.913933	23.382847	23.221079	21.78389	23.442604	23.378828	25.109173	26.438644	26.634022	28.518215	31.813334	32.910477	30.416584	30.687588	28.763775	28.481049	27.845366	26.892649	27.423697	31.104523	32.80452	29.743908	28.766636	26.612745	29.446087	31.381071	29.194962	31.686089	31.791111	32.36103	29.150953	27.122976	28.93266	27.501453	23.784763	24.04999	26.461645	27.776218	27.210978	23.958904	25.872757	28.573723	26.45854	25.280949	28.901167	30.24827	27.207289	27.169842	28.188545	26.544659	29.709124	31.547316	28.877722	28.453445	24.806726	23.466803	20.697193	18.036917	15.7058735	16.697708	14.914374	16.799679	18.677929	16.201042	15.194643	11.724256	10.611482	13.561129	12.992284	15.417112	15.392738	18.719597	20.627077	24.058773	27.17641	29.456396	32.973827	34.332436	32.245296	31.082846	27.491228	24.709534	21.657743	18.35566	18.069227	15.454993	16.964632	15.335028	17.76561	18.659573	21.756975	24.077883	22.356218	20.667826	18.749935	19.244759	18.112808	19.607025	18.953142	21.902933	23.079594	20.64842	17.391996	14.693561	13.158824	9.54476	10.94196	12.862188	10.25036	7.902405	11.426475	13.149735	10.57694	10.921931	14.628612	14.966517	13.85399	16.700905	19.19334	17.874796	18.79879	22.16961	23.291655	22.73635
V-370-A	33.897938	32.18784	29.01455	29.803307	28.451363	24.885103	25.279804	26.786633	23.99169	21.471022	23.481592	24.516806	21.775162	23.467009	20.266584	20.722717	24.004185	23.980415	22.931684	24.704214	24.934313	26.340073	27.784508	27.564945	29.655258	32.705994	33.91075	31.29095	31.803793	29.979696	30.16455	29.55076	28.2859	28.667234	32.21073	33.520866	30.207556	28.937756	27.052391	30.200546	31.757265	29.462698	31.887411	32.059616	32.17266	28.86913	27.22458	28.842934	26.94607	23.377148	23.986773	25.952686	27.07398	25.999197	22.540003	23.971735	26.720562	24.74725	23.098793	26.597286	28.27961	25.498339	25.974083	27.340433	26.172968	29.548594	30.954454	28.079668	27.189125	23.45569	21.615135	18.89205	15.792223	13.631257	15.230385	14.047832	16.62664	18.570906	16.017426	15.80563	12.790827	11.120361	14.248666	13.084825	14.691092	14.252819	17.403332	19.099016	22.74834	25.513172	27.869083	31.21281	32.39627	30.398014	29.607811	26.133144	23.345062	20.697538	17.414894	17.662754	15.371926	17.304451	16.236021	18.857782	20.375736	23.545597	25.804892	23.958849	21.817526	20.111446	20.04154	18.858255	19.796535	19.000694	21.843033	22.487047	19.742004	16.891672	13.634356	12.086209	8.761019	11.317314	13.314533	10.693644	9.579169	13.3577385	14.740114	12.564668	13.788622	17.258078	17.262152	16.687986	19.796545	21.907417	20.45602	21.825613	25.172022	25.926252	25.152515
H-371-A	32.75828	30.712456	27.372416	28.424284	27.43289	23.742403	24.075712	26.0605	23.514574	20.76303	22.980679	24.522032	22.120584	23.738094	20.409624	20.175259	23.150848	22.606558	21.29363	22.656837	22.661974	23.653141	24.900766	24.362549	26.425499	29.352995	30.713554	28.177086	28.970716	27.42893	27.845055	27.575335	26.45936	27.190866	30.61521	31.911587	28.534464	26.903013	24.807667	27.980347	29.275866	26.717897	28.890873	28.83435	28.83544	25.645	23.944178	25.347599	23.43275	19.898525	20.391018	22.25781	23.315228	22.288813	18.881771	20.504126	23.326998	21.461708	20.01981	23.645191	25.29555	22.532497	22.938354	24.520119	23.485088	26.978952	28.370123	25.706062	24.708523	20.960335	19.089365	16.026224	13.206054	10.524257	11.665141	10.294971	12.990945	14.885495	12.42432	12.6165495	10.047451	7.8413997	10.929373	9.769366	11.3718405	11.511294	14.945936	17.203661	20.840534	23.62686	26.33633	29.748093	31.298613	29.672762	28.66785	25.37774	22.244259	19.555218	15.9830475	15.693172	13.008584	14.519169	13.362137	15.781738	17.579273	20.695868	22.95253	21.202837	18.970299	17.723944	17.73571	17.14483	18.357664	18.241915	21.45802	22.369816	20.009872	17.112204	13.870114	11.383847	8.717268	11.646585	12.582218	9.29981	9.100065	12.84286	13.249236	10.887236	12.961665	16.039598	15.312779	15.092491	18.53069	20.093409	18.379114	20.226889	23.49559	23.782213	22.86482
R-372-A	29.55558	27.730782	24.41124	25.17263	24.117365	20.47632	20.658281	22.454151	19.918383	17.12095	19.249596	20.737545	18.329231	19.99966	16.747282	16.55543	19.674284	19.27628	18.039883	19.713528	20.010065	21.444654	23.09075	23.044146	25.372026	28.422035	29.350025	26.577976	26.924984	25.007343	25.271349	24.634823	23.345648	23.854538	27.36773	28.749779	25.470104	24.162052	22.126923	25.218292	26.835144	24.581383	27.093826	27.392736	27.713968	24.364061	22.648062	24.564219	22.874517	19.199587	19.971498	22.292864	23.928165	23.174885	19.774446	21.53259	23.929085	21.553446	20.47861	24.061563	25.197428	22.065237	22.011282	23.033773	21.544878	24.820204	26.469856	23.75387	23.22624	19.569597	18.281847	15.574798	13.083638	10.97758	12.217	11.115208	12.93025	15.502852	13.735384	13.775853	11.120003	8.449382	10.583759	8.810223	10.572591	10.174033	13.481144	15.521376	18.962313	22.08714	24.529606	28.088413	29.6787	27.853043	26.537577	23.087227	20.04392	17.010403	13.505158	13.122561	10.55097	12.426049	11.520454	14.493056	16.306973	19.765875	21.598505	19.40783	17.05944	15.1906805	15.029431	13.963493	15.211961	14.933974	18.173021	19.389765	17.247576	14.045104	11.191439	8.733771	5.7415104	8.095643	9.01157	5.867207	5.404673	9.154147	9.932286	8.057049	10.041976	13.0647745	12.95413	13.163667	16.263388	17.97187	16.911564	18.83358	21.81746	22.50292	21.207027
K-373-A	30.718525	29.291008	26.04008	26.281876	25.13393	21.667719	21.474699	22.748577	20.259113	17.40795	18.90635	20.095972	17.147518	18.46586	15.117151	15.690361	18.97391	19.316349	18.75629	21.032587	21.916037	23.663212	25.722738	25.885803	28.465626	31.451698	32.09625	29.087439	29.13366	26.883635	27.205667	26.086336	24.350859	24.265722	27.764267	28.878513	25.568758	24.57976	23.04229	26.241041	27.94558	26.058874	28.875235	29.606901	29.837137	26.292812	24.951317	27.119629	25.231524	21.652876	22.894012	25.127985	26.921583	25.891582	22.329374	23.630999	25.77194	23.178736	21.778555	25.11285	26.236511	23.125097	23.289478	24.078627	22.638956	25.782166	27.21682	24.163511	23.635342	20.042421	18.728542	16.608028	13.76135	12.562519	14.646849	14.271637	16.15845	18.985737	17.361717	17.580692	14.892789	12.255318	14.198168	11.946069	12.958549	11.478463	14.0987	15.22655	18.660904	21.62965	23.625599	27.052181	28.208439	26.009632	24.974972	21.368813	18.72541	15.898272	12.847281	13.467104	11.851425	14.524036	14.328749	17.650171	19.586666	23.173944	24.732592	22.231102	19.66796	17.336058	16.566488	14.662535	15.08997	13.872504	16.5705	17.262733	14.646017	11.629837	8.554911	7.2529397	3.6144137	6.166481	8.471096	6.7851963	6.3042264	9.654941	11.388887	10.503801	11.922385	14.923383	15.58902	15.986806	18.660463	20.62637	20.03853	21.805033	24.644293	25.663805	24.199448
C-374-A	34.086952	32.538548	29.16577	29.43428	28.521202	25.013205	24.617987	26.025206	23.731277	20.69008	21.962185	23.358559	20.290192	21.18487	17.640469	18.193504	21.184202	21.583643	21.294704	23.501377	24.466137	25.829527	27.816366	27.540865	30.157667	32.92325	33.77441	30.768671	31.125729	29.082968	29.768337	28.797434	26.927416	26.810326	30.137205	30.914148	27.413519	26.105034	24.789501	28.21862	29.51573	27.472614	30.113186	30.78923	30.566639	27.018036	26.002165	27.856321	25.548532	22.17099	23.594786	25.331518	26.801441	25.290697	21.590355	22.39301	24.644009	22.313969	20.371284	23.56343	25.128115	22.373524	23.142435	24.382181	23.503574	26.852419	27.82672	24.625212	23.540834	19.874567	17.92028	15.815534	12.434473	11.423419	14.093703	14.235052	16.800562	19.440306	17.626745	18.371916	15.99471	13.292528	15.542274	13.134545	13.416895	11.703403	14.079255	14.98513	18.652197	21.138966	23.250292	26.442465	27.385296	25.310781	24.757898	21.334145	18.708612	16.455982	13.502413	14.666414	13.355069	16.15835	16.268255	19.478333	21.757881	25.249107	26.91429	24.505001	21.718775	19.770845	18.699465	16.982616	16.949203	15.706665	18.190763	18.245363	15.293407	12.9406595	9.310582	8.12165	5.6171803	9.038495	11.071853	9.368935	9.779965	13.129518	14.397283	13.476348	15.336363	18.259968	18.490343	18.950483	21.89665	23.634192	22.721731	24.662348	27.619356	28.309517	26.877306
F-375-A	33.02876	31.30603	27.75568	27.994457	27.559902	24.025894	23.244125	24.982193	23.128765	19.733881	20.852736	22.819214	19.98871	20.502478	16.77104	16.670973	19.206364	19.313934	19.159533	21.219868	22.361574	23.389322	25.489704	24.99069	27.82587	30.344238	31.101665	27.984922	28.448746	26.516514	27.60118	26.730272	24.714846	24.661386	27.776304	28.310873	24.67991	23.046356	21.825954	25.396355	26.367018	24.248703	26.80753	27.571926	27.128399	23.54297	22.807974	24.649754	22.157871	18.92364	20.70969	22.276827	23.929678	22.294374	18.55874	19.192528	21.16643	18.65577	16.790854	19.952866	21.351206	18.542505	19.348124	20.656563	19.998232	23.428549	24.205923	21.009321	19.76582	16.077787	14.069228	12.011995	8.688016	8.1236	11.140387	12.050614	14.442287	17.396664	16.197077	17.592339	15.873803	12.596558	14.081761	11.057552	10.417055	8.21329	10.338027	11.34965	15.089862	17.54533	19.907852	23.159586	24.395699	22.643099	21.914526	18.669716	15.717036	13.551472	10.406233	11.561411	10.520933	13.48106	14.236526	17.537182	20.313759	23.848078	25.168068	22.577938	19.45516	17.736813	16.211416	14.722611	14.430192	13.657827	16.351706	16.465689	13.930437	11.764384	8.167062	5.881269	5.1339746	8.918829	9.708356	8.0289955	9.908684	12.81051	13.202545	12.839474	15.435072	17.750444	17.592041	18.741596	21.735834	22.910395	22.112799	24.558943	27.23544	27.59403	25.78362
