	S-42-A	E-43-A	K-44-A	K-45-A	R-46-A	R-47-A	D-48-A	Q-49-A	F-50-A	N-51-A	V-52-A	L-53-A	I-54-A	K-55-A	E-56-A	L-57-A	G-58-A	S-59-A	M-60-A	L-61-A	P-62-A	G-63-A	N-64-A	A-65-A	R-66-A	K-67-A	M-68-A	D-69-A	K-70-A	S-71-A	T-72-A	V-73-A	L-74-A	Q-75-A	K-76-A	S-77-A	I-78-A	D-79-A	F-80-A	L-81-A	R-82-A	K-83-A	H-84-A	K-85-A	E-86-A	T-87-A	T-88-A	A-89-A	Q-90-A	S-91-A	D-92-A	A-93-A	S-94-A	E-95-A	I-96-A	R-97-A	Q-98-A	D-99-A	W-100-A	K-101-A	P-102-A	T-103-A	F-104-A	L-105-A	S-106-A	N-107-A	E-108-A	E-109-A	F-110-A	T-111-A	Q-112-A	L-113-A	M-114-A	L-115-A	E-116-A	A-117-A	L-118-A	D-119-A	G-120-A	F-121-A	F-122-A	L-123-A	A-124-A	I-125-A	M-126-A	T-127-A	D-128-A	G-129-A	S-130-A	I-131-A	I-132-A	Y-133-A	V-134-A	S-135-A	E-136-A	S-137-A	V-138-A	T-139-A	S-140-A	L-141-A	L-142-A	E-143-A	H-144-A	L-145-A	P-146-A	S-147-A	D-148-A	L-149-A	V-150-A	D-151-A	Q-152-A	S-153-A	I-154-A	F-155-A	N-156-A	F-157-A	I-158-A	P-159-A	E-160-A	G-161-A	E-162-A	H-163-A	S-164-A	E-165-A	V-166-A	Y-167-A	K-168-A	I-169-A	L-170-A	S-171-A	T-172-A	H-173-A	L-174-A	L-175-A	E-176-A	S-177-A	D-178-A	S-179-A	L-180-A	T-181-A	P-182-A	E-183-A	Y-184-A	L-185-A	K-186-A	S-187-A	K-188-A	N-189-A	Q-190-A	L-191-A	E-192-A	F-193-A	C-194-A	C-195-A	H-196-A	M-197-A	L-198-A	R-199-A	G-200-A	T-201-A	I-202-A	D-203-A	P-204-A	K-205-A	E-206-A	P-207-A	S-208-A	T-209-A	Y-210-A	E-211-A	Y-212-A	V-213-A	R-214-A	F-215-A	I-216-A	G-217-A	N-218-A	F-219-A	K-220-A	S-221-A	L-222-A	T-223-A	R-248-A	V-249-A	C-250-A	F-251-A	V-252-A	A-253-A	T-254-A	V-255-A	R-256-A	L-257-A	A-258-A	T-259-A	P-260-A	Q-261-A	F-262-A	I-263-A	K-264-A	E-265-A	M-266-A	C-267-A	T-268-A	V-269-A	E-270-A	E-271-A	P-272-A	N-273-A	E-274-A	E-275-A	F-276-A	T-277-A	S-278-A	R-279-A	H-280-A	S-281-A	L-282-A	E-283-A	W-284-A	K-285-A	F-286-A	L-287-A	F-288-A	L-289-A	D-290-A	H-291-A	R-292-A	A-293-A	P-294-A	P-295-A	I-296-A	I-297-A	G-298-A	Y-299-A	L-300-A	P-301-A	F-302-A	E-303-A	V-304-A	L-305-A	G-306-A	T-307-A	S-308-A	G-309-A	Y-310-A	D-311-A	Y-312-A	Y-313-A	H-314-A	V-315-A	D-316-A	D-317-A	L-318-A	E-319-A	N-320-A	L-321-A	A-322-A	K-323-A	C-324-A	H-325-A	E-326-A	H-327-A	L-328-A	M-329-A	Q-330-A	Y-331-A	G-332-A	K-333-A	G-334-A	K-335-A	S-336-A	C-337-A	Y-338-A	Y-339-A	R-340-A	F-341-A	L-342-A	T-343-A	K-344-A	G-345-A	Q-346-A	Q-347-A	W-348-A	I-349-A	W-350-A	L-351-A	Q-352-A	T-353-A	H-354-A	Y-355-A	Y-356-A	I-357-A	T-358-A	Y-359-A	H-360-A	Q-361-A	W-362-A	N-363-A	S-364-A	R-365-A	P-366-A	E-367-A	F-368-A	I-369-A	V-370-A	C-371-A	T-372-A	H-373-A	T-374-A	V-375-A	V-376-A	S-377-A	Y-378-A	A-379-A	E-380-A	V-381-A	R-382-A	A-383-A	E-384-A
K-71-B	26.001	23.19213	24.469088	27.960333	27.24732	25.2973	28.320948	30.861385	29.04473	29.238861	32.898518	33.690548	32.099533	34.01013	37.222332	36.788074	36.347412	39.28874	41.4289	40.37558	43.150997	43.058372	43.152737	39.419353	37.56086	34.0104	31.470133	28.423977	27.844835	27.240698	30.336308	32.43778	31.623484	32.380642	35.642002	36.665382	36.31428	38.281445	40.95016	41.530987	41.659748	44.176826	46.13157	46.4922	47.33089	49.945015	51.444427	51.806347	53.502438	55.67845	59.378723	60.725887	60.150787	61.280357	57.826828	56.305458	59.154564	58.899315	60.747723	59.371468	59.00845	55.69298	57.434677	58.93573	57.188286	57.022377	59.367584	62.04698	61.81813	62.37637	65.32075	66.83483	66.413315	67.75274	70.77326	71.51584	71.19436	73.23691	70.33334	68.478645	65.424515	66.0601	63.78402	65.43316	64.20011	65.23708	67.4501	69.29046	68.31446	67.65843	64.36946	64.26694	66.662865	66.583885	68.78079	70.73416	72.302414	74.77067	76.14437	76.21897	77.66214	78.67935	76.60558	74.41591	70.84402	71.73325	74.56424	72.1372	68.912254	69.04358	72.04203	72.69738	72.98227	75.91662	77.98421	77.90102	78.52147	82.00458	82.336205	83.34388	79.863754	77.9381	77.32576	76.04799	73.589516	72.587105	71.77616	69.60286	67.56358	67.37935	67.1068	63.850414	60.762493	57.42922	53.85305	51.255592	47.792923	45.006016	44.097916	47.653206	49.580906	52.971664	54.89759	53.65157	55.151924	58.667328	59.748653	59.17675	61.28953	64.99177	68.2508	71.63636	74.80067	76.99869	79.19595	78.11162	80.49605	81.01355	81.14783	84.147385	85.61459	88.87133	89.01776	92.43124	91.257774	90.69235	87.18503	85.9697	83.02416	80.66127	79.38543	75.61408	72.69347	69.3515	66.401474	63.324455	60.667126	59.627422	56.59767	54.861874	54.50211	52.163322	58.32047	59.18158	61.061234	62.608574	61.98811	64.26587	65.949684	69.64472	71.99689	75.740715	77.71823	80.39319	79.01531	79.49657	80.12096	81.135475	79.41239	79.17806	76.24097	75.578026	73.00775	72.98581	69.45689	70.028145	70.612206	74.11453	75.86099	79.30774	81.506874	85.025185	88.01088	91.687325	94.43515	97.985016	101.07016	100.84969	97.262726	95.838234	92.57534	93.2302	89.74566	86.18443	83.505554	80.03527	78.48434	80.2744	78.63508	75.11469	76.84932	79.713104	78.5863	81.88385	82.27979	85.50463	87.52467	86.930046	88.79638	91.17985	94.76755	93.83763	95.002106	92.60225	94.027336	92.43841	89.02017	89.81748	89.3276	92.65651	92.39166	92.109474	94.9647	97.627686	95.78935	94.837	98.48455	99.520966	97.007965	98.44141	101.97367	100.8998	99.33999	102.4953	104.342354	102.18379	100.28547	96.92245	94.99398	91.86405	91.39656	90.38955	86.98261	87.27984	85.434814	85.09221	84.218124	81.315926	81.14889	78.34174	80.72327	79.35485	81.55974	80.2415	81.85067	83.51429	85.66183	87.75952	89.50098	92.59908	95.152435	98.05042	98.29682	101.91946	103.394394	103.49063	107.24965	109.034805	106.90265	106.65348	103.420815	101.22465	97.995224	95.66447	92.26431	89.74277	86.39987	84.3981	81.675026	79.35104	79.05584	76.906845	78.32515	77.48278	79.871315	82.59282	82.52885	82.2728	85.65584
N-72-B	28.6995	25.628206	26.753992	30.215696	29.259182	27.032272	30.034155	32.531452	30.386225	30.367813	34.12241	34.7527	32.798027	34.677773	37.981285	37.285862	36.56488	39.617554	41.677345	40.289692	42.832275	42.51017	42.596478	38.86189	37.339237	33.724083	31.521046	28.310099	28.02692	26.995852	29.856768	32.320034	31.55038	31.863493	35.143047	36.506294	36.00527	37.656776	40.536224	41.312443	41.152958	43.50792	45.72935	46.105595	46.641476	49.28136	51.016792	51.2437	52.716717	55.00711	58.647293	60.214676	59.699364	61.045406	57.64815	56.10805	59.082558	59.053223	61.028538	59.873367	59.68241	56.4948	58.448063	59.850224	58.12693	57.766148	60.21894	62.935627	62.498837	62.96801	66.04064	67.51027	66.876724	68.20179	71.33095	71.96306	71.474495	73.57518	70.62369	68.84027	65.72509	66.2571	63.898724	65.4251	64.07357	64.89304	67.1827	69.12362	68.33949	67.824875	64.64753	64.65082	67.09695	67.143616	69.50899	71.37583	72.81086	75.41889	76.79888	76.68548	78.0726	79.248184	77.15716	75.10529	71.480255	72.40691	75.104485	72.53562	69.350235	69.39192	72.27738	72.74095	72.982864	75.79909	78.018814	77.96429	78.412	81.81695	82.0389	82.91538	79.439064	77.52295	76.730545	75.413795	73.10483	72.054146	71.06608	68.96721	67.04452	66.72431	66.26885	63.048073	59.936985	56.557106	52.941135	50.451756	46.890877	44.321114	43.357273	46.956215	49.130165	52.457687	54.52222	53.1298	54.406803	57.866783	58.861496	58.510967	60.72239	64.444984	67.794334	71.18825	74.45823	76.728645	79.0684	78.14209	80.64217	81.31603	81.59706	84.697464	86.31644	89.50692	89.53635	92.90357	91.6522	90.932396	87.36753	86.12984	83.099525	80.73561	79.30513	75.548	72.52098	69.17266	66.179146	63.096764	60.3159	59.22168	56.31558	54.575714	54.43809	52.19128	58.06486	58.856743	60.868187	62.392006	61.94414	64.23286	66.03095	69.712036	72.08225	75.848015	77.69737	80.493515	79.24302	79.89339	80.62672	81.78225	80.10647	80.008125	77.18741	76.51993	74.08735	74.245544	70.742004	71.50204	72.161575	75.694435	77.42511	80.925705	83.13867	86.698235	89.6248	93.33384	95.98285	99.54013	102.59687	102.25257	98.65591	97.237305	94.04368	94.82986	91.40259	87.79989	85.22989	81.77209	80.16701	81.810745	80.09583	76.568306	78.22584	80.99326	79.846375	83.18619	83.71423	87.015396	88.98171	88.24309	90.12798	92.62353	96.16259	95.11201	96.246124	93.86947	95.16792	93.50182	90.105286	90.863976	90.23742	93.488396	93.21171	93.08036	95.97029	98.62581	96.868935	96.014435	99.66571	100.72615	98.31864	99.80393	103.326996	102.31949	100.85057	104.01429	105.88064	103.80846	101.970695	98.596466	96.56063	93.35942	92.75965	91.62881	88.16646	88.39419	86.4808	86.20431	85.24054	82.405785	82.21462	79.297714	81.584854	80.249565	82.507324	81.33231	82.98307	84.79261	87.02769	89.229515	91.093636	94.217575	96.86983	99.78326	100.13905	103.79425	105.32963	105.54347	109.305405	110.98959	108.82056	108.46186	105.1658	102.98984	99.69898	97.3247	93.98208	91.36463	88.05201	85.921364	83.17207	80.7203	80.33907	78.06169	79.31693	78.49075	81.013695	83.65513	83.45239	83.28033	86.723175
A-73-B	27.80489	24.651728	25.25857	28.838606	28.141254	25.573948	28.268394	31.029444	28.973307	28.524237	32.26093	33.18383	31.096514	32.63417	36.093346	35.60981	34.624424	37.499275	39.79047	38.397198	40.84082	40.31398	40.126842	36.348877	34.855133	31.34951	29.107399	26.08776	26.193048	25.408476	28.052244	30.569698	30.218683	30.588045	33.64231	35.16918	35.020714	36.539272	39.27529	40.325436	40.356606	42.50338	44.720722	45.403282	45.94616	48.364758	50.19652	50.66736	52.028744	54.131287	57.739098	59.322784	59.035522	60.316433	56.837345	55.529438	58.600235	58.669384	60.480446	59.286095	59.273785	56.10869	58.020355	59.213345	57.2831	56.75693	59.066093	61.936527	61.57069	61.830257	64.866196	66.51563	65.85908	66.98846	70.17305	70.95476	70.351234	72.30306	69.24124	67.30997	64.09347	64.44727	61.950123	63.33036	61.832542	62.65521	64.814125	66.87742	66.04029	65.66024	62.46992	62.648697	65.23778	65.453964	67.84318	69.8379	71.142494	73.72861	75.26765	75.14926	76.38013	77.49859	75.27364	73.17944	69.5195	70.28765	72.979256	70.42988	67.16781	67.0477	69.96887	70.45686	70.85588	73.62548	75.81804	75.91855	76.41284	79.80667	79.9113	80.88058	77.46792	75.41807	74.60379	73.43793	71.11948	69.914406	69.00247	67.03132	64.986465	64.53473	64.186195	61.05929	57.841618	54.560444	50.890556	48.547005	45.043465	42.443382	41.769855	45.45097	47.552113	50.764515	52.990887	51.794544	52.977016	56.515324	57.308163	56.858986	59.222904	62.89484	66.29416	69.59652	72.861206	75.005394	77.31017	76.317154	78.7532	79.508316	79.7151	82.83949	84.457375	87.58637	87.506004	90.91302	89.76429	89.00524	85.42657	84.324265	81.3463	79.10856	77.73503	73.995964	71.02282	67.58913	64.71506	61.51741	58.64494	57.351887	54.364952	52.428474	52.174137	49.777966	55.627663	56.604504	58.74566	60.448925	60.139668	62.58996	64.53406	68.164604	70.67987	74.430244	76.36795	79.199745	78.06387	78.66456	79.53735	80.611885	78.799095	78.60965	75.80453	74.96818	72.52952	72.76818	69.339775	70.14013	70.65104	74.24694	76.12462	79.67248	82.01852	85.619194	88.60639	92.33133	94.969765	98.57409	101.55058	101.23346	97.594124	96.30881	93.15749	94.01437	90.58029	86.94739	84.379395	80.99474	79.23671	80.8693	79.28123	75.68815	77.192604	80.009834	79.026634	82.44033	83.07953	86.35011	88.43525	87.63198	89.380554	91.91309	95.43318	94.29922	95.29298	92.81166	94.039925	92.47554	89.02283	89.63296	88.9252	92.151245	91.73031	91.6073	94.586655	97.1424	95.30979	94.56612	98.25229	99.19143	96.79543	98.40105	101.874275	100.777405	99.40749	102.64161	104.40414	102.295815	100.56657	97.13342	95.03289	91.79026	91.215546	89.99611	86.55939	86.90713	85.09937	84.97487	84.12837	81.39166	81.365654	78.41123	80.58572	79.098976	81.235954	80.01091	81.52611	83.36034	85.51988	87.809906	89.65649	92.861176	95.54785	98.54803	98.99898	102.67795	104.32746	104.5486	108.330795	109.97935	107.70906	107.37111	104.05506	101.99024	98.66511	96.18458	92.831345	90.15003	86.781746	84.62154	81.76405	79.30653	78.769684	76.414856	77.61216	76.633644	79.17196	81.875725	81.56382	81.279526	84.76759
R-74-B	24.065113	20.876421	21.590652	25.132154	24.385647	21.911684	24.710367	27.406586	25.414206	25.147821	28.869997	29.774889	27.881779	29.547192	32.91656	32.511868	31.7679	34.643353	36.90909	35.74087	38.39457	38.130875	38.081116	34.32445	32.538864	29.01977	26.541908	23.540213	23.299269	22.762615	25.656672	27.879759	27.415024	28.124033	31.202911	32.439774	32.371212	34.15535	36.73708	37.61412	37.86166	40.152046	42.154667	42.81642	43.60325	46.00678	47.645416	48.22357	49.76913	51.780064	55.440884	56.844032	56.50523	57.623287	54.102825	52.808514	55.795296	55.718582	57.44122	56.11284	56.01339	52.78153	54.588985	55.821095	53.879784	53.458004	55.727688	58.568542	58.303654	58.62747	61.600914	63.25858	62.721165	63.878246	66.99667	67.82846	67.334694	69.26917	66.25111	64.30207	61.141926	61.60578	59.20162	60.71583	59.358303	60.34169	62.502823	64.43748	63.489357	62.95921	59.70227	59.75192	62.2678	62.36706	64.66345	66.675224	68.08278	70.600204	72.10019	72.0861	73.38547	74.43028	72.25231	70.09812	66.47465	67.28293	70.048	67.568344	64.3121	64.31552	67.28945	67.88943	68.25242	71.123665	73.223724	73.24572	73.84213	77.29702	77.52522	78.56118	75.12255	73.11203	72.45101	71.2623	68.823975	67.71393	66.92106	64.84154	62.741695	62.454296	62.22313	59.029167	55.870472	52.59384	48.979187	46.48528	43.051617	40.264355	39.56253	43.191	45.104412	48.396675	50.478485	49.363182	50.748207	54.32257	55.23026	54.61053	56.860596	60.527832	63.846462	67.16251	70.34812	72.4687	74.68014	73.59587	75.97598	76.61005	76.752655	79.81525	81.35471	84.53864	84.558266	87.97821	86.83983	86.185295	82.64552	81.51626	78.57786	76.308914	75.02738	71.27297	68.36301	64.94942	62.08188	58.908962	56.148273	54.95015	51.89093	50.026386	49.65769	47.266018	53.33587	54.278656	56.26934	57.92797	57.45358	59.85723	61.694702	65.346756	67.824745	71.5652	73.57564	76.32228	75.08963	75.59322	76.38808	77.3936	75.57293	75.32951	72.46506	71.66382	69.165016	69.314926	65.85972	66.58847	67.109406	70.68403	72.53746	76.06335	78.386444	81.97172	84.96965	88.684616	91.3544	94.95284	97.94709	97.66871	94.03625	92.73628	89.55698	90.36748	86.9159	83.29597	80.69633	77.30339	75.56914	77.246574	75.67501	72.08643	73.63053	76.48039	75.49464	78.890594	79.47952	82.72492	84.82928	84.07826	85.82175	88.313065	91.85186	90.766174	91.78055	89.29872	90.58612	89.04391	85.58592	86.23111	85.59723	88.865845	88.476616	88.28117	91.229034	93.80829	91.95656	91.148544	94.827545	95.783394	93.344765	94.90657	98.3944	97.295425	95.87354	99.09121	100.87096	98.74685	96.976036	93.558266	91.501236	88.28861	87.74959	86.595985	83.1722	83.52011	81.71984	81.54271	80.72033	77.94334	77.91727	75.01345	77.24114	75.75206	77.88086	76.59949	78.12297	79.89631	82.04211	84.279495	86.0943	89.27581	91.93081	94.91194	95.32227	98.9916	100.61409	100.81403	104.59388	106.26419	104.01434	103.696625	100.39791	98.31386	95.00765	92.55184	89.183975	86.53734	83.16897	81.05013	78.22033	75.80443	75.3323	73.044075	74.32492	73.38413	75.86471	78.58226	78.36386	78.08285	81.53169
E-75-B	25.266241	21.929598	23.067757	26.365355	25.0873	22.764936	25.856571	28.164019	25.798517	25.843191	29.623194	30.051588	28.033415	30.054293	33.28694	32.456055	31.814678	34.95491	36.892345	35.521217	38.13969	37.984047	38.25662	34.566956	32.94532	29.272171	27.079828	23.758703	23.261036	22.165081	25.144827	27.515205	26.633774	27.022568	30.337193	31.598772	31.098831	32.839245	35.6696	36.39312	36.309875	38.70867	40.851536	41.24667	41.87541	44.48781	46.159203	46.458946	47.99437	50.22305	53.885494	55.380375	54.87389	56.160645	52.741776	51.237392	54.213783	54.186333	56.12105	54.964993	54.82865	51.666435	53.656265	54.994938	53.256092	52.84883	55.325584	58.045143	57.571793	58.028877	61.1202	62.57929	61.92415	63.25263	66.386894	67.00944	66.51691	68.625084	65.685036	63.927483	60.834263	61.417007	59.113274	60.71144	59.45145	60.309963	62.66012	64.50674	63.731216	63.13443	59.967724	59.890343	62.280727	62.285545	64.66895	66.48891	67.93792	70.56805	71.9098	71.77682	73.196205	74.401634	72.354965	70.3425	66.725655	67.73352	70.40927	67.81778	64.678764	64.809654	67.66476	68.118675	68.27914	71.131386	73.34695	73.21484	73.6613	77.08234	77.37883	78.24575	74.74295	72.882866	72.15745	70.78739	68.43334	67.46821	66.50791	64.327	62.41715	62.209606	61.776257	58.497845	55.447823	52.04459	48.474777	45.87258	42.335747	39.68672	38.652157	42.21586	44.326057	47.7004	49.6882	48.304665	49.672314	53.14448	54.21092	53.79244	55.936752	59.662632	62.97581	66.38512	69.62883	71.91328	74.23638	73.311195	75.824356	76.46833	76.78146	79.88155	81.5226	84.723495	84.78317	88.12699	86.830894	86.12243	82.565125	81.28187	78.2418	75.84628	74.42067	70.65845	67.63802	64.30725	61.299736	58.23998	55.50739	54.48834	51.5857	49.938972	49.83177	47.678375	53.595795	54.28226	56.19593	57.64301	57.120186	59.361027	61.11761	64.80847	67.153275	70.919205	72.77021	75.5516	74.28785	74.941025	75.67538	76.846565	75.18774	75.12532	72.33075	71.694725	69.30647	69.51169	66.00642	66.84375	67.57622	71.10534	72.796005	76.31506	78.51885	82.09535	84.985405	88.70893	91.30664	94.86544	97.908394	97.50882	93.91031	92.49463	89.3331	90.18384	86.78706	83.16351	80.65355	77.20883	75.56981	77.136696	75.39252	71.86071	73.48302	76.21036	75.06309	78.423225	79.016304	82.34508	84.305145	83.49967	85.373184	87.91634	91.43222	90.32889	91.44466	89.076744	90.33429	88.64403	85.25517	86.010376	85.35695	88.593056	88.335464	88.237724	91.12097	93.79023	92.07401	91.22905	94.873726	95.96645	93.598694	95.08005	98.606964	97.64995	96.202705	99.35501	101.251434	99.23625	97.40875	94.04381	91.965195	88.7401	88.07073	86.91255	83.42412	83.59895	81.6465	81.371864	80.37542	77.559074	77.36722	74.42067	76.68227	75.356415	77.63447	76.505714	78.19102	80.04831	82.335144	84.56435	86.49424	89.61342	92.31425	95.22122	95.63299	99.30465	100.87146	101.16829	104.92909	106.54197	104.35623	103.925385	100.59457	98.425766	95.10268	92.71224	89.40515	86.74272	83.45672	81.26363	78.52275	76.01378	75.63179	73.32768	74.545105	73.7782	76.339775	78.92694	78.72274	78.625656	82.06501
A-76-B	26.416689	22.850887	23.609598	26.800875	25.362133	22.675047	25.564774	27.842176	25.195162	24.869312	28.67524	29.012566	26.601645	28.465565	31.793264	30.777903	29.789017	32.9638	34.87462	33.20683	35.585377	35.19183	35.410015	31.726818	30.397964	26.7061	24.843105	21.432037	21.332355	19.909922	22.567553	25.26912	24.59939	24.606962	27.825594	29.445246	28.981182	30.3824	33.310867	34.325027	34.09944	36.25589	38.60377	39.166946	39.559177	42.07139	43.971355	44.294563	45.598896	47.812405	51.41005	53.075283	52.73137	54.150467	50.7421	49.347546	52.46981	52.683	54.628773	53.646145	53.757633	50.736423	52.888035	54.02013	52.208958	51.5464	54.048153	56.86003	56.232475	56.51327	59.694035	61.18908	60.33916	61.56516	64.81054	65.40304	64.71785	66.806885	63.78642	62.0356	58.859406	59.29184	56.88028	58.332638	56.942562	57.628914	60.0083	61.95701	61.326084	60.878864	57.81105	57.871483	60.342316	60.513405	63.050186	64.83347	66.115135	68.85558	70.25662	69.95792	71.270805	72.59201	70.49141	68.59294	64.92628	65.92362	68.47252	65.76664	62.64988	62.66719	65.426735	65.7251	65.88747	68.629814	70.95803	70.88937	71.210014	74.56363	74.74398	75.5372	72.05753	70.16867	69.30649	67.95023	65.70355	64.661896	63.594566	61.50394	59.646137	59.306324	58.770878	55.54387	52.45073	49.04261	45.43238	42.94957	39.36152	36.867878	35.890675	39.51434	41.78508	45.06239	47.215187	45.79835	46.956795	50.41805	51.342426	51.047565	53.320316	57.038708	60.43589	63.81401	67.13299	69.425896	71.84564	71.02526	73.60934	74.40804	74.82204	78.012054	79.7836	82.90279	82.829216	86.140274	84.80986	83.96155	80.3565	79.09861	76.01029	73.66058	72.1337	68.39359	65.31295	61.948795	58.956448	55.85249	52.993027	51.866344	49.040863	47.34078	47.38916	45.291702	50.955498	51.621395	53.66732	55.14291	54.804	57.105377	59.007362	62.661198	65.07353	68.84581	70.62675	73.51701	72.407814	73.179886	74.06608	75.32158	73.65002	73.67256	70.995705	70.29396	68.03777	68.442635	65.00015	66.03443	66.786514	70.356804	72.08061	75.661446	77.92611	81.55158	84.40222	88.15666	90.648636	94.22855	97.204704	96.69948	93.079285	91.72957	88.65836	89.66562	86.32836	82.65867	80.262695	76.87263	75.11583	76.52987	74.77459	71.21578	72.69161	75.34221	74.253395	77.67977	78.44957	81.828354	83.79119	82.820244	84.64124	87.30233	90.75678	89.50372	90.525536	88.1374	89.24577	87.531715	84.143936	84.80016	83.991356	87.143105	86.81983	86.8607	89.804855	92.425964	90.75934	90.04624	93.70178	94.77113	92.51043	94.08215	97.576706	96.65311	95.33092	98.512024	100.38697	98.4475	96.721085	93.33008	91.12622	87.82293	87.03479	85.73037	82.20463	82.35635	80.383934	80.230995	79.20334	76.497215	76.35884	73.30177	75.42225	74.06241	76.33332	75.31839	76.98705	78.9872	81.32586	83.682915	85.723114	88.89081	91.6977	94.64753	95.20573	98.91333	100.585365	101.00564	104.771614	106.26342	104.002426	103.46998	100.07305	97.9739	94.58135	92.10858	88.860634	86.08327	82.81284	80.48619	77.685684	75.05618	74.536736	72.08932	73.13153	72.333984	75.02131	77.54606	77.18039	77.130356	80.63129
H-77-B	23.167126	19.581877	20.051104	23.308716	22.08245	19.244156	21.996769	24.459295	21.994934	21.51296	25.309357	25.916449	23.62992	25.342426	28.732986	28.019503	27.079096	30.102074	32.219517	30.81064	33.35366	33.05922	33.15781	29.434164	27.793995	24.170038	21.959745	18.72663	18.58686	17.703661	20.488342	22.90938	22.480312	22.951548	26.014147	27.441471	27.365656	28.97043	31.61064	32.647224	32.817776	34.976593	37.08372	37.85319	38.521164	40.85417	42.6142	43.22942	44.652714	46.633476	50.263844	51.74902	51.510754	52.70523	49.19029	47.973213	51.06568	51.173298	52.905964	51.73061	51.848457	48.75058	50.733864	51.783104	49.807667	49.16271	51.503967	54.39889	53.958782	54.164536	57.240013	58.88536	58.168976	59.28174	62.491	63.25964	62.621597	64.57754	61.51894	59.622944	56.42453	56.834846	54.40398	55.88027	54.5087	55.377007	57.63812	59.566063	58.757298	58.264465	55.097694	55.168633	57.686275	57.862297	60.3033	62.223557	63.526424	66.1634	67.65351	67.48288	68.749275	69.92964	67.76472	65.74549	62.087624	62.983322	65.62674	63.02349	59.83296	59.839977	62.705296	63.159924	63.43095	66.2486	68.45004	68.43559	68.914406	72.32947	72.539116	73.486755	70.03208	68.06475	67.34214	66.09377	63.711723	62.631268	61.753662	59.66107	57.635883	57.348236	57.028046	53.812378	50.680767	47.36089	43.753597	41.241253	37.771027	35.044254	34.29059	37.933792	39.94159	43.215317	45.349945	44.18009	45.481052	49.04533	49.926674	49.37276	51.652885	55.32898	58.683754	62.005634	65.23845	67.40386	69.693985	68.71269	71.17915	71.90712	72.17674	75.31466	76.98536	80.12256	80.0735	83.44172	82.21689	81.45821	77.88302	76.71151	73.7108	71.42889	70.05175	66.305374	63.335873	59.920807	57.02934	53.854626	51.037903	49.842068	46.85918	45.05381	44.860615	42.611237	48.519413	49.330032	51.336052	52.928513	52.52483	54.91584	56.81903	60.461468	62.951225	66.70382	68.63941	71.46227	70.32676	70.94498	71.84173	72.94958	71.15881	71.03534	68.2866	67.487946	65.136284	65.47854	62.056973	63.00867	63.635864	67.23249	69.05279	72.638084	74.97824	78.61109	81.53445	85.28481	87.82766	91.43581	94.38145	93.96376	90.31969	89.047806	85.95995	86.93837	83.56195	79.8922	77.43558	74.082146	72.25431	73.743866	72.11105	68.5089	69.93416	72.67758	71.705055	75.15857	75.924416	79.24189	81.31696	80.387375	82.10874	84.730095	88.20376	86.96798	87.91995	85.45008	86.59419	84.98946	81.54914	82.13976	81.36897	84.561066	84.1612	84.109	87.08638	89.65816	87.895874	87.18396	90.86153	91.84934	89.529564	91.14025	94.61591	93.60372	92.2834	95.50266	97.310905	95.30276	93.601776	90.18062	87.99642	84.70558	84.0048	82.72265	79.23866	79.50009	77.62829	77.52411	76.62348	73.93227	73.9152	70.90031	73.01302	71.53378	73.699715	72.56193	74.1282	76.05764	78.30603	80.65685	82.622246	85.825424	88.602325	91.59681	92.15424	95.86241	97.57312	97.94045	101.71954	103.240456	100.93649	100.47183	97.09373	95.04883	91.665405	89.14996	85.86148	83.09477	79.7713	77.49466	74.64204	72.077385	71.51911	69.10073	70.21432	69.32405	71.94264	74.5535	74.21729	74.05828	77.5513
S-78-B	21.0592	17.51949	18.655079	21.752798	20.223087	17.85774	21.037893	23.168034	20.698294	20.876696	24.647223	24.957506	23.033089	25.202803	28.32908	27.50827	27.078985	30.237816	32.111134	30.94171	33.758274	33.88708	34.3336	30.708458	28.799257	25.127192	22.75744	19.439228	18.53314	17.667423	20.903793	22.936419	21.95662	22.722462	26.019295	26.985043	26.634422	28.636087	31.258768	31.856895	32.054516	34.551693	36.455917	36.91391	37.8085	40.33451	41.82389	42.3131	44.011086	46.079662	49.78559	51.09209	50.60093	51.703922	48.22164	46.8032	49.731968	49.60861	51.40989	50.13561	50.00153	46.80453	48.724503	50.010452	48.2073	47.81932	50.249825	52.981716	52.581768	53.037746	56.083805	57.58243	57.003986	58.31427	61.41187	62.10113	61.66802	63.734524	60.811638	59.02343	55.96652	56.628468	54.402714	56.11703	54.99223	55.99958	58.35514	60.06972	59.20222	58.468777	55.256428	55.066	57.39435	57.317947	59.644196	61.47676	62.98691	65.57156	66.89445	66.83041	68.288345	69.44145	67.42885	65.38444	61.794502	62.847927	65.56502	63.019844	59.898685	60.144337	63.027187	63.56712	63.685585	66.62541	68.75918	68.55493	69.08987	72.56294	72.97174	73.9045	70.38337	68.55821	67.98611	66.60272	64.1297	63.25549	62.422337	60.140366	58.170616	58.12945	57.825424	54.488003	51.504128	48.12156	44.623222	41.871834	38.433006	35.583725	34.54772	38.051247	39.9445	43.381977	45.2368	43.970238	45.5356	49.055103	50.209595	49.592163	51.635204	55.34353	58.578926	61.985	65.14766	67.39251	69.62419	68.614265	71.0766	71.62671	71.89255	74.94926	76.542076	79.77749	79.90757	83.255775	81.96474	81.33474	77.80972	76.50944	73.5067	71.09683	69.75878	65.98672	63.032856	59.71109	56.72836	53.67848	51.04687	50.107132	47.135548	45.564598	45.360332	43.24269	49.341248	49.975082	51.73504	53.137344	52.468338	54.67673	56.35457	60.056404	62.387936	66.14228	68.07058	70.784096	69.46197	70.02976	70.734245	71.843094	70.15793	70.05478	67.23225	66.605965	64.195816	64.37716	60.865578	61.702408	62.45544	65.978645	67.65766	71.18068	73.389725	76.97316	79.86346	83.591324	86.18166	89.74729	92.77895	92.383644	88.77969	87.38308	84.22704	85.09438	81.69986	78.067444	75.56815	72.14013	70.466835	72.02103	70.29936	66.753746	68.35362	71.09402	69.979515	73.35453	73.97059	77.289825	79.28716	78.469505	80.30331	82.85042	86.36389	85.24941	86.340355	83.95397	85.21867	83.5535	80.15211	80.90035	80.27087	83.52635	83.272766	83.14026	86.01512	88.68886	86.964615	86.099625	89.74287	90.84052	88.465164	89.93676	93.466385	92.51701	91.06376	94.21221	96.116295	94.11358	92.28369	88.92335	86.83985	83.61537	82.93876	81.79634	78.30836	78.478485	76.53172	76.250175	75.27859	72.4622	72.305595	69.37226	71.63667	70.28133	72.53927	71.38285	73.065956	74.90954	77.19983	79.42332	81.36304	84.47886	87.190506	90.09774	90.530685	94.209206	95.797585	96.12648	99.88878	101.47053	99.26933	98.81793	95.4765	93.32101	89.9867	87.58308	84.28278	81.60739	78.32483	76.120926	73.38319	70.87145	70.50593	68.221146	69.46855	68.73341	71.27597	73.8549	73.698555	73.62376	77.039734
Q-79-B	23.59414	19.95092	21.165815	23.95348	21.968363	19.597134	22.802048	24.561611	21.66684	21.886883	25.649374	25.496027	23.250654	25.605635	28.63587	27.335657	26.790087	30.174768	31.733149	30.208382	32.832584	32.909195	33.595863	30.053205	28.48232	24.702194	22.81611	19.214983	18.33768	16.71686	19.804087	22.167112	20.914478	21.113192	24.57892	25.784405	25.027233	26.778856	29.703035	30.326685	30.113707	32.574436	34.73699	35.038097	35.640026	38.31048	39.967342	40.20511	41.759453	44.02721	47.698708	49.191364	48.639317	49.976448	46.594048	45.043083	48.047222	48.107456	50.11086	49.09351	49.06474	46.014835	48.1865	49.45177	47.7931	47.275597	49.896408	52.56792	51.899002	52.372173	55.5662	56.90965	56.11881	57.519585	60.689972	61.17919	60.638367	62.843296	59.94485	58.327305	55.28425	55.958145	53.75718	55.451176	54.330215	55.127403	57.65134	59.354214	58.716133	58.019962	54.946743	54.73425	57.00083	56.941875	59.4239	61.071766	62.518795	65.25623	66.479034	66.22117	67.71694	69.067986	67.13512	65.27479	61.668392	62.874207	65.441185	62.74381	59.736214	60.01567	62.741524	63.070267	63.025364	65.879585	68.17214	67.88061	68.21655	71.61795	72.01236	72.76031	69.20263	67.486465	66.77732	65.25216	62.91802	62.118774	61.080143	58.77034	56.995647	56.939404	56.401867	53.028275	50.11423	46.624416	43.14543	40.377853	36.821156	34.198902	32.89332	36.368492	38.537457	41.985317	43.85288	42.323723	43.746777	47.16564	48.37731	48.015194	50.04021	53.793903	57.073006	60.540054	63.796055	66.18485	68.56677	67.75318	70.365204	71.01307	71.47707	74.612236	76.35976	79.5585	79.64429	82.90907	81.472115	80.71788	77.153885	75.74293	72.63007	70.142586	68.62406	64.86099	61.778675	58.51155	55.418148	52.444054	49.764137	48.916794	46.132465	44.718597	44.82933	42.94862	48.747154	49.156345	50.92945	52.16793	51.56891	53.669712	55.36076	59.070347	61.323875	65.10077	66.84952	69.654305	68.39442	69.15827	69.89552	71.19242	69.63935	69.73582	67.041115	66.51649	64.275154	64.61127	61.100883	62.1315	63.064377	66.56432	68.12572	71.66864	73.80846	77.4041	80.18113	83.92678	86.39972	89.93969	92.97311	92.42361	88.83982	87.38393	84.293526	85.27456	81.96054	78.30647	75.944336	72.507744	70.85543	72.235245	70.36636	66.86058	68.445175	71.03736	69.81934	73.1944	73.90615	77.31726	79.19163	78.24232	80.1565	82.806046	86.26445	85.0577	86.182625	83.882675	85.04148	83.241745	79.90225	80.68775	79.95786	83.136795	82.95599	82.980255	85.83252	88.550934	86.96551	86.143295	89.76065	90.95507	88.696976	90.1507	93.69063	92.873436	91.46819	94.57612	96.55967	94.68517	92.86575	89.537834	87.37405	84.10261	83.25951	82.035866	78.48052	78.49759	76.41771	76.12215	74.98942	72.20316	71.93488	68.90865	71.12243	69.888824	72.265564	71.300285	73.1051	75.092064	77.52081	79.80281	81.89026	84.9773	87.77722	90.64371	91.15279	94.846924	96.44241	96.91045	100.65574	102.1291	99.94324	99.35022	95.95276	93.767204	90.38744	87.99709	84.781075	82.03689	78.83409	76.50342	73.81056	71.163414	70.797066	68.425186	69.52185	68.91105	71.58358	74.01947	73.78464	73.88228	77.31973
I-80-B	22.916224	19.145319	19.766245	22.48484	20.576208	17.767475	20.625563	22.503893	19.509417	19.22163	22.99334	22.982243	20.435545	22.507376	25.69708	24.464525	23.594254	26.902325	28.619816	27.00052	29.528675	29.43648	29.963287	26.374334	24.840624	21.072048	19.234898	15.644139	15.142279	13.583471	16.47872	18.995333	18.172989	18.361664	21.621061	23.058474	22.677114	24.249725	27.047874	28.001783	27.978294	30.194319	32.37591	33.02472	33.61422	36.039246	37.817932	38.319466	39.73872	41.806145	45.445065	46.96557	46.659286	47.94609	44.483055	43.183098	46.306248	46.510197	48.3512	47.338192	47.544014	44.5615	46.738884	47.747414	45.884186	45.143105	47.65224	50.48203	49.82767	50.071835	53.26347	54.768406	53.906208	55.116	58.363815	58.972454	58.288204	60.36566	57.35472	55.6179	52.47015	52.976406	50.645416	52.213524	50.969704	51.74769	54.20024	55.99834	55.350334	54.768433	51.70206	51.639336	54.031544	54.140152	56.68862	58.422897	59.728867	62.484573	63.842827	63.53723	64.891304	66.23233	64.188065	62.328484	58.677933	59.780785	62.31141	59.590504	56.53376	56.686295	59.415607	59.726635	59.783142	62.594036	64.892914	64.715904	65.063156	68.45314	68.7519	69.55876	66.042595	64.22478	63.489777	62.07106	59.730648	58.81384	57.8229	55.604565	53.737137	53.582268	53.119152	49.804203	46.80198	43.372906	39.840122	37.167248	33.63953	30.971836	29.912107	33.486343	35.610706	38.9669	40.997402	39.637268	40.966114	44.468624	45.498875	45.04957	47.21986	50.938942	54.27514	57.66947	60.934937	63.228165	65.6006	64.75282	67.33638	68.07665	68.51274	71.69191	73.47644	76.614525	76.5921	79.87883	78.501884	77.68837	74.100075	72.788925	69.701004	67.31433	65.82095	62.069904	59.01697	55.66847	52.66991	49.585747	46.80605	45.785213	42.93764	41.370296	41.4312	39.466175	45.22878	45.749123	47.63287	49.00722	48.540283	50.78404	52.624336	56.29331	58.681816	62.452835	64.26448	67.121414	65.98644	66.73539	67.62417	68.87656	67.20997	67.26029	64.61098	63.94038	61.736176	62.19998	58.764477	59.89891	60.73659	64.29671	65.97385	69.57421	71.833	75.47637	78.28258	82.05037	84.47679	88.05866	91.00857	90.443474	86.82058	85.488075	82.461365	83.55079	80.25439	76.562225	74.24509	70.88728	69.074814	70.38855	68.615135	65.04995	66.46305	69.06711	67.99895	71.45401	72.31435	75.715645	77.68536	76.62969	78.415535	81.132324	84.55385	83.23311	84.217804	81.83079	82.888695	81.16021	77.7768	78.41796	77.57972	80.71725	80.40997	80.480865	83.41842	86.05088	84.42602	83.724144	87.37132	88.47291	86.25779	87.826775	91.32163	90.45447	89.16104	92.328354	94.233284	92.36225	90.653595	87.27594	85.021	81.69189	80.82224	79.48662	75.93408	76.02774	74.01719	73.87376	72.8213	70.14588	70.02714	66.93731	69.017876	67.652336	69.93387	68.96586	70.66656	72.72078	75.115845	77.506096	79.62305	82.78415	85.64823	88.59097	89.222855	92.946785	94.6633	95.185394	98.94547	100.34544	98.0599	97.44253	94.00668	91.92743	88.497826	86.000656	82.79975	79.96702	76.7309	74.32885	71.53715	68.840645	68.315575	65.837944	66.8364	66.112206	68.84081	71.298416	70.93814	70.979416	74.46941
E-81-B	19.22005	15.464152	16.372084	19.050894	17.09484	14.521075	17.658169	19.474913	16.65395	16.807428	20.578247	20.613821	18.52701	20.841892	23.884388	22.889921	22.512045	25.761208	27.49875	26.343695	29.235691	29.55048	30.196585	26.66676	24.645382	20.95414	18.632545	15.224462	13.99356	13.099656	16.487017	18.335487	17.280401	18.214462	21.480867	22.322296	22.081776	24.175991	26.672644	27.271435	27.631208	30.118376	31.910622	32.477615	33.48843	35.909157	37.342766	37.98422	39.718636	41.65904	45.37282	46.601353	46.180317	47.20374	43.681137	42.367393	45.324295	45.241173	46.95615	45.68599	45.67626	42.530735	44.49739	45.64275	43.771717	43.270363	45.704105	48.478924	48.036224	48.4213	51.49137	53.016144	52.391674	53.66014	56.78479	57.489296	57.013996	59.060165	56.122112	54.335987	51.278107	51.956177	49.76202	51.524673	50.47441	51.515957	53.917984	55.549213	54.69378	53.899326	50.70614	50.461277	52.7558	52.674156	55.039772	56.838608	58.327953	60.944393	62.25759	62.156242	63.614586	64.801605	62.810738	60.81334	57.22215	58.340954	61.020676	58.44373	55.36556	55.677944	58.5222	59.042698	59.094986	62.058147	64.19037	63.930378	64.462	67.945015	68.40727	69.33907	65.80331	64.01677	63.506645	62.092182	59.57617	58.767937	57.97399	55.629765	53.658566	53.71686	53.452248	50.075184	47.149776	43.76845	40.329216	37.480133	34.100365	31.155218	30.094307	33.555637	35.346962	38.81127	40.607384	39.39471	41.042706	44.585308	45.7761	45.06304	47.058792	50.75672	53.961906	57.364594	60.500126	62.738037	64.95174	63.939404	66.41114	66.954735	67.25225	70.32112	71.950035	75.17963	75.31256	78.639206	77.31351	76.67698	73.15353	71.828156	68.819244	66.39956	65.06896	61.29571	58.35475	55.034996	52.059975	49.01211	46.414383	45.52228	42.546593	41.054165	40.875355	38.857265	44.97472	45.510468	47.180595	48.52413	47.802658	49.98847	51.655354	55.357616	57.692627	61.44588	63.38732	66.09986	64.796005	65.36789	66.11205	67.23141	65.53897	65.46749	62.68703	62.060387	59.71138	59.979298	56.485603	57.43729	58.249134	61.780495	63.442165	66.99785	69.22428	72.83588	75.69133	79.438614	81.9608	85.5367	88.53303	88.07363	84.459175	83.0947	79.98986	80.953125	77.59794	73.935616	71.515045	68.122635	66.37514	67.82623	66.09445	62.531853	64.0499	66.74629	65.66645	69.08224	69.806145	73.15281	75.16294	74.24614	76.038086	78.65325	82.131256	80.932076	81.97031	79.57389	80.76833	79.09216	75.68942	76.39906	75.71179	78.93974	78.67624	78.59439	81.48328	84.15092	82.46215	81.638336	85.28148	86.3913	84.070564	85.5664	89.08846	88.18124	86.77957	89.929565	91.84588	89.90517	88.1143	84.75304	82.601974	79.33851	78.57969	77.379036	73.86355	73.993904	72.02025	71.77837	70.78825	68.01969	67.8968	64.9136	67.116356	65.741005	67.999985	66.89669	68.59327	70.50747	72.84645	75.126495	77.14463	80.2722	83.05058	85.96803	86.48989	90.19089	91.840034	92.26845	96.03039	97.51971	95.27884	94.74604	91.36012	89.23819	85.85911	83.41379	80.15707	77.41271	74.15277	71.863686	69.112	66.52496	66.11871	63.777298	64.95592	64.25852	66.85839	69.38145	69.19013	69.18399	72.6088
K-82-B	20.153517	16.532557	18.133373	20.419773	17.95589	15.990805	19.43075	20.651726	17.638596	18.47121	22.09146	21.535862	19.63375	22.430496	25.105799	23.694166	23.705389	27.167576	28.448702	27.260643	30.202435	30.809687	31.873587	28.515469	26.57215	22.848906	20.801977	17.263296	15.481222	14.051943	17.586979	19.295866	17.518389	18.253674	21.81789	22.399145	21.547943	23.808691	26.510248	26.69337	26.737415	29.512615	31.310335	31.436783	32.425762	35.144024	36.449	36.757298	38.635017	40.818134	44.563766	45.773838	45.064045	46.185326	42.78054	41.16481	44.013897	43.841583	45.7837	44.611656	44.421093	41.285004	43.370438	44.746803	43.16089	42.82482	45.474365	48.03925	47.44386	48.083454	51.222946	52.49278	51.848316	53.36663	56.43202	56.91594	56.555683	58.80058	56.010353	54.447674	51.53528	52.438717	50.444714	52.382587	51.537052	52.53682	55.118313	56.570354	55.828197	54.869675	51.746284	51.27088	53.35292	53.062893	55.424374	57.013596	58.640297	61.307503	62.400867	62.26152	63.911354	65.206665	63.40564	61.51416	57.98154	59.328815	61.96364	59.342945	56.407814	56.93363	59.678654	60.124424	59.94385	62.937057	65.11778	64.64562	65.083885	68.55548	69.16575	69.95316	66.346245	64.75477	64.26552	62.64661	60.166275	59.57667	58.670986	56.16512	54.38688	54.625046	54.20323	50.71838	47.9711	44.478195	41.15637	38.128307	34.7082	31.86623	30.370378	33.65953	35.553326	39.144203	40.698616	39.20318	40.96413	44.37345	45.836163	45.270813	47.043667	50.791008	53.91752	57.428677	60.56632	62.9715	65.23933	64.34436	66.91105	67.37041	67.798615	70.84409	72.50531	75.78821	76.0423	79.291115	77.81502	77.203415	73.70167	72.19491	69.113365	66.534325	65.11073	61.32977	58.315304	55.12533	51.99744	49.124954	46.660744	46.05579	43.241444	42.060165	42.09378	40.353348	46.371906	46.614693	48.09158	49.15806	48.26755	50.209908	51.68238	55.43203	57.5642	61.327206	63.12756	65.80444	64.378845	65.045	65.63375	66.88554	65.385254	65.46916	62.712894	62.312744	60.02779	60.248215	56.68125	57.647034	58.6868	62.12593	63.577995	67.080025	69.13426	72.70064	75.44893	79.181435	81.671715	85.187096	88.26366	87.72672	84.166565	82.646126	79.521385	80.449646	77.131676	73.49587	71.1241	67.6567	66.07781	67.47771	65.56454	62.089104	63.765038	66.35604	65.06967	68.4044	69.04327	72.449974	74.298874	73.405685	75.36148	77.96994	81.44786	80.305984	81.49943	79.2418	80.47825	78.65691	75.3362	76.2171	75.59353	78.823494	78.74104	78.691315	81.46888	84.25445	82.69215	81.75955	85.35031	86.61971	84.32648	85.68319	89.256546	88.48966	86.999374	90.055916	92.10631	90.25099	88.35142	85.069756	82.96446	79.7372	78.89807	77.77354	74.21789	74.16737	72.04153	71.62697	70.463646	67.60046	67.26681	64.30182	66.61222	65.44016	67.86228	66.87158	68.75247	70.677315	73.13834	75.33483	77.41774	80.442406	83.21062	86.018326	86.46896	90.147415	91.682846	92.1573	95.88963	97.37121	95.23901	94.633514	91.25098	89.00748	85.65026	83.32188	80.110275	77.412964	74.24591	71.949486	69.33778	66.71931	66.48981	64.21887	65.41677	64.93733	67.546455	69.945175	69.86053	70.035774	73.40032
R-83-B	22.736849	19.043562	20.233877	22.285213	19.64245	17.3933	20.512108	21.542234	18.17012	18.627806	22.190088	21.347412	18.937057	21.655949	24.33954	22.52717	22.175198	25.777327	26.866995	25.249681	27.911928	28.331102	29.503391	26.206966	24.645172	20.861338	19.351866	15.612288	14.153551	11.936023	15.14486	17.308842	15.5363	15.597834	19.227833	20.247095	19.20314	21.058538	24.023361	24.47903	24.198038	26.768679	28.876347	29.084448	29.741096	32.453594	34.036568	34.261436	35.889175	38.152946	41.84763	43.281677	42.683575	44.01935	40.656055	39.077744	42.096157	42.216713	44.253365	43.34395	43.422287	40.482594	42.813522	43.989563	42.4013	41.781704	44.52918	47.146667	46.30479	46.7961	50.07314	51.309723	50.408966	51.87684	55.067307	55.443977	54.87532	57.162285	54.313236	52.82695	49.85019	50.63629	48.56546	50.381554	49.43855	50.215363	52.898094	54.42045	53.88974	53.06218	50.077507	49.701935	51.822353	51.676964	54.23064	55.712036	57.173153	59.99412	61.095467	60.73958	62.31787	63.78899	61.97708	60.25488	56.67655	58.07835	60.547283	57.771645	54.903515	55.35497	57.957005	58.19123	57.940346	60.814213	63.15073	62.68996	62.946148	66.33832	66.85489	67.50894	63.899887	62.332146	61.682373	60.00951	57.665424	57.05208	55.976635	53.51931	51.863533	52.00097	51.40063	47.927944	45.17827	41.62305	38.275974	35.308777	31.782715	29.149206	27.545527	30.885231	33.045258	36.58043	38.274986	36.62736	38.167423	41.53866	42.925014	42.56374	44.432648	48.20472	51.42353	54.943604	58.18538	60.661476	63.07105	62.34049	65.02776	65.65134	66.24232	69.39225	71.221016	74.422615	74.552376	77.74148	76.17919	75.4062	71.8496	70.316795	67.14971	64.57336	62.99251	59.228764	56.107853	52.909252	49.74048	46.859444	44.26753	43.62044	40.94634	39.79929	40.101696	38.520073	44.208252	44.32711	45.90871	46.92267	46.20637	48.15241	49.751564	53.478474	55.635586	59.416935	61.08778	63.89387	62.62026	63.465015	64.194176	65.59173	64.13381	64.36848	61.76378	61.34938	59.245037	59.694584	56.188137	57.395103	58.517715	61.97448	63.406784	66.9609	69.03619	72.641235	75.309616	79.06849	81.42396	84.942825	87.96155	87.2808	83.71382	82.22724	79.20586	80.30533	77.072044	73.39604	71.17555	67.75885	66.09209	67.2942	65.31963	61.843727	63.385487	65.84996	64.57542	67.961174	68.78516	72.262665	74.06441	72.98357	74.923134	77.66542	81.06699	79.76704	80.894135	78.654655	79.72603	77.83473	74.54121	75.35347	74.56254	77.69177	77.5838	77.70883	80.52624	83.288185	81.820595	81.01301	84.60025	85.88647	83.72682	85.1496	88.69736	88.00787	86.63898	89.70094	91.76134	90.01678	88.2056	84.91859	82.68365	79.37865	78.38015	77.10568	73.49679	73.36808	71.175705	70.85747	69.606476	66.85049	66.5191	63.42684	65.5957	64.44369	66.904915	66.08549	67.99803	70.09522	72.649216	74.970924	77.19747	80.247215	83.13143	85.95553	86.5534	90.26169	91.88342	92.50773	96.23272	97.57526	95.390175	94.651505	91.19869	89.004036	85.57762	83.18952	80.06251	77.248764	74.12941	71.67815	69.03789	66.27125	65.926796	63.505444	64.496925	64.04214	66.80334	69.092186	68.84443	69.126236	72.54642
R-84-B	20.551813	16.827206	17.52963	19.424438	16.854391	14.294716	17.142826	18.227055	14.812252	14.957918	18.537113	17.853588	15.32767	17.920786	20.71803	19.105839	18.6814	22.202345	23.501635	22.056456	24.865767	25.346018	26.406769	23.078346	21.240782	17.491087	15.730049	12.06506	10.464106	8.661165	12.112729	14.031767	12.592103	13.199461	16.621101	17.532698	17.062592	19.068354	21.689713	22.321339	22.532423	24.988518	26.873291	27.44669	28.358961	30.78152	32.293324	32.912216	34.578293	36.53562	40.24126	41.532295	41.141834	42.260574	38.763866	37.460827	40.511856	40.612335	42.389725	41.318954	41.51963	38.54483	40.74535	41.72714	39.899006	39.180107	41.757427	44.526726	43.83839	44.161205	47.364582	48.800285	47.970245	49.261726	52.467884	53.04113	52.442165	54.569202	51.63204	49.973316	46.92379	47.62408	45.478973	47.271584	46.29715	47.21418	49.7847	51.325752	50.652824	49.829113	46.76324	46.450806	48.664776	48.593826	51.112553	52.74072	54.15978	56.917747	58.149353	57.869373	59.35312	60.71628	58.80417	56.98873	53.38866	54.679054	57.207993	54.49166	51.542515	51.94177	54.62865	54.974297	54.843906	57.76507	60.01079	59.63564	60.019196	63.459755	63.961334	64.76008	61.183483	59.5114	58.961353	57.414806	54.956963	54.26643	53.360954	50.934826	49.1044	49.249104	48.852142	45.407635	42.591705	39.129986	35.765514	32.798416	29.3863	26.512062	25.199684	28.603516	30.5084	34.01701	35.766083	34.404972	36.03444	39.534557	40.806835	40.185326	42.12381	45.85092	49.06352	52.51093	55.69143	58.028084	60.33481	59.46249	62.051804	62.66152	63.132446	66.26839	68.04195	71.23639	71.33851	74.58394	73.1234	72.39127	68.84167	67.414665	64.32063	61.836315	60.381493	56.61175	53.587303	50.305977	47.254414	44.26054	41.65615	40.88044	38.042206	36.751804	36.844227	35.11819	41.00549	41.271732	42.861286	44.022705	43.303043	45.387386	47.056557	50.766327	53.05019	56.82082	58.64571	61.42615	60.186676	60.90511	61.713604	62.97845	61.37385	61.47694	58.83312	58.278908	56.116043	56.5806	53.114586	54.315826	55.30999	58.821507	60.379055	63.97091	66.1603	69.79926	72.5376	76.30905	78.68229	82.245415	85.20623	84.58127	80.97455	79.60101	76.59374	77.72461	74.467384	70.76843	68.522545	65.16567	63.36706	64.59391	62.75214	59.209103	60.63374	63.177395	62.059425	65.509346	66.40284	69.83435	71.7674	70.66573	72.47189	75.21964	78.62171	77.27961	78.290375	75.946846	76.99913	75.21991	71.86198	72.55954	71.74581	74.89107	74.66835	74.74576	77.630684	80.321106	78.76375	78.0105	81.63234	82.81894	80.63351	82.13883	85.65683	84.88055	83.56247	86.68249	88.66183	86.86869	85.12428	81.7893	79.52309	76.1956	75.24492	73.93333	70.349365	70.334564	68.24383	68.03149	66.91065	64.213135	64.043945	60.94852	63.052315	61.74513	64.08759	63.173595	64.96674	67.04785	69.52648	71.89783	74.089005	77.20252	80.09948	82.99397	83.64961	87.37608	89.08346	89.69656	93.44069	94.770355	92.506584	91.80379	88.34318	86.23481	82.78795	80.31641	77.163795	74.312004	71.134766	68.681145	65.95282	63.203476	62.75717	60.302723	61.30371	60.73148	63.475067	65.83909	65.55698	65.73802	69.18169
R-85-B	18.024752	14.4447975	15.815214	17.40634	14.487681	12.601136	15.888572	16.54145	13.229486	14.316723	17.744415	16.787066	14.953976	18.028522	20.423126	18.879122	19.213865	22.703367	23.781225	22.82693	25.972311	26.959661	28.279581	25.130362	22.923319	19.34197	17.283968	13.935026	11.417186	10.250782	14.007559	15.056521	13.004447	14.312384	17.764584	17.870598	17.211023	19.822618	22.193941	22.20862	22.640852	25.500359	26.975243	27.213547	28.52945	31.090425	32.181374	32.750793	34.790665	36.74623	40.519253	41.517647	40.86344	41.774574	38.29302	36.815514	39.633	39.393475	41.165874	39.8844	39.7614	36.615864	38.661903	39.916424	38.23227	37.854786	40.465683	43.06736	42.518276	43.119133	46.23108	47.554646	46.955826	48.433296	51.48241	52.038128	51.706024	53.89984	51.11293	49.51942	46.637287	47.61258	45.702454	47.75473	47.058784	48.19722	50.78675	52.089897	51.27549	50.181004	47.036095	46.442314	48.454006	48.09506	50.42404	52.012695	53.677795	56.318146	57.39805	57.301186	58.97629	60.23851	58.470226	56.571854	53.06438	54.47131	57.119957	54.530094	51.63262	52.27828	55.023125	55.532745	55.29588	58.36354	60.469196	59.92233	60.43512	63.948067	64.66481	65.51033	61.89329	60.34253	60.005947	58.376644	55.78512	55.293736	54.518375	51.916523	50.088108	50.50393	50.21526	46.686172	44.035538	40.591213	37.39068	34.21633	30.959543	27.923784	26.421642	29.583038	31.198935	34.840336	36.23215	34.87947	36.855263	40.300632	41.84533	41.05913	42.715096	46.4282	49.466953	52.96262	56.01357	58.372166	60.550564	59.58051	62.1025	62.48445	62.882015	65.895966	67.53121	70.834984	71.14097	74.3853	72.907074	72.354935	68.88185	67.36019	64.31219	61.725674	60.38317	56.596912	53.65041	50.46929	47.37533	44.51429	42.160988	41.64837	38.783546	37.716026	37.675022	36.032078	42.165546	42.318943	43.61374	44.612972	43.573902	45.47613	46.875595	50.630756	52.75753	56.508347	58.384674	61.00484	59.543472	60.13593	60.724045	61.92338	60.38952	60.447746	57.685986	57.286263	55.00973	55.251526	51.691086	52.70979	53.787125	57.224346	58.665085	62.18554	64.25844	67.84403	70.581795	74.32655	76.78284	80.3115	83.35926	82.80292	79.230415	77.74772	74.65035	75.635704	72.334885	68.67767	66.347664	62.91447	61.266785	62.611298	60.719826	57.22113	58.834682	61.421154	60.18608	63.556473	64.26717	67.67588	69.56934	68.6208	70.51772	73.16023	76.62134	75.4302	76.57245	74.287544	75.49718	73.69852	70.36174	71.21171	70.57893	73.8131	73.72026	73.662865	76.44573	79.22598	77.66572	76.740776	80.33311	81.60255	79.32548	80.69238	84.26127	83.510254	82.04268	85.10162	87.154655	85.33072	83.452995	80.17143	78.03181	74.787865	73.91177	72.771126	69.20697	69.14355	67.01745	66.62265	65.479004	62.640343	62.360264	59.381176	61.662697	60.448006	62.84807	61.85365	63.731346	65.67581	68.155136	70.3751	72.496185	75.52732	78.33236	81.14982	81.659096	85.35237	86.93678	87.47497	91.20835	92.62719	90.460144	89.80942	86.40047	84.18957	80.80374	78.44075	75.25176	72.51235	69.35448	67.01274	64.39217	61.73984	61.498737	59.2168	60.407047	59.96346	62.57978	64.94999	64.88457	65.10056	68.44915
D-86-B	20.95955	17.569698	19.24765	20.511932	17.289724	15.839151	19.075462	19.213871	15.753002	17.12729	20.285915	18.736485	16.869545	20.178444	22.2125	20.116316	20.581615	24.250664	24.803701	23.584572	26.556395	27.667135	29.370617	26.42483	24.547947	20.97422	19.472134	16.018806	13.459271	11.441712	14.907238	16.076578	13.393008	14.012721	17.7183	17.815125	16.36223	18.880825	21.60159	21.322487	21.198702	24.241583	25.897182	25.695572	26.78823	29.66318	30.776085	30.932104	32.978886	35.237625	39.00633	40.1157	39.224228	40.361652	37.03378	35.25734	38.053326	37.883713	39.950867	38.921585	38.75434	35.733692	38.03275	39.418354	38.03461	37.675137	40.54192	42.95053	42.11765	42.89187	46.134808	47.1836	46.427795	48.121574	51.17164	51.450165	51.119057	53.525642	50.856934	49.52445	46.755566	47.87218	46.11059	48.241917	47.67257	48.64017	51.43175	52.617527	52.024128	50.865505	47.87243	47.133015	48.964542	48.49349	50.91152	52.241352	53.9407	56.701633	57.57821	57.33031	59.141075	60.593777	58.99737	57.28991	53.823414	55.45518	57.96721	55.2649	52.539864	53.325375	55.897114	56.22345	55.745163	58.76226	60.99212	60.266193	60.59194	64.04121	64.83407	65.472565	61.798393	60.43909	60.02682	58.187687	55.715996	55.40628	54.432537	51.7231	50.1474	50.659225	50.124443	46.520184	44.037384	40.472214	37.378323	34.103672	30.769571	27.989641	26.023855	29.015627	30.88057	34.585056	35.818096	34.10133	36.04805	39.324314	41.082306	40.564884	42.05733	45.820225	48.828876	52.42427	55.53046	58.08117	60.385513	59.61809	62.28734	62.68164	63.284813	66.326	68.07474	71.37642	71.72391	74.8611	73.20509	72.58926	69.11241	67.41523	64.25963	61.532227	60.017406	56.24171	53.17189	50.11804	46.863163	44.17583	41.88524	41.619083	39.000645	38.238052	38.53798	37.230442	43.04887	42.881992	44.0631	44.778683	43.689186	45.356724	46.63683	50.41244	52.352867	56.114452	57.779118	60.432156	58.938873	59.718933	60.230625	61.633827	60.309826	60.594242	57.941196	57.747177	55.63004	55.94265	52.358036	53.5051	54.827755	58.17598	59.4092	62.89406	64.81075	68.36366	70.95651	74.692764	77.05001	80.51786	83.608734	82.91054	79.390816	77.779335	74.718185	75.75147	72.53232	68.888054	66.68198	63.209324	61.68513	62.881775	60.790154	57.384693	59.07951	61.495224	60.068542	63.3785	64.09644	67.59228	69.30231	68.28574	70.33157	73.02948	76.44829	75.235954	76.49248	74.35199	75.51708	73.54782	70.3083	71.28445	70.62735	73.806175	73.869225	73.93131	76.62651	79.49951	78.10562	77.14519	80.68162	82.103584	79.92138	81.191315	84.78895	84.204285	82.717514	85.68902	87.86558	86.17439	84.24355	81.03727	78.881325	75.639244	74.61486	73.47172	69.85252	69.58437	67.28797	66.78062	65.43003	62.560722	62.077568	59.056572	61.365616	60.36051	62.931282	62.133167	64.19427	66.22995	68.86113	71.060616	73.3053	76.24817	79.093506	81.81317	82.32512	86.00548	87.52254	88.170944	91.86832	93.214645	91.12611	90.34764	86.91366	84.61619	81.22329	78.944664	75.84354	73.09782	70.05559	67.63829	65.13973	62.393467	62.258514	59.972744	61.072224	60.838974	63.53219	65.729195	65.67645	66.10645	69.421265
K-87-B	22.620216	19.17186	20.219843	21.321188	18.148972	16.268618	19.00146	19.082449	15.377034	16.146122	19.196999	17.511026	15.069711	18.166342	20.256565	17.860584	17.880068	21.63595	22.104027	20.50279	23.250921	24.188532	25.941101	23.053612	21.447058	17.869555	16.839891	13.32701	11.065545	8.353218	11.495056	12.993489	10.410259	10.482072	14.240404	14.785982	13.390555	15.552894	18.435314	18.586636	18.363773	21.130596	23.040995	23.15904	24.018332	26.737072	28.142998	28.439547	30.22806	32.412582	36.148296	37.435116	36.791103	38.04574	34.67322	33.09835	36.112263	36.25377	38.271545	37.426094	37.616726	34.7834	37.250454	38.31072	36.77629	36.059452	38.918736	41.477848	40.48699	40.999557	44.340614	45.48146	44.50125	46.0323	49.225994	49.515774	48.94529	51.29856	48.50784	47.14317	44.253555	45.185658	43.28515	45.264812	44.55775	45.370056	48.195515	49.483673	49.02297	48.016445	45.113968	44.531307	46.472416	46.206547	48.801907	50.120167	51.618893	54.498398	55.47195	55.049335	56.722427	58.28613	56.607033	55.008247	51.477898	53.08225	55.4658	52.64226	49.92642	50.587147	53.070267	53.247143	52.78281	55.701767	58.04167	57.393147	57.607536	61.00522	61.679157	62.269318	58.611576	57.201862	56.669716	54.855682	52.461403	52.06525	51.008293	48.375767	46.819214	47.212296	46.605152	43.029053	40.488365	36.902496	33.754623	30.543398	27.13961	24.443342	22.5069	25.618662	27.652086	31.29489	32.73061	31.006659	32.761265	36.08905	37.693787	37.250484	38.90521	42.681084	45.800613	49.368343	52.559505	55.10262	57.499905	56.816658	59.552326	60.11464	60.80672	63.94879	65.83171	69.04513	69.242775	72.35976	70.68592	69.926895	66.39367	64.74157	61.54063	58.875233	57.26995	53.503788	50.373512	47.25039	44.017773	41.24122	38.79013	38.38923	35.81557	34.99044	35.449745	34.21075	39.79811	39.602795	40.916878	41.67862	40.78285	42.550274	44.018906	47.76502	49.817734	53.597687	55.222534	58.00212	56.69042	57.57969	58.287308	59.757282	58.382206	58.73356	56.20673	55.904423	53.927277	54.47383	50.978287	52.35002	53.65857	57.057846	58.358078	61.91306	63.923542	67.53086	70.09421	73.859886	76.10349	79.60089	82.59993	81.8043	78.25424	76.74693	73.79268	75.002914	71.84849	68.156136	66.07383	62.68916	61.002613	62.031925	59.96946	56.52468	58.01601	60.360046	59.04435	62.44041	63.375183	66.90541	68.65035	67.44615	69.39381	72.21876	75.56459	74.17824	75.29894	73.11067	74.10524	72.13983	68.88665	69.72224	68.88583	71.975235	71.937325	72.14103	74.92014	77.722275	76.36013	75.55773	79.11333	80.48372	78.41163	79.799866	83.35216	82.78054	81.44232	84.45723	86.5867	84.96377	83.160545	79.917816	77.62285	74.29479	73.155266	71.8439	68.19206	67.92651	65.63377	65.29021	63.938126	61.21161	60.832375	57.685287	59.812756	58.72961	61.262592	60.571476	62.583015	64.77344	67.44006	69.790215	72.14202	75.14994	78.10752	80.88796	81.5698	85.28625	86.93462	87.70549	91.40657	92.62299	90.43755	89.56547	86.065414	83.86933	80.40302	78.017136	74.977806	72.10285	69.06752	66.507996	63.92469	61.05293	60.737972	58.28462	59.187107	58.89388	61.722893	63.866325	63.626602	64.087265	67.47399
M-88-B	19.648342	16.356123	17.231657	17.955162	14.70443	12.954672	15.5425825	15.363483	11.643949	12.667287	15.596761	13.849789	11.685144	15.00727	16.966778	14.811645	15.265227	18.922924	19.506212	18.424099	21.55874	22.84896	24.584524	21.765186	19.646729	16.245579	14.761143	11.624429	8.5887375	6.927248	10.457382	10.980298	8.327544	9.746541	13.170699	13.003342	12.246343	15.00141	17.261616	17.22603	17.76282	20.618063	22.001558	22.340923	23.73489	26.189362	27.259892	27.965961	30.00296	31.843372	35.61569	36.580826	36.011196	36.90763	33.398716	32.02519	34.930416	34.840748	36.57155	35.412876	35.534584	32.543606	34.77017	35.791504	34.068577	33.451706	36.147022	38.786217	38.05543	38.549896	41.760605	43.061893	42.300705	43.748753	46.8726	47.371826	46.925713	49.14388	46.337505	44.812393	41.930264	42.92249	41.063873	43.160454	42.562614	43.65172	46.355133	47.546597	46.845707	45.699753	42.65312	41.987766	43.92849	43.581642	46.03039	47.499367	49.09739	51.841194	52.877743	52.647972	54.326004	55.71058	53.994476	52.23535	48.72533	50.26522	52.79274	50.10568	47.316864	48.048893	50.668415	51.063477	50.68434	53.735573	55.89984	55.259808	55.687435	59.178516	59.944508	60.71934	57.077724	55.61228	55.295666	53.582325	50.996864	50.6128	49.809372	47.128014	45.377907	45.91115	45.58393	42.00494	39.474216	36.01123	32.932995	29.63339	26.456861	23.411552	21.728584	24.760862	26.325129	30.006674	31.304396	29.915398	31.95831	35.389545	37.006386	36.19047	37.769993	41.484898	44.50283	48.015354	51.07025	53.47189	55.687977	54.793118	57.383934	57.806282	58.320755	61.382305	63.125084	66.39624	66.67531	69.86012	68.29169	67.676155	64.18918	62.604053	59.507313	56.8865	55.481003	51.69681	48.71427	45.552643	42.425827	39.595005	37.26766	36.862175	34.084213	33.20997	33.34699	31.974958	37.931087	37.854862	39.025692	39.872936	38.797413	40.62403	42.021088	45.778877	47.887066	51.64793	53.47257	56.136055	54.73388	55.41234	56.07866	57.365192	55.86627	56.042316	53.394005	53.022995	50.90278	51.32924	47.812332	49.062805	50.272476	53.698486	55.07651	58.63657	60.70856	64.32594	66.97466	70.74216	73.064445	76.5937	79.58711	78.89844	75.321625	73.86966	70.86912	72.01981	68.804886	65.1095	62.937485	59.564	57.82505	58.964386	57.017014	53.518234	55.0022	57.46911	56.2522	59.67425	60.568005	64.03683	65.9032	64.77527	66.63731	69.40311	72.791885	71.45491	72.5317	70.26149	71.334564	69.47961	66.16365	66.9657	66.21253	69.377075	69.287056	69.35672	72.15463	74.93277	73.4642	72.61902	76.20059	77.5082	75.3468	76.74663	80.300156	79.64132	78.26658	81.31424	83.397156	81.693565	79.88128	76.611885	74.35952	71.05392	70.01806	68.767296	65.15179	64.98951	62.788746	62.453068	61.231754	58.478424	58.209766	55.126854	57.29573	56.094162	58.532776	57.68284	59.612217	61.70252	64.28484	66.601036	68.867935	71.90266	74.81776	77.63418	78.285355	82.004295	83.66991	84.37337	88.092964	89.359764	87.14677	86.35327	82.876114	80.70899	77.25681	74.84373	71.745705	68.89741	65.80137	63.30918	60.68649	57.8926	57.585632	55.195015	56.226162	55.86905	58.605267	60.847237	60.694904	61.054802	64.41928
N-89-B	19.452888	16.489075	18.06046	18.382729	14.786953	13.967946	16.818903	16.034056	12.549643	14.531335	17.071178	14.865791	13.511261	17.170198	18.526648	16.261158	17.455313	21.01946	21.143923	20.402987	23.64175	25.356268	27.410479	24.847528	22.658499	19.467985	18.013279	15.146163	11.8073435	10.44248	13.720912	13.684476	10.456992	11.955779	15.292117	14.398547	13.014231	16.179787	18.317339	17.49116	17.913044	21.205263	22.265587	22.007158	23.658436	26.391333	27.054365	27.47153	29.855824	31.847551	35.6514	36.3986	35.451042	36.268105	32.876045	31.170704	33.820374	33.429016	35.315697	34.08718	33.855453	30.758753	32.969986	34.34265	32.93587	32.6764	35.53325	37.892895	37.148212	38.008335	41.188187	42.230442	41.611607	43.348732	46.313587	46.648426	46.457623	48.84369	46.24902	44.926292	42.272457	43.582695	42.022034	44.37194	44.07928	45.2654	48.06296	48.99162	48.27971	46.875996	43.85282	42.871094	44.527367	43.86088	46.166306	47.46108	49.2986	51.98445	52.775036	52.638676	54.555088	55.9384	54.443626	52.70957	49.318687	51.06486	53.622593	51.0061	48.360214	49.369785	51.944252	52.391743	51.806686	54.945435	57.039833	56.16647	56.613354	60.122837	61.10783	61.818333	58.127224	56.865192	56.69216	54.81333	52.18634	52.06167	51.273144	48.40594	46.793728	47.5958	47.238396	43.57699	41.28364	37.805813	34.943222	31.470755	28.427904	25.4424	23.403244	26.073208	27.488018	31.265648	32.145794	30.585106	32.89983	36.158722	38.110786	37.30119	38.534187	42.236336	45.066498	48.65554	51.610718	54.119953	56.27816	55.401653	57.99669	58.220684	58.7693	61.725582	63.39463	66.75496	67.234955	70.35944	68.69249	68.20655	64.79422	63.043144	59.942585	57.16752	55.779694	51.999283	49.035404	46.044537	42.81245	40.210457	38.15862	38.11391	35.46447	34.940388	35.125957	33.9944	39.94421	39.625984	40.482944	41.042965	39.667583	41.196407	42.275745	46.066906	47.925316	51.66013	53.41651	55.94313	54.32321	54.980526	55.400043	56.728508	55.406536	55.6556	52.958046	52.836784	50.696285	50.946922	47.338	48.4752	49.88325	53.1858	54.346817	57.815212	59.69572	63.24232	65.81586	69.55126	71.90096	75.36561	78.4602	77.76548	74.249016	72.63117	69.56552	70.60233	67.388435	63.741	61.552536	58.08754	56.5578	57.733784	55.637466	52.232224	53.938393	56.35588	54.928833	58.24131	58.96309	62.454235	64.18823	63.171642	65.196205	67.889565	71.31187	70.106964	71.364685	69.22376	70.42059	68.46286	65.21897	66.226364	65.630066	68.84462	68.95194	68.95716	71.61386	74.51689	73.12936	72.11019	75.6329	77.08966	74.892975	76.11645	79.72721	79.17279	77.65267	80.5987	82.80725	81.14059	79.18155	76.0011	73.86066	70.63762	69.600395	68.50793	64.8902	64.5825	62.267735	61.70544	60.35915	57.459858	56.980915	53.990078	56.34003	55.335976	57.91209	57.087654	59.184685	61.188877	63.84227	66.00375	68.26246	71.17373	74.01964	76.71426	77.22943	80.90866	82.42559	83.11181	86.802345	88.1171	86.03327	85.22693	81.787605	79.48342	76.08681	73.818565	70.73206	67.98888	64.97142	62.550457	60.093475	57.34944	57.288082	55.062492	56.22155	56.08666	58.735195	60.893093	60.94506	61.438255	64.69169
S-90-B	23.224848	20.255505	21.686216	21.962183	18.368917	17.423721	20.020555	19.102083	15.506044	17.127811	19.4767	16.94369	15.190564	18.715918	19.886179	17.060122	17.97464	21.664698	21.32915	20.084047	22.94915	24.596966	26.950453	24.591	22.8944	19.73645	18.986	16.022013	13.069442	10.777331	13.433007	13.755886	10.216139	10.566596	14.050603	13.477151	11.248622	14.034064	16.642618	15.795834	15.4938	18.812391	20.252283	19.722898	20.96115	23.944006	24.8423	24.900665	27.118664	29.393938	33.175415	34.17021	33.14601	34.28896	31.024597	29.138975	31.9241	31.8243	33.988655	33.14856	33.11391	30.282446	32.848236	34.129433	32.92122	32.439426	35.516216	37.785534	36.668133	37.512787	40.871075	41.714367	40.79465	42.62247	45.679802	45.75924	45.405663	47.952946	45.38834	44.286438	41.657154	42.9568	41.429108	43.724995	43.432667	44.347755	47.33196	48.243946	47.819828	46.48402	43.663692	42.681065	44.25765	43.64159	46.13954	47.19606	48.91996	51.786434	52.463886	52.07342	54.01077	55.63482	54.232582	52.73901	49.347164	51.251686	53.600494	50.8114	48.32052	49.34542	51.708878	51.893093	51.119118	54.13342	56.412426	55.44741	55.648373	59.058064	60.01629	60.50721	56.782627	55.6517	55.31572	53.273083	50.819866	50.786476	49.755257	46.859215	45.493164	46.27891	45.643047	41.946636	39.761364	36.168816	33.367523	29.877693	26.724169	24.072975	21.629908	24.197857	25.980999	29.754417	30.630888	28.703815	30.840233	33.961834	36.006798	35.520767	36.716675	40.472084	43.353695	47.01377	50.08198	52.761444	55.101032	54.469368	57.238445	57.593586	58.38178	61.42673	63.281517	66.57364	66.9829	69.9993	68.17135	67.52964	64.077705	62.2084	58.98369	56.129784	54.520462	50.7609	47.640953	44.723076	41.35932	38.861942	36.75393	36.835564	34.45439	34.148838	34.742737	33.932133	39.41896	38.8211	39.685856	40.03214	38.762604	40.145943	41.248455	45.02982	46.79139	50.54441	52.071716	54.71657	53.19412	54.101543	54.582005	56.141937	54.978817	55.473824	52.96191	52.94747	51.041946	51.504086	47.94598	49.328857	50.922073	54.172115	55.2008	58.671787	60.473736	64.01637	66.44335	70.18134	72.373436	75.798004	78.86909	77.99396	74.50955	72.8464	69.88273	71.06615	67.96789	64.310974	62.30854	58.871834	57.355656	58.29975	56.052277	52.71553	54.36128	56.577168	55.052227	58.355827	59.215233	62.796856	64.38447	63.194775	65.28955	68.104805	71.43968	70.111305	71.38442	69.34389	70.39264	68.28931	65.12812	66.15528	65.42236	68.52511	68.702255	68.904	71.53581	74.46874	73.24524	72.29953	75.78184	77.33225	75.2882	76.503555	80.1046	79.69686	78.25607	81.15225	83.43028	81.91621	79.99536	76.859116	74.6236	71.354515	70.12535	68.92532	65.24798	64.77045	62.316555	61.76318	60.235783	57.406334	56.81085	53.707054	55.96034	55.097748	57.796295	57.215446	59.433163	61.6095	64.40605	66.64072	69.062645	71.93568	74.87753	77.523735	78.141716	81.82536	83.36136	84.207886	87.86532	89.04353	86.97059	86.004944	82.510605	80.197975	76.75735	74.49947	71.52947	68.70851	65.79811	63.23289	60.830746	57.937263	57.8492	55.5178	56.467888	56.466766	59.261192	61.237347	61.174416	61.86029	65.127945
F-91-B	23.077505	20.167332	20.986341	20.99329	17.541464	16.329668	18.340141	17.278522	13.617114	14.771227	16.828445	14.158959	12.07534	15.443569	16.51239	13.501007	14.271226	17.966043	17.578484	16.275078	19.184649	20.911924	23.306879	21.068954	19.329489	16.351587	15.8388605	13.212435	10.251917	8.101999	10.295949	10.146685	6.482978	7.165741	10.458945	9.750793	7.9383054	10.925625	13.28243	12.773037	12.978591	16.086855	17.435623	17.466702	18.85755	21.472359	22.467224	23.004038	25.11561	27.061636	30.849642	31.816149	31.120493	32.134575	28.704937	27.189781	30.143478	30.208868	32.10804	31.224998	31.51392	28.756107	31.305466	32.223755	30.709818	29.925234	32.873688	35.37027	34.28699	34.840218	38.21109	39.27852	38.28738	39.882183	43.04693	43.298767	42.784	45.17783	42.461823	41.196373	38.42946	39.572155	37.91069	40.127995	39.752056	40.701435	43.63274	44.602943	44.13982	42.872803	40.03047	39.163704	40.872044	40.41931	42.999287	44.16845	45.756737	48.649437	49.484806	49.058243	50.852695	52.457264	50.928986	49.418457	45.964962	47.78202	50.11324	47.295277	44.744217	45.676876	48.06014	48.250175	47.56687	50.577366	52.849976	51.985256	52.227276	55.657505	56.545998	57.12505	53.425034	52.185356	51.866634	49.92887	47.41792	47.2847	46.3421	43.49729	42.001087	42.745014	42.230293	38.556698	36.29501	32.755676	29.924408	26.432522	23.346142	20.519983	18.268822	20.938034	22.581455	26.345985	27.36133	25.662659	27.805904	31.08279	32.96604	32.291904	33.629112	37.3725	40.31885	43.91934	46.99321	49.56515	51.879032	51.17745	53.913696	54.348057	55.0926	58.18894	60.077366	63.324474	63.633854	66.689285	64.92712	64.23976	60.755352	58.988087	55.788067	53.03212	51.470722	47.698364	44.61282	41.57752	38.305546	35.653843	33.442783	33.362156	30.864027	30.441286	30.972221	30.12534	35.64595	35.11793	36.0399	36.513115	35.32575	36.87668	38.142323	41.91388	43.848408	47.61776	49.255764	51.957043	50.558044	51.423744	52.079113	53.570312	52.255848	52.68249	50.201023	50.01609	48.13619	48.740875	45.254066	46.76188	48.252182	51.578247	52.743114	56.287495	58.233414	61.836426	64.307076	68.07432	70.223816	73.7027	76.682236	75.80089	72.264984	70.7461	67.84681	69.14879	66.06213	62.35838	60.39826	57.053944	55.342773	56.218834	54.09303	50.675095	52.11692	54.362633	53.02437	56.43213	57.465454	61.030075	62.745308	61.43919	63.374187	66.263084	69.562996	68.10802	69.216286	67.06348	68.00783	65.99444	62.768585	63.629116	62.78003	65.853615	65.88484	66.124855	68.86017	71.70301	70.42299	69.6029	73.12816	74.574196	72.56485	73.90973	77.46772	76.99726	75.67269	78.64084	80.8321	79.313126	77.50949	74.3132	71.97806	68.642006	67.38784	66.06724	62.385376	61.99823	59.622276	59.241432	57.815903	55.10613	54.699886	51.518692	53.62336	52.588104	55.176014	54.5758	56.676495	58.92843	61.68969	64.04757	66.501564	69.46285	72.47639	75.21272	75.96458	79.683624	81.35565	82.25449	85.930626	87.03465	84.84887	83.86457	80.32815	78.13511	74.638	72.25562	69.29425	66.37236	63.415863	60.76977	58.248608	55.295544	55.029675	52.57574	53.428192	53.305264	56.16663	58.175426	57.985535	58.613575	61.943832
I-92-B	20.835302	18.332008	19.381111	18.844618	15.224947	14.752933	16.713272	15.047582	11.667064	13.646557	15.259359	12.255184	11.15065	14.843049	15.354711	12.612545	14.347346	17.759949	17.233015	16.740973	20.019835	22.245564	24.693872	22.644325	20.442535	17.780886	16.819456	14.690379	11.175399	10.233938	12.570596	11.392903	7.7817903	9.756536	12.349047	10.503424	9.141089	12.74689	14.246858	12.978048	13.912555	17.275225	17.833984	17.656412	19.72094	22.216515	22.58995	23.309856	25.856115	27.563158	31.362759	31.882393	31.005562	31.618954	28.156712	26.613817	29.261557	28.877989	30.600061	29.344734	29.302511	26.288961	28.585123	29.726032	28.23589	27.815859	30.713528	33.10359	32.28024	33.073322	36.29141	37.345776	36.675365	38.38404	41.37132	41.72082	41.501564	43.872364	41.28228	39.99004	37.382298	38.783012	37.350822	39.82363	39.727768	40.99014	43.839844	44.572655	43.87247	42.327778	39.363976	38.228825	39.75857	39.02179	41.35742	42.56824	44.410305	47.127907	47.869675	47.69571	49.64432	51.069225	49.641293	47.984844	44.62777	46.50024	48.99332	46.359035	43.82279	44.982567	47.47111	47.904274	47.19026	50.368084	52.42732	51.439663	51.895885	55.41621	56.51166	57.22311	53.52066	52.347507	52.305027	50.37511	47.677456	47.6989	46.99858	44.022835	42.434002	43.44611	43.169853	39.47598	37.36586	33.962963	31.33544	27.730064	24.970942	21.927835	19.789833	22.104939	23.173903	26.973045	27.587515	26.1255	28.67714	31.903719	33.97509	32.97551	34.024357	37.676105	40.397305	43.976444	46.8524	49.34948	51.453083	50.563175	53.157845	53.336586	53.92696	56.87769	58.581123	61.93847	62.44746	65.53178	63.8147	63.342888	59.95059	58.150776	55.05209	52.2487	50.890274	47.11129	44.185593	41.229904	38.0064	35.459152	33.551064	33.680973	31.08199	30.811773	31.044992	30.19751	36.033047	35.499718	36.105675	36.494522	34.958637	36.376205	37.36476	41.159046	42.983875	46.71158	48.49406	50.993893	49.368916	50.01659	50.468754	51.808277	50.487328	50.786324	48.147243	48.05504	46.011982	46.375515	42.79914	44.103374	45.621216	48.900093	50.006126	53.500122	55.38507	58.956097	61.46927	65.22147	67.47436	70.945946	73.99124	73.21409	69.688324	68.11192	65.117584	66.28116	63.128067	59.449047	57.379368	53.97595	52.352974	53.373	51.25938	47.84323	49.43486	51.77809	50.393375	53.757305	54.629498	58.153	59.901367	58.74916	60.714073	63.49643	66.86725	65.55132	66.73996	64.589676	65.696495	63.722946	60.479816	61.44384	60.779976	63.961784	64.06809	64.133865	66.79867	69.69887	68.36305	67.38833	70.90418	72.38278	70.25863	71.503006	75.101524	74.607605	73.15091	76.08951	78.3149	76.73363	74.8241	71.65455	69.43528	66.173355	65.026276	63.868385	60.22039	59.845848	57.487774	56.965458	55.587128	52.748497	52.309258	49.25146	51.523766	50.50203	53.088875	52.34347	54.471962	56.566315	59.288483	61.512352	63.87339	66.78526	69.71068	72.4072	73.03534	76.73373	78.32404	79.13777	82.81745	84.01083	81.88183	80.97231	77.4827	75.22495	71.77712	69.46177	66.44258	63.61639	60.64415	58.113964	55.657574	52.81619	52.718895	50.434975	51.503235	51.45316	54.163868	56.223785	56.249958	56.854763	60.09502
D-93-B	23.315165	20.950281	22.441164	21.854603	18.116947	18.032051	20.192678	18.351732	15.154168	17.378683	18.854683	15.682521	14.818291	18.464277	18.663347	15.709419	17.543554	20.898968	19.898907	19.27647	22.278158	24.612904	27.35301	25.514872	23.608574	21.000156	20.357447	18.109894	14.75676	13.296691	15.43193	14.524915	10.739432	11.786469	14.408523	12.556946	10.178071	13.55438	15.295869	13.404298	13.583628	17.267618	17.845419	16.871853	18.814604	21.741297	21.92918	22.068125	24.789202	26.855017	30.639992	31.163391	29.880991	30.677164	27.442844	25.439775	27.932503	27.472708	29.56806	28.543526	28.28668	25.371096	27.904749	29.335245	28.312157	28.08311	31.255577	33.305	32.212135	33.32802	36.620537	37.2942	36.543976	38.568623	41.465115	41.484943	41.378853	44.002018	41.62642	40.665195	38.278435	39.912384	38.73763	41.337883	41.45164	42.584972	45.606464	46.150864	45.638973	43.97037	41.175293	39.821293	41.072876	40.123074	42.453026	43.356262	45.308964	48.085045	48.546787	48.280598	50.429573	52.00735	50.82078	49.34607	46.09867	48.214104	50.58565	47.907276	45.588318	46.94475	49.255093	49.551506	48.57063	51.711845	53.83689	52.622623	52.923534	56.3756	57.60744	58.116627	54.36665	53.436024	53.37763	51.221294	48.630985	48.89799	48.035538	44.92449	43.61828	44.791573	44.293423	40.539616	38.67427	35.19941	32.76611	29.081604	26.344015	23.633427	21.017647	22.976267	24.210478	28.020477	28.317469	26.454586	29.04896	32.006767	34.387474	33.651836	34.40449	38.062954	40.661438	44.336494	47.20584	49.900326	52.08053	51.37916	54.08616	54.198795	54.97272	57.88827	59.647503	63.020584	63.63782	66.597595	64.70374	64.23029	60.87836	58.875797	55.698723	52.72758	51.231625	47.48448	44.473385	41.721928	38.33542	36.064957	34.342777	34.827507	32.5351	32.64907	33.184628	32.69093	38.173958	37.310886	37.714287	37.75224	36.083767	37.157585	37.899982	41.69187	43.23237	46.9358	48.490604	50.952442	49.214928	50.018963	50.29622	51.828777	50.773556	51.297638	48.74821	48.93648	47.035233	47.38	43.776684	45.1244	46.910732	50.037346	50.874203	54.275593	55.938606	59.43348	61.784935	65.50147	67.678604	71.06186	74.17772	73.285095	69.8384	68.08857	65.10448	66.253296	63.1778	59.54474	57.57804	54.11653	52.699448	53.608227	51.269535	47.994297	49.745407	51.9081	50.271275	53.51924	54.31694	57.91198	59.439846	58.282757	60.441254	63.229862	66.57112	65.298996	66.65907	64.6918	65.81124	63.65647	60.53747	61.69224	61.076797	64.22104	64.53929	64.67748	67.20117	70.21959	69.05755	67.98539	71.41889	73.07773	71.022156	72.11059	75.74448	75.42738	73.8992	76.71632	79.08504	77.62718	75.62022	72.55816	70.382576	67.17072	65.91128	64.82264	61.14724	60.547234	58.011555	57.300865	55.69904	52.783283	52.076664	49.035545	51.401608	50.65416	53.43406	52.870728	55.21144	57.33248	60.19293	62.323296	64.76735	67.544075	70.45948	73.0171	73.58537	77.244774	78.71242	79.60077	83.23042	84.38692	82.38072	81.3692	77.88588	75.50593	72.08714	69.910095	66.97655	64.203064	61.37066	58.824127	56.551178	53.673203	53.767124	51.565292	52.604076	52.814938	55.532574	57.406727	57.52455	58.348557	61.49922
E-94-B	26.28178	23.791845	24.874306	24.31255	20.699675	20.205484	21.996778	20.205496	16.887161	18.490993	19.794088	16.507895	15.108652	18.410736	18.498415	15.091361	16.475464	19.84356	18.46157	17.323498	19.909994	22.166353	25.140285	23.563362	22.112967	19.678343	19.721777	17.598505	14.706784	12.755824	14.055495	13.274186	9.537806	9.584981	11.906264	10.311267	7.214475	10.20416	12.233	10.464181	10.063839	13.722409	14.67004	13.738758	15.327411	18.330404	18.867884	18.93316	21.408567	23.584238	27.374256	28.167711	27.038776	28.11822	24.889656	22.948042	25.740995	25.73924	27.946169	27.311913	27.506407	24.940413	27.79722	28.860119	27.809668	27.13197	30.403639	32.529858	31.100113	31.974144	35.443443	36.090584	34.98457	36.92	39.987675	39.8828	39.487938	42.155903	39.69362	38.82492	36.354786	37.84378	36.58757	39.053646	39.080833	39.961903	43.111336	43.70717	43.4448	41.91736	39.30251	38.060574	39.34835	38.58601	41.157528	41.925858	43.657127	46.620613	47.10209	46.564217	48.615677	50.4048	49.201363	47.93566	44.64178	46.816074	48.979504	46.121853	43.895332	45.170033	47.300648	47.349922	46.274414	49.281498	51.583023	50.37452	50.464794	53.830986	54.966835	55.32794	51.566597	50.671047	50.448006	48.216557	45.765736	46.029625	44.983147	41.89661	40.738564	41.838596	41.144917	37.38189	35.556267	32.008297	29.609642	25.934895	23.139933	20.692326	17.805435	19.691324	21.228178	25.013336	25.417173	23.314833	25.7155	28.64359	31.002502	30.48335	31.31391	35.026722	37.739857	41.44664	44.44586	47.23174	49.580067	49.069424	51.920216	52.228683	53.194378	56.23303	58.189102	61.458687	61.925224	64.81608	62.828487	62.167446	58.750896	56.720833	53.44229	50.47393	48.790504	45.05391	41.90591	39.13451	35.680553	33.39619	31.526987	32.00701	29.905214	30.131384	31.013727	30.774569	35.814396	34.758583	35.236782	35.173565	33.693356	34.75544	35.654984	39.426964	41.00617	44.741398	46.14762	48.77675	47.233837	48.256905	48.727196	50.432114	49.414883	50.11667	47.76627	47.91822	46.25101	46.88976	43.397068	45.04208	46.89297	50.025593	50.855217	54.303616	56.00303	59.52976	61.785225	65.5175	67.52748	70.90998	73.93644	72.88538	69.43401	67.75032	64.905136	66.26112	63.297703	59.63169	57.85562	54.49203	52.953053	53.615517	51.240013	47.976505	49.522064	51.523407	49.937912	53.24406	54.28399	57.937485	59.422047	58.033344	60.138714	63.08122	66.31578	64.847435	66.102196	64.145805	65.05604	62.838078	59.750942	60.798992	59.972816	62.989056	63.259655	63.60566	66.18317	69.15691	68.0981	67.18773	70.61443	72.27383	70.378265	71.55623	75.1453	74.9052	73.53278	76.35837	78.717575	77.383064	75.4972	72.43058	70.105896	66.810196	65.37365	64.102196	60.377792	59.70069	57.10482	56.533264	54.845592	52.08678	51.412148	48.215607	50.37772	49.635853	52.441273	52.0852	54.4392	56.7639	59.713943	61.995422	64.59411	67.40052	70.44234	73.022385	73.769554	77.452225	79.02903	80.080215	83.69164	84.68621	82.61198	81.45965	77.90582	75.60695	72.11696	69.86296	67.03676	64.13106	61.35872	58.63852	56.3271	53.285446	53.219517	50.836067	51.612682	51.84037	54.731785	56.473644	56.38739	57.327503	60.53753
L-95-B	24.904007	22.665237	23.347374	22.378906	18.929884	18.546354	19.789202	17.671692	14.594768	16.097008	16.85396	13.367772	12.262452	15.428186	15.063128	11.647535	13.464626	16.600082	15.0694685	14.399813	17.269665	19.887266	22.867016	21.489063	19.731363	17.677341	17.660368	16.146866	13.136583	12.02746	12.971071	11.229141	7.728186	8.832668	10.308953	7.7344337	5.57131	9.227084	10.223419	8.271152	9.25689	12.741442	12.994447	12.687109	14.935086	17.355373	17.602009	18.395134	20.991854	22.611464	26.407097	26.893631	26.040825	26.70862	23.250444	21.739422	24.525322	24.405512	26.181206	25.226217	25.5589	22.879112	25.533703	26.346338	24.940327	24.15664	27.257565	29.599121	28.394892	29.092352	32.487972	33.401333	32.43355	34.176727	37.264114	37.432796	37.04864	39.52719	36.955715	35.85985	33.309364	34.77601	33.485	36.017845	36.096813	37.21519	40.244274	40.79182	40.32339	38.7146	35.97265	34.709614	36.062805	35.313206	37.82687	38.776543	40.52287	43.40645	44.024593	43.618416	45.6032	47.247097	45.943863	44.54242	41.22105	43.314014	45.58215	42.805515	40.48993	41.78254	44.027576	44.246567	43.280647	46.393963	48.559845	47.40931	47.688675	51.14384	52.31147	52.864338	49.127403	48.12559	48.076366	45.983704	43.35143	43.56797	42.76765	39.67509	38.291397	39.47818	39.070076	35.32605	33.470825	30.064304	27.722391	23.999823	21.470148	18.681435	16.143618	17.946512	18.939674	22.750357	23.089035	21.424934	24.087618	27.182335	29.4427	28.50333	29.347345	32.99981	35.666332	39.29567	42.19098	44.80548	46.999264	46.280724	49.005993	49.24903	50.05503	53.067593	54.939365	58.236748	58.71183	61.681683	59.80761	59.229946	55.82441	53.89951	50.709503	47.82499	46.324596	42.558018	39.54321	36.666935	33.344936	30.922176	29.101246	29.49688	27.1658	27.314762	27.918	27.596062	32.907757	31.966599	32.34657	32.409653	30.812557	32.01345	32.943485	36.73635	38.464283	42.20522	43.84172	46.41479	44.864937	45.695255	46.23252	47.75553	46.550457	47.07785	44.63923	44.646004	42.8768	43.505596	40.01963	41.65327	43.38828	46.590332	47.55186	51.05495	52.883713	56.460327	58.810127	62.567955	64.61985	68.06286	71.04109	70.06798	66.561455	64.99571	62.143425	63.519764	60.509586	56.807644	54.981327	51.668545	49.978134	50.688778	48.462284	45.10033	46.532158	48.652756	47.243664	50.638813	51.74515	55.34978	57.00297	55.608555	57.563396	60.505615	63.76139	62.260475	63.393513	61.3074	62.223915	60.13691	56.957127	57.889763	57.0624	60.128975	60.278816	60.54276	63.197895	66.11004	64.935974	64.05939	67.53694	69.09438	67.14557	68.40515	71.9786	71.63731	70.2974	73.19193	75.47257	74.07172	72.23885	69.11449	66.76404	63.44243	62.0673	60.773422	57.064507	56.513405	54.023502	53.55125	52.017338	49.29476	48.811638	45.612427	47.732056	46.795853	49.47531	48.983112	51.218136	53.51525	56.391144	58.71974	61.27816	64.15841	67.21263	69.873085	70.669685	74.37876	76.0431	77.07108	80.71091	81.706924	79.54937	78.4464	74.882774	72.666435	69.151436	66.80553	63.933556	60.987396	58.137783	55.41724	53.00529	49.979614	49.82362	47.412964	48.236805	48.354015	51.221092	53.058197	52.969975	53.807602	57.041836
A-96-B	24.372208	22.53253	23.641905	22.309036	18.740038	19.106071	20.483578	17.925594	15.25019	17.486673	17.953224	14.319466	14.155213	17.490442	16.687464	13.658871	16.15688	18.981422	17.306673	17.273773	20.241705	23.140106	26.15105	24.896326	22.91184	20.98619	20.627823	19.2103	15.8815775	15.152311	16.496958	14.552753	11.115537	12.593646	14.014142	11.106882	9.16557	12.67024	13.211114	10.499069	11.555159	15.187875	14.77505	13.75813	16.457264	18.963728	18.505716	19.071283	22.127157	23.728989	27.464794	27.534883	26.259201	26.637365	23.32869	21.501703	23.83062	23.1647	24.990679	23.76758	23.571796	20.638563	23.171192	24.443981	23.36757	23.132776	26.334469	28.343012	27.266092	28.426212	31.687166	32.35615	31.688892	33.735313	36.572617	36.647957	36.63928	39.232437	36.921715	35.988823	33.735252	35.565655	34.632812	37.438763	37.860737	39.18231	42.190968	42.447945	41.855938	39.951336	37.194084	35.585938	36.618393	35.47958	37.72573	38.5504	40.60668	43.332554	43.704884	43.50576	45.743633	47.283623	46.207092	44.75678	41.600307	43.8517	46.210125	43.603767	41.416145	43.00012	45.251514	45.629967	44.519634	47.748695	49.74179	48.376175	48.7744	52.26134	53.674526	54.242474	50.497093	49.676807	49.85605	47.672356	44.949375	45.413773	44.744293	41.50044	40.18527	41.65754	41.342888	37.588512	35.980206	32.684685	30.601686	26.827309	24.5747	21.830507	19.266853	20.616735	21.20731	24.953457	24.779434	23.146421	26.122572	28.977074	31.523985	30.46754	30.897915	34.430653	36.804363	40.43824	43.131954	45.76842	47.798317	47.005424	49.64296	49.607765	50.35527	53.19884	54.911945	58.317543	59.037876	61.967102	60.052235	59.679714	56.390812	54.338043	51.213764	48.20629	46.830273	43.092236	40.19867	37.528145	34.189785	32.040405	30.61748	31.369776	29.128782	29.568401	30.030033	29.83448	35.21856	34.156326	34.177246	34.00363	32.04087	32.924946	33.44387	37.230003	38.68282	42.351543	43.993687	46.340496	44.50759	45.206913	45.435555	46.911987	45.852478	46.371777	43.82199	44.07713	42.215607	42.57573	38.98467	40.41497	42.316288	45.384407	46.140503	49.53753	51.18019	54.680992	56.99021	60.713444	62.8368	66.22455	69.31269	68.38678	64.9339	63.21026	60.26039	61.478905	58.437305	54.7858	52.893982	49.478874	48.002193	48.811493	46.468117	43.186325	44.876076	47.00133	45.394646	48.677002	49.5636	53.169243	54.731415	53.500774	55.603493	58.436317	61.754227	60.426453	61.742805	59.761566	60.855785	58.709023	55.58138	56.728077	56.119236	59.273132	59.61336	59.738953	62.244503	65.27585	64.13704	63.051617	66.47407	68.15813	66.127556	67.20128	70.83382	70.5588	69.04495	71.84508	74.234215	72.8303	70.836685	67.7959	65.59169	62.375652	61.05736	59.969196	56.28569	55.631176	53.067608	52.344795	50.736366	47.83355	47.159565	44.101486	46.454346	45.69089	48.475437	47.931423	50.307644	52.45039	55.354286	57.490627	59.990837	62.747753	65.70121	68.24678	68.87759	72.54426	74.05481	75.02736	78.64613	79.72228	77.69057	76.61572	73.105484	70.75331	67.30655	65.106834	62.217113	59.402885	56.610023	54.007515	51.762844	48.840866	48.964203	46.77922	47.810627	48.132687	50.840954	52.63515	52.81191	53.72955	56.822914
S-97-B	27.946486	26.019901	27.248243	26.039957	22.42942	22.696556	24.170471	21.692728	18.927385	20.987148	21.51155	17.858723	17.391712	20.574715	19.72888	16.418846	18.571493	21.39609	19.326635	18.858105	21.33515	24.168139	27.444237	26.427614	24.899616	23.021673	23.143358	21.583242	18.531414	17.201761	18.198385	16.64234	13.152402	13.628365	14.966008	12.421855	9.594269	12.409854	13.243615	10.189961	10.119447	13.879528	13.657841	11.803654	14.17196	17.111729	16.643417	16.544027	19.647535	21.656324	25.359148	25.590364	24.001617	24.739243	21.67894	19.410381	21.765726	21.319662	23.611675	22.895962	22.783997	20.22241	23.181498	24.483162	23.856451	23.514677	26.983139	28.70446	27.17026	28.465883	31.876833	32.17347	31.208237	33.478195	36.32382	36.01561	35.928997	38.77029	36.609562	36.033916	33.93532	35.856434	35.08921	37.8892	38.41282	39.461956	42.66724	42.814644	42.53098	40.63372	38.138298	36.445625	37.27111	36.083305	38.457832	38.933434	40.93334	43.809586	43.95474	43.508434	45.847355	47.640423	46.758003	45.590996	42.511623	44.97583	47.09946	44.360603	42.411335	44.082153	46.07532	46.19036	44.81614	47.915855	50.065914	48.52753	48.66345	52.027576	53.48648	53.79224	50.01149	49.415676	49.4739	47.063885	44.53099	45.19063	44.272118	40.948776	39.968334	41.51087	40.89162	37.104908	35.726276	32.350502	30.454895	26.673101	24.42485	22.144278	19.114738	20.096035	21.002527	24.677252	24.29947	22.173775	25.034138	27.594797	30.386814	29.707195	29.920795	33.46972	35.7934	39.51633	42.276283	45.133118	47.328415	46.81913	49.631573	49.66371	50.680264	53.5603	55.433758	58.778328	59.492542	62.270267	60.1573	59.66842	56.38151	54.148003	50.903057	47.762825	46.153435	42.46284	39.41832	36.928654	33.420357	31.524118	30.181604	31.223598	29.376104	30.173338	31.074219	31.274767	36.091843	34.67808	34.598587	34.08375	32.15023	32.72665	33.125595	36.873283	38.090065	41.74199	43.08077	45.49203	43.684383	44.66008	44.85049	46.602875	45.80619	46.628597	44.28976	44.759724	43.168793	43.686512	40.16416	41.79372	43.935028	46.864517	47.392174	50.721222	52.1914	55.631306	57.739655	61.429333	63.385616	66.688705	69.77834	68.66383	65.2838	63.4535	60.60126	61.92385	59.022884	55.404537	53.71838	50.32455	48.962017	49.529217	46.979263	43.84548	45.5432	47.404507	45.61275	48.812855	49.77353	53.463955	54.800148	53.431847	55.66938	58.59045	61.81152	60.409824	61.81099	60.000122	60.97846	58.64144	55.64976	56.89496	56.202957	59.2388	59.73114	60.042923	62.454266	65.551994	64.62323	63.55481	66.89546	68.726776	66.851875	67.84544	71.47289	71.38946	69.9103	72.60814	75.105	73.87586	71.87625	68.92864	66.68109	63.467255	61.958435	60.82363	57.101112	56.21546	53.474636	52.676197	50.827267	47.962013	47.07147	43.945164	46.248623	45.736088	48.69415	48.434814	50.98874	53.265686	56.325382	58.4645	61.113415	63.76719	66.77565	69.21216	69.89274	73.53103	74.99709	76.12001	79.67945	80.63288	78.66929	77.432686	73.89524	71.49169	68.0373	65.91594	63.167713	60.33111	57.699158	54.993446	52.88825	49.854477	50.041027	47.826878	48.6722	49.214108	52.0185	53.577015	53.705067	54.863144	57.90922
L-98-B	29.21464	27.28064	28.012272	26.684052	23.281668	23.265717	24.226658	21.717337	19.027435	20.549114	20.691961	17.0057	16.330864	19.045227	17.890678	14.384183	16.332514	18.886902	16.427288	15.846194	18.028809	20.989447	24.415043	23.766605	22.459755	21.00033	21.589436	20.486057	17.80193	16.62692	16.851095	14.963372	11.946913	12.191427	12.622881	9.857572	7.2743917	9.68486	9.834855	6.500684	6.881286	10.487638	9.946968	8.499607	11.187605	13.75916	13.375612	13.824823	16.812231	18.499744	22.25207	22.52353	21.310698	22.022585	18.742256	16.876774	19.589546	19.547781	21.604164	21.032318	21.50479	19.21728	22.299105	23.031134	22.087282	21.211428	24.639704	26.60885	24.925276	25.837313	29.370178	29.857658	28.6483	30.680584	33.719067	33.508907	33.142685	35.884884	33.542553	32.873756	30.621874	32.38451	31.505688	34.22483	34.695827	35.679306	38.912212	39.08521	38.8805	37.064598	34.640522	33.047207	33.964973	32.971584	35.533783	36.030754	37.829937	40.824364	41.103718	40.502743	42.694233	44.573074	43.586697	42.502663	39.353115	41.797276	43.8127	40.967693	39.027466	40.62178	42.540688	42.554054	41.184086	44.238445	46.45699	44.97895	45.06035	48.4169	49.799286	50.11443	46.33598	45.680893	45.704285	43.330303	40.79157	41.401363	40.487217	37.183765	36.170914	37.698715	37.102962	33.318825	31.949642	28.60858	26.792786	23.001072	20.919304	18.695566	15.677989	16.432	17.205181	20.870687	20.519672	18.458025	21.356901	24.022709	26.73501	25.952059	26.2505	29.827469	32.2449	35.95571	38.77818	41.59917	43.846977	43.358162	46.215534	46.389317	47.459408	50.44011	52.430717	55.702103	56.276844	59.06013	56.953854	56.350357	53.00363	50.830425	47.552277	44.478218	42.82503	39.109474	36.021484	33.41667	29.92704	27.898798	26.441008	27.422697	25.594463	26.45032	27.47565	27.850534	32.42872	30.927273	30.851547	30.33539	28.495249	29.16827	29.751348	33.510914	34.891415	38.5928	39.97226	42.513638	40.888786	41.926296	42.358257	44.130707	43.215767	44.062466	41.83483	42.14871	40.687153	41.46142	38.048508	39.92452	42.012924	45.003643	45.640114	49.050537	50.659294	54.16312	56.268345	59.988617	61.83872	65.188545	68.162125	66.97785	63.55018	61.873207	59.13494	60.64627	57.802876	54.132366	52.56399	49.29761	47.712788	48.114002	45.65921	42.460136	43.883854	45.70049	44.099598	47.418865	48.63953	52.33464	53.76723	52.199375	54.269142	57.31848	60.46353	58.868767	60.080338	58.17422	58.97386	56.68723	53.648895	54.703903	53.819458	56.780724	57.129166	57.56304	60.088776	63.09528	62.161697	61.26649	64.64395	66.389145	64.609245	65.7502	69.32477	69.2206	67.90312	70.66615	73.086586	71.90361	70.05191	67.05189	64.65849	61.352577	59.74601	58.431488	54.679886	53.833797	51.128098	50.537907	48.738106	46.044525	45.338394	42.069546	44.150887	43.485134	46.36417	46.180912	48.64595	51.080086	54.152523	56.461548	59.20444	61.945183	65.06674	67.58878	68.45588	72.13227	73.75741	74.98747	78.55364	79.38089	77.29496	75.98777	72.387146	70.11972	66.58916	64.32944	61.633316	58.65574	56.010296	53.161335	50.938805	47.78077	47.748383	45.349503	45.996193	46.45466	49.394577	50.918335	50.85556	52.02618	55.149117
V-99-B	27.645332	26.137691	26.798952	25.011854	21.75703	22.217503	22.84197	19.918749	17.73901	19.542824	19.114964	15.330762	15.485473	18.105938	16.3702	13.279745	15.949568	18.052158	15.510229	15.830046	18.337015	21.66525	24.972734	24.460344	22.724037	21.580235	21.80714	21.150202	18.22943	17.82639	18.199762	15.667102	12.937327	14.144628	14.230276	10.798852	9.393111	12.143967	11.339751	7.860473	9.648294	12.769405	11.230644	10.1679535	13.534857	15.433463	14.31163	15.351272	18.608002	19.688986	23.313549	22.998066	21.802883	21.852367	18.472757	16.891777	19.184422	18.560553	20.144787	18.958775	19.154377	16.488663	19.25451	20.074179	18.952848	18.391249	21.727568	23.712246	22.395485	23.471556	26.829304	27.44722	26.633121	28.677746	31.558496	31.593124	31.520447	34.13315	31.85168	31.032362	28.893063	30.875261	30.18639	33.140274	33.859253	35.220764	38.28487	38.254383	37.737247	35.66107	33.07427	31.244923	32.03306	30.78423	33.08859	33.718487	35.761143	38.553616	38.821747	38.52181	40.81341	42.452312	41.499065	40.213882	37.137157	39.582207	41.790226	39.153732	37.180943	38.965794	41.031322	41.341652	40.02343	43.25981	45.218857	43.683872	44.051197	47.518837	49.072952	49.603584	45.857147	45.189144	45.520515	43.256283	40.486355	41.172535	40.593365	37.226395	36.01105	37.76292	37.51928	33.781883	32.501465	29.393005	27.751528	23.961493	22.275442	19.762348	17.213428	17.71966	17.688675	21.255033	20.54951	19.048141	22.328985	24.983397	27.699234	26.43318	26.511349	29.914268	32.085873	35.694077	38.26926	40.90971	42.88254	42.116833	44.773933	44.69369	45.53997	48.37987	50.165615	53.545616	54.290577	57.141342	55.13866	54.760498	51.500298	49.364975	46.229214	43.170734	41.80151	38.07836	35.223984	32.645866	29.309492	27.315434	26.172464	27.252743	25.227253	26.123672	26.720995	27.023138	31.95131	30.554697	30.18636	29.69235	27.505358	28.13394	28.471693	32.243988	33.60291	37.25737	38.892265	41.215332	39.38513	40.116188	40.39825	41.935406	40.91171	41.551105	39.128674	39.45273	37.789886	38.347473	34.845936	36.54963	38.621395	41.610115	42.25818	45.663265	47.288258	50.800804	52.99558	56.726234	58.69069	62.07315	65.084206	64.02719	60.572533	58.90332	56.07238	57.47914	54.547245	50.868244	49.17669	45.87422	44.282413	44.830624	42.45052	39.187958	40.692474	42.663227	41.104572	44.44549	45.563866	49.2123	50.76518	49.323887	51.348694	54.31414	57.540207	56.04565	57.266956	55.29095	56.237087	54.04911	50.93973	52.027496	51.30321	54.390564	54.73947	54.979275	57.48946	60.516273	59.47194	58.461308	61.863125	63.58404	61.67583	62.776466	66.38268	66.20462	64.790955	67.56973	69.98085	68.70865	66.79321	63.780727	61.467503	58.205166	56.71869	55.52891	51.808334	51.037735	48.3977	47.73329	46.05089	43.251957	42.613678	39.443157	41.66327	40.90478	43.724815	43.340122	45.7753	48.063694	51.07185	53.295315	55.94475	58.68696	61.746696	64.28127	65.071236	68.75043	70.354576	71.50335	75.09252	75.99698	73.912636	72.69201	69.119804	66.83602	63.32726	61.072422	58.29803	55.37383	52.66968	49.911255	47.688236	44.624947	44.694355	42.424923	43.28636	43.752205	46.55235	48.171383	48.293343	49.38941	52.45089
P-100-B	30.00132	28.814959	29.649496	27.595749	24.391308	25.261341	25.822254	22.649078	20.821062	22.847025	22.117737	18.345469	18.938354	21.421818	19.31442	16.49122	19.320066	21.048922	18.222729	18.831182	21.039747	24.51376	27.925411	27.73319	26.082544	25.181826	25.46987	24.94468	22.010126	21.648678	21.991983	19.419186	16.764307	17.839468	17.759323	14.352764	12.888076	15.209276	14.109055	10.381344	11.7643385	14.555203	12.409209	10.566371	14.105015	15.841252	13.886009	14.614347	18.223034	19.164581	22.557545	21.762474	20.110727	19.848793	16.770235	14.846839	16.571854	15.447552	17.144497	15.904	15.748285	13.107777	16.088358	17.184675	16.6357	16.46882	20.024931	21.495804	20.003311	21.562595	24.849855	25.038078	24.335217	26.748484	29.386993	29.158066	29.384344	32.19109	30.24323	29.772905	28.04326	30.407116	30.191645	33.370556	34.4952	35.910652	39.00638	38.607735	38.13728	35.791946	33.39169	31.196321	31.525158	29.891726	32.000397	32.291782	34.56218	37.274605	37.192444	36.94136	39.49873	41.17128	40.542862	39.399605	36.55594	39.260803	41.376595	38.848087	37.17372	39.27735	41.162777	41.477432	39.883762	43.137238	44.982895	43.1578	43.512524	46.927563	48.740173	49.17173	45.432663	45.05429	45.578136	43.1515	40.38636	41.414368	40.88885	37.368523	36.379494	38.45461	38.203907	34.50546	33.623497	30.686499	29.465658	25.722183	24.43124	22.23276	19.616867	19.464405	19.070185	22.346241	21.000216	19.453094	22.927595	25.13112	28.158775	26.88877	26.417095	29.605028	31.394348	34.98111	37.33433	40.051334	41.907677	41.200825	43.83551	43.52729	44.457447	47.148384	48.878178	52.30001	53.2534	55.97184	53.837364	53.58754	50.452686	48.12324	45.012516	41.79905	40.462505	36.81805	34.056904	31.795948	28.432093	26.875355	26.236813	27.809206	26.126	27.499086	28.17548	28.854794	33.39646	31.702778	30.896872	29.984137	27.46827	27.592966	27.437283	31.126616	32.092167	35.63617	37.145588	39.26735	37.20295	37.931538	37.939865	39.56235	38.791542	39.58895	37.21637	37.873096	36.329258	36.787437	33.28632	34.98652	37.351635	40.11417	40.445057	43.717186	45.09923	48.51663	50.547245	54.231556	56.126617	59.423824	62.49452	61.35592	57.97721	56.15649	53.329823	54.715717	51.858566	48.230053	46.64731	43.317997	41.915516	42.344315	39.76821	36.654324	38.310963	40.10903	38.32201	41.548965	42.598022	46.29552	47.676548	46.237846	48.410908	51.36785	54.571377	53.13093	54.503017	52.686638	53.68103	51.3555	48.355602	49.641785	49.031033	52.11506	52.68769	52.923546	55.26578	58.41051	57.514015	56.364487	59.673405	61.56686	59.699963	60.622173	64.259026	64.245476	62.741154	65.38945	67.93524	66.77841	64.76118	61.870564	59.626778	56.445194	54.87368	53.80461	50.09008	49.099476	46.30607	45.41877	43.55104	40.655735	39.77601	36.66408	39.016323	38.51795	41.505146	41.25323	43.895367	46.150276	49.2722	51.35892	54.066036	56.65141	59.681572	62.069454	62.800385	66.432846	67.92718	69.153336	72.687386	73.54491	71.57135	70.25888	66.700966	64.31413	60.839687	58.719364	56.034557	53.176804	50.62564	47.87532	45.86804	42.80866	43.123535	41.019054	41.914806	42.694275	45.41238	46.827328	47.13378	48.44961	51.346146
T-101-B	27.503592	26.70775	27.634636	25.279673	22.202967	23.559696	24.026268	20.61156	19.251347	21.65732	20.675844	17.00295	18.306547	20.853893	18.58072	16.308	19.609024	21.15251	18.66532	19.890251	22.511854	26.078072	29.246578	28.880642	26.788422	25.881779	25.655802	25.261312	22.064539	22.226688	22.9714	20.141289	17.555912	19.334948	19.436617	15.795651	14.864757	17.67683	16.493399	12.999644	14.93041	17.76648	15.549113	14.162665	17.78125	19.323624	17.280195	18.279535	21.881783	22.566383	25.864841	24.783247	23.194565	22.490417	19.445515	17.798552	19.080065	17.383894	18.5784	16.613504	15.83723	12.565912	14.843706	16.375479	15.661745	16.173203	19.444267	20.89049	20.035666	21.819878	24.770075	25.129915	24.995123	27.376656	29.7651	29.841555	30.428392	33.037823	31.168783	30.481024	28.843428	31.328773	31.192314	34.499676	35.717903	37.472763	40.353554	39.893044	39.076237	36.56636	33.94083	31.626026	31.927305	30.083826	31.841877	32.37411	34.902786	37.33019	37.283134	37.421688	40.040188	41.388176	40.74383	39.309147	36.533585	39.128307	41.508972	39.23885	37.44355	39.63889	41.749554	42.40049	40.97131	44.383057	45.96731	44.17719	44.839493	48.35544	50.262775	50.928288	47.243484	46.777866	47.529385	45.26586	42.313877	43.29862	43.058372	39.56234	38.332684	40.470707	40.522484	36.88126	35.92343	33.122997	31.849346	28.131163	26.909838	24.377531	22.125135	22.188158	21.458458	24.701141	23.350805	22.267977	25.859167	28.157297	31.05855	29.464542	28.99468	32.049538	33.693306	37.15077	39.29691	41.802048	43.390686	42.388268	44.783226	44.22952	44.864826	47.387184	48.84809	52.38522	53.508575	56.323948	54.35095	54.34521	51.304283	49.068382	46.133915	42.98768	41.95707	38.33175	35.82272	33.564037	30.405273	28.816004	28.338108	29.806557	27.84881	29.020967	29.222311	29.600815	34.635612	33.211975	32.319443	31.598343	28.888988	29.102856	28.796114	32.447483	33.42993	36.887386	38.656776	40.539124	38.275124	38.643196	38.456123	39.76851	38.865658	39.36261	36.717743	37.35638	35.49107	35.584732	31.94685	33.286137	35.555054	38.33668	38.718353	41.96794	43.36425	46.778183	48.962654	52.649734	54.75158	58.08186	61.231426	60.300808	56.90027	55.06011	52.07224	53.239925	50.229923	46.61065	44.785236	41.35337	40.013103	40.748604	38.2766	35.088696	36.94615	38.997105	37.232613	40.439274	41.239323	44.85476	46.374214	45.195957	47.355618	50.141	53.47823	52.24137	53.67293	51.783	53.016937	50.828342	47.751595	49.10487	48.738144	51.983227	52.55331	52.51567	54.82663	57.988754	56.928688	55.613117	58.94879	60.796993	58.73209	59.588947	63.268486	63.129894	61.46839	64.13724	66.662865	65.34734	63.218964	60.307518	58.212914	55.11111	53.75867	52.88702	49.237003	48.386696	45.71311	44.70857	43.01722	39.956875	39.13553	36.21939	38.791008	38.191742	41.077923	40.51641	43.088676	45.092342	48.083183	50.018238	52.54155	55.1264	58.029324	60.4295	60.99173	64.61824	66.038666	67.08972	70.66239	71.68825	69.74619	68.59926	65.106	62.664978	59.249325	57.16851	54.342216	51.606403	48.952026	46.390087	44.38468	41.51595	41.986362	40.089523	41.313477	42.034973	44.5345	46.13146	46.675266	47.821007	50.64929
C-102-B	25.065807	24.00794	25.252312	23.212297	19.862032	21.15419	22.140675	18.947432	17.194635	19.89116	19.516575	15.84884	16.893627	19.936422	18.27237	15.856976	19.05935	21.163275	19.14581	20.021502	22.959997	26.288906	29.346706	28.498932	26.286495	24.863653	24.334911	23.454256	20.024395	19.964163	21.228569	18.737623	15.729371	17.605762	18.418886	14.995552	13.677366	16.934875	16.514809	13.223186	14.804285	18.129835	16.635773	15.22747	18.541655	20.623281	19.147076	19.831371	23.336828	24.491785	27.993942	27.32866	25.720276	25.431465	22.330183	20.456322	22.031523	20.55919	22.082329	20.319452	19.475616	16.197311	18.394293	20.12628	19.383785	19.875858	23.066078	24.637812	23.841177	25.531761	28.508574	28.941406	28.753845	31.081331	33.541817	33.61699	34.11463	36.7305	34.76195	33.981144	32.157337	34.45086	34.038372	37.199158	38.13249	39.79103	42.69489	42.500866	41.69345	39.367783	36.623512	34.539402	35.103992	33.448273	35.282215	35.96224	38.409573	40.86839	40.9448	41.063732	43.592823	44.93596	44.155018	42.636784	39.74503	42.189114	44.645077	42.318455	40.340218	42.333614	44.56686	45.19813	43.916183	47.301296	48.987698	47.34716	47.96927	51.496647	53.254036	53.912	50.20172	49.604816	50.17691	47.946102	45.052086	45.846848	45.47235	42.055916	40.767975	42.666348	42.60478	38.903404	37.671295	34.65889	33.02571	29.250378	27.56876	24.866045	22.483255	23.129595	22.927702	26.428293	25.528305	24.217073	27.614704	30.1389	32.94772	31.554117	31.412228	34.66092	36.558975	40.093266	42.418114	44.96924	46.682163	45.71412	48.157627	47.72133	48.33673	50.92169	52.393612	55.92344	56.968185	59.841545	57.91496	57.846478	54.743843	52.57045	49.597027	46.487877	45.375736	41.71164	39.08957	36.700455	33.471817	31.689339	30.879644	32.07951	29.953655	30.79684	30.99962	31.047089	36.405087	35.18437	34.640453	34.161026	31.685503	32.151512	32.099308	35.8052	36.921185	40.437935	42.17477	44.163452	41.974194	42.40269	42.25867	43.58247	42.64688	43.09611	40.40804	40.94879	38.983852	39.018116	35.34282	36.54367	38.655926	41.52489	42.02226	45.282707	46.717636	50.12899	52.388412	56.06902	58.259357	61.5922	64.77667	63.91668	60.51758	58.65757	55.61261	56.67611	53.606365	50.0076	48.062542	44.570644	43.290775	44.18485	41.75044	38.55271	40.4906	42.62786	40.8542	44.024113	44.697216	48.28142	49.79572	48.73399	50.937206	53.64858	57.028233	55.877262	57.35234	55.45789	56.750862	54.584583	51.500847	52.860058	52.517456	55.777943	56.314434	56.246784	58.579292	61.72583	60.610004	59.28748	62.641975	64.45052	62.327545	63.195915	66.88148	66.675186	64.97797	67.67133	70.16825	68.77056	66.615036	63.674725	61.629143	58.54013	57.2844	56.437412	52.803455	52.041275	49.422913	48.427467	46.78204	43.69397	42.86479	39.993282	42.596706	41.981476	44.835854	44.200634	46.712025	48.658234	51.57867	53.491756	55.92705	58.53896	61.38489	63.80474	64.28097	67.90054	69.271576	70.209755	73.80105	74.932846	73.01664	71.96144	68.505455	66.034065	62.65547	60.598103	57.7027	55.024635	52.306854	49.83111	47.784172	44.988754	45.435986	43.53881	44.818592	45.400063	47.88784	49.607876	50.120117	51.13841	54.027447
N-103-B	27.939703	26.620869	28.067923	26.325504	22.813847	23.863514	25.1584	22.184242	20.063675	22.639133	22.611206	18.89878	19.401882	22.534735	21.092606	18.264297	21.089115	23.44265	21.2025	21.528866	24.139107	27.341831	30.616295	29.824297	27.983688	26.407423	26.221647	25.011103	21.70103	20.993889	22.16321	20.102898	16.804361	17.940224	18.952078	15.868128	13.713191	16.609282	16.640263	13.143275	13.763775	17.24125	16.054197	13.896371	16.854965	19.393711	17.973673	17.95214	21.500423	23.117226	26.60952	26.156101	24.19762	24.324022	21.473572	19.073551	20.674738	19.3966	21.511559	20.315647	19.504827	16.616684	19.323591	21.152002	20.924713	21.288445	24.760183	26.047333	24.757204	26.58754	29.73677	29.780176	29.26803	31.8352	34.32009	33.984238	34.39441	37.27992	35.447433	35.016167	33.306465	35.647728	35.330513	38.448456	39.405643	40.77186	43.8758	43.64566	43.14666	40.878338	38.363605	36.259285	36.68535	35.028748	37.01932	37.371212	39.74217	42.366608	42.235878	42.09422	44.710598	46.314278	45.698788	44.4511	41.605904	44.22763	46.462513	43.98321	42.19623	44.21951	46.22695	46.588062	45.08036	48.331184	50.201687	48.424583	48.77371	52.18266	53.95073	54.345882	50.592922	50.187603	50.59689	48.150433	45.45649	46.39755	45.746777	42.271248	41.295364	43.202282	42.81854	39.07202	37.99035	34.849422	33.29755	29.502342	27.702854	25.363443	22.540035	23.016294	23.2272	26.723999	25.737097	23.912159	27.158648	29.444973	32.46646	31.476257	31.194582	34.49912	36.39876	40.040092	42.469025	45.253742	47.161297	46.486732	49.120407	48.77955	49.665752	52.30475	53.94504	57.411404	58.430576	61.164585	59.046013	58.844593	55.72803	53.3837	50.276787	47.037067	45.669346	42.041862	39.24106	37.006405	33.588516	32.018032	31.214638	32.632526	30.84119	31.937517	32.565956	32.89863	37.80744	36.3035	35.75754	35.007072	32.616684	32.835835	32.71691	36.400795	37.302208	40.81802	42.23799	44.312782	42.154655	42.882275	42.69855	44.31698	43.652996	44.410645	41.933136	42.67715	40.97411	41.164616	37.558334	38.941685	41.26375	44.00554	44.29034	47.477776	48.73666	52.079094	54.14098	57.782272	59.8177	63.0601	66.25678	65.216286	61.895153	59.91373	56.95603	58.101376	55.167175	51.611202	49.858055	46.376186	45.238235	45.909443	43.25962	40.22326	42.190376	44.063057	42.082607	45.1532	45.870605	49.53984	50.806053	49.628536	51.993336	54.779324	58.068584	56.864204	58.445576	56.73242	57.92111	55.55658	52.614754	54.084324	53.66337	56.807064	57.497543	57.615253	59.85341	63.067974	62.157375	60.848938	64.122345	66.07612	64.10043	64.886375	68.56848	68.54545	66.874695	69.465935	72.068474	70.8324	68.663704	65.8152	63.737938	60.655796	59.22544	58.336163	54.665848	53.683044	50.89079	49.814636	47.922745	44.8627	43.793392	40.859386	43.426823	43.078987	46.11393	45.762234	48.44761	50.52108	53.587376	55.497272	58.06576	60.574364	63.461796	65.76996	66.274925	69.8605	71.16941	72.23548	75.766846	76.79791	74.9624	73.76183	70.288635	67.75415	64.37903	62.412987	59.65099	56.966167	54.40492	51.843052	49.93465	47.04015	47.54613	45.61646	46.712772	47.486073	50.072727	51.578526	52.030155	53.2639	56.120926
A-104-B	29.74207	28.828978	30.379133	28.328125	24.957882	26.432165	27.568493	24.346474	22.656958	25.406927	25.02004	21.344543	22.318361	25.299105	23.484346	20.932821	23.99677	26.006882	23.579262	24.270617	26.773504	30.154575	33.47511	32.920753	31.032919	29.694172	29.478027	28.480402	25.134298	24.648317	25.774872	23.517168	20.365698	21.607145	22.373854	19.12528	17.182512	19.900448	19.534973	15.860135	16.57889	19.774403	18.083288	15.653154	18.74407	21.009495	18.98309	18.844072	22.579405	23.960594	27.191689	26.274	23.993937	23.735035	21.223482	18.684835	19.599741	17.719042	19.76449	18.366396	16.971594	14.022575	16.595581	18.86873	19.191177	20.101648	23.571896	24.355982	23.12317	25.403816	28.330849	28.028372	27.789515	30.632292	32.79388	32.30552	33.083675	36.05187	34.553062	34.363598	33.034634	35.691814	35.77349	39.08549	40.3859	41.8829	44.94676	44.40287	43.85072	41.33117	38.920063	36.506542	36.553066	34.54359	36.256462	36.381435	38.993145	41.448814	41.024155	41.034443	43.877	45.409195	45.072205	43.8747	41.263367	44.055298	46.270584	43.963017	42.399143	44.69692	46.607887	47.06057	45.377132	48.671997	50.369923	48.36757	48.789116	52.167805	54.173782	54.550484	50.83201	50.644714	51.27737	48.750793	46.01643	47.22196	46.69906	43.116234	42.256756	44.43746	44.13777	40.44667	39.66156	36.70041	35.465664	31.707323	30.242521	28.027193	25.26066	25.298967	25.125637	28.398249	26.94306	25.236963	28.647003	30.608534	33.81539	32.723217	32.01946	35.09363	36.631516	40.19331	42.364445	45.137123	46.861336	46.158382	48.69267	48.09128	48.963387	51.412598	52.9208	56.43944	57.683628	60.318428	58.137913	58.117798	55.148914	52.673443	49.65303	46.317284	45.07152	41.541637	38.910892	36.957386	33.60436	32.38715	32.024837	33.78377	32.183826	33.587856	34.153915	34.70529	39.436024	37.770767	36.86071	35.838135	33.155247	33.002197	32.44971	36.01589	36.582626	39.946415	41.317066	43.13092	40.72444	41.342205	40.851463	42.446632	41.984097	42.79328	40.30475	41.335384	39.662685	39.658478	36.050705	37.308605	39.84493	42.3634	42.368053	45.39934	46.422127	49.651287	51.591473	55.17126	57.195885	60.352974	63.621456	62.569767	59.32767	57.200027	54.207756	55.256996	52.360027	48.875088	47.159733	43.636032	42.718468	43.36799	40.574745	37.69061	39.856846	41.62465	39.43862	42.36181	42.91777	46.58954	47.71574	46.63495	49.136932	51.84506	55.141346	54.06155	55.804264	54.231846	55.534573	53.090252	50.24665	51.917557	51.677612	54.848595	55.741283	55.775555	57.83869	61.153866	60.33543	58.855854	62.03729	64.13042	62.14227	62.73993	66.4502	66.54314	64.74726	67.21369	69.92814	68.75614	66.46608	63.735115	61.774612	58.803265	57.365395	56.648354	53.020718	51.883175	49.001312	47.688984	45.68655	42.505806	41.22361	38.43501	41.17631	41.050808	44.18765	43.87099	46.70667	48.661785	51.775887	53.503944	56.05839	58.40884	61.218075	63.382523	63.777008	67.304665	68.480576	69.56331	73.0449	74.08125	72.36671	71.1324	67.70261	65.059	61.746735	59.93025	57.22125	54.650043	52.215126	49.733063	48.03872	45.2247	45.99659	44.288265	45.499176	46.525616	48.96373	50.331318	51.009136	52.381382	55.060974
M-105-B	27.263391	26.619781	28.466427	26.353354	23.026714	24.905687	26.233011	23.002783	21.57902	24.710222	24.420717	20.945374	22.296131	25.452389	23.80191	21.62459	24.89259	26.955896	24.933565	25.880507	28.73271	32.08455	35.200726	34.355595	32.140297	30.608765	29.920174	28.8162	25.242178	25.022087	26.627333	24.377213	21.168684	22.859434	23.98759	20.710817	18.98464	22.101883	21.911465	18.414108	19.387867	22.760994	21.208271	19.058447	22.179869	24.487812	22.578997	22.57979	26.290968	27.652733	30.92108	29.961527	27.737478	27.330395	24.783264	22.37966	23.161308	21.033384	22.813627	21.019253	19.208149	15.918481	17.824167	20.473179	20.702644	22.060917	25.265694	26.040674	25.286201	27.674402	30.352701	30.182703	30.329546	33.124485	35.117317	34.83847	35.845535	38.674004	37.207264	36.841927	35.519115	38.19467	38.23844	41.589787	42.858196	44.55352	47.48307	46.98711	46.199	43.627098	41.022835	38.60587	38.717175	36.6241	38.10191	38.439205	41.206516	43.45684	43.087116	43.376854	46.235992	47.52784	47.14454	45.711853	43.12483	45.782936	48.210663	46.07652	44.370895	46.664886	48.774483	49.45806	47.937466	51.335354	52.883087	50.952366	51.576794	55.0311	57.05751	57.59456	53.901405	53.611095	54.341293	51.93281	49.085846	50.199635	49.82345	46.27594	45.232075	47.377132	47.240826	43.55595	42.621376	39.66599	38.266514	34.49119	32.908844	30.4188	27.829607	28.19075	27.977531	31.337122	30.023983	28.524355	31.97242	34.093243	37.199368	35.956394	35.367638	38.437004	39.973255	43.483658	45.578293	48.225307	49.80561	48.908142	51.287838	50.5442	51.19626	53.53215	54.83577	58.434498	59.787697	62.50626	60.459522	60.604496	57.690056	55.29898	52.39466	49.116676	48.05967	44.531002	42.0343	40.03618	36.78943	35.477554	35.10192	36.70646	34.864914	36.030415	36.287712	36.52598	41.696228	40.279778	39.430523	38.61538	35.87891	35.87079	35.30457	38.865353	39.485508	42.805267	44.34241	46.015907	43.48795	43.86479	43.230328	44.597485	44.044575	44.616776	41.920387	42.91951	40.980946	40.660263	36.95904	37.856884	40.25928	42.78321	42.83875	45.81519	46.823116	50.01287	52.081253	55.635067	57.856743	61.016056	64.366554	63.512356	60.27632	58.10653	54.96533	55.77024	52.740536	49.301876	47.349117	43.7242	42.934948	43.89679	41.196445	38.296745	40.672768	42.648045	40.45814	43.305748	43.5732	47.144142	48.344948	47.5505	50.074936	52.586964	55.997322	55.143333	56.972813	55.368824	56.89514	54.561996	51.680634	53.425877	53.40297	56.695503	57.592506	57.399635	59.42211	62.748444	61.794872	60.167637	63.35763	65.41235	63.24895	63.77324	67.514595	67.49614	65.54719	68.01594	70.712456	69.38998	66.985825	64.25064	62.453457	59.574924	58.35371	57.823494	54.268036	53.260147	50.49157	49.070915	47.216217	43.89849	42.63563	40.050343	42.973785	42.791332	45.836678	45.26274	48.024963	49.742313	52.718925	54.288303	56.647675	58.97797	61.638397	63.79152	63.98908	67.48851	68.55239	69.43718	72.941765	74.16651	72.51687	71.45696	68.112915	65.3981	62.171734	60.42987	57.593452	55.17487	52.65881	50.38794	48.715347	46.10595	47.015907	45.496235	46.98055	47.9261	50.17386	51.710857	52.57184	53.773987	56.40379
S-106-B	28.034666	27.31995	29.57932	27.754377	24.327509	26.241924	28.01118	25.021141	23.437939	26.732494	26.858358	23.495085	24.649954	28.032013	26.733246	24.485498	27.602346	29.94227	28.08624	28.776663	31.658707	34.85907	37.969223	36.905994	34.73238	32.89613	32.09699	30.617664	26.97849	26.451141	28.37448	26.50457	23.058569	24.536291	26.112469	23.116436	21.008308	24.118088	24.42032	20.998575	21.473066	25.008364	23.843924	21.417622	24.194368	26.852346	25.130367	24.665758	28.316422	30.040985	33.302563	32.522472	30.06742	29.929003	27.580915	24.867085	25.572704	23.475607	25.573503	24.028498	22.025555	18.932686	20.810003	23.691784	24.218039	25.683744	28.916449	29.509203	28.67247	31.192076	33.85033	33.476738	33.596992	36.528004	38.43962	37.966545	39.03551	41.98172	40.632328	40.4126	39.151516	41.843845	41.89293	45.216236	46.4404	48.029198	51.02711	50.573357	49.869785	47.334938	44.76121	42.362648	42.45396	40.341125	41.80765	42.048813	44.8373	47.0903	46.612362	46.870792	49.793457	51.134903	50.831642	49.448044	46.893085	49.578766	51.982834	49.831333	48.152138	50.435123	52.519318	53.140656	51.57232	54.928955	56.5374	54.567608	55.103756	58.513737	60.5417	60.973312	57.261986	57.03907	57.68078	55.185703	52.432495	53.574562	53.06168	49.505898	48.57603	50.670284	50.377945	46.66114	45.709255	42.64076	41.151936	37.358784	35.565838	33.148838	30.374271	30.888702	30.996971	34.42355	33.196693	31.443903	34.762333	36.81731	39.992973	38.984753	38.404716	41.525185	43.08597	46.64779	48.791637	51.544197	53.198883	52.412674	54.847412	54.103233	54.824337	57.136738	58.44189	62.03851	63.431904	66.09969	63.993076	64.13219	61.236492	58.772465	55.83453	52.49713	51.349854	47.851955	45.291435	43.373093	40.046356	38.813984	38.393753	40.023808	38.25243	39.403538	39.773285	39.970795	45.143124	43.706223	42.944202	42.094177	39.42062	39.355625	38.766426	42.309536	42.8129	46.104153	47.487175	49.145267	46.57549	47.045143	46.2878	47.7456	47.354523	48.014877	45.355312	46.477222	44.56637	44.164677	40.46735	41.26252	43.706867	46.14033	46.07814	48.947502	49.800385	52.889004	54.8776	58.362835	60.59278	63.662785	67.07833	66.21889	63.066345	60.762516	57.595684	58.27956	55.28068	51.93318	49.975647	46.30412	45.738895	46.739723	43.94114	41.18765	43.72092	45.613445	43.25685	45.943073	46.02828	49.576214	50.59849	49.92686	52.605667	55.02118	58.423744	57.701134	59.687725	58.226105	59.822903	57.404842	54.629314	56.516758	56.580162	59.85184	60.87697	60.680664	62.593304	65.97753	65.09891	63.383034	66.50545	68.64894	66.48459	66.88695	70.64058	70.69208	68.65641	71.03615	73.802475	72.50362	70.00797	67.35134	65.652794	62.85258	61.650036	61.216354	57.68859	56.60008	53.77757	52.221867	50.271664	46.894855	45.444775	42.963753	45.969296	45.97156	49.09101	48.57238	51.411385	53.063286	56.04998	57.502342	59.82068	62.046684	64.62239	66.66705	66.73528	70.17256	71.088455	71.92309	75.38308	76.66893	75.14806	74.102234	70.81989	68.0002	64.8551	63.256565	60.445774	58.14539	55.706467	53.52782	51.98388	49.44759	50.48688	49.064327	50.582806	51.60408	53.804256	55.297096	56.22243	57.46495	60.04392
R-107-B	24.615631	24.078644	26.518057	24.704231	21.357872	23.5318	25.435423	22.545473	21.183304	24.70038	24.949368	21.860243	23.259378	26.71124	25.636848	23.750803	26.945604	29.30875	27.879889	28.761631	31.938248	35.063362	37.929436	36.593243	34.131866	32.1544	30.934734	29.418598	25.657923	25.448671	27.733717	25.862936	22.501335	24.41286	26.21604	23.23633	21.473307	24.893793	25.273928	22.103085	22.937307	26.564816	25.510035	23.502731	26.391624	29.000505	27.465689	27.33767	30.946129	32.575302	35.95878	35.21654	32.99454	32.75063	30.167503	27.707783	28.57169	26.459736	28.274967	26.402096	24.38968	21.012209	22.476845	25.344095	25.479813	27.03983	30.035301	30.871122	30.425043	32.812695	35.352882	35.29585	35.63717	38.376842	40.299637	40.13463	41.23361	43.988594	42.496452	41.982826	40.56713	43.15116	43.022453	46.313126	47.398533	49.15498	52.012413	51.701923	50.773552	48.2764	45.48768	43.20088	43.495293	41.45265	42.817703	43.365444	46.18613	48.31722	48.04277	48.50055	51.325535	52.45956	51.977646	50.34678	47.719303	50.200085	52.80802	50.76051	48.863613	51.03694	53.343323	54.163486	52.82875	56.27405	57.785763	55.982635	56.708233	60.214294	62.1702	62.79568	59.101162	58.67796	59.35942	57.034855	54.1594	55.110985	54.737236	51.25704	50.078026	52.058704	51.944317	48.2316	47.051212	43.979076	42.27532	38.483364	36.56935	33.862488	31.331383	32.1968	32.264866	35.788883	34.802597	33.287	36.62945	38.946793	41.945114	40.74996	40.405468	43.580433	45.25669	48.785828	50.938656	53.546066	55.112953	54.120983	56.43302	55.660675	56.161694	58.451294	59.61876	63.265114	64.653984	67.455765	65.52138	65.74365	62.834118	60.52591	57.67228	54.444786	53.452923	49.90472	47.42053	45.32986	42.09902	40.63319	40.069714	41.438972	39.371902	40.207672	40.27787	40.126133	45.731937	44.5924	43.98272	43.426266	40.789524	40.99934	40.55929	44.14782	44.86398	48.18806	49.795757	51.438313	48.870712	49.13751	48.421967	49.65401	49.04199	49.43746	46.589012	47.520477	45.355022	44.776535	41.014103	41.564995	43.765255	46.31358	46.45892	49.366344	50.357994	53.48089	55.66445	59.16444	61.576492	64.71031	68.14095	67.47847	64.273254	62.0476	58.773293	59.310593	56.16868	52.81397	50.626858	46.91574	46.29683	47.578033	44.97728	42.10658	44.673977	46.820755	44.619072	47.349106	47.30819	50.75405	51.96959	51.477386	54.05077	56.34578	59.845345	59.23295	61.16818	59.56706	61.29444	59.048878	56.162468	57.977726	58.133266	61.509647	62.40698	62.03621	64.021774	67.348946	66.27866	64.53085	67.71979	69.73239	67.411064	67.86727	71.62731	71.49732	69.40388	71.86692	74.53723	73.05945	70.54435	67.811104	66.18834	63.40871	62.411266	62.047623	58.567696	57.695442	55.03984	53.535877	51.805542	48.385242	47.115475	44.7207	47.7787	47.570457	50.533382	49.749138	52.423813	53.92472	56.750698	58.168354	60.3153	62.62068	65.110466	67.24013	67.2126	70.660904	71.577286	72.226105	75.73796	77.18176	75.62789	74.76468	71.53172	68.73616	65.62524	63.985386	61.028755	58.789665	56.20011	54.161777	52.50724	50.111515	51.11789	49.74891	51.454296	52.26984	54.36393	56.081867	57.060192	58.07129	60.687534
K-108-B	22.041864	21.086496	23.549978	22.070488	18.540007	20.400879	22.584682	19.979958	18.25318	21.738302	22.409203	19.416517	20.485073	24.093853	23.456055	21.513336	24.48729	27.118916	26.016296	26.661308	29.965492	32.873844	35.58918	33.974415	31.480503	29.251114	27.892212	26.146324	22.373575	22.079601	24.593931	22.960852	19.548574	21.520023	23.636488	20.905247	19.170786	22.724617	23.44911	20.61855	21.441063	25.161945	24.516119	22.833818	25.572208	28.297655	27.215412	27.222668	30.656496	32.407223	35.963264	35.54687	33.58721	33.581455	30.733555	28.405136	29.736069	27.999458	29.852942	28.068518	26.468988	23.052847	24.706787	27.237328	26.92646	28.084627	31.07798	32.333008	31.861023	33.90802	36.622105	36.867687	37.01537	39.53444	41.722378	41.71102	42.527874	45.204216	43.428238	42.687073	40.956738	43.278786	42.814598	45.938267	46.725945	48.405712	51.254574	51.22058	50.295406	48.011368	45.110676	43.09315	43.71712	41.963497	43.537548	44.30622	46.940563	49.1954	49.18714	49.545155	52.177483	53.343998	52.60851	50.902405	48.073643	50.383167	53.035603	50.866302	48.75716	50.68526	53.10335	53.88269	52.731567	56.1506	57.782166	56.189972	56.887756	60.43063	62.18087	62.85371	59.13952	58.508846	59.018787	56.794273	53.935425	54.64224	54.196045	50.826145	49.51455	51.251694	51.108112	47.373703	45.92519	42.73811	40.75667	36.979916	34.802895	31.96406	29.506046	30.778416	31.113327	34.770912	34.181995	32.65117	35.84427	38.4235	41.22758	40.07883	40.089252	43.42572	45.384148	48.95967	51.30794	53.8984	55.594517	54.592987	56.96577	56.400967	56.882965	59.328926	60.591114	64.20233	65.400246	68.30607	66.446785	66.528755	63.493355	61.315258	58.401943	55.26613	54.19969	50.565346	47.96165	45.631172	42.37311	40.61216	39.703648	40.761562	38.50567	39.031677	39.07935	38.67311	44.482243	43.54209	43.248436	42.959915	40.56159	41.095665	41.002777	44.685753	45.69037	49.142395	50.82416	52.675465	50.30109	50.633038	50.175045	51.407825	50.599533	50.925587	48.06065	48.731182	46.510986	46.08511	42.3119	42.95958	44.95262	47.714687	48.131157	51.191643	52.41626	55.6558	57.970722	61.538177	63.975395	67.20234	70.57011	69.93174	66.6402	64.55585	61.3007	61.92683	58.735027	55.301613	53.065598	49.38875	48.546627	49.85927	47.3953	44.36323	46.751694	49.015816	47.005527	49.891926	50.007446	53.460358	54.82897	54.243393	56.684975	59.058434	62.566074	61.836544	63.618496	61.869305	63.50501	61.34169	58.34637	59.977127	59.979317	63.3507	64.05767	63.741413	65.89515	69.132256	67.95735	66.35826	69.64305	71.51858	69.19018	69.82582	73.56567	73.31099	71.32656	73.91716	76.47671	74.92142	72.51728	69.66382	67.935905	65.05214	64.078415	63.56448	60.04601	59.33103	56.764923	55.473125	53.85455	50.527435	49.45933	46.923946	49.845898	49.423496	52.294407	51.45446	53.988632	55.585804	58.360073	59.9441	62.09414	64.5571	67.11821	69.3943	69.468376	72.97762	74.02715	74.649796	78.21674	79.6653	77.98763	77.16907	73.89335	71.203545	68.028435	66.23775	63.21682	60.86857	58.14558	56.0373	54.17374	51.710297	52.47693	50.91603	52.54374	53.11987	55.331726	57.196346	57.985886	58.850067	61.626293
L-109-B	19.451729	18.527887	20.62311	18.890413	15.377789	17.277866	19.15288	16.362534	14.768655	18.277542	18.720686	15.743705	17.079659	20.59753	19.876444	18.185678	21.296543	23.768917	22.852245	23.76327	27.221596	30.159218	32.71455	31.094482	28.402098	26.320429	24.805191	23.354305	19.550102	19.743998	22.184736	20.22158	17.07982	19.529055	21.401527	18.498146	17.34708	21.060673	21.47052	18.855236	20.255007	23.8396	23.048449	21.898548	24.85591	27.267963	26.252508	26.776503	30.14666	31.585136	35.190098	34.730293	33.117516	32.927795	29.826622	27.897736	29.42186	27.77593	29.276918	27.255423	25.923698	22.369005	23.861963	26.06319	25.253178	26.226053	29.022215	30.61816	30.377611	32.13982	34.821808	35.428883	35.63625	37.88329	40.17814	40.475456	41.180832	43.643456	41.66559	40.636124	38.724663	40.894295	40.261086	43.327496	44.007977	45.823166	48.53781	48.600872	47.512108	45.28103	42.245598	40.34979	41.16597	39.552986	41.133846	42.16244	44.722324	46.93805	47.16828	47.60545	50.08037	51.12196	50.18798	48.32832	45.40678	47.54549	50.303406	48.172947	45.90242	47.71704	50.272102	51.175323	50.215775	53.683147	55.24589	53.815014	54.653503	58.26402	59.927555	60.77454	57.093616	56.27925	56.836296	54.786755	51.81816	52.35977	52.070312	48.78227	47.24584	48.908504	48.965237	45.27304	43.682587	40.578426	38.51937	34.7842	32.680042	29.62241	27.482805	28.885294	28.999104	32.645008	32.20741	31.001936	34.235996	37.01869	39.621307	38.221054	38.413155	41.741524	43.779858	47.284973	49.627426	52.05389	53.674927	52.502937	54.78208	54.259613	54.588135	57.06945	58.29143	61.899704	63.012	66.026886	64.31025	64.39693	61.323864	59.308426	56.456955	53.45264	52.509743	48.834743	46.30377	43.799763	40.667725	38.687706	37.67298	38.505035	36.024174	36.32835	36.13174	35.52362	41.570663	40.840557	40.62733	40.5716	38.220512	39.00215	39.08267	42.78658	44.033222	47.522484	49.41926	51.31126	49.03186	49.22497	48.941513	50.00719	48.9451	49.076313	46.123753	46.54661	44.200523	43.809067	40.0345	40.681274	42.464687	45.387638	46.05291	49.233963	50.688396	54.032295	56.504894	60.131943	62.626095	65.95695	69.25169	68.69805	65.31283	63.404964	60.148846	60.83446	57.56829	54.059032	51.741436	48.117264	47.029133	48.417915	46.15755	42.95301	45.167847	47.606712	45.846375	48.88786	49.13194	52.545315	54.150063	53.516937	55.75726	58.167747	61.70299	60.887444	62.484184	60.54434	62.144722	60.142426	57.012543	58.451885	58.38535	61.79557	62.303375	61.936275	64.23595	67.37044	66.04119	64.54283	67.91715	69.63193	67.25062	68.04578	71.76057	71.35134	69.4478	72.16405	74.596825	72.94063	70.63755	67.67106	65.87213	62.917725	62.018574	61.419353	57.90391	57.38159	54.960106	53.85424	52.43274	49.179947	48.38035	45.786106	48.60977	47.915268	50.622917	49.62607	51.98181	53.58545	56.260124	57.958466	60.066082	62.672775	65.27751	67.701004	67.86824	71.43568	72.634056	73.22208	76.848175	78.3016	76.48206	75.73142	72.42303	69.85986	66.62747	64.67696	61.577015	59.14057	56.277496	54.143112	52.090168	49.621883	50.204903	48.547646	50.19497	50.558727	52.784122	54.80528	55.512535	56.20712	59.06916
D-110-B	15.74071	14.725396	16.844383	15.226568	11.673714	13.666918	15.726252	13.1871805	11.684434	15.362409	16.096779	13.590944	15.027237	18.533276	18.263233	17.048674	20.00822	22.488861	22.174725	23.170944	26.8319	29.54372	31.74563	29.823755	26.88354	24.662039	22.694496	21.234945	17.412327	18.051228	20.80544	18.926086	16.110838	18.9756	20.994095	18.33286	17.722862	21.51387	22.010452	19.913616	21.585613	25.046679	24.470583	23.835957	26.72649	29.002817	28.284164	29.108608	32.304165	33.63619	37.301613	36.96526	35.648064	35.445114	32.15793	30.512783	32.24504	30.738173	32.02982	29.876686	28.728144	25.110882	26.383917	28.355812	27.131386	27.953945	30.4828	32.3898	32.409676	33.88897	36.498795	37.44685	37.721924	39.697315	42.074406	42.65195	43.251255	45.505535	43.33222	42.003166	39.876484	41.813457	40.913116	43.835133	44.275307	46.17966	48.734417	49.019917	47.759457	45.67549	42.464947	40.80594	41.91053	40.50765	42.07938	43.41873	45.879856	48.030437	48.52974	49.062714	51.350044	52.239315	51.06669	49.00907	45.978508	47.85298	50.75393	48.675713	46.171146	47.7681	50.517956	51.55458	50.86924	54.359993	55.87654	54.679092	55.649567	59.318512	60.829796	61.84769	58.20512	57.1558	57.680725	55.83115	52.79536	53.084198	52.89471	49.747276	47.971306	49.433674	49.63982	45.996212	44.1461	41.062233	38.770752	35.1253	32.90328	29.615772	27.825167	29.60708	29.738733	33.3956	33.302822	32.340626	35.468624	38.49033	40.82893	39.2976	39.796562	43.160263	45.354965	48.799988	51.190083	53.46494	55.04792	53.720795	55.90572	55.455357	55.60505	58.117092	59.27082	62.86998	63.88171	67.02368	65.48268	65.56949	62.45373	60.630608	57.84371	54.991005	54.148884	50.440216	47.955433	45.259186	42.244995	40.00666	38.775276	39.2624	36.51205	36.42332	35.953033	34.94975	41.34744	40.962475	40.996716	41.289352	39.10124	40.21378	40.543552	44.257072	45.76398	49.28453	51.362534	53.307755	51.133457	51.203022	51.06745	51.961918	50.66248	50.571465	47.51435	47.66945	45.148834	44.71863	40.95528	41.477474	42.952892	46.02862	46.973118	50.225456	51.885387	55.284748	57.934677	61.581924	64.18862	67.59375	70.842255	70.43367	66.98408	65.2198	61.92713	62.567722	59.206573	55.67526	53.20908	49.620106	48.37971	49.944973	47.912457	44.58655	46.69495	49.33182	47.794334	50.915394	51.16545	54.487896	56.289585	55.719822	57.800453	60.161606	63.739933	62.9335	64.40019	62.299	63.92595	62.097878	58.858387	60.141003	60.060253	63.51634	63.83524	63.37511	65.796104	68.82447	67.31581	65.88341	69.33296	70.87479	68.397156	69.32177	73.00845	72.41095	70.54083	73.36889	75.66282	73.85389	71.614975	68.54718	66.74934	63.770863	63.0286	62.401062	58.92668	58.639763	56.400864	55.449883	54.248417	51.0465	50.478786	47.898655	50.659912	49.72388	52.248653	51.05192	53.197346	54.732067	57.24533	58.996628	60.976147	63.704426	66.277275	68.82562	68.992935	72.58413	73.8596	74.3163	77.99114	79.53587	77.626396	77.019966	73.73284	71.26299	68.03163	65.97753	62.768887	60.326176	57.3139	55.2502	53.02901	50.644505	51.07066	49.370197	51.090748	51.183712	53.3686	55.603424	56.247578	56.695896	59.639816
K-111-B	15.365728	13.61683	15.225953	14.011751	10.259152	11.299529	13.433718	11.213718	8.85778	12.267725	13.461234	10.908821	11.699213	15.360906	15.550077	14.14788	16.763582	19.508738	19.463705	20.148767	23.838179	26.319756	28.3963	26.297815	23.392733	21.005535	19.03896	17.450972	13.624941	14.272036	17.066484	15.30246	12.567372	15.559259	17.676916	15.299697	14.945425	18.69761	19.38453	17.781134	19.498943	22.818077	22.591877	22.391516	25.068432	27.274044	26.984116	27.990448	30.919716	32.251537	35.980408	35.932686	34.92187	34.92342	31.465902	30.028505	32.14738	31.047018	32.342304	30.381308	29.70127	26.22249	27.751425	29.308681	27.751143	28.06691	30.589659	32.84555	32.72105	33.819145	36.602657	37.782295	37.782677	39.52185	42.15363	42.818787	43.092476	45.26857	42.845257	41.356056	38.952328	40.59775	39.386543	42.09944	42.251884	44.021393	46.57658	47.112713	45.92647	44.083076	40.84934	39.477673	40.876114	39.8	41.625275	43.09438	45.301414	47.609356	48.339184	48.69048	50.766247	51.750134	50.360615	48.326645	45.122253	46.859985	49.707	47.471825	44.827778	46.173397	48.947857	49.869106	49.321976	52.73362	54.39302	53.38653	54.271954	57.930763	59.232925	60.254963	56.61494	55.39774	55.741337	53.981007	51.002575	51.074703	50.798782	47.77788	45.91887	47.146984	47.30737	43.680035	41.61954	38.471523	35.97429	32.394833	29.996716	26.639847	24.989094	27.092056	27.439758	31.13093	31.41515	30.475456	33.39762	36.606884	38.71757	37.240448	38.06001	41.51918	43.949657	47.39782	49.95623	52.210342	53.92951	52.648346	54.91184	54.702282	54.89775	57.575638	58.87938	62.396187	63.185738	66.38074	64.87588	64.7798	61.548203	59.83761	56.984955	54.230507	53.284706	49.531307	46.937992	44.051464	41.04218	38.564445	37.020336	37.214626	34.353283	33.99933	33.574524	32.40422	38.8399	38.597286	38.925915	39.43794	37.525894	38.915295	39.583736	43.33339	45.089474	48.697933	50.79243	52.944878	51.00422	51.19023	51.33596	52.28432	50.839966	50.759277	47.78422	47.706627	45.254932	45.089966	41.391113	42.141518	43.475853	46.71552	47.870674	51.25993	53.119858	56.621357	59.3191	63.02319	65.55934	69.035736	72.18417	71.71723	68.19846	66.584076	63.37958	64.19747	60.859436	57.25252	54.856083	51.354267	49.87619	51.32797	49.385967	45.9497	47.8075	50.449615	49.090885	52.356636	52.84946	56.204937	58.103237	57.34445	59.292118	61.790062	65.31929	64.323715	65.61368	63.39937	64.85203	63.067455	59.758785	60.839687	60.54258	63.93292	64.071724	63.744404	66.322876	69.250145	67.70251	66.46959	69.98884	71.41427	69.010414	70.12444	73.76702	73.104836	71.40489	74.337944	76.532814	74.72571	72.644135	69.48045	67.52197	64.42113	63.611736	62.77413	59.254055	59.06273	56.877594	56.16528	55.0209	51.972664	51.58269	48.83068	51.38848	50.28258	52.73228	51.58392	53.612534	55.316353	57.823795	59.781933	61.839287	64.705696	67.39909	70.07444	70.421074	74.0703	75.51316	76.040794	79.746574	81.20246	79.155716	78.5093	75.15247	72.81452	69.49621	67.28179	64.083405	61.48638	58.40497	56.19809	53.794277	51.279205	51.429485	49.491024	51.022167	50.920776	53.274548	55.56423	55.958668	56.33203	59.427814
L-112-B	13.648948	12.42427	13.372984	11.443694	7.992191	9.51588	10.783235	7.939642	6.403091	10.048207	10.482229	8.1440525	9.972928	13.227686	13.084005	12.48066	15.393227	17.597513	17.831778	19.131592	22.93515	25.506212	27.33514	25.361385	22.14503	20.166836	17.927847	17.036833	13.348655	14.951736	17.404936	15.090701	13.110822	16.596111	18.095116	15.493717	16.01864	19.68096	19.753199	18.35234	20.687077	23.681252	23.081627	23.33399	26.249203	28.005167	27.563597	29.036446	31.940838	32.852222	36.49594	36.226006	35.47329	35.140865	31.589077	30.552553	32.593594	31.399525	32.258232	29.995481	29.393137	25.85455	26.998058	28.315186	26.388937	26.707277	28.865572	31.307068	31.553118	32.456615	35.027725	36.50784	36.72939	38.21636	40.788616	41.771442	42.083237	43.99907	41.50137	39.753704	37.30568	38.871513	37.61591	40.32156	40.47995	42.49514	44.832596	45.35671	43.91259	42.031204	38.658726	37.3268	38.815464	37.77614	39.44173	41.163254	43.374557	45.512455	46.416992	46.96421	48.927193	49.685482	48.16978	45.940407	42.742672	44.296898	47.28984	45.217728	42.454235	43.762306	46.690205	47.83907	47.481876	50.969524	52.44075	51.550644	52.661266	56.380817	57.679554	58.917454	55.35023	54.001106	54.509327	52.943203	49.81824	49.795227	49.78222	46.831554	44.74196	45.989136	46.44692	42.915375	40.813004	37.869614	35.42864	31.949417	29.820793	26.277992	25.094164	27.124113	27.022587	30.557806	30.836885	30.357351	33.362747	36.64734	38.581955	36.76871	37.6277	40.95209	43.30706	46.609715	49.028767	51.057392	52.583115	51.069668	53.143856	52.856415	52.825542	55.432705	56.590927	60.12127	60.918034	64.20156	62.867992	62.881073	59.690735	58.138405	55.42761	52.813103	52.092915	48.359882	45.95725	43.0008	40.205708	37.6254	36.147125	36.190533	33.129257	32.59957	31.783672	30.399237	37.097717	37.09024	37.366722	38.078384	36.11468	37.662365	38.36032	42.04699	43.94501	47.49604	49.820522	51.878418	49.947475	49.8968	50.09736	50.80152	49.143456	48.81511	45.72661	45.456425	42.83876	42.581932	38.910774	39.52791	40.632584	43.952717	45.303806	48.729027	50.747334	54.283253	57.117237	60.82839	63.44585	66.98087	70.07266	69.738335	66.17045	64.69849	61.47461	62.26455	58.859108	55.23862	52.739025	49.3009	47.669563	49.249256	47.530914	44.000916	45.746357	48.557785	47.423588	50.7497	51.260468	54.512733	56.610977	55.902634	57.6667	60.112667	63.66739	62.678627	63.833767	61.47265	62.962605	61.361557	57.960865	58.908695	58.646957	62.089985	62.082207	61.62328	64.274956	67.11035	65.40559	64.19864	67.764595	69.04718	66.55549	67.75642	71.36865	70.55722	68.877235	71.8891	73.970505	72.05102	70.02292	66.7917	64.84216	61.73984	61.063934	60.23754	56.774887	56.775463	54.76256	54.15924	53.23643	50.234123	50.074436	47.383564	49.896194	48.56797	50.825294	49.471264	51.313843	52.91774	55.278328	57.252743	59.199757	62.14794	64.812584	67.58149	67.94653	71.61182	73.13732	73.58752	77.32589	78.822556	76.68923	76.14523	72.80442	70.56335	67.24428	64.9384	61.666153	59.06374	55.876236	53.732883	51.213684	48.789734	48.847954	46.933086	48.572678	48.29649	50.55394	52.996765	53.41497	53.60303	56.704918
T-113-B	16.363462	15.692652	16.747498	14.36743	11.218315	13.165975	13.994519	10.661698	9.73089	13.125619	12.743715	9.87158	12.119834	15.185543	14.127054	13.258335	16.663485	18.575449	18.093866	19.691969	23.368813	26.334803	28.505064	26.959753	23.87491	22.249	20.43359	19.79479	16.131426	17.478136	19.54419	16.886763	14.665032	17.944767	19.088688	15.962153	16.209364	19.902086	19.562483	17.539965	19.979424	23.045847	21.941711	21.83829	25.051281	26.74732	25.828161	27.256245	30.406837	31.204731	34.768147	34.18644	33.215576	32.655907	29.225893	28.091354	29.831793	28.353403	29.149033	26.749912	25.912586	22.302294	23.365677	24.868515	23.155703	23.770082	26.039173	28.227291	28.475927	29.664722	32.179634	33.45075	33.807545	35.501442	37.918404	38.79102	39.316113	41.33165	39.033104	37.474514	35.27569	37.142952	36.223743	39.164925	39.66765	41.765266	44.176933	44.390743	42.966236	40.82471	37.54774	35.882187	37.03885	35.690063	37.222973	38.741287	41.1507	43.237503	43.90347	44.515175	46.68199	47.453712	46.16808	44.017357	40.96322	42.75421	45.70965	43.699963	41.143784	42.75042	45.560246	46.725616	46.13663	49.68208	51.07141	49.940674	51.062855	54.775936	56.292442	57.47104	53.88549	52.748474	53.42586	51.72229	48.55874	48.8072	48.84782	45.736816	43.786835	45.32476	45.791046	42.230328	40.420185	37.55092	35.416855	31.838778	29.985058	26.57564	25.17308	26.71868	26.316597	29.806664	29.622377	29.119776	32.369793	35.439785	37.627766	35.7459	36.235115	39.458626	41.572895	44.882824	47.151485	49.23233	50.66656	49.166737	51.227715	50.75624	50.77517	53.2813	54.395763	57.983917	58.954105	62.153378	60.715714	60.837082	57.73002	56.027184	53.330246	50.595387	49.918026	46.217903	43.882965	41.11129	38.28521	35.95199	34.801754	35.20898	32.330875	32.20975	31.480234	30.473183	36.948128	36.64082	36.542023	36.929028	34.667606	35.892612	36.26385	39.933598	41.594666	45.08746	47.36781	49.279896	47.176937	47.086967	47.099228	47.827347	46.314472	46.06781	42.974194	42.934994	40.36199	40.014908	36.28692	36.900192	38.255238	41.445282	42.56769	45.9306	47.78785	51.283253	54.019627	57.719112	60.301636	63.79133	66.9374	66.54661	63.020042	61.437645	58.200703	58.975597	55.603188	51.996853	49.551884	46.066498	44.55174	46.071022	44.215424	40.75018	42.62197	45.353916	44.070606	47.33984	47.795498	51.08941	53.095303	52.399006	54.25902	56.700413	60.256176	59.307873	60.568108	58.304787	59.843006	58.15152	54.80948	55.899147	55.728336	59.189484	59.34017	58.86467	61.40353	64.33549	62.72996	61.409763	64.92161	66.33825	63.8654	64.93507	68.58558	67.89826	66.14085	69.065056	71.25992	69.42641	67.31019	64.15886	62.250446	59.192215	58.444824	57.70877	54.229492	54.068085	51.93772	51.169453	50.12872	47.040085	46.73414	44.08896	46.709	45.53057	47.900803	46.610764	48.610455	50.193134	52.654766	54.53717	56.54286	59.388405	62.048023	64.71853	65.04457	68.69285	70.14507	70.66525	74.37648	75.834274	73.77536	73.152885	69.80768	67.481834	64.17224	61.953995	58.731598	56.16208	53.06776	50.91459	48.53761	46.096992	46.34572	44.54223	46.232937	46.19863	48.412758	50.716423	51.28758	51.655632	54.648376
V-114-B	19.095526	17.805233	18.8224	16.932611	13.522934	14.640822	15.715246	12.697802	10.758426	13.704556	13.714201	10.283489	11.511225	14.874474	13.902393	12.043851	15.265711	17.627243	16.699112	17.738127	21.277021	24.257196	26.74201	25.264555	22.520826	20.746658	19.440226	18.503311	14.838642	15.50434	17.362917	14.830211	12.106932	15.007233	16.24757	13.080949	12.7949705	16.526451	16.425432	14.232936	16.39548	19.617628	18.731625	18.456099	21.53156	23.446007	22.715504	23.944761	27.04309	28.076544	31.72154	31.381462	30.361078	30.120857	26.671162	25.350725	27.351486	26.182623	27.31829	25.312473	24.762102	21.345945	22.999279	24.373735	22.806051	23.033743	25.68353	27.895243	27.64367	28.773811	31.613966	32.719288	32.672916	34.46717	37.093426	37.70526	37.995613	40.21342	37.855583	36.480957	34.200485	36.026554	35.04804	37.93551	38.37297	40.193382	42.83132	43.09606	41.970722	39.934093	36.817253	35.19985	36.365307	35.131413	36.978527	38.274105	40.53268	42.88932	43.487553	43.78169	45.953167	47.021114	45.772526	43.87123	40.734425	42.687767	45.430695	43.16728	40.709778	42.2829	44.908226	45.778427	45.0189	48.458584	50.09026	48.897797	49.755642	53.402584	54.85831	55.827446	52.173874	51.118885	51.600296	49.73696	46.719425	47.013348	46.79783	43.644234	41.88888	43.381042	43.577328	39.93426	38.153	35.1138	32.954723	29.287483	27.266758	24.016085	22.248194	23.79407	23.720526	27.34414	27.214918	26.353123	29.519037	32.571117	34.853695	33.231903	33.752087	37.112698	39.3608	42.79753	45.246506	47.524475	49.192112	47.94071	50.22727	49.9457	50.234406	52.89832	54.258312	57.779728	58.628963	61.74739	60.13784	60.05466	56.85534	55.038223	52.169712	49.342297	48.402058	44.664806	42.108788	39.326374	36.308277	33.98234	32.683884	33.16831	30.461813	30.4967	30.184767	29.43779	35.59421	35.035667	35.017776	35.24388	33.10569	34.26589	34.74358	38.487446	40.1259	43.71346	45.786472	47.889713	45.90792	46.112835	46.246017	47.252747	45.87313	45.905396	43.008213	43.041683	40.7304	40.69013	37.000816	37.968834	39.522606	42.70629	43.724785	47.135952	48.948982	52.47391	55.064392	58.791687	61.197773	64.668465	67.784225	67.18528	63.667534	62.05215	58.926956	59.896515	56.642597	52.996918	50.7638	47.30635	45.763245	47.001297	44.96812	41.537556	43.31087	45.82955	44.44825	47.759983	48.41552	51.8428	53.705776	52.78043	54.715088	57.329803	60.799683	59.679832	60.936596	58.75354	60.105637	58.249348	54.964607	56.047493	55.682404	59.032326	59.22495	58.98828	61.546074	64.50667	63.063107	61.856544	65.35453	66.85574	64.55276	65.65498	69.29983	68.75509	67.110855	70.010185	72.266754	70.59148	68.54121	65.41111	63.362793	60.21938	59.24506	58.34336	54.77009	54.43901	52.14892	51.431435	50.186733	47.177334	46.76322	43.92753	46.431274	45.371086	47.892223	46.8791	49.009544	50.833958	53.469692	55.485218	57.695396	60.535484	63.330444	65.97845	66.44738	70.11784	71.61984	72.32255	76.00871	77.311165	75.238815	74.439316	71.016205	68.696465	65.31572	63.075233	59.972427	57.280376	54.28108	51.92876	49.56575	46.91267	47.07269	45.080322	46.5028	46.572502	49.008038	51.137646	51.52634	52.090263	55.153908
L-115-B	18.107376	16.619976	16.916426	15.077949	11.943532	12.430361	12.9475	10.024637	7.8966193	10.327897	10.163761	6.6024756	7.805991	11.088713	10.253127	8.613947	11.828665	14.137037	13.665959	14.846012	18.558374	21.389475	23.59202	22.0068	19.062666	17.40066	15.940376	15.376389	11.846049	13.154802	14.758895	11.900342	9.841191	13.243383	14.116159	11.067085	11.804396	15.380054	15.042659	13.597927	16.216467	19.017984	18.266386	18.764706	21.71733	23.25267	22.86821	24.550728	27.33821	28.104996	31.732635	31.530678	30.962399	30.704622	27.072746	26.214226	28.483936	27.620298	28.471838	26.459631	26.340805	23.054512	24.60749	25.48799	23.4178	23.2053	25.55997	28.185253	28.072723	28.725084	31.550295	33.05327	32.923912	34.330368	37.12391	38.02039	38.056458	40.02341	37.402367	35.709045	33.14499	34.637203	33.32623	36.0085	36.167236	38.028694	40.523727	41.026505	39.79197	37.958	34.71492	33.40219	34.912655	34.010838	35.972137	37.558727	39.589394	41.96299	42.882538	43.153694	45.05804	46.05176	44.524426	42.507454	39.21965	40.91616	43.714462	41.420662	38.745476	40.054695	42.81614	43.737064	43.239765	46.65993	48.297836	47.362106	48.294804	51.973824	53.2342	54.35118	50.747307	49.446377	49.865406	48.21409	45.152702	45.17478	45.050144	42.063232	40.0704	41.346626	41.69616	38.127033	36.101494	33.12597	30.784065	27.240877	25.209425	21.736223	20.444904	22.294044	22.136602	25.695345	25.956661	25.43684	28.440557	31.726625	33.66315	31.873772	32.740932	36.102074	38.524162	41.864048	44.376026	46.48421	48.147156	46.782375	49.010654	48.891697	49.06486	51.823017	53.2096	56.667168	57.32913	60.55359	59.09381	58.926125	55.654205	54.044613	51.215412	48.571995	47.690308	43.931675	41.40728	38.405617	35.54072	32.9189	31.35724	31.443552	28.476635	28.112455	27.569233	26.491669	32.910065	32.65868	32.903107	33.48851	31.585613	33.12652	33.946804	37.673855	39.632164	43.251194	45.48557	47.702496	45.93274	46.079384	46.48196	47.366707	45.727802	45.598114	42.69752	42.40124	40.034916	40.146935	36.543236	37.590607	38.85501	42.216736	43.53861	47.066826	49.135414	52.74742	55.463875	59.226727	61.637333	65.19211	68.19292	67.6469	64.052124	62.645325	59.57512	60.64355	57.36487	53.668583	51.413807	48.070595	46.26343	47.51211	45.70857	42.149048	43.654266	46.28675	45.19681	48.63942	49.471275	52.83771	54.895767	53.88101	55.594086	58.25983	61.70516	60.461334	61.49749	59.136314	60.3823	58.687695	55.296562	56.13183	55.623066	58.950275	58.89863	58.677723	61.40585	64.21921	62.6373	61.606346	65.18531	66.49438	64.18845	65.49455	69.079605	68.37944	66.878624	69.90817	72.00688	70.25195	68.357796	65.11259	62.95614	59.72456	58.798508	57.74276	54.180267	54.062595	51.94098	51.48785	50.443645	47.592815	47.4702	44.558445	46.86506	45.524162	47.84522	46.729897	48.630234	50.512264	53.031494	55.21265	57.39503	60.39166	63.246647	66.04907	66.65345	70.3691	72.040276	72.72819	76.45387	77.72947	75.50563	74.75691	71.30332	69.14659	65.712494	63.29937	60.155262	57.356533	54.23597	51.83199	49.253323	46.57395	46.448746	44.284145	45.62403	45.402615	47.90774	50.191414	50.386726	50.752384	53.946217
R-116-B	18.411158	17.656809	17.677013	15.13089	12.550997	13.713591	13.395277	9.866083	9.146558	11.47759	10.049053	6.7155647	9.3387985	11.729363	9.849686	9.167947	12.858365	14.226054	13.570553	15.632731	19.257462	22.362507	24.480825	23.289907	20.187061	19.150774	17.672766	17.817858	14.566128	16.385944	17.608126	14.351192	12.917215	16.331367	16.553904	13.211542	14.412285	17.751684	16.6728	15.038846	18.112043	20.619596	19.218845	19.828014	23.112583	24.21479	23.35883	25.368834	28.275824	28.605091	32.064713	31.441252	30.938353	30.214638	26.620655	26.055626	27.996754	26.827133	27.220907	24.818157	24.578913	21.203552	22.282433	23.06239	20.76971	20.79343	22.830433	25.466019	25.756842	26.428806	28.982494	30.63884	30.849377	32.15835	34.767017	35.90088	36.14597	37.92709	35.38442	33.56499	31.141706	32.77794	31.668821	34.514797	34.92486	37.0951	39.41286	39.68792	38.19751	36.13652	32.808487	31.291107	32.65541	31.55577	33.24433	34.954414	37.147587	39.303455	40.2272	40.75692	42.702084	43.46852	41.97774	39.802334	36.62089	38.295624	41.234596	39.159367	36.500027	37.98627	40.833504	42.008583	41.54506	45.08492	46.471333	45.483067	46.654537	50.389587	51.799984	53.087402	49.54471	48.263668	48.959988	47.40473	44.179783	44.29622	44.464485	41.44373	39.3275	40.81713	41.458664	37.97727	36.117977	33.40753	31.3404	27.868708	26.296497	22.803406	21.832802	23.252296	22.459475	25.781288	25.701036	25.618744	28.838625	32.010765	33.946976	31.809597	32.446304	35.58838	37.755016	40.95094	43.21427	45.137737	46.541725	44.953217	46.97918	46.642807	46.616264	49.227203	50.42671	53.948513	54.749798	58.008682	56.64802	56.673435	53.502796	51.942158	49.265514	46.672478	46.047596	42.335575	40.05276	37.12324	34.454594	31.921274	30.672607	30.86802	27.842957	27.586422	26.688248	25.645655	32.164913	31.955315	31.88189	32.44176	30.27167	31.735735	32.339447	35.986473	37.908207	41.42358	43.8507	45.861816	43.96795	43.84707	44.1529	44.80846	43.06434	42.73699	39.703365	39.380856	36.856976	36.789635	33.158844	34.047237	35.249416	38.60721	39.96823	43.485855	45.59371	49.206104	51.994514	55.751892	58.233322	61.809467	64.80474	64.36196	60.75234	59.394318	56.28299	57.289085	53.960083	50.268745	47.934586	44.612835	42.75474	44.10934	42.4308	38.829334	40.33087	43.085697	42.102978	45.55225	46.335186	49.62169	51.801895	50.870728	52.48455	55.0779	58.55611	57.370995	58.366875	55.93698	57.273434	55.694386	52.25639	53.075394	52.683846	56.0855	56.010178	55.633076	58.34749	61.14606	59.473164	58.371727	61.958874	63.22581	60.831642	62.120117	65.70848	64.94375	63.390396	66.43336	68.50447	66.68708	64.76819	61.51379	59.411026	56.216366	55.38821	54.42378	50.90771	50.870853	48.838318	48.3617	47.455063	44.57424	44.56501	41.76122	44.116158	42.66815	44.880424	43.591564	45.419834	47.171875	49.611008	51.73	53.83037	56.832153	59.641407	62.46176	63.033592	66.74802	68.429955	69.07025	72.80784	74.11742	71.87517	71.18737	67.75641	65.62168	62.204502	59.776615	56.58501	53.81999	50.655277	48.324265	45.7343	43.146656	43.07729	41.026646	42.534615	42.30582	44.67365	47.027428	47.370506	47.667793	50.79101
M-117-B	21.691536	20.925926	21.25762	18.758219	15.988931	17.204578	17.141634	13.652863	12.645303	14.91412	13.581431	10.032541	12.00719	14.4102125	12.15936	10.648166	14.351655	15.741126	14.17027	16.042439	19.35949	22.759932	25.333363	24.522928	21.795393	20.892923	19.9919	20.008427	16.779537	17.963032	18.900663	15.651776	13.751594	16.637794	16.681059	12.999359	13.561086	16.823555	15.5240965	13.169987	16.138866	18.759258	16.971294	17.099113	20.593248	21.754587	20.508215	22.354877	25.477478	25.837124	29.266977	28.472958	27.706331	26.940239	23.444946	22.659426	24.450369	23.16251	23.698757	21.3743	21.068913	17.710762	19.102524	20.000462	18.022598	18.119902	20.571844	22.949175	22.908678	23.870537	26.593443	27.916006	28.013725	29.624994	32.211082	33.060696	33.387398	35.4145	33.039425	31.538506	29.325712	31.25688	30.461143	33.50558	34.213123	36.27613	38.80287	38.811684	37.534832	35.290478	32.171906	30.350937	31.37138	30.017372	31.764797	33.1162	35.427135	37.699745	38.330338	38.73005	40.894062	41.858738	40.627796	38.68794	35.608456	37.619118	40.38375	38.219273	35.836197	37.590435	40.198956	41.20333	40.40584	43.931137	45.387833	44.124634	45.140553	48.826824	50.41103	51.507854	47.90436	46.882877	47.615726	45.82577	42.65981	43.069107	43.12198	39.921555	38.072105	39.808083	40.278633	36.72272	35.165783	32.422215	30.635052	27.034992	25.617643	22.397264	20.987038	21.918638	21.04641	24.391613	23.865246	23.518988	26.929909	29.866308	32.11765	30.090403	30.370092	33.501087	35.511433	38.802345	41.033176	43.13977	44.602383	43.184826	45.340332	44.93559	45.126198	47.73043	49.032402	52.57189	53.474087	56.60039	55.03333	55.04298	51.89836	50.11575	47.344147	44.566967	43.817486	40.109356	37.74886	34.999348	32.166454	29.893965	28.889442	29.509665	26.796	27.05229	26.523453	26.020914	32.062027	31.406565	31.020308	31.146166	28.753525	29.834192	30.160461	33.847153	35.507725	39.032272	41.285355	43.27121	41.2675	41.2919	41.47276	42.329838	40.82026	40.75095	37.828182	37.79632	35.47888	35.49755	31.833872	32.92348	34.501343	37.706127	38.763184	42.23357	44.141026	47.72082	50.324684	54.081573	56.432648	59.94865	62.98708	62.373604	58.813053	57.316418	54.249916	55.34102	52.11077	48.416668	46.2544	42.89676	41.157707	42.29353	40.363632	36.854156	38.440205	40.985836	39.779343	43.192764	44.025307	47.433125	49.429832	48.387016	50.153217	52.83705	56.27163	55.037807	56.148663	53.86875	55.153538	53.381535	50.03682	51.004925	50.59626	53.954697	54.06956	53.814053	56.42275	59.339165	57.860096	56.70514	60.22837	61.68064	59.39926	60.56888	64.19299	63.632214	62.059372	64.996735	67.21619	65.56914	63.59418	60.43625	58.30647	55.1159	54.093285	53.131634	49.548084	49.246494	46.997765	46.374783	45.220688	42.28878	42.053856	39.17992	41.587635	40.371853	42.800587	41.743885	43.81619	45.683723	48.324146	50.417545	52.685356	55.57381	58.443825	61.1466	61.74608	65.44945	67.0737	67.87156	71.56486	72.762054	70.59585	69.74092	66.26954	64.04709	60.607166	58.264248	55.188988	52.399033	49.38617	46.94208	44.51337	41.79372	41.87507	39.83501	41.23731	41.319534	43.76683	45.87539	46.26821	46.85937	49.90866
A-118-B	22.964687	21.62319	21.7174	19.702526	16.81014	17.20176	17.22234	14.188635	12.389981	14.006749	13.090816	9.321552	10.126056	12.590228	10.635066	8.12763	11.512594	13.365723	11.564728	12.826577	16.122726	19.44693	22.185102	21.344229	18.876507	17.870071	17.411493	17.3188	14.295967	15.1064625	15.637788	12.405202	10.466105	13.101346	12.946818	9.228529	9.89425	13.084076	11.845963	9.754865	12.8179245	15.36685	13.944531	14.450832	17.705593	18.904327	18.16941	20.086031	22.939062	23.437195	26.989292	26.6073	26.07897	25.712845	22.065174	21.348158	23.646181	22.934772	23.711683	21.873247	22.131529	19.125986	21.03115	21.534678	19.472652	18.86832	21.491121	24.115007	23.631403	24.207523	27.243889	28.627539	28.2365	29.697277	32.600212	33.34281	33.25232	35.332043	32.72669	31.216286	28.717634	30.353214	29.238876	32.064716	32.478764	34.254723	36.935474	37.190693	36.16334	34.192757	31.155594	29.626404	30.912199	29.928762	32.07414	33.387768	35.375057	37.927113	38.700294	38.7577	40.740753	41.955864	40.575314	38.811554	35.554047	37.532692	40.11629	37.67434	35.236828	36.7495	39.26523	39.991146	39.205727	42.60021	44.325294	43.18438	43.966103	47.603237	48.97952	49.951546	46.303947	45.193542	45.655632	43.83476	40.800957	41.058155	40.877167	37.74341	35.94013	37.456673	37.72018	34.10453	32.379253	29.451702	27.465986	23.819143	22.150839	18.926245	17.383535	18.56986	18.064856	21.587852	21.440168	20.874607	24.085754	27.205544	29.33618	27.50457	28.09202	31.414356	33.72482	37.10772	39.59957	41.815784	43.538277	42.315548	44.671467	44.579697	44.968388	47.788715	49.345116	52.768497	53.42466	56.537914	54.903534	54.65	51.364807	49.60663	46.683216	43.933994	42.936436	39.173973	36.582664	33.663933	30.707281	28.220757	26.827269	27.238287	24.516184	24.644613	24.435371	23.962822	29.861084	29.158117	29.080856	29.297	27.228422	28.520956	29.223713	32.98133	34.8352	38.48102	40.606926	42.873714	41.13923	41.44017	41.90918	42.971607	41.444603	41.548706	38.828785	38.657562	36.56486	36.9562	33.41241	34.83958	36.38583	39.66914	40.814827	44.36666	46.36844	49.998245	52.540543	56.321587	58.524242	62.055744	65.00025	64.24362	60.661377	59.251274	56.317844	57.61231	54.47738	50.744717	48.74793	45.486263	43.60712	44.51957	42.57486	39.055965	40.405647	42.81163	41.68145	45.1747	46.255886	49.724884	51.685165	50.413925	52.127804	54.970165	58.307205	56.87058	57.86071	55.564537	56.623386	54.79889	51.461277	52.280006	51.61083	54.84014	54.84796	54.824646	57.54327	60.390137	58.978313	58.032284	61.579678	62.989124	60.859245	62.171616	65.746155	65.216446	63.824886	66.807465	68.98193	67.42112	65.592964	62.395718	60.09838	56.797283	55.618156	54.424736	50.779327	50.458546	48.176315	47.75719	46.53748	43.782787	43.608047	40.535442	42.708725	41.451996	43.892105	43.036488	45.077003	47.18298	49.89008	52.18342	54.591923	57.554363	60.55461	63.315784	64.095566	67.82861	69.5725	70.49455	74.18067	75.24759	72.99889	72.037674	68.498985	66.37172	62.85958	60.41648	57.424328	54.491516	51.50029	48.87972	46.350773	43.454426	43.2852	40.98161	42.07791	42.062496	44.74519	46.789272	46.885586	47.5209	50.71098
V-119-B	22.441498	21.299181	20.759663	18.555489	16.221783	16.420752	15.627916	12.616092	11.435397	12.351402	10.614049	7.1425757	8.465386	10.0067835	7.3448634	5.6377606	9.366293	10.426094	8.916616	11.060245	14.48787	17.810902	20.177387	19.46782	16.707108	16.234037	15.643703	16.329704	13.708319	15.327323	15.447862	11.808504	11.026408	13.997458	13.175974	9.662897	11.6122875	14.330401	12.524613	11.316854	14.830059	16.70334	15.141596	16.445457	19.60982	20.197273	19.570772	22.016157	24.579094	24.593979	27.980875	27.506979	27.440142	26.808048	23.07789	22.962925	25.262228	24.644945	24.907354	22.862875	23.394285	20.491663	21.976095	22.01263	19.399845	18.522642	20.608133	23.619663	23.524921	23.63737	26.466892	28.31748	28.058146	29.072176	32.00903	33.159294	32.954346	34.671555	31.864998	29.961409	27.256987	28.623634	27.271414	29.980461	30.244995	32.25246	34.683743	35.058544	33.7628	31.867645	28.633852	27.306305	28.877844	28.127016	30.227133	31.909315	33.759964	36.196842	37.290394	37.479767	39.219852	40.22528	38.587406	36.61166	33.25868	34.961628	37.689674	35.34027	32.677956	34.021076	36.737904	37.667156	37.173195	40.62167	42.209267	41.2987	42.29554	45.99772	47.26414	48.481213	44.918957	43.5716	44.127773	42.576706	39.406986	39.43847	39.51776	36.53895	34.418236	35.83126	36.421238	32.936924	31.05009	28.348501	26.329107	22.87606	21.477753	18.023443	17.24064	18.491207	17.510702	20.776735	20.858187	20.938992	24.058298	27.322828	29.078356	26.883884	27.699621	30.87657	33.20677	36.39699	38.802536	40.739098	42.305435	40.84039	43.01907	42.961758	43.117767	45.94385	47.41449	50.81344	51.369114	54.6069	53.176525	52.954124	49.65724	48.13155	45.337395	42.80105	42.011677	38.263252	35.851055	32.762234	30.089037	27.35828	25.876495	25.91929	22.872799	22.617847	21.925795	21.101952	27.39262	27.048342	27.067368	27.660767	25.68611	27.341068	28.271675	31.951876	34.099777	37.70332	40.09114	42.339382	40.73784	40.825104	41.484688	42.2936	40.465843	40.29631	37.498905	36.992847	34.754707	35.184406	31.719067	33.118088	34.34106	37.78094	39.231903	42.871067	45.120537	48.81499	51.50952	55.307472	57.55968	61.16971	64.00904	63.368958	59.71744	58.51933	55.61002	56.938457	53.754475	49.994747	47.927544	44.78461	42.66048	43.654453	41.99652	38.356888	39.465946	42.04255	41.237514	44.829987	46.016075	49.36891	51.56103	50.281235	51.744717	54.57136	57.903084	56.407784	57.18431	54.69552	55.718155	54.112022	50.65948	51.245724	50.52046	53.769104	53.537785	53.433167	56.2957	58.99547	57.401047	56.57289	60.19455	61.40089	59.213593	60.697617	64.21642	63.50387	62.20798	65.312256	67.324745	65.65029	63.946194	60.643597	58.28904	54.93635	53.868267	52.591537	48.98984	48.92052	46.854496	46.663902	45.714546	43.090816	43.24257	40.185192	42.20542	40.63334	42.814587	41.75863	43.533955	45.60767	48.14979	50.55109	52.874172	55.976204	58.99177	61.896366	62.76534	66.52921	68.41737	69.28418	73.00698	74.08146	71.697464	70.827995	67.28603	65.31375	61.776215	59.18109	56.12456	53.12989	50.00702	47.39707	44.669655	41.815845	41.412315	39.01653	40.132996	39.82524	42.49259	44.729156	44.725876	45.12392	48.399357
Q-120-B	24.423706	23.75716	23.32284	20.698748	18.548084	19.308062	18.310745	14.962682	14.436776	15.607835	13.363793	10.204369	12.114717	13.24216	10.022601	8.978924	12.544254	12.817223	10.728947	13.344804	16.28753	19.878683	22.365057	22.17264	19.571764	19.55772	19.149494	20.068224	17.517359	19.08736	19.086626	15.426627	14.601333	17.297974	16.207	12.544267	14.157033	16.642319	14.327882	12.543473	16.126759	17.817917	15.513309	16.534887	20.026663	20.287693	18.983526	21.567411	24.339912	23.992002	27.171028	26.194721	26.015984	24.916084	21.310883	21.350485	23.219194	22.250084	22.137226	19.765741	20.185575	17.272015	18.473768	18.396013	15.68859	15.01795	17.050617	19.967232	20.066685	20.358324	23.046093	24.861015	24.862164	25.969847	28.725698	29.936638	29.98584	31.682838	29.05189	27.222363	24.791605	26.51579	25.588104	28.600372	29.319273	31.550423	33.93783	33.913445	32.509686	30.264942	27.088268	25.335835	26.52178	25.387558	27.263058	28.84124	30.94266	33.25081	34.16115	34.5212	36.451782	37.366768	35.930893	33.94663	30.756273	32.668816	35.428463	33.233593	30.768827	32.471687	35.115154	36.18266	35.500538	39.056286	40.445602	39.302208	40.429844	44.15563	45.678513	46.932224	43.389584	42.232037	43.072475	41.460625	38.18081	38.494835	38.773323	35.65385	33.60055	35.372562	36.11859	32.68661	31.166895	28.711792	27.147379	23.731598	22.85644	19.658861	18.869284	19.39957	17.809767	20.790382	20.217749	20.547323	23.95761	26.918905	28.871735	26.447649	26.792046	29.733452	31.704119	34.813957	36.95671	38.8369	40.192772	38.621124	40.691185	40.376114	40.47924	43.164165	44.52262	48.003605	48.76075	51.952045	50.481472	50.434208	47.246567	45.620884	42.90721	40.294136	39.670586	35.964787	33.73504	30.836178	28.248322	25.7873	24.795553	25.24075	22.379599	22.592512	21.806913	21.40008	27.38398	26.786695	26.276667	26.542915	24.144577	25.453712	25.973608	29.608488	31.55156	35.0676	37.534107	39.57061	37.774418	37.696484	38.185165	38.904247	37.118084	36.921963	34.055653	33.708313	31.440704	31.758072	28.230513	29.622463	31.031874	34.380737	35.68099	39.2894	41.455307	45.134846	47.78528	51.581352	53.82273	57.4181	60.284073	59.63545	55.997353	54.754852	51.830463	53.152054	49.9795	46.220474	44.184208	41.03906	38.93689	39.892525	38.195335	34.566906	35.719288	38.285732	37.444603	41.028053	42.202976	45.55765	47.750523	46.479465	47.946323	50.762962	54.10145	52.631817	53.445526	50.98348	52.06227	50.440567	46.99638	47.66327	47.037884	50.337803	50.205715	50.028248	52.815613	55.582157	54.020943	53.088264	56.683334	57.96965	55.76437	57.157104	60.707394	60.060513	58.697758	61.751354	63.83394	62.20302	60.43546	57.181652	54.86112	51.542492	50.44475	49.256214	45.648006	45.487232	43.36316	43.056854	42.07974	39.390007	39.510597	36.502808	38.604153	37.069702	39.290657	38.212845	40.080215	42.10948	44.709255	47.03941	49.392902	52.43239	55.444115	58.29382	59.145336	62.902367	64.76094	65.675644	69.38304	70.42628	68.075264	67.16255	63.616722	61.6059	58.069714	55.51389	52.480946	49.500835	46.42682	43.811016	41.168556	38.310123	38.05396	35.765804	36.98125	36.868134	39.46134	41.614452	41.78786	42.310246	45.476673
H-121-B	27.163069	26.178232	25.989311	23.633278	21.127918	21.662601	21.07989	17.88504	16.7237	17.874151	16.140814	12.698658	13.744155	15.146842	12.228388	10.117624	13.253369	13.948019	11.1049185	12.93068	15.457318	19.178728	22.14223	22.190226	20.096474	20.000502	20.183836	20.780746	18.297968	19.159676	18.87277	15.427744	14.186232	16.204979	14.9689865	11.214454	12.169004	14.364154	11.910948	9.537233	12.982383	14.671266	12.116861	12.842952	16.424953	16.760244	15.313329	17.786602	20.644602	20.432413	23.693672	22.802921	22.462618	21.590431	17.949316	17.762684	19.829578	19.109468	19.354752	17.414623	18.126991	15.482132	17.38628	17.241062	14.932903	13.882308	16.552237	19.264647	18.655142	19.053915	22.150486	23.587711	23.129396	24.51145	27.444212	28.243437	28.12019	30.14919	27.562578	26.102222	23.726397	25.577826	24.779638	27.83792	28.656063	30.558998	33.261616	33.14211	32.13538	29.904263	27.022331	25.168066	26.151974	24.99049	27.169462	28.31657	30.33452	32.932415	33.60686	33.612232	35.66559	36.94484	35.69655	34.0735	30.902086	33.116657	35.572563	33.125813	30.921984	32.7177	35.04972	35.756634	34.743435	38.186287	39.82429	38.481316	39.287354	42.92571	44.488472	45.45794	41.82025	40.875164	41.562317	39.679707	36.556946	37.07284	37.058956	33.794014	32.063538	33.932037	34.342186	30.785599	29.460888	26.830597	25.40956	21.836021	20.930805	18.0555	16.704521	16.861149	15.44875	18.59114	17.762423	17.600863	21.116888	23.950842	26.19226	24.039888	24.197435	27.285261	29.303183	32.60238	34.900013	37.066586	38.66599	37.411694	39.749836	39.562325	40.01697	42.81729	44.424625	47.84546	48.55792	51.601143	49.88412	49.661274	46.41778	44.576385	41.666023	38.87008	37.942966	34.20005	31.716337	28.899511	26.017626	23.700544	22.704918	23.488247	20.97983	21.657272	21.506247	21.65009	27.002743	25.927984	25.32138	25.177254	22.767422	23.78191	24.243711	27.982784	29.75597	33.370438	35.554234	37.749767	35.99594	36.260124	36.77835	37.848427	36.320137	36.50776	33.8885	33.776875	31.865938	32.46096	28.998901	30.732395	32.472042	35.672516	36.704197	40.270332	42.260345	45.904675	48.332336	52.120804	54.16332	57.69145	60.556107	59.67418	56.08755	54.739956	51.926414	53.410793	50.38792	46.628998	44.839275	41.707222	39.69535	40.335567	38.375362	34.868855	36.004036	38.26677	37.217567	40.77695	42.10021	45.59592	47.562614	46.084328	47.695587	50.66475	53.90733	52.305367	53.188972	50.886578	51.802998	49.953106	46.62284	47.37398	46.598644	49.77655	49.788414	49.86072	52.587543	55.433483	54.10704	53.2267	56.75856	58.206554	56.19154	57.52868	61.08162	60.649826	59.35326	62.314735	64.51575	63.088768	61.334812	58.167236	55.75869	52.40864	51.05631	49.76449	46.07483	45.63852	43.282425	42.925808	41.652714	39.005413	38.901543	35.725662	37.758125	36.46874	38.925568	38.206814	40.30298	42.55675	45.374645	47.759	50.324432	53.27253	56.38351	59.132854	60.075626	63.820724	65.659294	66.7628	70.415825	71.30642	69.0062	67.8962	64.29524	62.238472	58.66398	56.163044	53.288372	50.240696	47.339104	44.553745	42.04264	38.993362	38.76935	36.376137	37.31383	37.458897	40.237	42.1038	42.165165	42.994038	46.148182
M-122-B	27.375484	26.07243	25.463089	23.421745	21.087864	20.981176	20.159216	17.401083	15.995654	16.363777	14.704369	11.517056	11.785788	12.634524	9.83645	7.378686	9.9678335	10.5521755	7.4665027	9.162254	11.724529	15.427064	18.350496	18.446692	16.46772	16.602718	17.143219	18.041887	16.043314	16.977983	16.121775	12.596685	12.069714	13.92861	12.08791	8.563914	10.462353	12.164617	9.365518	8.093467	11.871424	12.986649	10.853255	12.622915	15.75304	15.762079	15.069569	17.883018	20.213627	19.892315	23.176931	22.719841	22.919228	22.346836	18.562454	18.793772	21.332079	21.21501	21.427216	19.852066	21.08043	18.771593	20.72493	20.155863	17.566267	15.878729	18.218624	21.30791	20.61753	20.371845	23.536331	25.30387	24.51795	25.448837	28.649906	29.60524	29.034271	30.856167	27.938211	26.20416	23.405083	24.73007	23.399021	26.124655	26.493938	28.253416	30.951561	31.20294	30.259956	28.382952	25.432241	24.054083	25.533735	24.926397	27.42466	28.798857	30.40465	33.158768	34.184116	33.97576	35.679974	37.03307	35.464813	33.85011	30.455126	32.41379	34.80512	32.166267	29.735178	31.145355	33.542065	34.11727	33.340187	36.6868	38.501522	37.45613	38.179108	41.812305	43.08058	44.09515	40.46959	39.25811	39.718483	37.99169	34.91288	35.094383	35.004517	31.918125	30.001427	31.543564	31.952198	28.3997	26.736912	24.019423	22.299831	18.76224	17.716343	14.614834	13.64591	14.188109	12.864109	16.10908	15.955031	16.000904	19.209919	22.395193	24.232718	22.05008	22.756275	25.975887	28.35365	31.619915	34.138725	36.225727	37.983105	36.757763	39.163433	39.30257	39.773693	42.766045	44.529797	47.822285	48.24217	51.358074	49.72947	49.28788	45.90976	44.25888	41.299458	38.68517	37.657978	33.88205	31.290754	28.183195	25.373177	22.640306	21.110937	21.360277	18.56132	18.782585	18.648321	18.553492	24.090733	23.234686	23.07306	23.329313	21.366539	22.90081	23.943813	27.680403	29.845255	33.52941	35.750217	38.191998	36.78287	37.15801	38.041855	39.116375	37.389217	37.53414	35.04192	34.584373	32.758606	33.65238	30.359756	32.274822	33.735737	37.08556	38.39065	42.04894	44.25634	47.95797	50.441536	54.24236	56.220814	59.79792	62.52942	61.630737	57.996616	56.8422	54.13736	55.760372	52.771873	48.987972	47.2509	44.25431	42.02466	42.592033	40.81282	37.248722	38.082573	40.35088	39.55717	43.202602	44.72787	48.17538	50.244736	48.631626	50.059353	53.105534	56.273186	54.51198	55.18301	52.758575	53.49114	51.747334	48.365383	48.855934	47.850307	50.92689	50.69572	50.89606	53.79386	56.479618	55.084206	54.442978	58.031963	59.306644	57.36673	58.918755	62.390034	61.854156	60.750893	63.819466	65.87384	64.42624	62.85775	59.597626	57.046284	53.594753	52.21913	50.705864	47.015083	46.7434	44.520798	44.469013	43.32965	40.90846	41.046204	37.763348	39.514324	38.005108	40.285164	39.58798	41.465828	43.858154	46.593277	49.180634	51.767567	54.852604	58.046066	60.92341	62.02993	65.80498	67.80271	68.93274	72.6011	73.42592	70.99322	69.88544	66.249504	64.354515	60.72964	58.07526	55.214733	52.049213	49.079464	46.203953	43.499233	40.37926	39.81243	37.170345	37.878994	37.724483	40.66548	42.619465	42.366707	43.047997	46.371235
K-123-B	27.86937	26.997576	26.079601	23.68072	21.820747	21.971169	20.557182	17.659407	17.043427	17.232698	14.806184	12.136009	13.180786	13.231045	9.746814	8.693712	11.306067	10.631987	7.7235622	10.588791	12.814785	16.503836	19.022896	19.500101	17.341763	18.11959	18.47903	19.995623	18.207956	19.718287	18.788069	15.09318	15.144782	17.265541	15.188709	11.9184065	14.192178	15.691708	12.615843	11.647592	15.410317	16.08978	13.577338	15.501694	18.670214	18.118073	17.054407	20.199514	22.443436	21.550861	24.495049	23.600079	24.054667	22.930637	19.252655	20.031946	22.176586	21.823862	21.369701	19.38236	20.667614	18.43246	19.79114	18.817448	15.741174	13.976247	15.698802	19.067932	18.907125	18.36221	21.193968	23.367994	22.926664	23.509748	26.585484	27.962952	27.503237	28.968197	26.004015	23.936983	21.1386	22.47646	21.227892	24.086979	24.657492	26.838888	29.24527	29.316486	28.003708	25.92174	22.782406	21.268974	22.758904	22.085932	24.371197	26.04401	27.720142	30.261526	31.458462	31.520575	33.14457	34.21831	32.549324	30.702297	27.32039	29.16713	31.749826	29.317244	26.788961	28.310984	30.878553	31.777637	31.153166	34.647125	36.173946	35.177	36.2178	39.937603	41.295975	42.57465	39.045185	37.74782	38.511345	36.999847	33.711407	33.883663	34.19539	31.16293	28.989147	30.691927	31.532915	28.16513	26.621187	24.328144	22.914598	19.66359	19.2396	16.194397	15.943965	16.08844	13.958658	16.601578	16.168177	17.03391	20.283669	23.30926	24.926928	22.269684	22.824932	25.693857	27.796675	30.806267	33.034286	34.810917	36.25499	34.709568	36.85933	36.82684	37.02535	39.915676	41.504246	44.847355	45.333206	48.541176	47.07724	46.80622	43.498405	41.990417	39.215485	36.741066	36.042072	32.314606	30.040997	26.92669	24.469349	21.725555	20.511417	20.69826	17.718937	17.889925	17.130457	16.96763	22.706877	22.047976	21.574036	21.974396	19.766045	21.402	22.342379	25.96327	28.247335	31.817474	34.341827	36.592648	35.14536	35.189434	36.09862	36.86569	34.896942	34.75705	32.127823	31.473978	29.471594	30.303083	27.037281	28.900463	30.18417	33.607983	35.083073	38.78532	41.14412	44.87983	47.471302	51.276794	53.309196	56.938297	59.608448	58.82457	55.14525	54.132496	51.423336	53.03947	50.00807	46.214745	44.418907	41.518272	39.118015	39.75629	38.20633	34.559776	35.23197	37.65258	37.111225	40.81503	42.38449	45.717903	47.979523	46.40147	47.626743	50.625736	53.802032	52.038956	52.568645	50.000595	50.76595	49.20794	45.733795	46.090584	45.129974	48.27225	47.905663	47.960136	50.925407	53.533848	51.989082	51.36011	54.99564	56.148376	54.1265	55.754017	59.203407	58.544212	57.4587	60.59554	62.558884	61.026848	59.506893	56.190853	53.6325	50.169727	48.892586	47.38669	43.734623	43.632828	41.56952	41.6248	40.714302	38.34882	38.742725	35.53552	37.22756	35.469635	37.540867	36.628586	38.329166	40.64051	43.257717	45.87422	48.3873	51.545902	54.731544	57.689606	58.834934	62.624546	64.70614	65.79681	69.4846	70.318375	67.80637	66.76792	63.13957	61.339523	57.708103	54.964558	52.05416	48.865993	45.81162	42.965054	40.14984	37.08379	36.42109	33.782974	34.602604	34.30989	37.175613	39.26408	39.06223	39.601204	42.927345
T-124-B	30.877531	30.073622	29.418697	26.932064	24.888412	25.26053	24.062609	21.00191	20.294262	20.777838	18.472023	15.5984745	16.58899	16.902729	13.511621	12.082108	14.526747	13.981288	10.64432	12.920113	14.467834	18.250805	21.107103	21.99645	20.275637	21.115473	21.818333	23.139414	21.297915	22.379	21.357456	17.82654	17.477522	19.128544	16.98069	13.661462	15.242127	16.425358	13.121888	11.516025	14.990199	15.45356	12.298754	13.805124	17.123205	16.292719	14.585028	17.772991	20.151217	18.99987	21.770535	20.497023	20.801065	19.412384	15.820632	16.704193	18.612432	18.21532	17.610945	15.703798	17.245373	15.355091	16.941692	15.684754	12.787732	10.688435	12.865545	16.04711	15.458811	15.0479965	18.132214	20.019985	19.402283	20.246504	23.350212	24.48093	24.069963	25.77241	22.960735	21.237333	18.706831	20.483757	19.738874	22.898285	23.94774	26.03613	28.639359	28.29645	27.21996	24.859596	22.042307	20.070705	21.029526	19.99119	22.346497	23.573715	25.393993	28.070415	28.930508	28.84702	30.72911	32.02077	30.668541	29.108387	25.888334	28.15457	30.50799	28.010607	25.878899	27.774021	30.012096	30.735067	29.687101	33.175148	34.729805	33.381264	34.278152	37.950443	39.55041	40.64039	37.054096	36.078636	36.95723	35.18929	31.933634	32.5003	32.749958	29.49464	27.638594	29.711952	30.41659	27.01591	25.943062	23.744043	22.830683	19.554077	19.52287	17.00064	16.33806	15.649949	13.187065	15.599913	14.343345	15.0919485	18.63329	21.26462	23.247923	20.610691	20.595276	23.357355	25.181389	28.27014	30.397459	32.34994	33.809162	32.41945	34.69258	34.547096	34.979237	37.84642	39.53847	42.901333	43.515003	46.572365	44.887436	44.6226	41.357655	39.600456	36.734512	34.05003	33.252132	29.518404	27.194517	24.29348	21.673542	19.273968	18.514538	19.348608	16.87308	17.854324	17.566223	18.201199	23.031044	21.785496	20.774092	20.53108	17.924984	18.991056	19.517075	23.206886	25.19952	28.792847	31.18049	33.390816	31.819462	31.991306	32.802155	33.766537	32.018185	32.156406	29.667019	29.323956	27.589401	28.55685	25.309853	27.437038	29.117249	32.33485	33.481304	37.11599	39.274128	42.964466	45.3529	49.146305	51.021202	54.587715	57.274433	56.313614	52.682793	51.56206	48.92667	50.658657	47.750134	43.962765	42.378098	39.49744	37.181976	37.5488	35.78114	32.242146	32.917522	35.093536	34.379932	38.060028	39.74076	43.17218	45.269505	43.541286	44.86664	47.97099	51.077908	49.23342	49.83772	47.40609	48.0903	46.35176	42.96609	43.44339	42.44237	45.534386	45.35139	45.539055	48.403	51.122974	49.779415	49.109398	52.677376	54.011593	52.117897	53.633343	57.107502	56.65749	55.569588	58.597828	60.700302	59.351204	57.79317	54.58157	51.98874	48.533897	47.04522	45.531475	41.81526	41.43178	39.146076	39.077847	37.922836	35.54537	35.75731	32.452785	34.142174	32.588844	34.87148	34.221287	36.168976	38.618946	41.444347	44.043705	46.734875	49.772964	53.02409	55.86318	57.059547	60.8306	62.8723	64.131645	67.764786	68.466866	66.019356	64.80821	61.14047	59.279667	55.624935	52.95352	50.18085	46.958027	44.074112	41.100567	38.455025	35.244686	34.721733	32.0913	32.768185	32.838646	35.782135	37.576935	37.43039	38.306873	41.528893
L-125-B	32.255493	31.030357	30.302504	28.201265	26.008698	25.86954	24.842516	22.135216	20.894922	20.974592	19.106163	16.221655	16.324835	16.548065	13.615689	11.513221	13.161535	12.8821945	9.148151	10.478256	11.476634	15.23967	18.399454	19.469336	18.253822	19.130941	20.417768	21.642588	20.17644	20.822493	19.311384	16.047918	15.89302	16.904596	14.34661	11.425147	13.02411	13.490599	9.920171	8.867542	12.226118	12.093581	9.064547	11.285214	14.202443	13.117341	12.015875	15.407513	17.371723	16.277288	19.197626	18.465033	19.101938	18.282461	14.527802	15.515931	18.058289	18.413532	18.225344	17.07139	19.085745	17.579805	19.685648	18.334284	15.743694	13.178417	15.482812	18.599104	17.421257	16.647072	20.013863	21.77636	20.523212	21.229156	24.64181	25.514168	24.589256	26.397585	23.374804	21.76227	18.922298	20.262354	19.094711	21.92726	22.592146	24.22977	27.10975	27.06737	26.397915	24.42106	21.803032	20.255926	21.519754	21.001118	23.819752	24.888563	26.256805	29.256342	30.217646	29.676348	31.33753	32.966244	31.492706	30.221611	26.858927	29.079052	31.134342	28.2943	26.1662	27.738987	29.787592	30.091164	29.0048	32.2909	34.21896	32.994965	33.536613	37.12027	38.47092	39.356113	35.697285	34.650986	35.16591	33.301384	30.231993	30.64674	30.544556	27.321829	25.578074	27.407194	27.789654	24.249094	23.001593	20.514057	19.42299	16.002396	15.820344	13.439053	12.620668	11.829106	9.513116	12.256551	11.411597	11.853989	15.268347	18.179487	20.078468	17.668537	18.044035	21.13745	23.39822	26.657288	29.158262	31.304905	33.13397	32.056393	34.608368	34.86212	35.582897	38.68235	40.675087	43.86757	44.198948	47.195236	45.4076	44.820107	41.405483	39.649563	36.58833	33.92212	32.766457	28.982777	26.322248	23.222511	20.375847	17.68542	16.32872	16.947588	14.5022335	15.475197	15.820355	16.678398	21.129995	19.683893	19.059399	18.845234	16.714052	18.03397	19.099573	22.855211	25.040833	28.76124	30.905483	33.464195	32.230984	32.790207	33.902744	35.14659	33.468834	33.86083	31.673216	31.238129	29.826542	31.159536	28.113983	30.499365	32.142315	35.348644	36.516666	40.15178	42.325596	46.00417	48.285324	52.060757	53.771915	57.309826	59.905342	58.79109	55.18021	54.1147	51.626408	53.526512	50.739048	46.959797	45.548664	42.75692	40.401184	40.55641	38.744816	35.282146	35.778954	37.74854	37.052414	40.72894	42.593723	46.065845	48.05863	46.138012	47.45282	50.679943	53.66795	51.65427	52.174633	49.786938	50.239845	48.422943	45.105377	45.462864	44.201557	47.112053	46.8543	47.312073	50.241104	52.886192	51.658047	51.197315	54.745594	56.057148	54.346283	55.967445	59.372627	58.98592	58.073463	61.105156	63.173485	61.934757	60.51165	57.30136	54.576153	51.051952	49.405323	47.68045	43.937195	43.49797	41.170853	41.280422	40.021454	37.842873	38.04419	34.5885	36.025784	34.52156	36.824913	36.443165	38.36776	41.03359	43.911736	46.661484	49.470936	52.529533	55.872612	58.722874	60.06251	63.83148	65.946365	67.316635	70.92041	71.50221	69.013145	67.69662	63.98826	62.201813	58.50984	55.79111	53.128956	49.81472	47.00169	43.89852	41.22375	37.887814	37.154373	34.309578	34.629036	34.629322	37.786102	39.45406	38.988377	39.93667	43.262615
R-126-B	31.886879	30.626225	29.446692	27.46768	25.648296	25.151306	23.706081	21.347305	20.305199	19.72862	17.664774	15.35127	15.220964	14.603204	11.703474	10.208021	11.143677	10.009894	6.3344593	8.137008	8.864392	12.551183	15.3306265	16.614271	15.369462	16.81264	18.233208	20.018242	19.079323	20.132418	18.236324	14.918626	15.671279	16.80006	13.808367	11.415487	13.945464	14.104151	10.476996	10.717941	14.137862	13.544453	11.192194	14.111264	16.538162	15.156986	14.744421	18.279282	19.730707	18.429754	21.145395	20.671812	21.841919	21.065672	17.394777	18.800915	21.414417	21.957554	21.507782	20.309866	22.431545	20.941463	22.70837	21.130854	18.15454	15.433397	17.030453	20.498493	19.717293	18.377035	21.449774	23.700512	22.507565	22.619055	26.08583	27.357716	26.184132	27.544847	24.239141	22.136002	18.898674	19.602917	17.815428	20.285528	20.46587	22.239275	24.893677	25.236647	24.348074	22.68506	19.807161	18.800137	20.684828	20.741179	23.649675	25.18158	26.196735	29.1368	30.559986	30.050396	31.295826	32.75365	30.877262	29.411238	25.842775	27.641687	29.796803	26.929497	24.434423	25.592825	27.886314	28.297007	27.645628	30.921053	32.836384	32.01408	32.70214	36.33248	37.398148	38.525436	34.958412	33.52882	33.97236	32.45548	29.306068	29.27914	29.356804	26.41417	24.242453	25.728983	26.408451	22.99907	21.331312	18.989744	17.618017	14.443835	14.407185	11.692713	11.947666	11.620319	9.053442	11.440916	11.506619	12.749264	15.614202	18.814367	20.028429	17.328897	18.34295	21.322107	23.804182	26.81859	29.35418	31.184715	32.95726	31.683468	34.09951	34.564827	35.075275	38.267517	40.250027	43.34956	43.442287	46.583496	45.027763	44.356674	40.86815	39.429134	36.471043	34.111122	33.094208	29.344353	26.817982	23.43454	20.960047	17.822393	16.008358	15.790563	12.728665	12.880032	12.722323	13.109464	18.169197	17.231913	17.058283	17.564789	15.894472	17.960648	19.607635	23.204617	25.844217	29.503288	31.864944	34.49756	33.549824	33.966244	35.371956	36.384125	34.381397	34.501167	32.305744	31.423594	29.914225	31.375977	28.488026	30.862223	32.089455	35.470108	37.00106	40.71749	43.161156	46.89208	49.321934	53.099194	54.844357	58.451153	60.917995	59.91231	56.241035	55.410675	52.97153	54.91008	52.088394	48.29907	46.823586	44.162304	41.5752	41.812542	40.304867	36.74864	36.979572	39.098946	38.746204	42.493942	44.45369	47.79646	49.99453	48.069145	49.134926	52.340015	55.301746	53.220867	53.508217	50.93121	51.304424	49.7182	46.303635	46.37689	44.998474	47.87558	47.316082	47.74572	50.852367	53.299576	51.88443	51.614265	55.236904	56.301674	54.565346	56.406097	59.726322	59.13708	58.37084	61.538227	63.40924	62.05629	60.80057	57.473404	54.666027	51.07479	49.53624	47.66668	43.978836	43.836796	41.768734	42.182457	41.21651	39.229576	39.77162	36.34094	37.56123	35.727184	37.71822	37.158398	38.748398	41.410507	44.08956	46.987823	49.70535	52.922287	56.284462	59.29181	60.737396	64.53055	66.79875	68.10587	71.7413	72.329666	69.69796	68.47857	64.772064	63.16202	59.450966	56.571316	53.855164	50.475445	47.529644	44.436703	41.53459	38.24356	37.1815	34.175327	34.421574	34.007977	37.208374	39.092762	38.397213	39.047916	42.524105
G-127-B	30.171047	29.30507	27.963135	25.658167	24.186876	24.012766	22.169447	19.63067	19.23825	18.741268	16.089369	14.098978	14.802324	13.873805	10.42195	10.057973	11.635373	9.824694	6.9121404	10.026421	11.382823	14.869034	17.05885	18.128368	16.268858	17.836443	18.60339	20.708813	19.578568	21.250956	19.749321	16.152288	17.008432	18.827639	16.160868	13.499522	16.25227	17.03715	13.636129	13.536441	17.188248	17.057234	14.6058035	17.161383	19.919958	18.697289	17.898075	21.39475	23.121368	21.72726	24.328825	23.464315	24.506458	23.27814	19.695837	21.137037	23.32878	23.35114	22.501402	20.710314	22.48504	20.711372	21.888428	20.32121	16.974207	14.615922	15.660524	19.320314	19.249111	17.949785	20.599388	23.188429	22.579948	22.544056	25.746483	27.430126	26.608856	27.676296	24.442175	22.009672	18.886282	19.727484	18.094799	20.73786	21.111681	23.42151	25.659243	25.857248	24.427404	22.507376	19.272898	18.085573	19.982584	19.814655	22.304012	24.245802	25.521925	28.107212	29.670092	29.623085	30.880478	31.916098	29.952757	28.0814	24.541475	26.15302	28.689524	26.168581	23.465145	24.751575	27.387691	28.303862	27.905405	31.380129	32.900734	32.14423	33.260094	36.997303	38.183483	39.621853	36.170624	34.64873	35.42597	34.152603	30.792942	30.736177	31.240929	28.385431	25.945807	27.53662	28.652805	25.453259	23.828691	21.852955	20.58733	17.688583	17.807676	14.926832	15.5045	15.389203	12.719251	14.715664	14.542651	16.177576	19.092289	22.120848	23.247265	20.268084	21.084665	23.726954	25.876122	28.645443	30.839172	32.35481	33.742027	32.073856	34.14771	34.315372	34.431713	37.436646	39.109882	42.334675	42.592	45.869057	44.53179	44.142765	40.768887	39.47941	36.762497	34.52426	33.913193	30.225273	28.07201	24.76448	22.637321	19.615551	18.233103	17.975636	14.740901	14.611071	13.480113	13.313714	19.06411	18.599354	18.18796	18.948467	16.975925	19.072702	20.4347	23.90466	26.553928	30.068388	32.750668	35.08987	33.95087	33.942818	35.199543	35.839752	33.615337	33.352253	30.862505	29.829021	27.940758	29.105537	26.114233	28.211443	29.214668	32.71377	34.43699	38.192432	40.766537	44.529823	47.142654	50.931896	52.85605	56.521313	59.0109	58.21393	54.497032	53.731564	51.176193	52.96369	50.009727	46.216373	44.537212	41.864414	39.202225	39.694942	38.397293	34.733467	34.994053	37.386448	37.19565	40.967922	42.790268	46.01723	48.412018	46.67614	47.627533	50.694355	53.753284	51.80858	52.06271	49.35216	49.911774	48.518467	44.99544	45.04263	43.861538	46.896538	46.26101	46.409058	49.539078	51.959038	50.33378	49.952763	53.63102	54.590977	52.65762	54.505672	57.849457	57.09047	56.223274	59.456795	61.25837	59.73244	58.42809	55.03809	52.323242	48.767647	47.449978	45.717693	42.08831	42.16176	40.27316	40.669395	39.956062	37.87987	38.600605	35.336487	36.683365	34.64437	36.451927	35.537846	36.968117	39.408623	41.92246	44.747192	47.29123	50.571445	53.847187	56.924824	58.278557	62.08314	64.354195	65.512566	69.191765	69.90713	67.246254	66.18608	62.52506	60.93222	57.253456	54.341194	51.487442	48.169945	45.083298	42.132305	39.136524	36.002956	34.969013	32.09051	32.66093	32.084774	35.091408	37.230885	36.736374	37.147095	40.602978
A-128-B	29.43735	28.78736	27.179626	24.774017	23.690214	23.548681	21.3292	18.901978	18.986357	18.264742	15.257109	13.828044	14.87434	13.4361315	9.88813	10.548943	12.0349245	9.593774	7.6192956	11.160598	12.60276	15.761775	17.411657	18.407537	16.264107	18.071787	18.506468	20.952705	19.960518	22.054808	20.646208	17.015343	18.206045	20.3194	17.734608	15.226343	18.237055	19.159903	15.908052	15.999265	19.691217	19.611822	17.304193	19.887066	22.634914	21.405457	20.646322	24.156319	25.850681	24.380007	26.879244	25.945984	27.077368	25.698719	22.193563	23.73832	25.785412	25.656424	24.587553	22.564877	24.192862	22.32556	23.111298	21.515888	17.96647	15.827607	16.320454	20.069092	20.474964	19.049463	21.31575	24.182539	23.881596	23.579096	26.613438	28.608734	27.88045	28.639519	25.391357	22.66945	19.540092	20.182098	18.43557	20.940989	21.205633	23.798618	25.68312	25.961475	24.172169	22.28422	18.812515	17.801067	19.914696	19.865795	22.093618	24.40639	25.658998	27.986675	29.786558	29.995487	31.082682	31.813192	29.662111	27.50604	23.949608	25.23716	28.006132	25.7078	22.769531	23.91989	26.823719	28.05477	27.979122	31.5083	32.797516	32.24711	33.630753	37.40538	38.53209	40.210777	36.879593	35.178593	36.087418	35.076378	31.619896	31.381037	32.15623	29.4799	26.789976	28.275877	29.697186	26.687193	24.955826	23.231981	21.936787	19.30837	19.52539	16.554594	17.55422	17.653309	14.966795	16.672583	16.675056	18.607704	21.35333	24.365875	25.240208	22.105227	23.026577	25.45527	27.504814	30.049038	32.07309	33.30961	34.473244	32.55041	34.37331	34.466625	34.288223	37.20221	38.689354	41.922718	42.17096	45.561264	44.44144	44.1709	40.850212	39.772045	37.240406	35.199383	34.84563	31.238443	29.334898	26.01143	24.20036	21.14406	19.830715	19.284445	15.877209	15.305187	13.499818	12.7684145	18.985783	19.00749	18.673502	19.815527	17.935379	20.242966	21.638075	24.91984	27.689413	31.067257	33.95159	36.155495	35.03486	34.768177	36.044827	36.4079	33.96947	33.402885	30.779255	29.496162	27.377775	28.408522	25.464949	27.36238	28.03823	31.649734	33.62349	37.4049	40.144688	43.924377	46.684353	50.463215	52.491196	56.201088	58.64474	58.005695	54.254375	53.617382	51.028713	52.74112	49.714336	45.933643	44.125763	41.51285	38.737038	39.40139	38.345463	34.618603	34.790955	37.36939	37.39647	41.179695	42.95175	46.049446	48.613552	46.985344	47.778973	50.74891	53.836994	51.947723	52.09511	49.253002	49.879414	48.68324	45.08479	45.008926	43.895008	46.98358	46.194256	46.179214	49.37559	51.6924	49.88616	49.522057	53.244385	54.045467	52.000828	53.933548	57.244682	56.313286	55.451637	58.765633	60.444504	58.780365	57.520145	54.058315	51.372005	47.823475	46.68068	44.975033	41.421574	41.73456	40.05989	40.562706	40.102283	38.067112	39.002907	35.861618	37.18271	34.933037	36.507793	35.340847	36.537178	38.833496	41.156445	43.983967	46.37944	49.745438	52.967438	56.136925	57.476913	61.286293	63.613213	64.66048	68.36812	69.15535	66.42819	65.49737	61.871964	60.36236	56.70575	53.722576	50.78167	47.487595	44.283234	41.43369	38.311195	35.31015	34.165096	31.319805	32.039776	31.200396	34.08562	36.44715	35.974403	36.117626	39.60315
A-135-B	40.796562	40.9352	39.222363	36.326607	35.80937	36.261303	33.626278	31.06359	31.961773	31.410236	27.976967	26.989775	28.54266	26.841042	23.358273	24.334448	25.583876	22.653942	20.768236	23.686907	23.521626	26.06094	27.20448	29.472271	28.189825	30.828447	31.61912	34.43194	33.71268	35.773502	34.08544	30.588717	31.760578	33.49222	30.541473	28.151493	30.707224	31.032564	27.324074	27.04855	30.309755	29.388365	26.283033	28.474617	30.985071	28.586811	26.8594	30.476414	31.688879	28.868757	29.810349	27.643187	29.343195	26.646711	24.479937	27.293829	27.887993	27.573898	24.794346	22.741457	24.81731	24.51215	23.887463	20.808504	17.414888	15.130032	12.536228	15.496688	17.08176	14.211866	14.092916	17.880125	18.387169	16.246584	18.210365	21.462023	20.850845	19.88117	16.977163	13.407337	11.315041	11.869333	11.839303	14.597512	16.660206	20.26302	20.871017	19.47289	16.728811	13.560617	10.586173	8.0549135	8.862348	8.521933	9.51806	12.852351	13.834772	15.206682	17.649904	18.610434	19.197998	18.989954	16.69562	14.034514	10.750653	12.211894	15.313287	13.958821	11.579315	14.145269	16.81115	19.094524	18.959093	22.741732	22.705212	21.850426	24.27877	28.03715	29.797403	32.116863	29.357466	27.949972	30.155563	29.70066	25.907726	26.275337	28.408493	26.027306	23.314205	25.74466	28.284235	26.426443	26.186258	26.317533	26.93366	25.614132	27.68276	26.130554	27.543674	26.002623	22.244936	21.714403	20.234259	23.460081	25.72471	27.1748	27.580608	23.814486	23.417303	23.8561	24.152409	25.2464	25.692984	25.6609	25.429155	22.528154	23.263063	22.595778	21.607012	24.109613	25.192686	28.502096	29.01728	32.49435	31.694483	31.972046	29.035992	28.296047	26.525686	25.063704	25.965712	23.02285	22.714167	20.212332	20.273165	18.425915	19.206005	19.329428	17.42249	18.103155	15.814057	16.821655	19.180988	18.81173	16.3829	16.749512	14.148589	15.427438	15.688112	17.378807	19.992289	22.294003	25.909464	27.185444	26.220339	24.897503	26.459646	25.820227	22.65996	21.313427	18.852621	16.692366	14.752454	16.556593	14.741483	17.383331	17.638237	20.904243	23.094952	26.753767	29.80652	33.471375	36.075447	39.69079	41.342472	45.046085	47.0275	46.378784	42.61071	42.57519	40.42615	42.541847	39.85618	36.223675	34.937595	33.18427	29.812683	29.855667	29.613237	26.154097	25.030193	27.377974	28.508163	32.227684	34.606224	37.183098	40.064907	38.124554	38.04082	41.03143	43.723557	41.482193	40.930477	37.77631	38.025692	37.365696	33.698044	32.932022	31.597116	34.573013	33.308388	33.178967	36.588047	38.570786	36.57601	36.530804	40.286896	40.785694	38.882366	41.127857	44.241943	43.226692	42.73484	46.142178	47.595367	46.081783	45.20698	41.72276	38.725582	35.042595	33.704697	31.66374	28.166525	28.767519	27.537382	28.722395	28.935543	27.681854	29.603655	26.746826	27.175835	24.137642	24.768496	23.376991	23.87415	26.337358	28.469267	31.66267	34.21675	37.695095	41.123356	44.41722	46.267067	50.04047	52.759533	54.122334	57.703865	58.072826	55.082466	53.976257	50.295017	49.259167	45.538246	42.244717	39.590908	36.029922	32.956387	29.834364	26.487715	23.333427	21.455397	18.215729	18.560875	17.471899	20.524786	22.810604	22.193819	22.384926	25.867624
N-136-B	40.351387	40.68739	39.25946	36.155464	35.505726	36.332264	33.86816	31.005415	31.986513	31.886934	28.42152	27.155157	29.048536	27.76873	24.102972	24.926453	26.679638	24.076653	21.96797	25.029978	25.255514	28.137575	29.612474	31.656258	30.146143	32.464115	33.04446	35.612278	34.4969	36.509796	35.125885	31.506145	32.259026	34.142334	31.43635	28.696016	30.957645	31.59869	27.932566	27.137474	30.397106	29.81973	26.469128	28.213932	30.990515	28.819256	26.66163	30.094252	31.659065	28.949446	29.951303	27.453506	28.71844	25.751575	23.717646	26.283852	26.467512	25.694965	22.746136	20.345987	22.067816	21.768692	20.75312	17.692919	14.394934	12.621137	9.554503	12.244368	14.359454	11.945389	11.406997	15.169377	16.290625	14.573697	16.151102	19.432539	19.446955	18.70935	16.257183	13.097524	11.788392	13.419597	14.222228	17.37993	19.815044	23.269648	24.109144	22.413929	19.89709	16.473516	13.891002	10.811592	10.420529	8.575924	8.722701	11.709905	13.699231	14.793528	16.577028	17.985025	19.252861	18.942545	17.305113	14.693532	12.028473	14.078739	17.10796	16.112402	14.3807955	17.364683	19.701971	21.923817	21.349321	25.128319	24.963736	23.637564	26.03659	29.739792	31.863495	34.0122	31.21263	30.195084	32.5393	31.799614	28.044046	28.82391	30.836515	28.201551	25.814425	28.524498	30.842289	28.821287	28.786983	28.692513	29.321877	27.671516	29.54922	27.88435	28.848923	27.22863	23.504814	23.321302	21.388788	24.272509	26.901882	28.221949	29.092325	25.437912	24.597971	25.098608	25.118153	26.371574	26.642721	26.82338	26.467203	23.627287	24.32938	23.155003	22.194138	24.371489	25.20191	28.745817	29.739918	33.079853	32.1188	32.709457	29.976412	28.91138	27.178375	25.3999	26.391626	23.463646	23.221779	21.088964	20.907578	19.512403	20.72042	21.442017	19.728739	20.827076	18.860374	19.944004	22.567713	21.87503	19.251484	19.068617	15.978968	16.520544	15.968208	17.758032	19.780941	22.03109	25.612865	26.568146	25.096113	23.557863	24.624826	23.909122	20.917019	19.548819	16.68984	15.057643	12.739435	14.061761	11.6869545	14.337588	15.143193	18.377758	20.256994	23.97203	26.857626	30.57539	33.18623	36.875504	38.645573	42.361572	44.540264	43.909393	40.134136	39.862194	37.53454	39.52728	36.74397	33.05272	31.674498	29.742706	26.478746	26.60114	26.178183	22.63796	21.78092	24.257837	25.177923	28.929354	31.161598	33.82832	36.69127	34.86383	34.95036	37.90729	40.7375	38.645504	38.332848	35.256306	35.76428	34.965622	31.268475	30.839504	29.818808	33.016376	32.091106	31.757042	34.976284	37.226795	35.301624	34.894543	38.63541	39.39122	37.345848	39.318928	42.59687	41.713585	40.939083	44.250633	45.923958	44.41878	43.275513	39.86365	37.01818	33.4142	32.08395	30.350315	26.770672	27.119368	25.642326	26.4006	26.456713	24.847385	26.582392	23.788137	24.591698	21.695812	22.59444	21.069231	21.947647	24.27369	26.615808	29.589394	32.18174	35.545536	38.93142	42.11436	43.786102	47.57998	50.14313	51.494892	55.099476	55.54843	52.68424	51.561344	47.874924	46.625645	42.906235	39.744217	37.01662	33.524746	30.458473	27.359629	24.174341	20.982721	19.615639	16.693653	17.547354	17.076244	19.865152	22.037197	22.014275	22.500504	25.695972
Y-137-B	41.887497	42.01759	40.81338	37.76988	36.76164	37.558212	35.374874	32.381294	32.981777	33.036797	29.77414	28.085848	29.750109	28.769896	25.079939	25.336163	27.106401	24.806244	22.215284	24.943378	24.938072	27.938831	29.789776	31.98614	30.747984	32.95512	33.8316	36.17318	34.97755	36.637527	35.154278	31.605383	32.103634	33.680458	30.927767	28.165588	30.09093	30.522215	26.817793	25.82201	28.817633	28.086403	24.589039	26.10073	28.752369	26.443485	24.063332	27.37859	28.868248	26.029182	26.805017	24.108332	25.330439	22.235182	20.450531	23.143837	23.127024	22.484577	19.40426	17.29542	19.380821	19.572495	18.865053	15.476125	12.486098	10.184948	7.166517	9.71251	11.202914	8.367816	8.09356	11.863184	12.599218	10.892652	12.81772	15.908844	15.790138	15.359549	12.8475895	9.96975	8.887751	11.325173	12.780231	16.307076	19.142862	22.272676	23.53374	21.539268	19.562098	15.966964	13.906399	10.336729	9.114051	6.4656925	7.4295807	9.443906	11.710445	13.478069	14.72013	15.639254	17.360846	17.690102	16.50776	14.613922	12.061802	14.917381	17.309969	15.8633585	14.735745	17.998758	19.770515	21.453423	20.24063	23.975084	24.112555	22.321346	24.342722	28.016903	30.35407	32.16472	29.198248	28.535116	30.836836	29.723938	26.05123	27.233847	29.001488	26.106697	24.106016	27.114254	29.132835	27.006577	27.327185	27.177723	28.095175	26.373749	28.377293	27.029799	27.667711	25.646654	21.90244	21.576475	19.169378	21.893679	24.561172	25.544441	26.664026	23.139177	21.862474	22.266874	22.063398	23.454355	23.734049	24.238997	24.083	21.55507	22.65705	21.511066	21.117104	23.47776	24.697979	28.229488	29.261417	32.380466	31.00183	31.414406	28.594141	27.114891	25.066313	22.89817	23.591927	20.51706	20.073696	18.09718	17.704807	16.666931	18.293217	19.589987	18.371037	20.126326	18.821255	20.531857	22.513252	21.186867	18.224602	17.333313	13.873897	13.732144	12.677826	14.650734	16.431791	18.888384	22.33638	23.41763	21.842093	20.607244	21.705122	21.432146	18.730766	17.983208	15.423812	14.3684225	12.784085	14.57497	12.25191	15.433505	16.980524	19.791876	21.05929	24.64669	27.17392	30.826801	33.11177	36.801872	38.325523	41.956715	44.177296	43.237457	39.518463	39.0568	36.836143	39.028828	36.420265	32.71322	31.650124	29.68378	26.599987	26.288095	25.428892	22.029854	21.212393	23.249298	23.833118	27.613037	30.056171	32.946552	35.530495	33.431534	33.729843	36.90783	39.65169	37.392868	37.209465	34.346462	34.673027	33.520298	29.932575	29.68127	28.472193	31.576883	30.91567	30.921711	34.042274	36.477844	34.90428	34.50087	38.157692	39.20019	37.401405	39.23446	42.549316	41.996338	41.254375	44.408722	46.286774	45.064663	43.882732	40.626198	37.71541	34.113873	32.41263	30.594778	26.877972	26.714676	24.787716	25.38997	24.948698	23.318338	24.741283	21.62851	22.381742	19.773909	21.14417	20.19749	21.583193	24.272717	27.012495	29.99319	32.889038	36.06409	39.554333	42.55626	44.29519	48.062706	50.55209	52.1286	55.66058	55.942562	53.180225	51.808567	48.058544	46.70225	42.939922	39.890602	37.37162	33.822582	31.030735	27.714563	24.820534	21.346233	20.193617	17.20227	17.589085	17.783886	20.822138	22.410955	22.304646	23.399555	26.479326
K-138-B	41.08605	40.898914	39.582508	36.76583	35.649075	36.092175	33.941715	31.123676	31.421204	31.191238	28.084028	26.370684	27.62768	26.500828	22.937496	22.992867	24.403856	22.057632	19.351929	21.832136	21.509539	24.398966	26.268044	28.614359	27.616442	29.939451	31.09701	33.47822	32.524437	34.05353	32.30567	28.871655	29.575691	30.918322	27.963186	25.445776	27.498476	27.621384	23.858418	23.223461	26.179878	25.148329	21.803484	23.688347	26.122942	23.630417	21.601263	25.112646	26.339136	23.452024	24.325224	21.976505	23.552576	20.809013	18.699076	21.586004	22.131836	22.016846	19.293926	17.603048	20.126472	20.207773	20.183456	16.885212	13.756382	10.697621	8.823001	11.927319	12.447426	9.285592	10.300084	13.791428	13.534327	11.821108	14.565662	17.243748	16.382935	16.23394	13.084843	9.999549	7.5540104	9.408702	10.015953	13.641427	16.173965	19.202204	20.771835	19.125975	17.360151	14.022484	11.682464	8.407717	8.266882	6.9819303	9.475403	11.364536	12.721573	15.195308	16.76235	16.926603	18.25716	19.101366	17.497408	15.875418	12.731197	15.375173	17.566837	15.4054785	13.837116	16.67242	18.533947	19.835732	18.683023	22.435722	23.094233	21.554157	23.250202	27.018219	29.030773	30.742683	27.586153	26.668419	28.624552	27.463478	23.775923	24.701685	26.249521	23.31794	21.157757	24.00597	25.928234	23.636248	23.74233	23.479303	24.312195	22.61937	24.68924	23.435207	24.236685	22.192425	18.398085	17.933765	15.740292	18.677908	21.208254	22.40891	23.338705	19.734415	18.805912	19.485228	19.78119	21.428946	22.22083	22.946218	23.289558	21.008753	22.555878	22.04132	21.995022	24.794682	26.436121	29.755917	30.347017	33.496037	32.047096	32.019577	28.903719	27.483007	25.109724	22.944801	23.16755	19.817724	18.84392	16.290003	15.598375	13.91375	15.031001	16.053509	14.622892	16.360603	15.210357	17.127296	19.0684	17.632452	14.81538	14.086694	10.69928	11.223687	11.076687	13.591321	16.023106	18.924072	22.230715	23.88833	22.732796	22.044113	23.562893	23.707079	21.101591	20.700422	18.536577	17.313807	16.094225	18.174803	16.004955	19.147123	20.471893	23.40371	24.808134	28.39815	30.954271	34.594482	36.83687	40.507248	41.940956	45.545166	47.698883	46.658615	42.96297	42.537727	40.41379	42.69124	40.142273	36.4428	35.43052	33.43743	30.389162	30.037458	29.082811	25.712925	24.92662	26.821428	27.299814	31.070852	33.57741	36.545853	39.020752	36.81102	37.180347	40.441334	43.117893	40.751694	40.529606	37.717403	37.84755	36.617035	33.10318	32.743168	31.259817	34.162704	33.37944	33.677666	36.887714	39.212357	37.7168	37.554367	41.195248	42.16303	40.52189	42.484352	45.714653	45.162655	44.591106	47.76812	49.569157	48.392365	47.34451	44.06635	41.061924	37.408405	35.636772	33.606346	29.901873	29.766594	27.851727	28.64432	28.087675	26.611115	27.924995	24.635927	25.217731	22.730936	24.16058	23.50171	24.810396	27.662312	30.365833	33.47023	36.391937	39.605812	43.13323	46.164005	47.98102	51.74157	54.275192	55.875416	59.397884	59.637123	56.84167	55.43858	51.677475	50.38007	46.60832	43.52973	41.065624	37.480858	34.709953	31.358139	28.415964	24.919952	23.529861	20.323639	20.296673	20.18004	23.474218	25.05064	24.471283	25.484373	28.779505
P-139-B	40.8935	40.55407	38.939346	36.320263	35.389084	35.48027	33.135212	30.634647	30.913399	30.226107	27.138342	25.769855	26.725073	25.144884	21.788643	22.086142	22.97744	20.267416	17.871546	20.251059	19.566435	22.093477	23.580841	26.124214	25.304583	27.955091	29.2702	31.919401	31.367224	33.00656	30.984898	27.667206	28.839138	30.095469	26.915594	24.77002	27.194656	27.053257	23.278025	23.245064	26.256325	24.929094	21.918919	24.323439	26.50325	23.855536	22.382992	26.077124	26.965677	24.058853	24.970116	23.08313	25.078356	22.719097	20.40672	23.415821	24.442879	24.715765	22.268894	20.811428	23.450247	23.336348	23.534534	20.38533	17.1173	13.980296	12.445994	15.696645	16.10184	12.893626	13.98962	17.450607	16.883425	14.890504	17.742016	20.408161	19.085575	18.672165	15.221217	11.817832	8.615837	8.883487	8.070268	11.268501	13.232967	16.483965	17.873781	16.694881	14.679446	11.72063	8.782439	6.3186297	7.928812	8.422315	11.221128	13.582304	14.038049	16.5454	18.736544	18.654617	19.27903	20.083517	17.849627	16.103512	12.499272	14.436167	16.681126	14.199695	11.91328	14.126949	16.36653	17.6914	17.08712	20.837635	21.670235	20.705477	22.42899	26.248775	27.820189	29.732096	26.618885	25.214264	26.96575	26.13844	22.398247	22.775646	24.430752	21.78479	19.16367	21.632864	23.81422	21.63436	21.371166	21.28475	21.986832	20.611801	22.835844	21.601198	22.95204	21.116272	17.303017	16.523869	15.020444	18.358498	20.47985	21.965649	22.337778	18.577463	18.319418	19.042213	19.78386	21.287487	22.335276	22.82453	23.317257	20.973892	22.513607	22.507784	22.351372	25.386768	27.15949	30.260698	30.41507	33.709866	32.486526	32.19444	28.91058	27.87153	25.516186	23.732538	23.887274	20.564228	19.515938	16.518995	16.070038	13.719541	14.097729	14.230451	12.3317995	13.46055	11.83628	13.660151	15.569195	14.533093	12.011063	12.119279	9.393514	11.147725	12.174611	14.51977	17.562838	20.436693	23.74234	25.673775	25.006569	24.446901	26.348274	26.440968	23.643091	23.093754	21.129436	19.382647	18.204018	20.460922	18.582811	21.59521	22.375229	25.47553	27.271212	30.8846	33.67007	37.30904	39.648655	43.27726	44.698338	48.322563	50.32369	49.349216	45.64037	45.437435	43.409725	45.72389	43.18731	39.521103	38.473274	36.59572	33.40962	33.13728	32.425232	29.044558	28.070532	30.021898	30.741638	34.495895	37.047455	39.902298	42.47316	40.25569	40.450905	43.68232	46.288883	43.85531	43.42476	40.49688	40.48192	39.444153	35.922203	35.26553	33.591312	36.340168	35.227043	35.606762	38.98589	41.05412	39.421627	39.53915	43.212128	43.909325	42.31755	44.523865	47.619904	46.88251	46.518208	49.81038	51.390774	50.13301	49.2973	45.920742	42.81978	39.10563	37.425743	35.18678	31.581364	31.764063	30.147757	31.293587	30.98398	29.764486	31.29958	28.053072	28.381092	25.711967	26.817762	26.093056	26.997187	29.85228	32.303177	35.567005	38.382004	41.73515	45.26902	48.43464	50.364044	54.12238	56.792526	58.33811	61.869278	62.098076	59.179043	57.855427	54.111458	52.997196	49.230476	46.02115	43.54653	39.9214	37.060085	33.744816	30.599712	27.19689	25.398542	21.993513	21.732462	21.010204	24.415468	26.209635	25.195877	25.835396	29.36158
T-140-B	37.521282	37.187054	35.429783	32.854504	32.079697	32.08698	29.606438	27.228592	27.64221	26.804176	23.6361	22.515423	23.543913	21.76182	18.42322	19.099314	19.983322	17.070652	15.032323	17.76818	17.497896	20.065733	21.3459	23.580431	22.39632	25.032751	26.07892	28.853907	28.324223	30.227154	28.322275	24.92792	26.292032	27.834625	24.748726	22.59255	25.328508	25.45189	21.770132	21.913658	25.20036	24.156303	21.351475	23.957277	26.316229	23.999557	22.791222	26.546974	27.64228	25.091663	26.488773	24.909338	26.740757	24.639288	21.897358	24.557129	25.918026	26.041113	23.91482	22.156715	24.478025	23.77457	23.991446	21.233368	17.667149	14.8202715	13.630231	17.24396	17.920815	15.192777	16.52008	19.991077	19.667902	18.101667	20.93631	23.562002	22.463251	22.265486	18.869446	15.542081	12.361196	12.492463	11.017832	13.714758	14.841696	18.114351	19.435898	18.90531	16.671207	14.209633	10.738724	9.255478	11.45557	11.942348	14.2836685	16.949423	17.620779	19.85379	22.121414	22.300236	22.904425	23.459026	21.064268	18.940893	15.293545	16.635353	19.279713	17.008717	14.177335	15.796141	18.569122	20.098654	19.998251	23.686865	24.54456	23.947626	25.721165	29.535103	30.853807	32.855698	29.75742	28.080473	29.593834	28.906563	25.205212	25.17978	26.710974	24.193136	21.326174	23.346878	25.499596	23.14234	22.271677	21.807676	21.864418	20.246931	22.012543	20.236126	21.770905	20.530872	16.897352	16.71491	15.842898	19.007017	21.266356	23.317734	23.667297	19.956017	20.250694	21.484734	22.701105	24.433548	25.758333	26.315079	26.921717	24.575254	26.036667	26.073126	25.69529	28.640633	30.20135	33.32486	33.453506	36.866062	35.846	35.6071	32.33733	31.470577	29.188517	27.49436	27.622068	24.272263	23.062613	19.90199	19.150896	16.425304	16.099188	15.691831	12.993918	13.217731	10.935067	11.770654	15.389521	15.054295	13.37866	14.2847395	12.053683	14.323365	15.634131	18.196472	21.245632	24.199902	27.460936	29.426882	28.664133	28.062458	29.795435	29.805004	26.976944	26.208838	23.941284	22.126366	20.44952	22.244093	20.044315	22.615194	23.104486	26.50381	28.578806	32.29766	35.217407	38.93117	41.50654	45.184116	46.850975	50.538998	52.632755	51.856667	48.1061	47.8713	45.6599	47.76151	45.02961	41.324432	39.96687	37.908775	34.73925	34.855465	34.202118	30.65034	29.94918	32.22984	32.891598	36.68115	38.984314	41.840057	44.526203	42.53815	42.80696	45.910694	48.67854	46.4287	46.089035	43.090916	43.298943	42.348637	38.750404	38.170555	36.695663	39.571373	38.431824	38.591373	41.974365	44.03034	42.214794	42.223522	45.947754	46.55042	44.75403	46.960575	50.09267	49.16965	48.681957	52.04966	53.563934	52.090435	51.17794	47.711235	44.729477	41.048805	39.646584	37.55966	34.018707	34.432312	32.961548	34.00648	33.82926	32.393803	33.894917	30.744371	31.358212	28.673073	29.7593	28.716925	29.527555	32.122967	34.39648	37.56059	40.157387	43.597042	47.019684	50.26707	52.03439	55.821033	58.446793	59.782963	63.390556	63.81998	60.89754	59.768936	56.07397	54.910442	51.179493	47.971085	45.29655	41.764523	38.70482	35.57781	32.317207	29.108238	27.387327	24.138386	24.28821	23.268976	26.45164	28.620247	27.749483	27.998484	31.575535
F-141-B	37.922314	37.207417	35.432632	33.161648	32.177742	31.796824	29.493244	27.329865	27.277525	26.17489	23.348171	22.111921	22.529102	20.690897	17.650017	17.863089	18.189997	15.36457	13.105589	15.26078	14.394691	16.781376	18.174175	20.68572	19.946583	22.70477	24.215769	26.945274	26.71517	28.32571	26.07226	22.900942	24.452616	25.583086	22.2564	20.487064	23.254711	22.915377	19.228855	19.843292	22.92146	21.478209	18.959406	21.910591	23.894714	21.401146	20.662863	24.47424	25.210567	22.679846	24.110975	22.97285	25.08903	23.428152	20.553745	23.277584	25.089687	25.714752	23.95955	22.687305	25.319881	24.696133	25.471748	22.780384	19.389854	16.174507	15.705668	19.306162	19.289593	16.49609	18.400537	21.58028	20.61372	19.145369	22.369904	24.604792	23.036211	23.106415	19.480665	16.38201	12.772613	12.357713	10.053238	12.3811	12.883077	15.732654	17.52216	17.466692	15.768599	13.874102	10.6099825	9.924571	12.592325	13.700339	16.653637	18.895817	19.118076	21.802374	24.034868	23.642372	24.083942	25.119267	22.665909	20.997091	17.245472	18.572702	20.734781	17.944735	15.1417055	16.220844	18.732159	19.629215	19.46647	22.953686	24.368248	23.920021	25.219028	28.973774	29.990637	31.755144	28.511728	26.703241	27.77469	26.968592	23.401894	23.14634	24.297438	21.77106	18.875784	20.631725	22.530188	19.9686	18.818815	18.144516	18.06744	16.477762	18.341635	16.759813	18.503212	17.20819	13.602852	13.210673	12.81971	16.091368	18.049047	20.313143	20.425032	16.760492	17.53599	19.078547	20.811869	22.766823	24.567799	25.388767	26.484428	24.533146	26.404581	26.939026	26.9764	30.200323	32.12704	35.052696	34.87208	38.18844	37.010876	36.386765	32.925175	32.013973	29.452911	27.719511	27.381548	23.911726	22.245838	18.767141	17.716534	14.516764	13.440404	12.561482	9.496869	9.529387	7.5621595	8.902894	12.469726	11.901229	10.68047	11.877983	10.20731	13.0870695	15.154252	17.928986	21.221573	24.399721	27.376625	29.756636	29.30054	29.167984	31.147947	31.536745	28.886833	28.49295	26.541515	24.816889	23.522844	25.5807	23.462965	26.19823	26.81249	30.14419	32.10795	35.79838	38.633324	42.325394	44.77613	48.44397	49.974876	53.620068	55.678818	54.739502	51.02338	50.75898	48.64702	50.86863	48.229996	44.522724	43.296555	41.21742	38.113632	38.068184	37.236164	33.74559	33.058506	35.129154	35.641506	39.426346	41.833286	44.799088	47.332306	45.191082	45.561943	48.78409	51.47724	49.10523	48.77467	45.875553	45.898865	44.79791	41.28954	40.691257	38.992844	41.692005	40.553947	41.004974	44.403202	46.430233	44.779755	44.95056	48.629818	49.26653	47.656757	49.90489	52.98614	52.16716	51.807713	55.14048	56.663418	55.312057	54.481564	51.04954	47.98438	44.27278	42.710587	40.466434	36.90348	37.17955	35.591293	36.703625	36.317986	34.978424	36.3268	33.0026	33.489704	30.973812	32.211857	31.499073	32.408005	35.198414	37.568798	40.81025	43.519344	46.926136	50.408634	53.620605	55.46615	59.242138	61.879646	63.306534	66.88604	67.229866	64.31292	63.082253	59.357716	58.2037	54.45018	51.25324	48.679447	45.101406	42.137764	38.915646	35.711594	32.39895	30.612555	27.239817	27.03869	26.062874	29.424349	31.38845	30.220488	30.601183	34.23477
L-142-B	38.107647	37.322567	35.90539	33.564804	32.19347	32.004646	30.055218	27.590584	27.248604	26.578787	23.917635	22.105408	22.539345	21.303535	18.107838	17.637102	18.388643	16.185541	13.214653	15.142864	14.423907	17.29107	19.382036	21.768394	21.079575	23.411171	25.009544	27.32276	26.721815	27.976929	25.849401	22.639318	23.65166	24.613098	21.387524	19.306536	21.605381	21.28124	17.495935	17.591455	20.533836	19.142807	16.24398	18.887304	20.993698	18.47294	17.330187	21.115234	22.03152	19.462427	20.952604	19.584019	21.49094	19.743944	16.822767	19.528606	21.280455	21.921831	20.235065	19.114592	21.888372	21.437626	22.500057	19.789076	16.630552	13.176501	13.2802105	16.766918	16.231956	13.60622	16.042105	18.873075	17.62484	16.611025	20.04921	21.901932	20.380688	20.96408	17.417727	14.78411	11.310778	11.796842	10.264902	13.24523	14.364859	16.79441	19.126354	18.649035	17.485104	15.242754	12.5269165	10.974755	12.701	13.060302	16.234165	17.852144	18.450012	21.435698	23.135592	22.543968	23.49263	24.900831	22.925404	21.606207	18.045006	20.051271	21.978857	19.072056	16.846136	18.465435	20.50803	21.063028	20.214857	23.698736	25.297665	24.311848	25.301947	29.032593	30.357515	31.763033	28.32247	26.9607	28.0135	26.708263	23.219501	23.497202	24.299292	21.33998	18.959068	21.136206	22.562294	19.677021	18.917358	17.876669	17.996622	15.929194	17.699263	16.268843	17.279657	15.51018	11.74828	11.647592	10.367528	13.388895	15.84429	17.958838	18.685799	15.129055	15.3399105	17.154222	18.8222	21.194601	23.121784	24.420765	25.734064	24.092335	26.28825	26.675743	27.0957	30.318794	32.37701	35.405174	35.449245	38.58606	37.070377	36.44857	32.995865	31.66052	28.859043	26.69725	26.072775	22.429209	20.434868	17.063707	15.423698	12.404415	11.641275	11.758538	9.209175	10.504926	9.849074	11.7896385	14.73608	13.264703	11.574307	11.618818	9.152052	11.291531	12.944062	16.198755	19.175154	22.609497	25.378033	27.834023	27.136541	27.26017	29.052505	29.783184	27.46353	27.467447	25.563555	24.345098	23.241016	25.286613	22.955338	25.854422	27.001526	30.177336	31.736126	35.389156	37.95342	41.627785	43.906822	47.60279	49.062374	52.652626	54.84202	53.73318	50.06058	49.55128	47.409367	49.65855	47.068806	43.337234	42.219357	40.002953	37.094925	36.894127	35.708576	32.280617	31.816105	33.696777	33.85675	37.627827	40.02821	43.173035	45.493507	43.276066	43.90181	47.2162	49.926407	47.554596	47.44661	44.73901	44.78598	43.394886	39.96993	39.65188	37.99239	40.71441	39.89777	40.464592	43.707043	45.964737	44.55503	44.55879	48.176388	49.101513	47.560947	49.596462	52.778446	52.208706	51.723648	54.920563	56.67038	55.474514	54.48157	51.165565	48.142097	44.46537	42.717014	40.57116	36.895508	36.791523	34.853504	35.673634	34.915386	33.39668	34.402775	30.943832	31.59595	29.402678	31.038141	30.603285	31.93481	34.835434	37.495674	40.633858	43.51078	46.764843	50.276104	53.332386	55.109177	58.87949	61.381336	62.91606	66.46917	66.77372	63.989716	62.616177	58.85865	57.52312	53.75585	50.70265	48.20073	44.640594	41.82145	38.51503	35.534653	32.082302	30.622759	27.342182	27.134508	26.690834	30.096663	31.76214	30.79508	31.601011	35.092445
S-143-B	35.239304	34.40968	33.25437	30.877481	29.246094	29.212729	27.528801	24.856985	24.34226	24.033455	21.493496	19.28422	19.842844	19.113634	15.792606	14.927682	16.22074	14.558346	11.228998	13.335496	13.415137	16.799011	19.315226	21.164127	20.092821	21.904762	23.250084	25.223875	24.200016	25.369415	23.566658	20.211647	20.78692	21.941698	18.999378	16.481995	18.586977	18.699486	14.954829	14.537237	17.700861	16.855724	13.76417	16.158686	18.704018	16.695375	15.3329115	19.038197	20.488287	18.396503	20.455973	19.126764	20.462418	18.852478	15.542841	17.66728	19.57501	19.912577	18.614794	17.236217	19.688932	18.771872	20.084452	17.809563	14.666611	11.462856	12.446914	15.980938	15.327626	13.483387	16.36532	18.85718	17.770817	17.55371	20.963535	22.502554	21.388649	22.508112	19.220133	16.997366	13.90179	15.050152	13.901753	16.958399	18.011751	20.221071	22.732067	22.3436	21.274645	19.006847	16.26604	14.519292	15.868505	15.555253	18.43814	19.86572	21.013021	23.923067	25.251493	24.835052	26.21053	27.616266	25.91626	24.513845	21.080187	23.232452	25.335487	22.578566	20.403595	22.13793	24.250431	24.837032	23.874308	27.342936	28.963951	27.808151	28.714108	32.41544	33.85012	35.086758	31.561666	30.377398	31.3161	29.774813	26.401814	26.812365	27.317448	24.198074	22.075357	24.19877	25.2539	22.08249	21.1582	19.52496	19.161665	16.466576	17.499962	15.576363	15.934826	14.492169	11.042767	12.132625	10.788914	12.92514	15.981143	18.413225	19.72597	16.527412	16.659542	19.002905	20.812933	23.575066	25.65095	27.290085	28.718185	27.22489	29.499056	29.67955	30.143976	33.240284	35.174644	38.34591	38.619766	41.717484	40.106922	39.610493	36.22055	34.683475	31.81958	29.40329	28.654648	24.935402	22.727577	19.522102	17.341885	14.53296	13.695111	14.188	11.6199255	12.809508	12.419886	13.768358	17.684093	16.274515	14.958031	14.831648	12.297717	13.9019165	15.058521	18.611439	21.174387	24.743279	27.337595	29.74118	28.679987	28.869705	30.278378	31.151533	29.073185	29.170403	27.021694	26.179403	24.81855	26.454117	23.708616	26.354904	27.750336	30.974804	32.36963	36.04528	38.456547	42.15887	44.480667	48.23263	49.850372	53.440372	55.83401	54.76399	51.098827	50.33709	47.998463	50.064186	47.34703	43.574303	42.28113	39.79051	37.099537	37.102688	35.66009	32.16457	32.14729	34.1426	33.940426	37.70517	39.850876	43.137672	45.367054	43.313488	44.229477	47.489185	50.360577	48.17674	48.356483	45.7591	46.048695	44.493187	41.075367	41.083435	39.66974	42.544662	41.994923	42.430634	45.527885	47.986534	46.616737	46.35217	49.9579	51.061634	49.38719	51.21715	54.52573	54.015854	53.292618	56.42608	58.32794	57.07961	55.859947	52.579758	49.71331	46.1101	44.444664	42.53965	38.8253	38.587303	36.477974	36.936863	35.987835	34.113182	34.790627	31.344927	32.415432	30.484121	32.422237	31.924286	33.537952	36.289455	39.04715	41.987247	44.815384	47.992096	51.418636	54.39368	55.951393	59.73276	62.058983	63.499493	67.08993	67.54316	64.88796	63.563946	59.82878	58.27915	54.541958	51.63252	49.022408	45.576736	42.727028	39.52531	36.667786	33.27628	32.19176	29.147316	29.293152	29.080584	32.32516	34.03799	33.401176	34.258152	37.65214
D-144-B	35.559505	34.910034	34.104824	31.516893	29.683311	30.069912	28.624655	25.61132	25.135376	25.385765	22.854162	20.284449	21.22982	21.059237	17.59156	16.499794	18.41213	17.218306	13.793676	15.908509	16.39149	19.95064	22.705843	24.336143	23.111004	24.541328	25.656359	27.297281	25.819613	26.8443	25.417566	22.004465	21.968504	23.215437	20.64563	17.712502	19.236013	19.715654	16.109957	14.799538	17.82504	17.42849	13.912955	15.482964	18.40496	16.655567	14.507887	17.961807	19.89795	17.878948	19.927698	18.07958	18.84899	16.836935	13.625567	15.501297	16.925772	16.775673	15.3094635	13.614668	15.945886	15.073093	16.37991	14.087507	11.087897	7.869909	9.479793	12.791599	11.949258	10.680298	13.821116	15.944049	15.05547	15.464237	18.717709	20.01685	19.3631	20.862047	17.95067	16.197033	13.736945	15.770915	15.512256	18.945986	20.562195	22.752611	25.314966	24.4718	23.475412	20.814133	18.337456	15.938528	16.436832	15.256434	17.811523	18.787502	20.496578	23.317787	24.12508	23.866774	25.751375	27.183653	25.954552	24.654196	21.537067	24.113308	26.196589	23.644758	21.88506	24.113297	26.020164	26.656853	25.305765	28.815842	30.276659	28.692696	29.597584	33.25848	35.055267	36.1439	32.593178	31.807024	32.954338	31.152296	27.811506	28.686165	29.165302	25.821825	24.076239	26.56221	27.46461	24.27609	23.774979	22.127266	22.010723	19.168356	20.0817	18.27693	17.977976	16.30328	13.065959	14.347503	12.2072115	13.748019	17.199617	19.213018	21.102064	18.11577	17.51277	19.743202	21.100655	23.968023	25.808697	27.63948	28.940672	27.510294	29.777866	29.579931	30.131037	33.026688	34.84793	38.163143	38.775597	41.74506	39.958233	39.67308	36.429996	34.595886	31.730534	29.023504	28.309433	24.603197	22.447838	19.65401	17.262974	15.111693	15.034253	16.357807	14.406904	16.157084	16.00348	17.50964	21.089651	19.378817	17.61855	16.829008	13.757432	14.390891	14.618765	18.255999	20.247616	23.802872	26.30285	28.470139	26.988817	27.137001	28.152292	29.127604	27.321468	27.588213	25.336828	24.979847	23.618155	25.015137	22.060392	24.671215	26.503826	29.540205	30.565042	34.162437	36.3167	39.977448	42.188934	45.948666	47.5769	51.11818	53.652233	52.527386	48.90501	47.919304	45.494576	47.490818	44.77244	40.999336	39.73009	37.11056	34.621307	34.583473	32.878063	29.43729	29.691452	31.6058	31.097374	34.81983	36.85554	40.25027	42.34169	40.330257	41.457066	44.713123	47.64347	45.557987	45.963867	43.515556	43.948154	42.208813	38.847248	39.15333	37.934757	40.90897	40.66716	41.033573	43.943993	46.61306	45.37934	44.86718	48.41131	49.75206	48.044468	49.63752	53.046337	52.70619	51.795933	54.803127	56.89721	55.72519	54.31407	51.143543	48.389996	44.871353	43.147476	41.446396	37.68975	37.181515	34.835876	34.950485	33.761047	31.64266	32.02678	28.586676	29.938456	28.281935	30.514652	30.098637	32.04797	34.73948	37.675964	40.43146	43.31747	46.33882	49.726	52.553726	53.98322	57.74485	59.919643	61.39617	64.96522	65.43674	62.916553	61.528797	57.799408	56.07397	52.35889	49.602917	47.01494	43.64763	40.90496	37.720943	35.08925	31.684172	30.985008	28.173285	28.508392	28.745792	31.860382	33.388943	33.093834	34.22151	37.415215
D-145-B	36.739143	35.750145	35.126247	32.800373	30.64164	30.79575	29.710644	26.806484	25.803286	26.062313	23.980474	21.125025	21.51541	21.660633	18.537455	16.71896	18.325068	17.68137	13.9578705	15.215533	15.348263	18.86158	22.00682	23.667807	22.85659	24.050951	25.545347	26.840282	25.419708	25.917007	24.320253	21.196426	20.911282	21.600008	18.996397	16.270782	17.30252	17.341284	13.78227	12.374978	14.944154	14.246496	10.609409	12.113431	14.824395	12.933433	10.744306	14.2668915	16.108797	14.161119	16.413097	14.831292	15.575382	14.028995	10.527426	12.331506	14.305658	14.773672	13.931403	13.0683775	15.759574	15.182104	17.272223	15.208937	12.918961	9.682632	12.055607	14.810045	13.037706	12.004564	15.586626	17.07898	15.460801	16.237808	19.720346	20.38523	19.377464	21.343094	18.45905	17.249561	14.795146	16.694162	16.330748	19.544937	20.973783	22.58923	25.559696	24.844818	24.409227	22.02906	19.925644	17.773962	18.254503	17.323156	20.214815	20.695374	22.12882	25.270126	25.859465	25.106197	27.015656	28.89106	27.80386	26.926443	23.836096	26.537355	28.248522	25.395075	23.849045	25.911766	27.491457	27.626867	26.005	29.279938	31.13778	29.46223	29.890123	33.410275	35.109562	35.830235	32.152443	31.528458	32.327328	30.21124	27.125885	28.103266	28.097176	24.618692	23.259846	25.679468	26.068758	22.6604	22.228853	20.223833	20.10805	17.051884	17.807253	16.366135	15.517288	13.465424	10.489195	12.033432	9.637159	10.442048	14.090086	16.10347	18.354134	15.767151	15.101959	17.757729	19.430836	22.662561	24.889042	27.1466	28.884739	27.931873	30.569965	30.66109	31.639383	34.686504	36.79602	39.973995	40.44532	43.250294	41.229046	40.66956	37.335438	35.31235	32.190144	29.312754	28.117819	24.349962	21.728823	18.926918	15.998956	13.855509	13.442666	15.089071	13.552845	15.69347	16.408934	18.255259	21.280375	19.137947	17.586893	16.427114	13.651913	14.050974	14.47987	18.270826	20.119457	23.837217	25.893526	28.376963	27.052935	27.721977	28.822266	30.250643	28.773521	29.481518	27.557495	27.418074	26.434662	28.03444	25.19362	27.946947	29.956623	32.857666	33.67549	37.188324	39.164547	42.75643	44.77231	48.49632	49.96016	53.41573	55.948868	54.62355	51.074306	49.980186	47.65797	49.757835	47.172596	43.432297	42.34658	39.713314	37.37605	37.125637	35.178482	31.896029	32.203423	33.819996	33.07353	36.710686	38.813892	42.321487	44.163597	42.002617	43.30142	46.663208	49.499294	47.32298	47.817688	45.55226	45.829346	43.86674	40.65599	41.047024	39.672512	42.476532	42.36601	43.005264	45.84247	48.555954	47.554886	47.115963	50.575584	52.04509	50.525047	52.066143	55.451874	55.29296	54.44847	57.361988	59.539726	58.53376	57.139706	54.053825	51.254017	47.737	45.825596	44.03904	40.2538	39.514267	36.982147	37.052826	35.57194	33.515343	33.62989	30.059591	31.327295	29.98215	32.434982	32.395515	34.523018	37.37896	40.457527	43.22696	46.245827	49.17028	52.602394	55.329754	56.800568	60.531868	62.659714	64.255844	67.773384	68.14702	65.69076	64.161995	60.410507	58.637375	54.91858	52.240437	49.787617	46.407814	43.82137	40.551895	38.059494	34.560234	33.893894	31.030815	31.08558	31.492752	34.73503	36.012802	35.559406	36.906048	40.084427
E-146-B	39.31554	38.271244	37.357227	35.122253	33.17313	33.064034	31.72608	29.051266	28.114943	27.92698	25.756697	23.236755	23.371124	22.981253	19.95125	18.396772	19.3831	18.228365	14.613731	15.656243	14.913574	18.043564	20.956718	23.161474	22.791763	24.490784	26.353975	27.98337	27.041157	27.581282	25.541681	22.55996	22.809923	23.224056	20.196962	17.9903	19.363327	18.787205	15.084857	14.517224	16.861546	15.352025	12.039865	14.150446	16.158562	13.510811	11.852732	15.568364	16.584795	13.988767	15.632479	14.140095	15.777485	14.227072	11.101809	13.781313	15.7593355	16.814674	15.610022	15.210005	18.332966	18.271536	20.136358	17.603292	15.222498	11.580283	13.079139	15.917709	14.142468	12.13728	15.484864	17.30332	15.281151	15.246945	18.952766	19.826454	18.207985	19.773571	16.52191	15.046907	12.157386	13.516015	12.855788	15.916802	17.321032	18.835545	21.850994	21.123667	20.866169	18.644474	16.774538	14.874016	15.576798	15.256634	18.557684	19.071297	19.923222	23.279821	24.170727	23.078405	24.596588	26.638031	25.327702	24.659622	21.461473	24.077667	25.508127	22.421194	20.930471	22.81803	24.197712	24.098907	22.464613	25.662357	27.668592	26.118176	26.437431	29.956081	31.5054	32.25951	28.585598	27.830845	28.591549	26.568346	23.43522	24.322525	24.390615	20.960196	19.488985	21.95075	22.479057	19.177794	18.894163	17.247736	17.570517	14.9517565	16.44462	15.519272	15.318953	12.791262	9.2442465	9.628707	6.9646306	8.975095	12.146502	13.986249	15.729358	12.730082	12.155064	14.594391	16.374763	19.462387	21.770258	23.8919	25.720964	24.796453	27.524052	27.928337	29.014444	32.250057	34.57642	37.58192	37.77823	40.582	38.582577	37.8014	34.356045	32.465893	29.290817	26.584703	25.319418	21.533216	18.874762	15.774991	13.036276	10.454849	9.875938	11.448912	10.092889	12.627474	13.597863	15.998117	18.072666	15.670987	13.910925	12.624966	9.93814	10.661082	11.730721	15.479978	17.786638	21.52761	23.65882	26.365026	25.478199	26.249458	27.811518	29.22706	27.56241	28.295746	26.672049	26.208958	25.541079	27.585333	25.115416	28.158745	29.962606	32.841557	33.810757	37.322292	39.44512	43.023678	44.98323	48.663555	49.948803	53.40419	55.736534	54.331444	50.774746	49.916946	47.80431	50.116886	47.668274	43.954914	43.05996	40.680294	38.126595	37.650005	35.916492	32.69031	32.558285	34.0316	33.613552	37.27433	39.664017	43.064037	44.971874	42.60614	43.64092	47.094055	49.760624	47.36309	47.577847	45.222385	45.218246	43.370052	40.1644	40.23677	38.56279	41.182827	40.825325	41.669704	44.654137	47.179714	46.185284	46.03704	49.5046	50.820053	49.4697	51.217655	54.478832	54.28999	53.698807	56.670364	58.710705	57.781456	56.61789	53.49822	50.52444	46.92168	44.889637	42.836597	39.069077	38.41452	36.0014	36.43326	35.077774	33.38558	33.794212	30.147999	30.966974	29.398472	31.613123	31.717176	33.614277	36.66987	39.692436	42.676346	45.776054	48.776978	52.312588	55.117813	56.81942	60.546555	62.851215	64.559296	68.04207	68.25513	65.67113	64.0699	60.283005	58.71553	54.95405	52.132023	49.797104	46.28632	43.73762	40.335392	37.7238	34.127335	33.092434	29.970127	29.626045	29.851475	33.28858	34.47554	33.659515	35.00842	38.28764
L-147-B	40.64727	39.922256	39.04441	36.533566	34.717354	34.949223	33.466656	30.577682	30.004482	30.031708	27.559067	25.09307	25.714437	25.309048	21.993898	20.812654	22.17613	20.78119	17.296343	18.846748	18.337708	21.490788	24.208424	26.44842	25.861645	27.647827	29.259005	31.000929	29.875505	30.634937	28.801165	25.643538	25.786112	26.488459	23.602333	21.129717	22.456732	22.203955	18.529264	17.560442	19.969507	18.748068	15.239595	16.813908	19.04301	16.481682	14.2345495	17.694359	18.92169	16.116037	17.269978	15.030602	16.45067	14.089599	11.514585	14.418582	15.51544	16.060999	14.066544	13.29541	16.476915	16.788095	18.136425	15.159188	12.76067	8.958114	9.865298	12.554933	10.922709	8.509217	11.734907	13.726679	11.930856	11.73033	15.360661	16.508886	15.158372	16.57909	13.437151	11.928047	9.449382	11.641683	11.947102	15.479038	17.616339	19.522375	22.220652	20.901966	20.374884	17.61713	15.890719	13.273669	13.196317	12.184944	15.26808	15.590248	16.80426	20.040684	20.720858	19.856262	21.65862	23.565512	22.515312	21.834246	18.873896	21.804508	23.267447	20.446812	19.286297	21.69728	22.972498	23.1601	21.310995	24.672676	26.285454	24.414217	25.02261	28.589533	30.513945	31.400902	27.821112	27.310616	28.548067	26.563385	23.273474	24.530745	25.011005	21.54069	20.136377	23.017155	23.874567	20.891396	21.08055	19.950476	20.695177	18.379396	20.116762	19.220997	19.090052	16.536064	12.988401	12.980759	9.982212	12.087925	15.112117	16.298552	18.070541	14.955173	13.652894	15.308406	16.238815	18.985306	20.710611	22.614626	24.007933	22.814463	25.322018	25.311466	26.279179	29.335213	31.511337	34.64415	35.10668	37.885063	35.8637	35.346897	32.047134	30.048351	27.014446	24.212297	23.292318	19.557285	17.314768	14.573366	12.219719	10.369581	11.081565	13.137386	12.213225	14.921432	15.396196	17.875006	19.640007	17.247171	14.796447	13.119031	9.690886	9.53439	9.563315	13.276361	15.315414	18.957779	21.36251	23.730352	22.555399	23.015068	24.432043	25.68216	23.971264	24.652575	22.96459	22.64709	22.025372	24.066587	21.652948	24.802067	26.775301	29.489779	30.300018	33.75343	35.809155	39.357216	41.25991	44.926876	46.180153	49.629448	51.960182	50.556843	46.998486	46.142345	44.03883	46.376053	43.960033	40.25913	39.44081	37.143917	34.56518	33.979652	32.274197	29.090658	28.859911	30.281101	29.926111	33.59457	36.048733	39.40814	41.35178	38.9611	39.92181	43.376423	46.02854	43.623894	43.81942	41.449837	41.479263	39.64959	36.418327	36.52154	34.9251	37.624836	37.338642	38.092045	41.031902	43.62137	42.633648	42.390347	45.850574	47.227966	45.85272	47.53313	50.822903	50.68193	50.040035	52.97582	55.067245	54.174545	52.970005	49.89322	46.93916	43.36365	41.292244	39.307487	35.52526	34.78349	32.315353	32.679073	31.327154	29.621002	30.092232	26.464033	27.28336	25.661367	27.88875	27.980408	29.955948	33.006184	36.089813	39.03057	42.17076	45.1177	48.658096	51.421494	53.133465	56.849003	59.149513	60.904846	64.36491	64.53764	61.966892	60.331062	56.541035	54.97004	51.20728	48.398296	46.101482	42.588074	40.09832	36.669437	34.132244	30.508484	29.573652	26.528212	26.236551	26.70138	30.072918	31.14641	30.519772	32.022755	35.176453
K-148-B	40.899185	40.118828	39.59505	37.0883	34.961987	35.36612	34.25017	31.194408	30.379509	30.802301	28.573904	25.734968	26.353262	26.487413	23.240503	21.596714	23.252266	22.430037	18.757101	20.027704	19.792046	23.097027	26.16234	28.144733	27.54055	28.896809	30.46334	31.789427	30.347973	30.774717	29.181013	26.119957	25.719183	26.267582	23.703176	21.050346	21.749216	21.622723	18.190966	16.586428	18.606873	17.689743	13.99219	14.755522	17.106121	14.846238	11.962295	15.050742	16.67761	14.104616	15.397485	12.828735	13.540336	11.010848	8.344814	10.957222	11.826664	12.267126	10.475596	10.014485	13.371023	13.950524	15.808781	13.070538	11.415213	7.859993	9.971939	11.888834	9.363937	8.071738	11.808831	12.801051	10.712722	11.696237	15.186613	15.5424385	14.52486	16.740889	14.157132	13.604881	11.934723	14.564652	15.291424	18.750551	20.940592	22.499525	25.407585	23.999062	23.77735	21.02413	19.553654	16.830238	16.301102	14.796758	17.55889	17.25643	18.827019	22.023705	22.095562	21.149952	23.404104	25.510164	24.936808	24.502254	21.84482	25.008478	26.334581	23.596685	22.749271	25.292439	26.356712	26.361822	24.204142	27.402529	29.095133	26.923088	27.254385	30.651707	32.751507	33.29788	29.662724	29.537493	30.66817	28.32778	25.286205	26.872898	27.000254	23.355143	22.462242	25.418873	25.824327	22.697836	23.081985	21.627499	22.334814	19.727337	21.091793	20.292074	19.439302	16.765997	13.70522	14.200528	10.84671	11.802498	15.149947	16.038975	18.503283	15.950437	14.152735	16.030687	16.803804	19.865284	21.636942	23.973541	25.523964	24.7033	27.367533	27.199707	28.435877	31.347975	33.5263	36.686142	37.35584	39.930622	37.668636	37.19135	33.998802	31.673967	28.532286	25.410715	24.22365	20.533949	18.059431	15.797972	12.912356	11.794062	12.7360325	15.357079	14.861942	17.769533	18.662981	21.106873	22.909403	20.301317	17.955421	15.902528	12.596466	11.666317	10.963838	14.638022	15.886674	19.536724	21.479395	23.791912	22.278334	23.04198	24.054623	25.690893	24.488161	25.563549	23.943247	24.20488	23.707743	25.51668	22.94889	25.996098	28.371496	30.878475	31.283884	34.607117	36.3288	39.79027	41.511112	45.158184	46.37002	49.722317	52.19986	50.667904	47.197853	46.05477	43.89964	46.17969	43.811005	40.137638	39.39152	36.93407	34.66479	33.99831	31.907948	28.86913	28.999168	30.208769	29.3848	32.93914	35.262703	38.78663	40.45164	38.06256	39.35585	42.834972	45.51152	43.191814	43.68328	41.56755	41.68496	39.561256	36.4806	36.943073	35.488747	38.18738	38.27283	39.077877	41.781235	44.581554	43.82753	43.375736	46.722744	48.37302	47.04073	48.46326	51.828503	51.912548	51.11221	53.881824	56.180256	55.41063	54.026424	51.09089	48.251507	44.7777	42.61401	40.80981	37.01003	35.935116	33.180363	33.162056	31.42771	29.487354	29.474655	25.809273	26.912842	25.790098	28.424055	28.763744	31.125832	34.1357	37.40778	40.145565	43.352127	46.10335	49.59439	52.169422	53.743923	57.418514	59.53272	61.34097	64.76022	64.93737	62.536064	60.804066	57.026535	55.25401	51.528896	48.92185	46.69146	43.280792	40.953403	37.553024	35.30133	31.683472	31.147776	28.349838	28.158348	29.04389	32.293114	33.133987	32.754467	34.518314	37.479187
H-149-B	42.971222	41.90164	41.338047	39.080727	36.843082	36.921703	35.92226	33.07745	31.93175	32.112614	30.1544	27.308403	27.420288	27.496162	24.542873	22.58177	23.72602	23.044922	19.309126	19.910404	19.063354	22.04066	25.203062	27.412897	27.316341	28.718222	30.704487	31.938808	30.794937	30.873428	28.952387	26.211388	25.92075	25.928017	23.178478	20.9995	21.517899	20.74781	17.40878	16.23538	17.69189	16.106913	12.686425	13.648059	15.249488	12.430965	9.883742	13.023906	13.927082	10.919691	11.899255	9.555632	10.9907	9.0158825	6.3357215	9.656509	11.1703615	12.767364	11.582357	12.285373	15.877545	16.772741	19.027523	16.432487	15.117062	11.63997	13.623104	15.3455	12.505501	10.976757	14.543034	15.248967	12.440448	13.127854	16.779882	16.691126	14.9312725	17.254745	14.5351095	14.323376	12.450108	14.466433	14.881908	17.91295	19.842014	20.796219	24.018019	22.761436	23.115046	20.767313	19.71702	17.444698	17.128532	16.271917	19.431267	18.879513	19.814919	23.314938	23.44189	21.904696	23.865059	26.392183	25.76571	25.748251	23.0516	26.153036	27.060122	23.991129	23.296547	25.527828	26.24759	25.716377	23.381798	26.273926	28.388294	26.264446	26.094934	29.32759	31.213495	31.436584	27.707113	27.651173	28.410984	25.839441	23.054281	24.670969	24.367529	20.654226	20.119553	22.991325	22.969816	19.74943	20.321333	18.785984	19.752676	17.300388	18.872526	18.69076	17.739851	14.597114	11.728969	11.716208	8.04787	8.6803255	11.759096	12.307681	14.908182	12.639353	10.637443	12.7874155	13.92467	17.304329	19.535189	22.217012	24.250494	23.9141	26.936464	27.23555	28.87	31.997663	34.5134	37.431885	37.798866	40.2354	37.82228	36.97046	33.64642	31.273294	27.895653	24.76776	23.074867	19.354338	16.382694	13.9682255	10.5970335	9.3722315	10.002363	12.959131	13.113301	16.384193	18.015352	20.828533	21.760685	18.765526	16.584135	14.188	11.395498	10.347134	10.255916	13.898023	15.262831	19.01836	20.520576	23.285696	22.251326	23.56731	24.94515	26.933004	25.893663	27.293173	26.104738	26.28666	26.189686	28.336147	26.03942	29.25878	31.560171	34.01311	34.420326	37.68708	39.386642	42.78472	44.353592	47.936462	48.941116	52.220474	54.574917	52.866215	49.45983	48.380886	46.424225	48.87451	46.67567	43.058132	42.519993	40.188755	37.915134	37.028133	34.91986	32.030376	31.972116	32.915447	32.121254	35.588898	38.08038	41.59609	43.11182	40.530167	41.79515	45.372177	47.874157	45.38168	45.77637	43.753334	43.5948	41.389484	38.448746	38.778034	37.037697	39.469772	39.496746	40.626816	43.35199	46.05004	45.46824	45.25066	48.527008	50.162304	49.06466	50.57293	53.833805	54.016647	53.41309	56.148014	58.410458	57.79065	56.556004	53.658962	50.700497	47.18936	44.85423	42.842415	39.059128	37.901165	35.12053	35.291893	33.446938	31.78673	31.748192	28.001713	28.759623	27.75381	30.36005	31.03299	33.339703	36.54218	39.839134	42.696712	46.00825	48.738136	52.300266	54.851376	56.5717	60.215023	62.38938	64.32339	67.68598	67.717545	65.29271	63.437572	59.637676	57.95292	54.21593	51.58926	49.513428	46.039276	43.83031	40.3287	38.09518	34.398365	33.663456	30.699654	30.10627	30.9444	34.36648	35.01385	34.2984	36.167686	39.17763
L-150-B	44.994427	44.064636	43.25094	40.903534	38.92972	38.981327	37.664146	34.87977	34.01135	33.946514	31.721138	29.168526	29.390991	29.03206	25.96412	24.433315	25.38938	24.17907	20.613441	21.46098	20.262394	23.002983	25.809929	28.380205	28.39337	30.223623	32.273266	33.871407	32.97187	33.31205	31.198158	28.38335	28.489866	28.601974	25.602293	23.56252	24.49417	23.607767	20.104584	19.341442	20.997124	19.147715	15.885457	17.241858	18.657286	15.552094	13.398286	16.530352	16.972248	13.599256	13.794162	11.331996	13.416253	11.102818	9.388894	13.007525	13.972635	15.4581995	13.556487	14.086877	17.772379	18.946331	20.646893	17.572905	16.001757	12.316792	13.259199	15.012268	12.530461	10.003756	13.04187	14.206709	11.299404	10.913441	14.694612	15.078931	12.836198	14.550037	11.436407	10.917501	8.883441	10.792768	11.550256	14.638386	16.95773	18.071909	21.087372	19.485119	19.814445	17.33239	16.607683	14.24801	13.693623	13.096489	16.444355	15.8484	16.373753	19.986185	20.329702	18.613039	20.31673	22.897846	22.169504	22.31281	19.66645	22.79399	23.4755	20.368542	19.902817	22.221243	22.719152	22.164125	19.722765	22.65915	24.665415	22.497057	22.433664	25.738556	27.69917	28.096844	24.41703	24.328697	25.372704	22.965136	19.974731	21.699226	21.78529	18.114336	17.43801	20.591698	20.984642	18.106033	19.033379	18.179502	19.665813	17.785484	19.987978	20.013777	19.713753	16.485565	13.207383	12.218765	8.580759	10.466371	12.826417	12.956369	14.83267	12.040123	9.787432	11.009606	11.632712	14.608232	16.542223	18.915382	20.757944	20.230064	23.205069	23.56946	25.20092	28.407913	31.016031	33.853287	34.10711	36.5658	34.203194	33.31058	29.949312	27.675388	24.33418	21.331493	19.810162	16.040554	13.275377	10.654013	7.7093663	6.476855	8.081635	11.209977	11.768372	15.265343	16.69207	19.823635	19.928492	16.840164	14.11959	11.395836	8.254204	6.702223	6.581318	10.302311	12.107258	15.893289	17.74083	20.54242	19.794733	20.963657	22.738705	24.53955	23.228773	24.549698	23.576199	23.483452	23.651178	26.137217	24.202993	27.637823	29.767502	32.13855	32.65322	35.89046	37.721424	41.096134	42.636894	46.173996	47.05016	50.3422	52.51597	50.79272	47.36537	46.526848	44.736187	47.347763	45.250195	41.664772	41.272957	39.200718	36.70987	35.647064	33.806225	30.962055	30.474209	31.332552	30.917051	34.410686	37.145866	40.50843	42.156967	39.438263	40.39216	44.01118	46.37856	43.71733	43.82995	41.677647	41.316593	39.282112	36.303684	36.330677	34.380417	36.710762	36.505543	37.72926	40.58737	43.127205	42.50123	42.493626	45.790447	47.27919	46.28175	47.958527	51.120804	51.25155	50.837597	53.62869	55.76568	55.186943	54.136074	51.21136	48.126442	44.5596	42.150078	39.95004	36.19351	35.12727	32.47963	32.96633	31.310163	29.974531	30.29597	26.53935	26.89024	25.584278	27.913342	28.63891	30.719425	34.0536	37.280724	40.297394	43.65367	46.44355	50.076942	52.6988	54.607956	58.243687	60.5765	62.587048	65.92011	65.82697	63.283943	61.394405	57.57465	56.08216	52.316265	49.55536	47.567883	43.99308	41.810722	38.21847	35.890976	32.140827	31.116962	27.98472	27.095041	27.842014	31.368132	31.92168	30.984102	32.880436	35.9177
I-151-B	45.996735	45.291153	44.667236	42.113255	40.10543	40.4942	39.233208	36.21613	35.514194	35.78717	33.444847	30.767313	31.349676	31.220392	27.962925	26.495146	27.874083	26.743525	23.148123	24.291674	23.472036	26.414389	29.276934	31.699024	31.462706	33.147484	34.957916	36.460735	35.25809	35.646137	33.81174	30.864662	30.662264	30.974697	28.215979	25.854359	26.54522	26.013191	22.593586	21.292906	22.930346	21.504585	18.02466	18.728415	20.426357	17.662209	14.895036	17.593037	18.457836	15.24395	15.2194	12.055588	13.367708	10.22806	9.268848	12.65985	12.579591	13.483533	10.909455	11.38971	15.101925	16.796175	18.210041	14.949795	13.904933	10.537087	11.357163	12.284589	9.451268	7.161778	10.1455	10.697865	7.589189	7.793408	11.460296	11.540456	9.725993	11.93309	9.392376	9.689233	8.930322	11.8446455	13.60214	16.908897	19.698286	21.010588	23.771627	21.732023	21.89207	19.01766	18.451641	15.537375	14.102085	12.543714	15.327808	14.108539	15.242411	18.632122	18.34566	16.823778	19.1309	21.659534	21.498713	21.749317	19.55674	23.02085	23.690283	20.965157	20.925331	23.705673	24.070526	23.747515	21.061008	24.01463	25.632393	23.046804	23.142675	26.349382	28.738262	29.09053	25.535688	25.869587	27.276451	24.789219	21.85343	23.993717	24.271746	20.602692	20.19955	23.58892	24.04691	21.390028	22.60181	21.882229	23.440466	21.5066	23.56261	23.445663	22.883718	19.722227	16.579285	15.908275	12.206095	13.580971	16.087013	15.830519	18.006918	15.501513	12.791702	13.454763	13.134308	15.773391	17.029001	19.363464	20.78621	20.196283	22.971043	22.788057	24.426516	27.328789	29.756466	32.729057	33.37291	35.686993	33.184875	32.599056	29.473768	26.918089	23.696035	20.416788	19.131807	15.5150385	13.168158	11.462628	8.899755	9.127251	11.533927	14.803211	15.443426	18.87648	19.998388	23.007023	23.27772	20.273407	17.288185	14.429912	11.030837	8.626832	6.661277	9.97484	10.72016	14.357861	16.195171	18.555046	17.227213	18.26803	19.630934	21.532137	20.50907	22.04404	21.069954	21.491116	21.788876	24.107649	22.1766	25.603035	28.077991	30.161615	30.299904	33.386333	34.95666	38.24056	39.622715	43.129887	43.956177	47.186867	49.445126	47.65704	44.277176	43.274467	41.460625	44.058586	42.018898	38.467934	38.190163	36.11567	33.78625	32.575134	30.549816	27.853838	27.46867	28.1337	27.509678	30.933304	33.65925	37.068787	38.590355	35.84649	36.9182	40.55225	42.920544	40.30167	40.568157	38.54817	38.274746	36.08374	33.16637	33.439278	31.653734	34.06849	34.160103	35.31517	37.987434	40.71554	40.22553	39.997246	43.221344	44.9245	43.918312	45.379204	48.612606	48.90876	48.34941	51.012817	53.31168	52.82593	51.63143	48.826946	45.83703	42.363216	39.879982	37.86204	34.09374	32.753956	29.88682	30.074955	28.188559	26.706587	26.79998	23.028673	23.531107	22.487257	25.085073	25.959879	28.343246	31.632727	35.013058	37.858814	41.275322	43.899155	47.49801	49.97341	51.805645	55.40448	57.624832	59.696873	62.98674	62.869125	60.434776	58.470165	54.65917	53.048775	49.30733	46.67601	44.759075	41.249924	39.217007	35.63185	33.5471	29.797972	29.108917	26.22335	25.458933	26.672438	30.025293	30.34529	29.75177	31.915743	34.70672
L-152-B	46.583614	45.7128	45.35769	42.91889	40.626125	41.016933	40.096786	37.044117	36.026573	36.51372	34.472275	31.518322	31.911411	32.175903	29.084826	27.175009	28.598047	27.952135	24.215336	24.959106	24.20476	27.161785	30.312284	32.555847	32.437115	33.77831	35.668495	36.80257	35.45438	35.465046	33.733402	30.988192	30.406471	30.425161	27.900402	25.583714	25.730492	25.108545	21.989338	20.382359	21.48051	20.137234	16.749405	16.8047	18.254158	15.691261	12.625527	14.760459	15.6778755	12.647924	12.537508	9.064705	9.774372	6.4464326	5.964482	9.28246	8.982575	10.425387	8.418507	10.022733	13.8485565	15.8548	17.883156	15.082305	14.787477	11.827024	13.558017	13.99056	10.525115	9.504279	12.651231	12.198169	8.827742	10.250325	13.469718	12.490509	10.876541	13.873832	12.030091	13.102843	12.633001	15.336261	16.895618	19.973034	22.519024	23.392712	26.428545	24.540924	25.065535	22.415663	21.954552	19.218647	17.872246	16.327305	18.973537	17.462803	18.645094	21.983414	21.312016	19.616434	22.087091	24.819715	24.931793	25.390938	23.320986	26.809317	27.352833	24.579361	24.62275	27.2918	27.52862	26.927042	24.088863	26.786453	28.639767	25.959425	25.64947	28.615223	30.974289	30.916294	27.310848	27.925112	29.01324	26.180336	23.610016	25.902447	25.676403	21.908064	21.9992	25.276358	25.182638	22.351248	23.641544	22.54741	24.024637	21.876999	23.603203	23.689737	22.551016	19.279062	16.674942	16.343649	12.545711	12.826601	15.366662	14.7667675	17.555815	15.741516	12.751307	13.787347	13.591463	16.626352	18.166958	21.005964	22.780294	22.71918	25.703623	25.604996	27.536291	30.368746	32.86703	35.754578	36.43535	38.540276	35.83167	35.136658	32.0733	29.289204	25.936268	22.466642	20.73662	17.266558	14.534983	13.252017	10.103905	10.759697	12.811337	16.339264	17.245945	20.77576	22.357534	25.359516	25.666979	22.476921	19.790918	16.796925	13.798778	11.366251	9.626709	12.585773	12.644488	16.11812	17.179817	19.632298	18.202667	19.774502	20.816866	23.190792	22.724333	24.641775	23.823624	24.640556	25.035194	27.176899	25.140749	28.43994	31.142042	33.112133	32.981953	35.951954	37.2476	40.43263	41.63524	45.09401	45.84576	48.95703	51.31121	49.376953	46.111523	44.865936	43.057285	45.6164	43.659004	40.164738	39.972313	37.772503	35.736355	34.458683	32.102192	29.581268	29.512123	29.952164	28.898916	32.151722	34.748188	38.28848	39.495674	36.73522	38.12365	41.77458	44.113266	41.553566	42.077705	40.33185	40.0739	37.60597	34.896976	35.46119	33.746635	36.054195	36.452427	37.731163	40.18316	43.040768	42.793716	42.453903	45.543167	47.45805	46.546185	47.807026	51.061977	51.560184	50.915524	53.423973	55.874832	55.516563	54.209103	51.532932	48.628014	45.24325	42.67941	40.77457	37.026707	35.429962	32.358955	32.26032	30.030659	28.416075	28.030361	24.267504	24.95427	24.445547	27.350084	28.48392	31.129011	34.378086	37.873	40.559208	44.016674	46.471725	50.022106	52.3299	54.058937	57.6055	59.666378	61.791958	65.030815	64.89777	62.613052	60.553017	56.76307	54.9978	51.3042	48.85765	47.027317	43.616295	41.737812	38.19207	36.34058	32.624123	32.206837	29.496706	28.764725	30.199722	33.47674	33.63014	33.13652	35.450657	38.121613
R-153-B	48.818516	47.750492	47.243145	44.982	42.707836	42.80197	41.8412	38.991467	37.814053	37.99287	36.06395	33.222748	33.25575	33.299355	30.40057	28.417295	29.373774	28.64697	24.953306	25.288935	23.97337	26.542921	29.595497	32.11483	32.43331	33.955734	36.187298	37.387962	36.384872	36.234825	34.16955	31.65981	31.34252	30.990786	28.234453	26.35952	26.568342	25.410332	22.334352	21.265255	22.043707	20.09143	17.087128	17.526705	18.262325	15.19526	12.785986	14.890181	14.860035	11.349519	10.371839	7.1100674	9.172802	6.72024	6.882649	10.575657	10.89054	13.221398	11.751698	13.754274	17.564627	19.560163	21.67705	18.860065	18.387552	15.204042	16.62991	17.306326	14.018054	12.407457	15.249881	15.030044	11.396918	11.896186	15.173506	14.155589	11.635703	14.263038	12.160729	13.323705	12.595716	14.540257	15.843852	18.412636	20.760098	21.093292	24.279402	22.459778	23.501846	21.250448	21.24828	18.964943	17.830498	17.00226	20.002237	18.432608	18.856375	22.434755	21.990187	19.72996	21.722605	24.806967	24.769491	25.60527	23.498938	26.846972	26.973331	23.924526	24.131393	26.482567	26.360748	25.270206	22.291494	24.653015	26.86206	24.268774	23.492966	26.284925	28.422428	28.096395	24.429743	25.105669	25.902863	22.898388	20.564499	22.922338	22.389229	18.609438	19.078125	22.31754	21.932411	19.20759	20.83053	19.955393	21.838123	20.107378	22.18497	22.847145	21.900648	18.329506	15.8590765	14.797784	11.056606	11.397419	13.1445265	11.870113	14.4431715	12.881262	9.513541	10.231301	10.051235	13.307952	15.254584	18.376926	20.605856	20.995897	24.289799	24.705915	26.976046	30.029413	32.85197	35.46135	35.782864	37.776127	34.983624	33.899143	30.698318	27.95138	24.400291	21.027187	18.820185	15.339474	12.117566	10.698614	7.1775713	8.178147	10.300801	14.039146	15.667249	19.401213	21.457508	24.760277	24.108728	20.647118	18.031132	14.73747	12.330168	9.718634	8.620276	11.259291	11.577056	15.077497	15.7473	18.728367	18.016981	20.062046	21.655138	24.200853	23.719185	25.802713	25.405357	25.952868	26.696447	29.206854	27.481594	30.955269	33.46196	35.43069	35.427895	38.374172	39.7581	42.899178	44.011642	47.399685	47.95385	51.01552	53.1799	51.12015	47.89993	46.83568	45.25703	47.999973	46.202705	42.76712	42.753273	40.746223	38.593086	37.138676	34.927925	32.50076	32.118057	32.383987	31.55714	34.750046	37.547478	40.99173	42.163788	39.227715	40.43729	44.15613	46.296997	43.54011	43.84314	42.102406	41.530746	39.108974	36.503426	36.791336	34.74405	36.757732	36.96436	38.55411	41.09333	43.758472	43.614544	43.584682	46.624077	48.425373	47.744785	49.172318	52.28247	52.808155	52.418716	54.937763	57.276077	57.03453	55.942463	53.269093	50.215763	46.77496	44.075447	41.913963	38.21068	36.64296	33.664257	33.893253	31.716383	30.490097	30.283705	26.504465	26.71762	26.130682	28.816853	30.183964	32.6208	36.05084	39.489746	42.34688	45.874714	48.361572	51.98903	54.328533	56.250607	59.77037	61.955418	64.18895	67.37714	67.09041	64.72549	62.576138	58.768066	57.171238	53.462368	50.93065	49.24077	45.741646	43.93478	40.292976	38.375633	34.60008	33.8679	30.94657	29.79502	31.068819	34.517166	34.52908	33.639385	35.98682	38.72796
A-154-B	50.999157	50.14708	49.557625	47.121384	45.01352	45.26313	44.103924	41.171204	40.270355	40.452522	38.272266	35.559895	35.85575	35.720802	32.63565	30.964333	32.02678	30.98395	27.369242	28.041481	26.721184	29.278967	32.12407	34.799145	35.03488	36.776615	38.91786	40.331196	39.327686	39.40367	37.35116	34.68866	34.487953	34.345192	31.523428	29.532518	29.937801	28.919619	25.713858	24.623495	25.632504	23.756714	20.650568	21.121658	22.023125	18.980467	16.499393	18.55264	18.574583	15.073287	13.729755	10.391695	12.191305	9.264603	10.136468	13.627274	13.098123	14.851368	12.584957	14.344051	18.08592	20.468916	22.028944	18.869265	18.515373	15.477696	16.143353	16.34028	13.27812	11.309778	13.37898	12.995748	9.255945	9.1223345	12.109056	11.066387	8.112988	10.588263	8.762375	10.600588	10.809262	13.024544	15.146281	17.72521	20.577204	21.112448	23.928331	21.59098	22.544237	20.0342	20.442242	17.889051	16.08281	15.000565	17.6789	15.611653	15.921903	19.390545	18.658197	16.237553	18.363329	21.532454	21.839748	22.974417	21.281666	24.786142	24.643826	21.838306	22.547146	25.176067	24.744545	23.736135	20.514168	22.82977	24.69871	21.784859	21.126608	23.849129	26.340929	26.089146	22.57256	23.554693	24.823112	21.91615	19.50385	22.230522	22.145891	18.480124	19.029688	22.578495	22.574688	20.320675	22.325193	22.030033	24.245638	22.849669	25.233385	25.871056	25.234962	21.68577	18.936417	17.547817	13.854638	14.815944	16.344765	14.843825	16.901709	15.098656	11.587539	11.11742	9.6713	12.1008005	13.161953	16.01482	17.803228	18.100716	21.25477	21.402727	23.762392	26.669025	29.486088	32.058437	32.512638	34.382725	31.508121	30.550838	27.482302	24.593966	21.12066	17.623055	15.623392	12.220454	9.436927	8.80221	6.2218723	8.515597	11.669853	15.373016	17.20122	20.954659	22.667294	26.069126	24.974125	21.556759	18.477404	14.975901	12.348332	8.960971	6.6093235	8.445557	8.017656	11.426814	12.2310295	15.049106	14.280171	16.298153	18.043486	20.59302	20.161963	22.409239	22.321383	22.986923	24.107405	26.776443	25.416227	28.99767	31.536608	33.22616	33.066418	35.847675	37.14902	40.1755	41.13212	44.433125	44.817966	47.82614	49.872993	47.741165	44.555786	43.595436	42.175457	45.051785	43.407295	40.05069	40.256226	38.48755	36.285164	34.580048	32.48695	30.247524	29.565613	29.581497	28.94123	32.05492	35.045685	38.364925	39.535538	36.46129	37.476276	41.232414	43.226814	40.343628	40.496716	38.760746	38.035095	35.645725	33.09149	33.26909	31.114563	33.03687	33.248604	34.92624	37.43806	40.075512	40.02032	40.05135	43.03345	44.85194	44.28677	45.713375	48.76413	49.370396	49.067245	51.533455	53.864426	53.737465	52.722813	50.121994	47.027943	43.61779	40.79869	38.58829	34.929775	33.24261	30.239368	30.557005	28.372623	27.392752	27.327196	23.566162	23.447786	22.838346	25.439165	27.018795	29.43836	32.941692	36.39913	39.265038	42.859417	45.26656	48.919353	51.206833	53.24162	56.714664	58.95529	61.295864	64.41781	64.00066	61.61325	59.38029	55.570522	54.06977	50.365772	47.81791	46.274834	42.749706	41.091976	37.397713	35.588245	31.803392	31.042328	28.170784	26.806517	28.305124	31.698032	31.4358	30.553894	33.105232	35.678856
A-155-B	50.79978	50.071434	49.737682	47.185593	44.953	45.476944	44.493	41.369434	40.493164	41.029858	38.871117	35.96656	36.493465	36.691757	33.515427	31.747425	33.188946	32.388676	28.694519	29.515488	28.609922	31.435505	34.465816	36.8892	36.867565	38.341045	40.26164	41.46683	40.1342	40.160133	38.412006	35.67289	35.0973	35.08963	32.55951	30.27806	30.368973	29.692938	26.626722	25.018202	25.95128	24.54066	21.271118	21.115252	22.29708	19.715534	16.719593	18.322405	18.893145	15.804818	14.710384	10.980352	11.564935	8.024534	9.523611	12.371234	10.868904	12.073273	9.519433	11.575916	15.147938	17.939903	19.466288	16.490389	16.828918	14.343814	15.323491	14.77468	11.366725	10.413669	12.433642	11.0688	7.317384	8.658198	11.069493	9.156257	7.2321596	10.6687155	9.888173	12.235414	13.066205	15.884268	18.245068	21.10028	24.05676	24.793797	27.564728	25.165869	25.891096	23.14125	23.322685	20.43051	18.3295	16.536596	18.69166	16.332577	17.36851	20.48699	19.170288	17.159504	19.871113	22.825388	23.574669	24.593904	23.158043	26.83292	26.891624	24.394293	25.148546	28.043592	27.751282	27.009933	23.790361	26.177208	27.780596	24.683716	24.200922	26.82709	29.546993	29.249758	25.85362	27.04696	28.432594	25.486567	23.16439	25.981115	25.898785	22.242552	22.833073	26.373737	26.309002	23.965792	25.858343	25.295565	27.266853	25.533863	27.570242	27.951212	26.928518	23.50726	20.920422	20.101023	16.303038	16.73932	18.70488	17.320305	19.845984	18.269638	14.782144	14.667324	13.228217	15.5441885	16.248959	19.037878	20.495752	20.731228	23.62721	23.271412	25.518066	28.085045	30.632097	33.35816	34.203182	35.95837	33.000183	32.364902	29.551584	26.45725	23.167301	19.49408	17.744577	14.677625	12.395978	12.372176	10.022089	12.159989	15.093921	18.799124	20.302324	23.985352	25.540491	28.75349	28.277071	24.958612	21.904755	18.533192	15.640251	12.372818	9.598707	11.288096	9.975996	12.883464	13.420844	15.577823	13.973581	15.911177	16.877428	19.64192	19.69623	22.135462	21.90638	23.148851	24.173857	26.465248	24.92424	28.324734	31.198164	32.69048	32.16512	34.810112	35.800766	38.740143	39.566463	42.851837	43.2675	46.20295	48.42844	46.257	43.13687	41.884422	40.348476	43.106857	41.463345	38.135674	38.363213	36.457687	34.54169	32.81092	30.404343	28.309345	27.974354	27.848421	26.780943	29.77862	32.605267	36.045696	37.003807	33.988163	35.304916	39.039837	41.107815	38.373657	38.844788	37.318638	36.804913	34.17505	31.718222	32.314606	30.46804	32.523888	33.146355	34.67294	36.920856	39.807686	39.884884	39.58839	42.48217	44.563267	43.920757	45.05305	48.214825	48.98353	48.4384	50.75548	53.29062	53.210426	51.965748	49.489716	46.566338	43.283897	40.472263	38.548656	34.891586	32.941887	29.699526	29.54743	27.049463	25.740097	25.212824	21.473707	21.758726	21.633797	24.62753	26.28484	29.072393	32.41508	36.01066	38.6157	42.209057	44.429947	47.993618	50.10718	51.955883	55.391964	57.43694	59.778526	62.87473	62.512566	60.292423	58.023407	54.243008	52.529278	48.874905	46.528786	44.999252	41.60779	40.07058	36.46141	34.92525	31.209707	30.903082	28.362782	27.311811	29.189426	32.34989	31.987234	31.532806	34.227516	36.583595
D-156-B	53.94582	53.26713	53.068817	50.477062	48.1775	48.815674	47.928593	44.735218	43.8474	44.52515	42.400482	39.422432	39.996323	40.32022	37.141964	35.315002	36.826077	36.117283	32.405308	33.17387	32.269566	35.05686	38.120636	40.54668	40.575413	41.978886	43.90441	45.006035	43.59467	43.507458	41.83075	39.1536	38.41881	38.32852	35.919086	33.64128	33.500652	32.823246	29.915937	28.165472	28.837221	27.500004	24.344137	23.817421	24.800056	22.395962	19.373106	20.41044	20.865501	17.99883	16.435337	12.732384	12.782276	9.495413	12.013721	14.228843	11.968328	12.995853	10.608125	13.097771	16.21951	19.4827	20.848455	18.088758	19.072578	17.104864	17.961056	16.723366	13.39314	13.012479	14.33935	12.150677	8.773533	10.356817	11.626063	8.667792	7.213904	10.8298645	11.311112	14.391422	15.92823	18.693748	21.347136	24.006762	27.072199	27.629196	30.289825	27.680935	28.581827	25.856596	26.369658	23.450129	21.010275	19.069822	20.782051	17.929657	18.937977	21.724384	19.836578	17.717045	20.59775	23.62833	24.913458	26.296045	25.332485	29.070185	28.836456	26.574797	27.740864	30.721191	30.11677	29.258207	25.836224	27.914913	29.374449	26.032194	25.340017	27.58137	30.502918	29.900766	26.717192	28.3825	29.835073	26.758015	24.785776	27.912188	27.755442	24.224323	25.24187	28.826004	28.6012	26.513697	28.711304	28.29764	30.450056	28.84501	30.882853	31.433971	30.265598	26.791222	24.406172	23.528395	19.762764	19.931252	21.635332	19.817308	22.354979	21.172092	17.499918	16.943266	14.939603	16.760927	16.921679	19.706333	20.969687	21.57799	24.355547	23.797152	26.276915	28.53204	31.045614	33.608696	34.623764	36.023045	32.84544	32.269886	29.74216	26.383144	23.207125	19.426401	17.606312	15.136256	13.291015	14.2712345	12.446677	15.188147	18.27283	22.022043	23.806227	27.54029	29.17018	32.44664	31.66392	28.270535	25.151888	21.639185	18.931435	15.436746	12.4380665	13.21879	10.892821	12.882216	12.544389	14.217254	12.362146	14.743999	15.296942	18.513058	19.282312	22.177801	22.39376	24.095444	25.500872	27.713333	26.447813	29.767645	32.818974	33.92935	33.015606	35.347244	35.973446	38.6584	39.128075	42.237213	42.389145	45.116016	47.30019	44.91069	41.977158	40.586082	39.24491	42.083866	40.71068	37.56384	38.115353	36.365936	34.71335	32.67464	30.100126	28.430443	28.096457	27.474459	26.18307	28.84183	31.70518	35.095543	35.698902	32.537186	33.964897	37.72027	39.569828	36.783424	37.36962	36.167465	35.51444	32.643547	30.514088	31.312416	29.479906	31.293188	32.262184	33.96926	35.910553	38.87705	39.29953	38.941345	41.6003	43.90401	43.478767	44.387897	47.485172	48.53918	47.995945	50.080936	52.74858	52.915417	51.642742	49.38804	46.53343	43.402157	40.42299	38.595573	35.056114	32.758644	29.339832	28.965475	26.1376	24.976915	24.081678	20.484776	20.597328	21.075233	24.221565	26.312775	29.28693	32.58964	36.261406	38.678917	42.33922	44.288532	47.79891	49.673004	51.522316	54.83539	56.765827	59.26429	62.224426	61.70885	59.62769	57.183136	53.44318	51.681767	48.106186	45.951767	44.677845	41.390724	40.17813	36.598648	35.42112	31.78837	31.724007	29.450087	28.277237	30.524477	33.499245	32.73984	32.417084	35.386475	37.436142
G-157-B	55.043346	54.49539	54.51213	51.82696	49.454094	50.330475	49.580853	46.252308	45.414223	46.3719	44.264935	41.176754	41.941456	42.50366	39.275826	37.419086	39.194134	38.64346	34.918312	35.795853	35.166756	38.103027	41.26189	43.52447	43.379257	44.599777	46.352993	47.30255	45.65232	45.5312	44.098145	41.385353	40.3777	40.389477	38.22147	35.7609	35.383953	34.966076	32.207115	30.117937	30.702847	29.72431	26.537924	25.559784	26.687677	24.681803	21.432365	22.038246	22.83562	20.382538	18.976068	15.300997	14.507591	11.328894	14.060067	15.475334	12.4699135	12.722543	10.415477	12.918407	15.358504	18.963284	20.105352	17.717102	19.411617	18.142473	19.066786	17.148495	13.935402	14.460513	15.370828	12.411904	9.823251	12.136689	12.452919	8.889338	8.934058	12.505302	13.81875	17.033052	18.932272	21.941803	24.752296	27.531658	30.686539	31.361046	33.955894	31.263863	32.03088	29.163876	29.596863	26.49051	23.846987	21.513584	22.741	19.710327	21.13714	23.508392	21.151047	19.421154	22.613268	25.39485	27.067852	28.413277	27.745636	31.54739	31.392284	29.41681	30.67989	33.8299	33.262024	32.57469	29.148706	31.220877	32.451927	28.985128	28.408527	30.5052	33.591732	32.941597	29.917065	31.764088	33.32341	30.247288	28.365952	31.572063	31.44718	27.956137	29.018652	32.61591	32.37338	30.286953	32.462418	31.9438	33.984688	32.21725	34.055843	34.45894	33.06274	29.701017	27.439281	26.863115	23.079058	22.994951	24.880066	23.114857	25.843937	24.789589	21.13903	20.688183	18.652967	20.322977	20.203352	22.834543	23.796848	24.372568	26.877625	25.93165	28.301695	30.185843	32.428123	35.02937	36.373043	37.589493	34.35481	34.06457	31.836319	28.349478	25.425919	21.640898	20.097433	18.039116	16.631523	17.909668	16.237135	18.938347	21.977633	25.72525	27.363298	31.055626	32.572357	35.737103	35.271263	31.93558	28.798235	25.338568	22.501392	19.038357	15.871268	16.512133	13.843926	15.242007	14.656523	15.526052	13.064725	15.21959	14.850943	18.192827	19.565117	22.60692	22.830488	25.042469	26.438019	28.280712	27.00639	30.075241	33.367435	34.182728	32.875347	34.95024	35.19132	37.677963	37.912434	40.913345	41.004387	43.576324	45.882877	43.413788	40.62246	38.947124	37.5821	40.31597	39.049397	36.0273	36.705463	34.924526	33.62961	31.49316	28.641954	27.295712	27.258635	26.351505	24.634888	26.997446	29.678745	33.10768	33.386723	30.26111	31.982254	35.680386	37.50244	34.861984	35.764336	34.86692	34.369053	31.253902	29.355707	30.573673	29.058641	30.882324	32.281746	33.87185	35.46818	38.627045	39.247295	38.599155	41.082657	43.644196	43.217754	43.805626	46.94795	48.208252	47.46797	49.342598	52.198395	52.47317	51.011574	48.944313	46.276978	43.327927	40.343403	38.803837	35.354813	32.787792	29.194862	28.360718	25.226507	23.855524	22.42659	19.034378	19.460629	20.575977	23.985308	26.206877	29.455704	32.54092	36.280315	38.39152	42.02312	43.714363	47.099766	48.739777	50.420082	53.640774	55.36103	57.895668	60.776505	60.261494	58.372623	55.85856	52.179096	50.23581	46.753918	44.848736	43.67964	40.57346	39.579605	36.13114	35.30846	31.827118	32.195427	30.304152	29.363413	31.938677	34.635025	33.707798	33.75326	36.84999	38.62652
F-158-B	52.642822	52.17435	52.39284	49.663113	47.204453	48.272465	47.68429	44.255814	43.427834	44.654865	42.614567	39.411953	40.339603	41.17288	37.939182	36.026024	38.082012	37.754852	34.038105	35.030563	34.793987	37.942234	41.22314	43.209465	42.801525	43.768757	45.288166	46.058628	44.147434	44.02382	42.877804	40.11147	38.829456	39.01131	37.11324	34.430054	33.86616	33.79832	31.171286	28.726847	29.35067	28.828108	25.557806	24.211592	25.682816	24.12813	20.613039	21.035652	22.420567	20.395573	19.61475	15.957056	14.424122	11.197662	13.487885	14.171459	10.736262	10.019859	7.743305	10.137809	12.060318	15.771231	16.97064	15.010432	17.203201	16.486763	17.84446	15.679687	12.416626	13.889097	15.047861	11.8179865	9.85943	13.0519285	13.390465	10.103577	11.102168	14.751393	15.824244	18.61252	20.254341	23.554253	26.205713	29.277754	32.370613	33.283665	35.969803	33.434032	33.932953	30.917446	30.915985	27.652937	25.152863	22.511656	23.616016	20.877432	22.837046	25.10237	22.773647	21.552874	24.954742	27.43742	29.006058	29.938618	29.105825	32.92258	33.17088	31.251719	32.189766	35.426643	35.2224	34.802483	31.546432	33.89349	35.083057	31.703514	31.38068	33.696358	36.759804	36.28459	33.164276	34.78957	36.331776	33.293743	31.222748	34.24877	34.125385	30.521088	31.313097	34.857357	34.641376	32.26601	34.114464	33.245255	34.928333	32.79958	34.290897	34.35618	32.711414	29.58568	27.427822	27.374636	23.604803	23.262861	25.581017	24.244516	27.273487	26.149462	22.69501	22.809341	21.237947	23.28018	23.444626	26.090702	27.044727	27.32822	29.74572	28.619774	30.689682	32.51147	34.507103	37.336983	38.869694	40.25398	37.151714	37.07899	34.850838	31.445074	28.597425	24.828093	23.48805	21.215101	19.698242	20.502281	18.462772	20.660225	23.408836	27.10282	28.312223	31.87559	33.243046	36.169365	36.44792	33.245373	30.228636	26.972876	23.893024	20.717499	17.638548	18.865715	16.58558	18.295687	18.140417	18.89101	16.110502	17.716972	16.840036	19.846853	21.133644	23.869303	23.569931	25.934982	26.862091	28.279903	26.603832	29.405088	32.851578	33.74561	32.355354	34.480366	34.625507	37.170906	37.536755	40.623974	40.98313	43.602745	46.153633	43.8454	41.019684	39.096542	37.42651	39.88554	38.401817	35.30967	35.720554	33.62834	32.545074	30.694895	27.597046	26.135983	26.612606	25.961447	23.851347	26.250576	28.571356	32.17018	32.42313	29.57275	31.630486	35.214634	37.304268	34.96336	36.19379	35.321815	35.224083	32.06331	30.070702	31.621202	30.501926	32.625946	34.168938	35.417	36.933403	40.25532	40.73225	39.775043	42.311707	44.957188	44.267723	44.689537	47.979156	49.176918	48.15818	50.02943	52.990307	53.10881	51.408264	49.323475	46.83134	43.940617	41.150146	39.878845	36.394123	33.876587	30.246223	29.054192	25.895626	24.004635	22.257437	18.949677	20.10065	21.323692	24.93319	26.805216	30.225023	33.07481	36.83087	38.752693	42.267242	43.94061	47.21923	48.82934	50.253567	53.50418	55.054466	57.43449	60.381283	60.07501	58.295418	55.9048	52.258915	50.0963	46.647003	44.862648	43.50429	40.524734	39.418922	36.11572	35.339893	31.954803	32.638535	30.93714	30.448933	33.028812	35.594368	34.915432	35.272503	38.22809	40.022556
L-159-B	50.010296	49.744892	50.01412	47.14816	44.773026	46.062267	45.434944	41.905426	41.289402	42.68881	40.5332	37.363625	38.59112	39.492344	36.15356	34.428738	36.768078	36.414974	32.789516	34.109406	34.23899	37.586327	40.834732	42.64026	41.906082	42.803047	44.036366	44.83395	42.73022	42.82666	41.911667	38.966225	37.610435	38.138046	36.36966	33.419308	32.96717	33.299206	30.614086	27.953539	28.932396	28.790054	25.332432	23.982313	25.962507	24.649343	20.952799	21.642563	23.551085	21.673058	21.486872	17.832523	16.209866	12.815761	14.190852	14.669039	11.330372	9.446587	6.5396976	7.598967	8.917137	12.685139	13.441324	11.543134	14.068165	13.955614	15.299636	12.785067	9.805389	12.087309	13.095694	9.735753	8.79666	12.46423	12.622848	9.9634285	11.8543415	15.263909	16.179234	18.476995	20.04203	23.61038	26.23638	29.577168	32.710247	34.014706	36.599277	34.10761	34.196873	30.968529	30.57989	27.126436	24.65432	21.6638	22.460403	20.023567	22.508007	24.534805	22.264069	21.645014	25.223455	27.294886	28.767424	29.26047	28.371988	32.159943	32.803833	31.078949	31.76413	35.132145	35.276104	35.24801	32.21413	34.86358	35.835285	32.54437	32.639065	35.206593	38.311928	38.177486	35.03091	36.392273	38.109695	35.2669	32.889057	35.730145	35.85944	32.218475	32.5988	36.148575	36.21205	33.695244	35.250412	34.259396	35.672813	33.318478	34.650322	34.301304	32.69399	29.82133	27.50385	27.79281	24.06262	23.90506	26.632875	25.796162	28.851095	27.369696	24.149117	24.55492	23.233255	25.370651	25.549809	27.966307	28.681221	28.487888	30.666475	29.255377	30.91192	32.61812	34.303925	37.38001	39.124374	40.725937	37.835114	38.06117	35.856922	32.600716	29.922068	26.23219	25.31121	22.870274	21.527542	21.955147	19.922926	21.66923	24.304567	27.83655	28.570465	31.937645	32.93755	35.601574	36.542675	33.57923	30.56159	27.572699	24.20637	21.310858	18.20399	19.758465	17.817665	19.68373	20.167585	20.693682	17.585522	18.461327	17.241081	19.714739	20.706205	23.010975	22.17112	24.609396	25.082773	26.101795	24.12459	26.679636	30.213732	31.159323	29.748402	31.94567	32.105324	34.756775	35.33809	38.54624	39.205128	41.95199	44.687534	42.615208	39.67595	37.65635	35.680958	37.913216	36.162174	32.951057	33.062798	30.734526	29.69162	28.128792	24.948357	23.274073	24.095373	23.789034	21.514233	24.088924	26.168459	29.878979	30.334309	27.742722	29.91719	33.40431	35.78688	33.68057	35.061764	34.039772	34.318874	31.266752	29.044851	30.764603	29.992126	32.469856	34.01188	34.867176	36.410423	39.835243	40.05965	38.84829	41.50565	44.13386	43.144318	43.49961	46.925716	47.96696	46.719227	48.66645	51.655476	51.563488	49.687496	47.52535	45.1622	42.293285	39.720684	38.67066	35.15357	32.774563	29.187662	27.766556	24.741617	22.403008	20.6159	17.346226	19.112783	20.178219	23.85856	25.295404	28.788595	31.41411	35.14108	36.936874	40.325058	42.052715	45.25694	46.92377	48.16369	51.477924	52.961796	55.172245	58.216385	58.114338	56.347763	54.123146	50.488552	48.20184	44.745197	42.967743	41.38198	38.46666	37.18597	33.999462	33.188496	29.893503	30.809923	29.284786	29.23543	31.792862	34.19462	33.77522	34.439285	37.220604	39.019043
F-160-B	50.566273	50.479095	50.96589	48.013626	45.617054	47.16945	46.673645	43.044704	42.5327	44.211746	42.08284	38.873997	40.31871	41.434406	38.09081	36.412277	38.99352	38.77762	35.228046	36.672485	37.086124	40.53824	43.81912	45.440487	44.50769	45.22548	46.23589	46.896202	44.566124	44.681038	44.043465	41.071796	39.484646	40.169827	38.66424	35.560085	34.940094	35.570694	33.052288	30.140852	31.095108	31.320833	27.900036	26.24289	28.37282	27.437035	23.678251	24.073927	26.255121	24.726261	24.707964	21.159725	19.15426	16.023228	17.332384	17.227026	13.732462	11.170073	8.9777565	9.291545	9.002257	12.682034	12.89246	11.831725	15.03901	15.832249	17.118908	14.149613	11.846088	14.719925	15.262061	11.741871	11.810634	15.437397	14.971714	12.443187	14.949325	18.078781	19.35467	21.600859	23.320436	26.975977	29.656391	33.067856	36.24043	37.66707	40.188316	37.660202	37.60331	34.276962	33.7806	30.22792	27.678417	24.46622	24.85177	22.451694	25.208977	26.859848	24.356592	24.135994	27.843416	29.628136	31.310669	31.677258	30.99786	34.757023	35.528233	34.051876	34.746334	38.214214	38.4455	38.59471	35.608448	38.289173	39.080723	35.744453	35.97245	38.48581	41.692307	41.584644	38.52755	39.957222	41.765236	38.945812	36.575462	39.441833	39.624557	35.995613	36.352955	39.911148	40.002235	37.466633	38.96637	37.894287	39.186203	36.704735	37.8576	37.333298	35.58639	32.8874	30.673096	31.203705	27.525896	27.241879	30.083717	29.341734	32.48724	31.04679	27.873583	28.340134	27.000084	29.07004	29.10639	31.42257	31.943161	31.667616	33.630978	31.94646	33.427948	34.832325	36.223946	39.34686	41.35881	42.867737	40.0174	40.505272	38.52331	35.24523	32.779156	29.138916	28.434305	26.200066	25.083406	25.641855	23.698145	25.41944	28.014711	31.50472	32.089375	35.367104	36.224136	38.733086	40.00316	37.13398	34.12545	31.22072	27.783487	24.956564	21.801935	23.260513	21.19277	22.761944	23.183199	23.278074	19.919897	20.465006	18.614653	20.844717	22.150164	24.332817	23.366913	26.135452	26.448719	26.989622	24.968672	27.106602	30.790735	31.465885	29.713436	31.641232	31.421516	33.86976	34.29939	37.40334	38.12523	40.736057	43.64176	41.6141	38.806442	36.489883	34.381317	36.363018	34.62086	31.53572	31.6328	29.184248	28.581348	27.09509	23.645344	22.27985	23.576172	23.146864	20.39736	22.628424	24.292786	28.040668	28.211863	25.856707	28.39051	31.70038	34.16036	32.357426	34.108505	33.34484	33.92419	30.751278	28.71477	30.846638	30.50044	33.047356	34.909023	35.522896	36.752853	40.319965	40.623047	39.09271	41.59875	44.411736	43.327415	43.366787	46.843338	48.000454	46.50391	48.26671	51.410015	51.337925	49.23864	47.241123	45.12397	42.462444	40.001343	39.294506	35.904068	33.39271	29.760803	27.887543	24.735312	22.091074	19.79611	16.96812	19.24009	20.76754	24.527378	25.863537	29.509434	31.796099	35.492226	36.93183	40.19078	41.676193	44.693844	46.142754	47.129307	50.351627	51.587845	53.745792	56.734734	56.721172	55.160038	52.952087	49.40985	46.910168	43.577324	42.069656	40.509033	37.83869	36.715927	33.76109	33.2849	30.241505	31.600319	30.493067	30.762373	33.507523	35.597008	35.130566	36.155674	38.9412	40.50337
V-161-B	49.030746	49.18639	49.789696	46.712425	44.403572	46.225174	45.74544	42.032623	41.745575	43.64639	41.45352	38.302334	40.05037	41.27648	37.89141	36.409187	39.25412	39.06198	35.664005	37.37562	38.140053	41.723976	44.953526	46.37177	45.14088	45.744064	46.450638	47.083817	44.552025	44.848495	44.486897	41.401333	39.704494	40.701473	39.395454	36.086372	35.511963	36.5258	34.05507	30.967873	32.15864	32.758125	29.28642	27.584438	30.05791	29.39924	25.597034	26.083767	28.61217	27.27638	27.635746	24.157719	22.0825	18.991608	19.777063	19.443338	16.175245	13.050009	11.029881	10.101404	8.442895	11.545019	10.866079	10.521382	14.110705	15.792365	16.928669	13.70664	12.251688	15.616632	15.819195	12.540906	13.612777	17.161654	16.435865	14.54871	17.475096	20.258871	21.48005	23.330984	24.991617	28.748787	31.37692	34.93087	38.103683	39.81346	42.222878	39.73447	39.358055	35.898655	35.11267	31.46072	28.960766	25.527992	25.543549	23.457758	26.569464	27.890202	25.428984	25.748594	29.516972	30.894972	32.540955	32.54579	31.90973	35.56839	36.653446	35.416237	35.927	39.47121	39.970238	40.442017	37.650986	40.51489	41.100037	37.843487	38.381878	41.025272	44.26704	44.392418	41.357662	42.627327	44.566704	41.89293	39.341507	42.079556	42.441708	38.81341	38.90082	42.441586	42.724686	40.111706	41.398952	40.238834	41.311028	38.67031	39.656578	38.79981	37.0666	34.629826	32.36745	33.178257	29.601088	29.413818	32.495914	32.09059	35.240334	33.59846	30.611616	31.2519	30.057062	32.1476	32.156494	34.293087	34.612297	34.01614	35.74094	33.812286	34.93624	36.146076	37.200283	40.47651	42.702503	44.325237	41.667374	42.437096	40.553764	37.40519	35.13575	31.60455	31.21983	28.96052	28.010485	28.379002	26.491972	27.92499	30.406067	33.735046	33.96331	37.037857	37.583344	39.825634	41.644817	38.99847	36.02466	33.356247	29.772144	27.191729	24.081202	25.667477	23.809446	25.365515	26.129496	26.003891	22.481304	22.490963	20.335262	22.02269	23.157051	24.897835	23.503647	26.353477	26.23985	26.248838	24.01445	25.694939	29.437157	30.030155	28.148643	29.991232	29.627703	32.05077	32.60837	35.74025	36.74563	39.38713	42.487972	40.700756	37.87699	35.396336	32.994846	34.645336	32.681538	29.579174	29.384443	26.684736	26.332289	25.185108	21.60911	20.214485	22.03388	21.889019	18.865274	21.033524	22.220285	26.021852	26.264175	24.311066	27.04827	30.134596	32.85553	31.408558	33.399426	32.61504	33.613014	30.550127	28.434553	30.804605	30.890324	33.68403	35.614864	35.834602	36.961082	40.607346	40.732754	38.908463	41.42806	44.25908	42.90931	42.78121	46.353523	47.41219	45.649952	47.394287	50.59137	50.351536	48.038944	46.053032	44.15487	41.61569	39.405834	39.012787	35.691696	33.289	29.752628	27.574175	24.580404	21.530989	19.092854	16.648932	19.50795	20.997002	24.689692	25.59021	29.253832	31.17769	34.771084	35.947536	39.00695	40.42985	43.28289	44.68567	45.407734	48.62849	49.705334	51.683	54.722107	54.91935	53.453857	51.407963	47.932976	45.26337	41.998283	40.614082	38.878902	36.39145	35.191372	32.47475	32.10938	29.30284	31.001347	30.220049	30.945684	33.68313	35.496105	35.224907	36.594383	39.20636	40.66912
V-162-B	51.48389	51.79313	52.53119	49.39684	47.11706	49.112446	48.695797	44.94375	44.75446	46.802353	44.61308	41.484077	43.35394	44.661934	41.279243	39.857533	42.79299	42.630756	39.28362	41.04588	41.881275	45.48036	48.706852	50.086617	48.793953	49.341805	49.951237	50.52745	47.897053	48.197063	47.96764	44.88868	43.089756	44.136703	42.95393	39.607967	38.940384	40.04996	37.672096	34.508347	35.623066	36.332054	32.91365	31.070026	33.497314	32.958946	29.16198	29.439968	31.95754	30.729006	30.96213	27.49173	25.29134	22.31024	23.342737	22.856663	19.454908	16.352886	14.632697	13.854725	11.886594	14.621202	13.524025	13.671234	17.303297	19.288715	20.151129	16.720978	15.698804	18.996672	18.743797	15.3794985	16.747066	20.097755	18.8341	16.86397	20.05116	22.603516	24.254932	26.264711	28.20352	31.963049	34.743244	38.26287	41.526478	43.254	45.574272	42.963192	42.563057	39.055428	38.367832	34.66695	31.998617	28.469345	28.143377	25.926046	29.075003	30.055067	27.322495	27.834959	31.650105	32.849205	34.781033	34.85542	34.532032	38.16345	39.18136	38.182384	38.868095	42.489407	42.90115	43.433586	40.602673	43.383	43.79356	40.443382	41.015064	43.505013	46.86709	46.945854	44.05113	45.490273	47.53597	44.864437	42.396114	45.248062	45.661972	42.076958	42.26305	45.85559	46.14874	43.625534	45.01683	43.92151	45.05196	42.433464	43.417046	42.563995	40.78706	38.365356	36.1414	36.93833	33.342884	33.12479	36.155994	35.630615	38.78964	37.215256	34.143116	34.630474	33.23757	35.146202	34.912968	36.9412	37.057663	36.48992	38.016865	35.866013	36.92801	37.816547	38.6412	41.848057	44.296185	45.71955	43.056137	44.03441	42.417656	39.219532	37.167545	33.698593	33.475143	31.509184	30.818708	31.47791	29.773905	31.40021	33.999783	37.366074	37.66201	40.752235	41.250378	43.481167	45.263844	42.6215	39.576843	36.864456	33.280704	30.595982	27.354572	28.6609	26.533182	27.705606	28.276447	27.737885	24.09104	23.924284	21.295938	22.820257	24.351978	26.096357	24.853952	27.995094	27.973253	27.676691	25.674564	27.009117	30.803505	30.985922	28.718985	30.136227	29.301485	31.367811	31.603014	34.506863	35.419163	37.82153	41.006004	39.18541	36.5817	33.83328	31.443016	32.898865	31.109188	28.265266	28.252834	25.631296	25.795746	24.551277	20.79577	20.002905	22.085882	21.570755	18.17777	19.73603	20.514975	24.220932	24.016888	22.251974	25.307775	28.185757	30.836653	29.657417	31.979527	31.55732	32.733578	29.547628	27.764864	30.490404	30.924671	33.62982	35.887383	35.974377	36.723648	40.451263	40.76049	38.69416	40.966763	43.989414	42.671024	42.209984	45.752113	47.00509	45.075413	46.55991	49.90001	49.785973	47.318066	45.579056	43.91556	41.63193	39.460392	39.365658	36.245808	33.651913	30.099367	27.54732	24.423573	21.315649	18.397488	16.588842	19.618536	21.618118	25.258974	26.231457	29.963436	31.577076	35.100098	35.907574	38.851845	39.942104	42.592808	43.700413	44.2265	47.288303	48.117107	50.121853	53.032883	53.21842	51.979485	49.87793	46.5187	43.687595	40.587627	39.51975	37.954437	35.744064	34.852264	32.37794	32.446426	29.93189	31.9941	31.623203	32.4669	35.421574	36.9276	36.453926	38.0883	40.77934	41.936745
G-163-B	50.921116	51.466953	52.341423	49.120323	46.933254	49.17769	48.807266	45.013855	45.024742	47.276608	45.0708	42.02039	44.13508	45.551147	42.179623	40.928658	44.061142	43.94308	40.755577	42.704247	43.82053	47.499855	50.675888	51.87188	50.341003	50.769375	51.111267	51.636036	48.836586	49.270958	49.29789	46.16117	44.259155	45.54765	44.565155	41.0856	40.428356	41.841927	39.550053	36.268063	37.522144	38.528366	35.120113	33.228672	35.867603	35.56173	31.767187	32.063618	34.806877	33.744907	34.227097	30.818167	28.551455	25.625547	26.357733	25.699917	22.462948	19.108442	17.567152	16.23528	13.627088	15.602768	13.864748	14.717149	18.334011	20.891527	21.606348	18.169302	17.7995	21.254498	20.77996	17.726942	19.604023	22.829317	21.427565	19.885166	23.240383	25.551174	27.158064	28.892256	30.774029	34.56445	37.287838	40.88502	44.132614	46.056717	48.287354	45.711937	45.07885	41.49182	40.59733	36.85433	34.244976	30.600468	29.984858	28.034555	31.385248	32.080624	29.403566	30.312756	34.123837	34.992477	36.899494	36.700966	36.442547	39.95104	41.19903	40.410923	40.96254	44.618774	45.22775	46.00332	43.327343	46.223015	46.46991	43.188263	43.981453	46.544075	49.929634	50.169956	47.305065	48.639404	50.77746	48.208282	45.624607	48.386677	48.92244	45.342037	45.347713	48.92037	49.34164	46.764793	48.003094	46.837395	47.799263	45.06517	45.905174	44.806854	43.029053	40.82436	38.60132	39.607796	36.104683	35.928993	39.110806	38.811806	41.980858	40.28868	37.347607	37.955967	36.661205	38.584103	38.33116	40.236362	40.20798	39.424923	40.759983	38.43017	39.21134	39.909115	40.432495	43.721355	46.346436	47.825554	45.33164	46.543285	45.038494	41.951298	40.072388	36.70582	36.707287	34.748165	34.17138	34.714417	33.04599	34.48446	36.993004	40.2391	40.283722	43.20977	43.47699	45.485077	47.68537	45.219532	42.217182	39.68395	36.020107	33.51712	30.327272	31.703547	29.715195	30.859625	31.631033	30.938164	27.220661	26.702389	23.893822	24.976086	26.381998	27.742922	26.21265	29.372963	29.011734	28.22097	26.123756	26.938034	30.696234	30.72473	28.313026	29.523727	28.456694	30.369936	30.655533	33.48386	34.649174	36.991417	40.352085	38.780666	36.247387	33.317585	30.676315	31.712015	29.76154	27.023085	26.740099	23.913387	24.50054	23.635105	19.828783	19.206442	21.807995	21.513527	17.921362	19.16359	19.247139	22.866377	22.608873	21.408953	24.678234	27.191	30.043297	29.318499	31.907274	31.55504	33.138298	30.094408	28.350485	31.292381	32.151165	34.99994	37.33171	37.063576	37.647793	41.4086	41.590664	39.246864	41.456333	44.496635	42.957703	42.28311	45.870438	47.0582	44.86517	46.264473	49.655872	49.40921	46.72542	45.064896	43.67496	41.581753	39.678185	39.922443	36.942802	34.45588	31.053825	28.23076	25.316492	21.95381	18.950111	17.729671	21.10479	23.062794	26.516642	27.101698	30.764944	31.967548	35.31775	35.79633	38.483467	39.43066	41.846127	42.83177	43.042393	46.039734	46.640438	48.452736	51.36752	51.764565	50.68372	48.74572	45.50664	42.490196	39.52984	38.67333	36.99072	35.058277	34.17104	32.027325	32.2881	30.10559	32.494316	32.479755	33.709446	36.6369	37.845303	37.51727	39.45464	41.978447	42.996685
C-164-B	52.981907	53.719246	54.469	51.130726	49.14804	51.469395	50.898342	47.09823	47.350014	49.528297	47.129612	44.242718	46.51008	47.730267	44.253456	43.249676	46.384808	46.01959	42.900787	45.03786	46.09597	49.7647	52.814865	54.128178	52.553192	53.16351	53.464043	54.181652	51.43804	52.063347	52.034687	48.787636	47.05374	48.465588	47.349545	43.838726	43.40354	44.809193	42.35209	39.17656	40.61564	41.499542	37.992382	36.321537	39.000175	38.479393	34.676586	35.19325	37.82751	36.516903	36.826786	33.28889	31.281004	28.150372	28.959478	28.657318	25.403631	22.186684	20.22766	18.77088	16.45672	18.416945	16.190145	16.612312	19.932602	22.511786	22.61174	18.967943	19.120493	22.305449	21.183187	18.204693	20.516947	23.346176	21.389748	20.119444	23.725304	25.567461	27.499025	29.220266	31.418652	35.177055	38.101295	41.639793	45.026184	47.08191	49.076714	46.32827	45.55351	41.892525	41.1177	37.325993	34.50361	30.765617	29.701036	27.68821	31.06857	31.323595	28.476883	29.706188	33.48804	34.039066	36.16716	35.97302	36.081745	39.499996	40.687958	40.237377	40.983223	44.720768	45.24705	46.186436	43.556976	46.401695	46.34634	43.033817	44.015427	46.477055	49.975647	50.33958	47.66409	49.059982	51.424374	49.010174	46.39899	49.211903	49.98926	46.513523	46.469833	50.114574	50.74526	48.35038	49.699474	48.770912	49.87837	47.28398	48.3251	47.22415	45.66026	43.389088	40.95037	41.75366	38.206985	38.330063	41.46492	41.09142	44.099503	42.23956	39.23788	39.567886	38.021038	39.641495	39.048195	40.65132	40.271557	39.32185	40.327103	37.724834	38.294445	38.644375	38.86895	42.1076	44.94371	46.303375	43.92302	45.404644	44.165016	41.15533	39.585037	36.39229	36.746933	35.056854	34.888172	35.64083	34.339645	35.913803	38.629963	41.83806	41.918636	44.828506	44.9054	46.919724	48.956738	46.570255	43.41487	40.898884	37.207207	34.63653	31.295017	32.32427	30.196728	30.954634	31.818403	30.701231	26.907114	25.956564	22.849886	23.488531	24.998863	26.163195	24.715338	28.051908	27.775345	26.731613	24.98986	25.537014	29.270317	28.864002	26.13645	26.957684	25.551613	27.193373	27.258358	29.95266	31.068153	33.322437	36.712395	35.183746	32.7232	29.707355	27.042034	27.999498	26.131353	23.523777	23.4239	20.781397	21.635014	20.590187	16.751526	16.65996	19.295357	18.70738	14.977233	15.781596	15.639683	19.187016	18.821278	17.717085	21.057512	23.459112	26.330906	25.74863	28.451254	28.208061	29.96312	26.979372	25.36228	28.481403	29.65303	32.506718	34.976192	34.49401	34.847622	38.62256	38.83584	36.31532	38.386005	41.491386	39.927837	39.06181	42.62656	43.884624	41.59258	42.860092	46.30507	46.113495	43.36137	41.844105	40.59646	38.683594	36.83196	37.30463	34.51386	31.951725	28.629093	25.566292	22.71373	19.325098	16.15606	15.55123	19.025032	21.164207	24.41532	24.934443	28.558035	29.466267	32.70858	32.914524	35.507	36.235935	38.5326	39.36353	39.512577	42.437473	42.974476	44.83821	47.69817	48.050476	47.02509	45.05646	41.85648	38.801758	35.89879	35.169594	33.59444	31.811445	31.14312	29.16487	29.751839	27.828905	30.477581	30.838243	32.174164	35.25749	36.142765	35.64795	37.82919	40.371258	41.095516
D-165-B	53.829967	54.67574	55.646122	52.318336	50.30273	52.79544	52.40376	48.592476	48.862988	51.254406	48.97553	46.067654	48.417164	49.839672	46.449783	45.421944	48.67823	48.492813	45.44616	47.574497	48.821785	52.532494	55.626858	56.767395	55.079197	55.49735	55.641098	56.1879	53.286583	53.863525	54.062214	50.868954	48.940544	50.410904	49.534576	45.976757	45.366478	46.953278	44.687088	41.37092	42.71076	43.8419	40.43249	38.54388	41.247833	41.005905	37.214554	37.500526	40.272182	39.224873	39.660675	36.221424	33.974754	31.033484	31.817362	31.178219	27.927483	24.575008	23.027403	21.575148	18.86838	20.452051	18.235981	19.286833	22.678902	25.51068	25.79221	22.257275	22.472574	25.796055	24.797228	21.897472	24.178743	27.089983	25.193419	23.887358	27.462399	29.362326	31.284184	32.980366	35.101757	38.872326	41.729195	45.302643	48.645844	50.71364	52.751755	50.051666	49.248615	45.58221	44.712536	40.92316	38.171936	34.422375	33.32653	31.414038	34.830547	35.022507	32.185818	33.484283	37.257793	37.736206	39.873707	39.602356	39.715237	43.08258	44.35509	43.94965	44.6255	48.356304	48.960587	49.943314	47.339397	50.20223	50.145096	46.83967	47.82215	50.270054	53.774006	54.107517	51.428307	52.842106	55.17448	52.719017	50.128605	52.937397	53.655582	50.148457	50.116753	53.739162	54.307465	51.836834	53.119114	52.06109	53.048664	50.338535	51.202606	50.005203	48.29384	46.15879	43.86861	44.864086	41.367756	41.314804	44.50872	44.19964	47.313774	45.542107	42.57739	43.03462	41.56625	43.26874	42.733173	44.39626	44.045143	43.124714	44.114834	41.47998	42.004265	42.26144	42.36483	45.585762	48.503487	49.81329	47.467934	49.027412	47.86808	44.85735	43.331867	40.14559	40.478664	38.81114	38.590004	39.330067	37.923912	39.449562	42.072155	45.276485	45.274788	48.13432	48.19953	50.105694	52.388153	50.034893	46.949165	44.473385	40.77262	38.259052	34.96597	36.07626	33.9519	34.71622	35.489265	34.340538	30.550556	29.632875	26.438398	27.025822	28.61543	29.691662	28.205524	31.539148	31.12555	29.828703	28.047146	28.249514	31.899601	31.380043	28.558054	29.13022	27.45153	28.798693	28.740904	31.190292	32.387005	34.397484	37.89204	36.49427	34.271217	31.034306	28.303196	28.82458	27.012817	24.72748	24.516642	21.822266	23.227777	22.486593	18.722164	18.965654	21.90126	21.350441	17.573807	17.820673	16.936352	20.143366	19.36731	18.88378	22.4575	24.37748	27.22054	27.119667	30.127771	30.172892	32.16518	29.224096	27.874744	31.178843	32.62033	35.411797	38.021313	37.391136	37.50366	41.277958	41.537136	38.82984	40.71762	43.892025	42.267647	41.14463	44.669327	45.98464	43.49799	44.564487	48.079403	47.88191	44.952297	43.619907	42.65413	40.97639	39.306675	40.047565	37.423424	34.878876	31.66428	28.42537	25.669558	22.292082	19.031885	18.89915	22.35784	24.596909	27.708197	28.104568	31.64815	32.264538	35.341183	35.23613	37.590557	38.081085	40.100517	40.68831	40.511147	43.262524	43.47276	45.18983	47.94595	48.4436	47.688484	45.811665	42.800053	39.55281	36.893986	36.50823	34.97487	33.54765	33.026962	31.393661	32.22074	30.600845	33.454006	34.047413	35.555378	38.62336	39.331726	38.874588	41.207043	43.675697	44.28148
R-166-B	55.582058	56.229782	57.323757	54.1156	51.893623	54.285034	54.082054	50.28191	50.289185	52.71167	50.609608	47.534138	49.67475	51.243332	47.934864	46.63083	49.809242	49.814075	46.634098	48.512	49.6515	53.32261	56.55454	57.708004	56.183903	56.497276	56.793415	57.17006	54.266815	54.58504	54.752407	51.70362	49.6284	50.85391	50.04475	46.58712	45.70736	47.149197	45.036076	41.664337	42.679806	43.77661	40.49154	38.349182	40.81311	40.673553	36.90407	36.82796	39.49641	38.621307	38.9056	35.552258	33.06801	30.360779	31.474371	30.571913	27.153683	23.934025	22.781643	21.900423	19.288506	21.193817	19.586819	20.709452	24.32877	26.911785	27.567682	24.059273	23.699581	27.056852	26.383213	23.183174	24.968855	28.09438	26.333755	24.515636	27.914	30.11921	32.1435	34.15822	36.293827	40.059956	42.92701	46.455482	49.778984	51.609657	53.819923	51.121704	50.5849	46.997475	46.27751	42.51857	39.7492	36.08617	35.26872	33.109886	36.3664	36.80874	33.849174	34.774788	38.581234	39.381	41.610226	41.60268	41.660072	45.1568	46.237534	45.625893	46.40594	50.11085	50.55051	51.27471	48.487656	51.222023	51.364788	47.957653	48.65564	50.97795	54.47421	54.545128	51.835285	53.42942	55.60572	52.96075	50.560734	53.492176	53.973907	50.427547	50.656548	54.27814	54.592617	52.10172	53.50226	52.367016	53.417286	50.703815	51.513477	50.50888	48.58894	46.35699	44.27161	45.257824	41.713017	41.368324	44.439945	43.920967	47.15589	45.66571	42.58569	43.042835	41.539	43.303425	42.840256	44.721905	44.570244	43.966557	45.168964	42.689964	43.52417	43.89157	44.232746	47.344	50.163357	51.322994	48.770115	50.138004	48.95091	45.770317	44.092014	40.779427	40.82023	39.21052	38.816395	39.716213	38.157467	39.865982	42.486786	45.838387	46.054348	49.06471	49.414593	51.477573	53.537296	50.99046	47.931652	45.2718	41.655544	38.978783	35.669365	36.76601	34.44624	35.20064	35.590755	34.530117	30.807888	30.31673	27.130337	28.176468	30.096273	31.575924	30.391678	33.799164	33.660637	32.66959	30.917805	31.41607	35.12853	34.67938	31.870893	32.474503	30.778812	32.057102	31.77322	34.095535	35.003807	36.827972	40.220345	38.563824	36.509323	33.210686	30.751225	31.433617	29.926386	27.794834	27.879456	25.360579	26.743586	25.739563	21.937553	22.268888	24.965975	24.108774	20.312214	20.450506	19.835934	22.964014	21.77252	21.014618	24.66965	26.67106	29.19986	28.960035	32.01748	32.338497	34.05607	30.871954	29.78626	33.115253	34.342632	36.89413	39.64667	39.318306	39.33846	43.124905	43.649128	41.06147	42.82328	46.11417	44.727592	43.57009	47.016136	48.531734	46.166016	47.10771	50.675682	50.681618	47.82623	46.599854	45.564926	43.879322	42.01146	42.613464	39.960545	37.224968	33.858883	30.678158	27.645166	24.492243	21.033136	20.70139	23.891064	26.433023	29.713657	30.502922	34.146297	34.98927	38.180405	38.165287	40.654224	41.0678	43.130108	43.60296	43.509277	46.16488	46.319923	48.17402	50.799984	51.1425	50.48663	48.447327	45.46438	42.23503	39.635895	39.34707	38.03255	36.58653	36.23119	34.47967	35.338387	33.566563	36.290844	36.705635	37.93703	41.087376	41.980694	41.34979	43.501366	46.14624	46.788937
G-167-B	55.67841	56.142033	57.07181	53.903755	51.630955	53.81257	53.513676	49.73254	49.610622	51.835316	49.69427	46.57095	48.536045	49.967197	46.6142	45.211246	48.228256	48.14038	44.831623	46.596485	47.489037	51.093212	54.34201	55.678165	54.347866	54.807434	55.330784	55.802013	53.058224	53.308086	53.231346	50.19716	48.251823	49.303177	48.281807	44.922356	44.09241	45.277416	43.04378	39.791065	40.7464	41.56753	38.244278	36.19721	38.5092	38.12642	34.353004	34.32443	36.7906	35.72213	35.77753	32.354645	29.986	27.198383	28.548847	27.857153	24.31875	21.317476	19.960493	19.440744	17.297491	19.74822	18.459698	19.029858	22.66083	24.846361	25.516483	21.962204	21.219889	24.419447	23.80771	20.39204	21.877249	25.016514	23.272055	21.174507	24.478987	26.787918	28.895744	31.118237	33.342556	37.074356	40.012955	43.466923	46.820816	48.512783	50.756245	48.00693	47.637413	44.106037	43.57	39.839054	36.993523	33.408962	32.761208	30.380901	33.484493	34.10173	31.073915	31.723852	35.533043	36.563812	38.837402	39.05102	39.09584	42.68629	43.573067	42.82825	43.740944	47.42799	47.696434	48.24452	45.341705	47.976048	48.212418	44.74907	45.295135	47.5488	51.037273	50.999496	48.290936	49.971035	52.10425	49.4062	47.0931	50.09763	50.52133	46.99331	47.353848	50.99764	51.24692	48.833523	50.372387	49.33977	50.552547	47.96319	48.932514	48.127357	46.25786	43.83421	41.70006	42.476536	38.85492	38.54014	41.48057	40.772358	43.95957	42.528473	39.34186	39.652912	38.03282	39.73162	39.23127	41.16071	41.074677	40.6173	41.932304	39.56588	40.60366	41.097363	41.66459	44.714844	47.40554	48.519382	45.833878	47.033657	45.77329	42.510906	40.72499	37.351254	37.26192	35.68443	35.26462	36.285324	34.7648	36.63672	39.358704	42.790997	43.21174	46.347843	46.851208	49.09844	50.78611	48.11162	44.996502	42.201145	38.649303	35.825287	32.459633	33.443672	30.998968	31.714176	31.961542	30.96067	27.277868	27.003012	23.904814	25.259611	27.301247	29.077919	28.125172	31.550228	31.695692	31.089891	29.429945	30.357405	34.137066	33.798706	31.082422	31.883846	30.401682	31.872747	31.57507	34.03527	34.73062	36.677788	39.92256	38.027836	35.846058	32.72302	30.458796	31.596127	30.18426	27.860987	28.183409	25.80354	26.740063	25.361828	21.525225	21.66883	23.96025	22.902588	19.198496	19.686213	19.787611	23.131172	22.094177	20.69071	24.16825	26.614685	29.018364	28.284187	31.083506	31.2885	32.649937	29.317656	28.147287	31.309406	32.18217	34.643246	37.339203	37.302082	37.481716	41.260586	41.88119	39.52869	41.378918	44.657906	43.451557	42.505436	45.937855	47.4996	45.37305	46.429108	49.95363	50.06623	47.411293	46.07815	44.76512	42.87981	40.75915	41.05739	38.26496	35.424664	31.908936	28.931433	25.691683	22.702263	19.25298	18.444715	21.417452	24.035143	27.486387	28.597494	32.326286	33.523857	36.89146	37.181557	39.930824	40.504932	42.82353	43.451893	43.689045	46.452774	46.879242	48.931988	51.59465	51.731003	50.87138	48.672485	45.53273	42.488525	39.70015	39.15456	37.914925	36.159416	35.769447	33.679928	34.36023	32.277912	34.747128	34.87939	35.80106	38.996655	40.12403	39.359543	41.276737	44.070385	44.820065
K-168-B	53.59951	53.90295	54.977406	51.932064	49.47966	51.60847	51.523735	47.76678	47.43024	49.747852	47.81455	44.55867	46.389297	48.028873	44.80745	43.18684	46.208836	46.381786	43.048805	44.633884	45.621716	49.229057	52.58512	53.766094	52.451057	52.702225	53.22522	53.485905	50.671852	50.738567	50.75959	47.84997	45.722286	46.669052	45.82601	42.502632	41.437855	42.664574	40.63762	37.2771	38.03426	39.023464	35.835625	33.54795	35.817493	35.7091	31.973227	31.683844	34.281593	33.524586	33.797276	30.549822	27.89153	25.377773	26.610926	25.495872	22.021044	18.897394	18.105082	17.740528	15.335527	17.648188	16.889858	17.915129	21.692396	23.864603	25.081549	21.792427	20.669432	24.070255	24.04313	20.67717	21.794382	25.242636	24.035795	21.802443	24.835041	27.533983	29.279974	31.43688	33.31848	37.05776	39.766373	43.2728	46.46743	48.054802	50.51127	47.95521	47.683895	44.227024	43.535946	39.86681	37.259335	33.770576	33.502262	31.256113	34.35149	35.333603	32.507473	32.934868	36.74793	38.009857	40.04302	40.187717	39.886566	43.523346	44.51505	43.48372	44.172684	47.7705	48.160236	48.59273	45.687862	48.38904	48.89606	45.494045	45.898033	48.267338	51.63098	51.506252	48.61533	50.198956	52.111042	49.284447	46.983074	49.903965	50.101616	46.479794	46.854797	50.405876	50.462055	47.859447	49.250843	47.964508	48.993835	46.25266	46.98457	46.151417	44.06447	41.754765	39.86445	40.878307	37.33956	36.71437	39.705242	39.110344	42.45555	41.192375	38.107517	38.728245	37.399242	39.407547	39.26272	41.468506	41.71438	41.37606	42.97721	40.85678	42.032127	42.83333	43.62601	46.74605	49.25674	50.51431	47.767345	48.74363	47.234512	43.93667	41.880653	38.370712	37.97254	36.12204	35.306366	36.07817	34.196507	35.883095	38.35733	41.788475	42.130375	45.23905	45.89533	48.088352	50.001347	47.28896	44.351814	41.58547	38.071297	35.36736	32.192757	33.531982	31.28055	32.383846	32.59058	32.012836	28.427916	28.501099	25.70997	27.361076	29.217413	31.06372	29.951847	33.192238	33.177414	32.704212	30.707106	31.770586	35.553223	35.585655	33.13507	34.262768	33.05901	34.780983	34.738777	37.35094	38.187	40.251186	43.5166	41.660774	39.38365	36.326656	33.989006	35.113705	33.53276	31.055016	31.114195	28.490704	29.250195	28.122227	24.28208	23.965126	26.3516	25.643541	22.013094	22.89501	23.04999	26.504705	25.66628	24.310577	27.738302	30.231339	32.720222	31.941021	34.65633	34.70705	36.013893	32.69301	31.347776	34.362343	35.02622	37.5407	40.08137	40.15788	40.55797	44.323868	44.853226	42.615433	44.615612	47.815517	46.56356	45.779613	49.25707	50.71045	48.62177	49.816315	53.29161	53.300278	50.665604	49.18528	47.781124	45.74567	43.639824	43.78553	40.831528	38.107548	34.560143	31.763536	28.547018	25.495405	22.230507	20.9781	23.955149	26.322962	29.903767	30.955423	34.69697	36.082584	39.516266	40.007538	42.79639	43.574093	45.97273	46.753723	46.99208	49.837902	50.302162	52.258137	54.998302	55.23407	54.32792	52.205498	49.03603	45.99382	43.15377	42.496525	41.095066	39.232864	38.605865	36.418594	36.81537	34.5551	36.846085	36.696453	37.604023	40.630093	42.004097	41.44393	43.187336	45.915276	46.927986
I-169-B	52.21129	52.29981	53.258804	50.30039	47.762672	49.67561	49.567993	45.85477	45.340084	47.49926	45.60626	42.282722	43.910282	45.49061	42.28968	40.52038	43.39741	43.580647	40.147427	41.576607	42.403183	45.95497	49.351986	50.616135	49.45666	49.758392	50.462738	50.74158	48.050484	48.016163	47.858925	44.99963	42.9412	43.71977	42.74825	39.52092	38.447235	39.476833	37.405846	34.121647	34.793015	35.60814	32.423866	30.16436	32.32572	32.099712	28.368608	28.08277	30.591867	29.770947	30.00077	26.757206	24.098198	21.590815	22.890978	21.802752	18.276733	15.251948	14.496645	14.511518	12.49048	15.235127	15.076082	15.73665	19.483006	21.24572	22.738642	19.633541	17.994194	21.315884	21.682964	18.268229	18.908506	22.499718	21.677435	19.242964	21.989042	24.958004	26.483686	28.695774	30.41691	34.112057	36.72797	40.19944	43.32085	44.772366	47.344242	44.865585	44.74335	41.37545	40.724342	37.127583	34.618042	31.268406	31.345621	29.060335	32.016144	33.331448	30.635294	30.748304	34.525093	36.058685	37.937572	38.175346	37.657238	41.356823	42.277103	40.997005	41.638588	45.15612	45.50297	45.764637	42.807507	45.486355	46.19755	42.822174	43.07091	45.481365	48.750896	48.54734	45.5537	47.09875	48.871914	45.97237	43.705635	46.602562	46.67038	43.018745	43.451626	46.963516	46.909992	44.26741	45.665154	44.342182	45.399143	42.6861	43.44755	42.74014	40.632053	38.225193	36.375343	37.32962	33.77808	33.070583	36.00259	35.354713	38.721096	37.53565	34.44287	35.123577	33.885807	36.018284	36.05522	38.42004	38.888943	38.67567	40.503437	38.616985	39.9784	41.058956	42.132225	45.24937	47.542362	48.883633	46.049995	46.779865	45.05859	41.727543	39.44887	35.846394	35.20647	33.189827	32.132782	32.801147	30.75965	32.427338	34.838295	38.30559	38.737354	41.908817	42.732384	45.02679	46.774956	43.971077	41.08701	38.261765	34.816643	32.097656	29.009706	30.481007	28.30956	29.644083	29.803268	29.557013	26.091928	26.48683	24.03731	26.018959	27.74178	29.774723	28.714579	31.787804	31.86817	31.76734	29.671192	31.128418	34.906403	35.23975	33.056236	34.519157	33.67376	35.686043	35.820915	38.627514	39.424103	41.677483	44.835083	42.881794	40.425156	37.590298	35.331055	36.762962	35.118885	32.406227	32.455906	29.823278	30.118122	28.891825	25.115337	24.379173	26.461273	25.86811	22.46434	23.845585	24.527119	28.14734	27.619728	25.886848	29.07347	31.88281	34.361355	33.21025	35.62775	35.429436	36.460506	33.125454	31.560596	34.29536	34.570847	37.07335	39.404175	39.72581	40.41781	44.133587	44.618835	42.64041	44.819923	47.910236	46.73527	46.23973	49.727608	51.0989	49.21857	50.611393	53.989708	53.979885	51.52282	49.853218	48.186516	45.91045	43.659904	43.48462	40.345337	37.67457	34.056675	31.573977	28.31604	25.38042	22.372639	20.518396	23.280247	25.419601	29.125757	30.314064	34.060413	35.800674	39.361294	40.207314	43.184086	44.22447	46.855423	47.872353	48.36468	51.35108	52.06957	54.0969	56.9291	57.084553	55.96464	53.79955	50.492653	47.615124	44.596375	43.650158	42.18326	40.026386	39.207455	36.729527	36.79761	34.224957	36.18339	35.651104	36.32485	39.237812	40.919678	40.41167	41.866642	44.624683	45.878387
L-170-B	48.45627	48.569458	49.58151	46.62435	44.07485	46.052727	46.001965	42.278976	41.787975	44.04887	42.20091	38.872032	40.586105	42.275047	39.1179	37.376907	40.379288	40.669132	37.330776	38.842567	39.922478	43.548992	46.93649	48.00472	46.66739	46.83484	47.366035	47.57983	44.78071	44.816917	44.823044	41.928642	39.79111	40.737465	39.908485	36.575256	35.51282	36.78887	34.77897	31.38521	32.21286	33.30402	30.109108	27.831928	30.273314	30.276617	26.537975	26.384865	29.216795	28.572119	29.267616	26.135014	23.43284	20.965214	21.654636	20.354761	17.150084	13.698665	13.144637	12.465042	9.737856	11.943631	11.807791	13.073131	16.865185	18.943224	20.736042	17.899044	16.420513	20.002842	20.700031	17.663494	18.47384	22.171803	21.769567	19.770695	22.438347	25.45108	26.496387	28.288378	29.622864	33.342995	35.70127	39.29054	42.266926	43.8679	46.487633	44.20939	43.905613	40.525978	39.543568	35.970512	33.734142	30.38616	30.582302	28.688747	31.80611	33.23477	30.856552	31.130426	34.878174	36.31158	37.867252	37.772503	36.95458	40.57561	41.799088	40.43516	40.734615	44.19124	44.838223	45.251015	42.481655	45.365757	46.141167	42.930172	43.333294	45.984283	49.14	49.1212	45.984806	47.24531	48.95967	46.132107	43.674816	46.35342	46.440144	42.73213	42.89327	46.309727	46.32678	43.49704	44.598854	43.071712	43.846455	40.946697	41.489227	40.514343	38.371696	36.209625	34.401398	35.66501	32.25296	31.518673	34.67674	34.417946	37.82984	36.505463	33.661755	34.69524	33.819218	36.206657	36.52722	38.92801	39.509384	39.082626	40.967136	39.155945	40.33859	41.596294	42.646572	45.929283	48.155167	49.76623	47.075573	47.793457	45.878265	42.682674	40.31246	36.715656	36.089947	33.754692	32.4925	32.722153	30.464422	31.711044	33.845905	37.150936	37.240353	40.220863	40.902782	42.968983	45.232594	42.592327	39.869495	37.27579	33.765396	31.361567	28.499037	30.373804	28.62252	30.349388	30.876465	30.919636	27.48089	27.741959	25.537294	27.321867	28.581438	30.297628	28.810545	31.634079	31.296408	31.052685	28.585009	29.926088	33.63545	34.290813	32.378242	34.122894	33.558598	35.8299	36.350937	39.355446	40.482986	42.950455	46.206093	44.491913	41.84849	39.095844	36.57843	37.85798	35.87405	32.955387	32.572205	29.639956	29.77146	28.974358	25.270182	24.04969	26.361822	26.320406	23.019503	24.781738	25.321503	29.03847	28.91212	27.417524	30.53012	33.289986	36.047905	34.99827	37.347866	36.841774	38.062084	34.92217	33.031498	35.645508	35.949276	38.700073	40.7938	40.938625	41.875145	45.573284	45.759987	43.765644	46.162167	49.09448	47.678757	47.333252	50.918427	52.035343	50.078297	51.674973	54.969345	54.70289	52.197273	50.3279	48.655865	46.26953	44.210167	44.029774	40.782417	38.38269	34.873917	32.490513	29.482582	26.314413	23.600357	21.570559	24.572002	26.24977	29.915533	30.707	34.37015	36.077045	39.586876	40.527294	43.411415	44.681076	47.326313	48.55009	48.959213	52.06984	52.84013	54.663277	57.64647	58.01704	56.80231	54.83991	51.50565	48.60973	45.52641	44.43494	42.670216	40.458645	39.309597	36.85764	36.642807	34.043922	35.93746	35.29445	36.209446	38.878002	40.624496	40.471035	41.931404	44.459423	45.92408
F-171-B	47.88453	47.75999	48.609333	45.752464	43.134323	44.844368	44.73546	41.077534	40.394047	42.432884	40.61089	37.225117	38.68936	40.266644	37.121834	35.219868	38.024273	38.287212	34.819206	36.14712	36.992775	40.547073	43.97672	45.181763	44.048866	44.314503	45.083897	45.350616	42.723953	42.651333	42.410355	39.567833	37.548534	38.281467	37.256084	34.048798	33.004948	34.003593	31.903221	28.627623	29.360472	30.184725	26.968433	24.7588	27.055548	26.853111	23.100826	22.990614	25.686005	24.905508	25.513676	22.357157	19.689123	17.184717	17.964733	16.75393	13.4526825	10.098723	9.525937	9.434952	7.4530416	10.398	11.175696	11.724823	15.326147	16.759903	18.84748	16.285683	14.139985	17.525549	18.685617	15.65149	15.818302	19.612997	19.66155	17.47217	19.728802	22.99086	23.788551	25.649916	26.818289	30.46253	32.733044	36.259037	39.165802	40.600605	43.333054	41.118923	40.99761	37.727512	36.83398	33.35396	31.209198	28.04724	28.624146	26.668694	29.573914	31.344173	29.10749	29.019396	32.684875	34.405937	35.814533	35.860397	34.847095	38.522114	39.62123	38.00409	38.291794	41.653355	42.21304	42.422234	39.586773	42.41546	43.398075	40.21451	40.437176	43.099106	46.153168	46.03939	42.81996	44.057682	45.629765	42.730335	40.32874	42.994278	42.947166	39.21986	39.463776	42.84541	42.745724	39.89726	41.03948	39.505013	40.352184	37.511463	38.133442	37.33629	35.191814	32.871544	31.079252	32.225056	28.772932	27.966143	31.042398	30.688765	34.112892	32.87108	29.994226	31.060839	30.261162	32.757355	33.253685	35.80532	36.610973	36.33439	38.44253	36.887436	38.275066	39.79904	41.13681	44.37148	46.364044	48.021683	45.245064	45.70603	43.60176	40.382816	37.805756	34.142372	33.266293	30.789198	29.285269	29.421114	27.009758	28.25846	30.346584	33.70645	33.935616	37.011528	37.895885	40.11007	42.10909	39.349266	36.664345	33.983044	30.562511	28.11928	25.353138	27.340843	25.675564	27.622387	28.080046	28.466816	25.21539	25.818483	24.014236	26.109653	27.240868	29.15322	27.797005	30.423397	30.249338	30.434734	27.959057	29.726204	33.385654	34.29525	32.641556	34.653652	34.405636	36.885674	37.50125	40.627045	41.648296	44.24073	47.35547	45.521156	42.755455	40.223568	37.846195	39.429585	37.467968	34.39922	34.097675	31.261658	30.97306	30.009863	26.42968	24.923248	26.831232	26.813566	23.801558	25.919386	26.952965	30.738888	30.81485	28.962288	31.82591	34.84998	37.523712	36.125755	38.183956	37.49371	38.40927	35.26715	33.236847	35.558125	35.471367	38.14727	40.03599	40.445473	41.63111	45.24891	45.42935	43.71176	46.235004	49.059914	47.76562	47.68516	51.242107	52.30973	50.58312	52.332966	55.527275	55.28547	52.97768	50.96558	49.04346	46.451244	44.23264	43.730797	40.341072	37.982918	34.432556	32.386288	29.357586	26.40304	23.96963	21.446901	24.110664	25.559896	29.279322	30.24694	33.868748	35.92109	39.527122	40.80084	43.862274	45.34394	48.197285	49.608986	50.279522	53.488506	54.494137	56.417988	59.451622	59.70238	58.29974	56.26761	52.81949	50.101295	46.874866	45.53667	43.774902	41.30348	40.034706	37.31497	36.818577	33.937336	35.469753	34.44702	35.068253	37.62112	39.66953	39.521744	40.665195	43.23598	44.912445
V-172-B	49.76038	49.43319	50.11589	47.354645	44.70539	46.14993	45.960022	42.386528	41.538387	43.316914	41.502552	38.103214	39.2926	40.694103	37.559944	35.52303	38.049995	38.218815	34.60896	35.70798	36.169918	39.5846	43.038372	44.485245	43.653362	44.088715	45.168427	45.519684	43.12564	42.91706	42.362537	39.609222	37.759995	38.194843	36.91434	33.918407	32.895336	33.475124	31.274958	28.221949	28.7529	29.132627	25.943031	23.843294	25.771118	25.20757	21.491724	21.328112	23.619467	22.57334	22.740551	19.475187	16.881664	14.301599	15.693328	14.776945	11.146736	8.461598	7.6927023	8.993858	8.598856	12.102865	13.396124	13.02293	16.235832	16.847643	18.916107	16.499033	13.724088	16.604353	17.951893	14.7445545	14.107563	17.860836	18.087526	15.427761	17.257528	20.741323	21.60102	23.807688	25.064163	28.592287	30.937437	34.308197	37.233078	38.406517	41.209408	38.931755	39.1022	35.95507	35.364136	31.976316	29.75404	26.793613	27.64607	25.400312	27.97324	29.986143	27.70199	27.16141	30.74565	32.798187	34.261284	34.645	33.64401	37.397385	38.187885	36.39356	36.886112	40.18352	40.469967	40.390385	37.377895	40.01613	41.155754	37.90015	37.847874	40.365543	43.391327	43.067738	39.85644	41.254704	42.725147	39.70705	37.484676	40.279385	40.08837	36.379135	36.885506	40.292393	40.032387	37.291954	38.669186	37.267326	38.370052	35.72212	36.563023	36.114857	34.0074	31.390335	29.59878	30.408752	26.842325	25.98804	28.804491	28.080954	31.480036	30.420155	27.340757	28.19226	27.218737	29.656734	30.145206	32.83113	33.791245	33.803226	36.09209	34.74305	36.43447	38.09667	39.71148	42.79156	44.601826	46.13753	43.2011	43.424465	41.260983	37.94125	35.221745	31.492853	30.35225	27.938316	26.318296	26.657768	24.23752	25.78543	28.013187	31.52774	32.12538	35.404217	36.566845	39.05315	40.46334	37.494366	34.74931	31.837946	28.565548	25.876713	23.064558	24.880447	23.0197	24.93038	25.067747	25.631008	22.569391	23.615837	22.08649	24.591032	25.864193	28.134361	27.166033	29.7373	29.962019	30.602676	28.364357	30.532581	34.158134	35.085865	33.50436	35.564808	35.42302	37.91916	38.404594	41.509342	42.26405	44.83589	47.76702	45.7129	42.95567	40.58208	38.4707	40.373585	38.61471	35.54892	35.536217	32.944626	32.41754	31.106327	27.620253	26.157488	27.598959	27.30516	24.517431	26.702145	28.188435	31.946733	31.985863	29.746515	32.412914	35.654934	38.098713	36.365883	38.19472	37.513157	38.056137	34.83024	32.868393	34.976944	34.522457	36.972855	38.797577	39.546444	40.812866	44.35133	44.692825	43.236767	45.739998	48.546467	47.496803	47.563797	51.029476	52.190598	50.709797	52.473377	55.617756	55.537937	53.430935	51.413803	49.28981	46.593224	44.1413	43.365196	39.928482	37.46662	33.840977	32.054928	28.898392	26.29507	23.9853	21.166012	23.341621	24.821344	28.571266	29.914581	33.516785	35.874836	39.56991	41.068707	44.315933	45.84416	48.852703	50.304825	51.234043	54.44863	55.617764	57.726955	60.715656	60.753784	59.24933	57.056892	53.53852	50.986305	47.687096	46.226402	44.632748	41.986984	40.80325	37.86238	37.289425	34.204754	35.45404	34.172626	34.38618	36.965054	39.23146	38.881763	39.732044	42.46582	44.19996
S-173-B	48.94164	48.377975	48.904682	46.282135	43.58623	44.745415	44.5175	41.059307	40.014587	41.552692	39.809753	36.39449	37.295994	38.58171	35.523075	33.32887	35.60619	35.773674	32.07789	32.93937	33.152508	36.456596	39.939045	41.496544	40.88274	41.394165	42.706516	43.092094	40.895615	40.570057	39.771736	37.111202	35.4022	35.603607	34.13728	31.323004	30.32969	30.597582	28.336823	25.472572	25.880905	25.947834	22.789515	20.817188	22.533518	21.725365	18.049103	17.960629	20.053564	18.842	18.947828	15.67428	13.124764	10.500913	12.010693	11.249442	7.5431843	5.4809704	4.8553987	7.5646358	8.667638	12.094153	14.129743	13.201865	15.786732	15.571602	17.93173	16.110327	12.775006	15.112857	17.074604	14.224458	12.701379	16.338482	17.274921	14.621025	15.670586	19.365465	19.742876	21.895395	22.802635	26.152847	28.284073	31.552101	34.32415	35.296738	38.244396	36.109924	36.478878	33.503025	32.96266	29.750877	27.74809	25.10223	26.434107	24.263273	26.524517	28.929256	26.939264	26.005049	29.393137	31.73099	32.925983	33.400352	32.122967	35.86094	36.556927	34.462605	34.861168	37.988544	38.22877	37.926483	34.895714	37.481453	38.88855	35.73228	35.479233	38.037205	40.88907	40.48121	37.15134	38.455254	39.717117	36.627087	34.454456	37.17352	36.80159	33.065754	33.632458	36.956066	36.54669	33.74499	35.110653	33.65305	34.787395	32.18936	33.078842	32.818317	30.709421	27.952456	26.223534	26.925936	23.36283	22.382093	25.096182	24.304724	27.732183	26.782185	23.71505	24.692385	23.919048	26.563051	27.366125	30.251284	31.53066	31.700708	34.25807	33.26117	35.137363	37.11932	39.027916	42.046238	43.56236	45.187653	42.215084	42.139248	39.738754	36.45674	33.499756	29.742502	28.287535	25.653154	23.661184	23.769466	21.089113	22.541025	24.615473	28.153267	28.875196	32.21685	33.61304	36.215565	37.389763	34.317284	31.682419	28.722885	25.603912	22.959648	20.39472	22.424152	20.814867	23.073267	23.173388	24.254866	21.54932	22.97688	22.044764	24.759363	25.75375	28.102617	27.22124	29.450432	29.758799	30.795866	28.537523	31.034296	34.508343	35.72746	34.475662	36.793564	36.9878	39.67406	40.31007	43.51639	44.23852	46.930622	49.7329	47.641068	44.77165	42.63178	40.614452	42.7126	40.92511	37.7394	37.70508	35.167953	34.285156	32.952778	29.662132	27.916286	29.02283	28.86842	26.430948	28.903303	30.70016	34.459473	34.725166	32.301994	34.71256	38.103138	40.500877	38.526665	40.06897	39.178627	39.47718	36.34301	34.232674	36.001984	35.18391	37.559864	39.10011	40.068916	41.607914	45.01601	45.288425	44.115402	46.750385	49.392437	48.4215	48.765293	52.189693	53.243526	51.97401	53.9024	56.91343	56.80509	54.884422	52.714737	50.380768	47.49892	44.96551	43.889515	40.34127	38.01652	34.44326	33.042973	29.99814	27.628458	25.704659	22.543665	24.341475	25.443872	29.109627	30.510792	33.965206	36.60369	40.31513	42.122406	45.470177	47.21922	50.385513	52.032036	53.16341	56.464382	57.836887	59.977886	63.024563	63.00405	61.327484	59.128246	55.5293	53.143642	49.736942	48.049835	46.41508	43.563766	42.223186	39.093597	38.21552	34.920933	35.7807	34.1192	34.069225	36.422813	38.983624	38.71919	39.22165	41.91382	43.89207
E-174-B	50.505283	49.694283	50.309967	47.891087	45.02094	45.986355	45.96614	42.62323	41.2716	42.76075	41.285233	37.77283	38.3407	39.750134	36.907375	34.416183	36.469193	36.887516	33.14645	33.58881	33.613155	36.73878	40.322823	41.86174	41.509182	41.87689	43.39108	43.55976	41.452457	40.785954	39.909466	37.525608	35.70511	35.52024	34.142204	31.600689	30.272528	30.241625	28.274763	25.496315	25.350122	25.273312	22.470173	20.196854	21.349684	20.690313	17.253036	16.463217	18.2309	17.377962	17.232397	14.31514	11.260931	9.540264	11.691968	10.319871	6.6239796	6.0462093	7.2505684	10.59316	11.826411	14.846744	17.344969	16.652948	19.039991	18.509434	21.09306	19.592749	16.090466	18.050894	20.270859	17.549517	15.533432	18.92284	20.10006	17.209883	17.682474	21.47523	21.762318	24.071781	24.790207	27.87888	29.811289	32.865376	35.439873	36.036034	39.172287	37.17938	37.89073	35.154697	34.773384	31.779379	29.942245	27.60569	29.24264	27.00677	28.93766	31.561052	29.623709	28.312618	31.53126	34.149227	35.305153	35.999596	34.63153	38.355083	38.856804	36.54078	36.971027	39.92236	40.005543	39.38197	36.251247	38.619865	40.30976	37.177773	36.55894	38.94443	41.646065	40.925243	37.56604	38.989502	39.937424	36.649284	34.77731	37.52298	36.775673	33.060936	33.952896	37.13488	36.337547	33.516193	34.956688	33.362103	34.515778	31.96712	32.724514	32.776527	30.414028	27.590166	26.29324	26.971691	23.53494	22.039953	24.420965	23.337826	26.893957	26.466234	23.392023	24.457361	23.822542	26.590837	27.651428	30.818417	32.443466	33.01644	35.81797	35.125507	37.28431	39.404835	41.539875	44.400272	45.72628	47.229557	44.120342	43.77685	41.311623	37.957367	34.83547	31.0533	29.19215	26.625372	24.321407	24.498676	21.602045	23.137505	24.975832	28.548983	29.537687	32.941563	34.712475	37.41781	38.294476	35.061718	32.621815	29.559	26.754606	24.107641	21.826923	23.819736	22.197044	24.462214	24.084417	25.452194	23.101997	25.02108	24.315313	27.325825	28.479536	31.048767	30.416054	32.57071	33.05614	34.28622	32.092766	34.692814	38.121704	39.386574	38.17062	40.480568	40.65585	43.292057	43.81887	46.95854	47.53973	50.13585	52.871807	50.64023	47.86605	45.71558	43.842396	46.00864	44.35652	41.24568	41.329796	38.84307	38.010468	36.589615	33.279182	31.634563	32.67179	32.372437	29.932905	32.27768	34.101128	37.826458	37.90089	35.402245	37.851963	41.257313	43.503925	41.464195	43.004772	42.258083	42.377735	39.147144	37.20681	38.931007	37.940304	40.095882	41.654747	42.859886	44.36281	47.717293	48.151836	47.111374	49.663616	52.334095	51.530987	51.887657	55.24121	56.39717	55.231697	57.10012	60.116764	60.12443	58.270527	56.149677	53.764797	50.873898	48.234943	47.047295	43.50773	41.114254	37.512787	36.20857	33.07205	30.893755	28.912676	25.76859	27.31573	28.534872	32.17849	33.789864	37.21543	39.96578	43.69718	45.56057	48.9654	50.68013	53.86968	55.465298	56.648434	59.906525	61.261555	63.47503	66.46474	66.36069	64.72292	62.43509	58.845253	56.4777	53.096878	51.452934	49.92801	47.071228	45.814034	42.64277	41.77919	38.437973	39.183746	37.40319	37.137756	39.449028	42.137623	41.781864	42.0837	44.840775	46.867615
S-175-B	52.585484	51.766407	52.139744	49.691257	46.955803	47.78057	47.519173	44.22571	42.9535	44.172844	42.52891	39.1425	39.640682	40.726334	37.79411	35.428665	37.26152	37.366318	33.578426	34.02134	33.666317	36.652714	40.1242	41.979313	41.837917	42.52275	44.249336	44.67637	42.8166	42.245804	41.0628	38.639465	37.144043	36.873985	35.14777	32.751644	31.723183	31.36564	29.129997	26.697203	26.666733	26.074028	23.20246	21.418633	22.328062	21.038202	17.726625	17.35334	18.502726	16.9686	16.101389	12.844072	10.494649	8.240643	11.215423	11.020524	7.52567	8.096173	7.9196596	11.520249	13.566459	16.874794	19.06614	17.654345	19.712059	18.67724	20.809319	19.305378	15.679431	17.007092	19.013487	16.26507	13.749729	16.770433	17.908445	14.771758	14.791027	18.570288	19.021994	21.655481	22.628881	25.584318	27.723423	30.60146	33.299694	33.75214	36.801086	34.624943	35.51992	32.8451	32.81735	29.876583	27.847763	25.662985	27.353304	24.84567	26.451828	29.134525	27.134064	25.501577	28.606419	31.41687	32.680637	33.682705	32.47273	36.221066	36.413864	34.083576	34.798363	37.735825	37.524845	36.72264	33.442646	35.622433	37.307064	34.086468	33.30909	35.539043	38.286427	37.45511	34.17373	35.777405	36.787083	33.471355	31.713783	34.633686	33.9308	30.27603	31.375128	34.66196	33.89076	31.307064	33.071247	31.823149	33.356483	31.130169	32.302204	32.649128	30.584347	27.452816	25.901499	26.040115	22.45605	21.299147	23.364342	21.84141	25.18158	24.725056	21.366472	21.933224	20.8755	23.389793	24.22792	27.380602	28.984291	29.740688	32.580368	31.980467	34.335793	36.476185	38.7692	41.471268	42.684864	44.0592	40.860657	40.388573	37.944374	34.53538	31.383913	27.598942	25.627386	23.20699	20.979967	21.496023	18.834547	20.820623	23.01051	26.716974	28.089857	31.672165	33.53515	36.492744	36.710682	33.341145	30.71295	27.430716	24.733511	21.775003	19.32553	20.927597	19.029322	21.105915	20.473888	21.902735	19.750525	21.961416	21.535303	24.754051	25.977453	28.770075	28.503382	30.60079	31.457582	33.018883	31.147085	34.00438	37.366787	38.534706	37.340122	39.61077	39.851135	42.454834	42.86718	45.95909	46.318916	48.896927	51.44391	49.075443	46.30788	44.350914	42.71127	45.132042	43.65041	40.566257	40.89497	38.669792	37.634716	35.92468	32.77366	31.212711	31.822311	31.290976	29.125628	31.492077	33.673264	37.30775	37.426495	34.64622	36.832493	40.377174	42.427235	40.11849	41.400063	40.617672	40.433376	37.22367	35.331398	36.822735	35.54922	37.50507	38.96949	40.414253	41.97549	45.220356	45.761753	44.943993	47.46281	50.07796	49.474113	49.956997	53.206005	54.416115	53.466724	55.342384	58.28407	58.42104	56.756153	54.646545	52.11249	49.169453	46.36288	44.972073	41.451107	38.99881	35.40203	34.34157	31.192192	29.366037	27.591877	24.31312	25.386248	26.556	30.103676	31.9879	35.325134	38.266933	42.012478	44.026604	47.54725	49.276783	52.569683	54.19474	55.603798	58.851433	60.36471	62.726803	65.6708	65.38025	63.636543	61.234356	57.599823	55.41213	51.982918	50.224857	48.853153	45.871906	44.70891	41.393867	40.503155	37.06127	37.585598	35.66925	35.06563	37.416424	40.197056	39.6297	39.72229	42.60874	44.603455
V-176-B	54.752003	54.1089	54.607056	52.03971	49.323727	50.36812	50.1326	46.7312	45.59818	47.000347	45.285206	41.888744	42.600403	43.767105	40.747993	38.48473	40.503525	40.587746	36.824844	37.443256	37.22707	40.29083	43.749233	45.573112	45.30677	45.96244	47.553204	47.960453	45.956642	45.446213	44.422047	41.931244	40.31999	40.18767	38.58498	36.055347	34.972317	34.813564	32.619003	30.02546	30.040716	29.659021	26.756336	24.821861	25.85007	24.745255	21.381025	20.869644	22.136955	20.752987	19.817816	16.599472	14.236219	12.052938	14.925374	14.547422	10.8718405	10.475952	10.028913	13.062149	14.316503	17.883356	19.579561	18.427053	20.997143	20.519938	22.374134	20.28572	16.965258	18.696451	20.1141	16.88326	14.9544735	18.105719	18.473515	15.033974	15.766302	19.4033	20.529873	23.429012	24.884827	28.003328	30.445164	33.369167	36.262512	36.826294	39.72606	37.339603	38.144196	35.32499	35.39184	32.281326	29.943493	27.47616	28.726921	25.970379	27.771204	30.095402	27.695251	26.283703	29.582659	32.228073	33.87048	34.956978	34.101467	37.909172	38.04628	35.996742	36.941616	40.053894	39.7505	39.066925	35.713512	37.84024	39.26967	35.880733	35.192516	37.26349	40.21749	39.355343	36.251534	38.08466	39.29886	36.013054	34.315586	37.402424	36.8469	33.256268	34.426403	37.819134	37.145535	34.710037	36.60324	35.48804	37.094894	34.894688	36.0903	36.36343	34.296707	31.213459	29.600594	29.743277	26.111662	25.077559	27.160326	25.57067	28.843306	28.348976	24.903214	25.19748	23.786768	25.961828	26.355146	29.30956	30.577301	31.317251	33.91051	32.98073	35.28899	37.093395	39.17789	41.851738	43.33127	44.49876	41.24112	41.00595	38.847164	35.320892	32.399284	28.616312	26.89099	24.836702	23.058023	24.01466	21.712954	23.963366	26.40322	30.141668	31.528292	35.12455	36.83689	39.780006	40.0112	36.66879	33.88166	30.551449	27.73934	24.610163	21.82533	23.05248	20.70278	22.265238	21.437387	22.2562	19.762827	21.803457	20.780355	24.019007	25.714096	28.634134	28.508213	30.99078	31.970951	33.295162	31.57715	34.24092	37.759	38.584045	37.03157	39.002922	38.88325	41.242214	41.37963	44.30907	44.53813	46.927727	49.514935	47.0546	44.459587	42.303356	40.7286	43.08372	41.77918	38.874058	39.400284	37.258865	36.541824	34.67409	31.361458	30.18852	30.940474	30.075651	27.634764	29.64261	31.679749	35.25635	35.04672	32.285137	34.658867	38.12027	40.057735	37.85981	39.36276	38.878025	38.760605	35.381268	33.75809	35.544807	34.50288	36.381527	38.184055	39.57108	40.813793	44.1684	44.91665	43.901875	46.22001	49.037594	48.496212	48.706104	51.93929	53.35366	52.28686	53.945747	57.02625	57.306744	55.52723	53.620945	51.241955	48.483173	45.64357	44.47306	41.07844	38.388435	34.689182	33.30473	29.943563	28.075607	25.908974	22.922485	24.110027	25.782532	29.42881	31.474165	34.969387	37.73	41.49466	43.243343	46.736244	48.202286	51.375126	52.764515	54.064217	57.191082	58.53117	60.95995	63.79116	63.445732	61.8735	59.383076	55.82182	53.52437	50.204952	48.676754	47.470276	44.661213	43.756718	40.56425	40.018063	36.734722	37.57888	35.992783	35.48126	38.125862	40.657803	39.861923	40.219532	43.25326	44.966553
F-177-B	56.590954	55.75162	56.3583	53.960495	51.088226	51.996952	51.962326	48.64893	47.263397	48.65941	47.18179	43.69757	44.151314	45.452133	42.621277	40.114513	41.96992	42.288162	38.505226	38.782146	38.4414	41.34629	44.882618	46.66095	46.602604	47.106426	48.842285	49.038464	47.08963	46.282585	45.229553	42.989166	41.257935	40.80982	39.32793	37.029747	35.647095	35.26928	33.36876	30.841742	30.38802	29.930006	27.377863	25.19553	25.734522	24.818275	21.743004	20.627062	21.551296	20.55631	19.372736	16.62685	13.964993	12.738814	15.933389	15.092304	11.72178	12.057859	12.610495	15.965228	17.188116	20.515343	22.576174	21.687252	24.208479	23.596464	25.692648	23.82775	20.38675	21.976717	23.629211	20.525974	18.340702	21.327515	21.897415	18.401875	18.700047	22.32292	23.340551	26.297632	27.567268	30.460257	32.711056	35.444977	38.149433	38.38435	41.43356	39.185	40.278996	37.67475	37.85754	34.933105	32.751915	30.527966	32.0054	29.240526	30.793951	33.26863	30.927713	29.247307	32.377647	35.223114	36.827633	38.07494	37.144955	40.926525	40.9182	38.699196	39.65581	42.61325	42.18744	41.23599	37.815346	39.732853	41.398937	38.048325	37.0356	38.91627	41.718708	40.552673	37.459747	39.412968	40.32742	36.873318	35.490738	38.588264	37.683853	34.15012	35.622486	38.860115	37.82597	35.40133	37.35377	36.121513	37.728294	35.583576	36.635307	37.16741	34.88072	31.788914	30.577103	30.722273	27.248251	25.782478	27.53911	25.69934	29.03389	29.038563	25.637081	25.992632	24.714535	26.947178	27.553568	30.728321	32.29144	33.399044	36.17713	35.511486	38.0423	39.937294	42.18837	44.711147	46.033264	47.070538	43.70405	43.24096	41.059345	37.48672	34.455833	30.695835	28.624897	26.691107	24.673897	25.69248	23.245708	25.52596	27.722029	31.445684	33.03666	36.652767	38.66631	41.6682	41.680584	38.22194	35.62569	32.238766	29.71246	26.627876	24.121843	25.318256	23.003716	24.530104	23.264297	24.298756	22.184757	24.598349	23.754498	27.164448	28.981245	32.03515	32.07878	34.50105	35.58073	37.009975	35.30595	38.011307	41.507317	42.369167	40.8308	42.784004	42.622112	44.920937	44.958427	47.81007	47.925056	50.20066	52.736637	50.162956	47.686817	45.49661	44.043816	46.413128	45.230854	42.4147	43.02281	40.90099	40.271847	38.368294	35.024418	33.939556	34.70054	33.74297	31.269148	33.13482	35.119595	38.650757	38.244213	35.477306	37.91099	41.33487	43.132214	40.93042	42.46615	42.146034	41.901688	38.44766	37.012257	38.786503	37.641163	39.309002	41.14779	42.718	43.887474	47.18738	48.091038	47.16846	49.38296	52.23503	51.83915	52.025276	55.18651	56.703785	55.70682	57.28428	60.37893	60.767525	59.02666	57.186497	54.795364	52.056183	49.146355	47.915974	44.551044	41.80565	38.100163	36.766228	33.347107	31.618223	29.384666	26.484446	27.511929	29.281618	32.88324	35.064285	38.529995	41.34198	45.107533	46.86591	50.383274	51.79346	54.957413	56.2739	57.584538	60.65385	61.942356	64.42385	67.189644	66.77932	65.27424	62.710117	59.179714	56.878674	53.609882	52.158283	51.05172	48.273888	47.452393	44.258133	43.74823	40.455013	41.240665	39.58871	38.937912	41.54455	44.156715	43.29358	43.50809	46.584023	48.3201
K-178-B	57.899776	56.981285	57.359756	54.992706	52.211823	52.925236	52.705845	49.479427	48.093494	49.21364	47.6495	44.269974	44.57746	45.60419	42.759624	40.308315	41.907703	42.005096	38.200573	38.385532	37.68715	40.41227	43.843178	45.877197	46.05449	46.80774	48.766117	49.157143	47.464	46.69087	45.34178	43.122723	41.68098	41.09626	39.31695	37.208553	36.055626	35.343914	33.262733	31.075254	30.656485	29.73364	27.204374	25.432055	25.701035	24.279623	21.41156	20.595446	20.953257	19.457254	17.673317	14.864224	12.887406	11.612997	15.228494	15.175436	12.169006	13.347901	13.37489	16.920416	18.832745	22.234241	24.27083	22.84099	24.953629	23.828974	25.658777	24.006908	20.46878	21.428328	23.035906	20.13297	17.480442	19.97175	20.678335	17.139605	16.788246	20.280561	21.26842	24.39063	25.70898	28.338207	30.619957	33.10745	35.801968	35.817867	38.819683	36.507587	37.83066	35.387257	35.87545	33.11315	30.9047	28.963652	30.606009	27.71356	28.858936	31.461115	29.205809	27.154282	30.05138	33.117096	34.69976	36.215897	35.333603	39.074184	38.781803	36.472748	37.614574	40.456657	39.775867	38.594162	35.079525	36.774178	38.529034	35.176826	33.93728	35.6527	38.39734	37.08002	34.041855	36.12134	36.977303	33.483006	32.275238	35.467613	34.508522	31.066286	32.758533	35.99938	34.907677	32.69475	34.89559	33.931892	35.833065	33.9913	35.353874	36.181206	34.132416	30.810675	29.483484	29.182074	25.693398	24.432592	25.825762	23.611738	26.713797	26.800444	23.25106	23.210936	21.663435	23.680225	24.199339	27.412756	29.08031	30.438421	33.319496	32.88191	35.626038	37.62567	40.089874	42.431767	43.542282	44.48813	41.051746	40.363842	38.135406	34.55544	31.441027	27.72113	25.429035	23.625479	21.577219	22.834717	20.577389	23.154978	25.497063	29.249653	31.179342	34.894527	37.048862	40.244137	39.65679	36.091496	33.438995	29.91427	27.615252	24.379221	21.930552	22.798008	20.381178	21.766855	20.185787	21.444296	19.735956	22.52234	22.137684	25.722246	27.483854	30.692003	31.051876	33.283787	34.655365	36.43179	34.973076	37.927444	41.294277	42.17433	40.77187	42.768024	42.768364	45.097973	45.111702	47.953594	47.901524	50.201763	52.541237	49.86839	47.364594	45.41765	44.17254	46.7819	45.708366	42.877796	43.638718	41.723137	40.833	38.74025	35.599453	34.480907	34.83554	33.77594	31.637186	33.60284	35.924362	39.373222	39.09826	36.0913	38.222794	41.777615	43.414703	40.942272	42.168083	41.742725	41.185642	37.810696	36.370636	37.83115	36.349747	37.81105	39.459435	41.28857	42.589405	45.73294	46.691708	46.04893	48.271076	51.004807	50.792034	51.173077	54.22496	55.735992	54.982513	56.620472	59.596745	60.06824	58.542324	56.66097	54.094917	51.26542	48.219357	46.73863	43.375977	40.65533	37.00812	36.00409	32.65377	31.28672	29.363773	26.305386	26.842127	28.425085	31.865606	34.244473	37.55312	40.57278	44.32213	46.285194	49.900402	51.393124	54.674534	56.080116	57.624134	60.709953	62.187965	64.77924	67.53061	66.96686	65.31999	62.680256	59.096928	56.99787	53.664146	52.049515	51.04043	48.112484	47.305973	43.963882	43.333977	39.92695	40.414722	38.556023	37.568256	40.100723	42.853928	41.86335	41.793438	44.929203	46.70826
I-179-B	59.296127	58.59748	58.932854	56.386913	53.740105	54.633095	54.255363	50.923695	49.786736	50.957695	49.171055	45.86657	46.435474	47.355476	44.32647	42.108654	43.862606	43.73291	39.944992	40.436245	39.80238	42.630962	45.974613	48.0981	48.131172	49.03566	50.879658	51.444294	49.689342	49.144684	47.837055	45.421707	44.051643	43.711708	41.858253	39.565895	38.615566	38.079597	35.792747	33.539986	33.442005	32.58678	29.815962	28.188513	28.773685	27.235498	24.182203	23.718288	24.261166	22.506744	20.733335	17.622227	15.964714	14.026395	17.476933	17.772173	14.476947	14.950882	14.163337	17.261486	18.936424	22.594059	24.075558	22.492481	24.794085	23.936312	25.315058	23.217209	19.964266	21.006895	22.007238	18.798069	16.543056	18.965275	18.985794	15.249323	15.418355	18.69627	20.313074	23.678963	25.519184	28.31196	30.967665	33.517986	36.485508	36.72295	39.48461	36.88835	38.038452	35.40497	36.017338	33.067627	30.503433	28.306395	29.520615	26.378233	27.64525	29.89863	27.305992	25.43822	28.492628	31.385256	33.312405	34.922707	34.409645	38.192944	37.81989	35.819218	37.222893	40.257168	39.472107	38.46759	34.900467	36.590385	38.00524	34.485794	33.44085	35.063282	38.060993	36.85499	34.00288	36.25003	37.456085	34.09867	32.8048	36.157032	35.536827	32.158596	33.78061	37.202877	36.41194	34.391964	36.733368	36.038956	38.08775	36.32409	37.890057	38.589832	36.74297	33.389175	31.727669	31.29544	27.661123	26.825981	28.34987	26.160475	29.092138	28.83804	25.160517	24.747726	22.748419	24.34645	24.291233	27.171381	28.374033	29.58117	32.160694	31.361843	34.01964	35.705368	37.976643	40.294983	41.64488	42.43616	38.980564	38.5502	36.582394	32.92356	30.060093	26.354744	24.427034	22.946186	21.459473	23.13475	21.350376	24.204012	26.944187	30.735836	32.654236	36.40193	38.299377	41.516594	40.86498	37.358288	34.439125	30.867392	28.374903	24.926048	22.057991	22.508734	19.654034	20.532583	18.918512	19.540674	17.472128	20.05989	19.250813	22.840279	24.93933	28.253283	28.803614	31.301723	32.857006	34.52811	33.31547	36.18384	39.61646	40.189632	38.54336	40.29797	40.082245	42.22718	42.033245	44.749355	44.553886	46.743458	49.043423	46.302284	43.890423	41.90411	40.767803	43.418583	42.505295	39.80197	40.77063	39.03627	38.258987	35.96687	32.831238	32.004597	32.26745	30.91511	28.747412	30.488068	32.860035	36.202564	35.793064	32.70279	34.801212	38.343422	39.853645	37.357765	38.609894	38.32663	37.74011	34.294758	33.015892	34.591835	33.21572	34.6103	36.462273	38.26059	39.36531	42.56091	43.65256	42.913063	45.004566	47.846687	47.69985	47.934975	50.953526	52.59149	51.808987	53.317524	56.352856	56.93498	55.387367	53.6397	51.144115	48.434605	45.339516	43.975803	40.720654	37.83361	34.13692	32.98032	29.518356	28.247421	26.186415	23.305553	23.739088	25.62213	29.067778	31.609135	34.980854	37.899532	41.64379	43.454887	47.067123	48.38693	51.610985	52.880066	54.425785	57.431896	58.86533	61.53441	64.20479	63.554993	61.965946	59.25463	55.704887	53.609207	50.32803	48.80942	47.948784	45.098377	44.49109	41.20234	40.80418	37.503216	38.158787	36.534695	35.550575	38.3208	40.86869	39.657288	39.773308	43.03724	44.569878
L-180-B	60.692463	60.08121	60.620964	58.036785	55.318935	56.391304	56.165222	52.754284	51.62999	53.029476	51.3038	47.919422	48.607777	49.73629	46.71131	44.455746	46.39205	46.417614	42.64003	43.18144	42.761433	45.686203	49.102886	51.076313	50.98086	51.71215	53.41594	53.825058	51.883114	51.28193	50.18969	47.78581	46.187546	45.90811	44.284256	41.88394	40.726566	40.395813	38.277077	35.79391	35.597397	35.042767	32.314156	30.365452	31.030159	29.848906	26.718212	25.933058	26.723719	25.346224	23.78355	20.804735	18.716919	16.98374	20.29322	20.050377	16.543995	16.448208	15.997719	18.85237	19.838663	23.481804	24.797264	23.681688	26.40037	26.031504	27.48092	25.068548	22.006718	23.526165	24.344036	20.88337	19.129435	21.811659	21.458227	17.702145	18.455088	21.644564	23.520908	26.878101	28.83932	31.778004	34.4943	37.1437	40.15355	40.473022	43.223198	40.60019	41.658653	38.933537	39.45677	36.394512	33.749973	31.340048	32.300728	29.132965	30.642643	32.6575	29.852028	28.260818	31.45436	34.158886	36.2741	37.816372	37.446438	41.255123	40.966526	39.125168	40.54317	43.67605	42.94851	42.057888	38.501682	40.216587	41.509727	37.93673	36.975437	38.53299	41.6067	40.382393	37.620594	39.940727	41.19133	37.83884	36.578846	39.95162	39.337673	35.96827	37.585396	41.008488	40.19795	38.141697	40.430008	39.627174	41.562717	39.665813	41.054604	41.63601	39.61182	36.381275	34.83831	34.637432	31.01411	30.01571	31.665346	29.573439	32.621044	32.433746	28.802773	28.51056	26.558243	28.136393	27.989794	30.783686	31.83175	32.98751	35.406403	34.389816	36.942394	38.390167	40.453423	42.78559	44.348694	45.018093	41.559242	41.32535	39.562824	35.864956	33.180458	29.516632	27.770346	26.46229	25.152657	26.87987	25.105707	27.894384	30.592768	34.38313	36.18158	39.89505	41.727406	44.856194	44.46638	40.99645	38.081913	34.549374	31.958872	28.540625	25.590738	26.062935	23.12587	23.819853	22.198555	22.417051	20.119375	22.423744	21.074326	24.531387	26.942429	30.230597	30.733995	33.506924	34.987453	36.356026	35.114853	37.734703	41.295937	41.6662	39.750477	41.280704	40.74343	42.680077	42.284657	44.85339	44.614918	46.611843	49.00844	46.228367	44.004642	41.758392	40.61349	43.088623	42.29161	39.765545	40.81255	39.05277	38.6444	36.3512	33.029457	32.50797	33.065407	31.537994	29.03703	30.413328	32.47675	35.77164	35.00118	32.064182	34.446526	37.823845	39.272453	37.005768	38.573284	38.610535	38.192234	34.59421	33.584003	35.502815	34.440258	35.806114	37.975372	39.640675	40.431293	43.737694	44.979794	44.000515	45.905807	48.93726	48.785347	48.73064	51.754494	53.556675	52.599075	53.89878	57.07814	57.746155	56.03344	54.469257	52.171223	49.64713	46.596962	45.493786	42.35009	39.307438	35.55032	34.040363	30.428858	29.00527	26.529625	24.013971	24.721016	27.022293	30.544811	33.088737	36.59448	39.280422	43.01587	44.54339	48.07343	49.15525	52.222218	53.26084	54.614677	57.501057	58.702614	61.372486	63.944267	63.311974	61.935364	59.185516	55.734566	53.4715	50.32821	49.078938	48.317547	45.682484	45.26655	42.15272	42.047504	38.925205	39.906807	38.57951	37.7956	40.74078	43.07647	41.786148	42.166176	45.475113	46.8158
N-181-B	60.566265	59.762085	60.432606	58.018436	55.132706	56.091953	56.090874	52.757248	51.382164	52.818336	51.34384	47.854473	48.320156	49.63322	46.797382	44.295135	46.135544	46.441322	42.65384	42.90175	42.478138	45.31356	48.831436	50.67239	50.693455	51.21269	52.988663	53.15831	51.214878	50.345524	49.293255	47.109535	45.349415	44.828438	43.37808	41.140297	39.685986	39.24701	37.422718	34.929104	34.346985	33.841602	31.404577	29.183327	29.52866	28.62722	25.695597	24.404057	25.073395	24.139103	22.61636	20.052519	17.580946	16.577507	19.943048	19.167885	15.879585	16.163704	16.582136	19.768595	20.730742	24.142115	25.93168	25.121332	27.820335	27.360691	29.230267	27.101292	23.817106	25.388725	26.669424	23.36398	21.348291	24.150911	24.25832	20.565317	20.980028	24.360579	25.844954	29.073042	30.665457	33.491997	35.923588	38.51772	41.302605	41.406574	44.36445	41.969936	43.200775	40.633575	41.07007	38.146965	35.76495	33.52707	34.798027	31.785316	33.220314	35.487713	32.87999	31.137169	34.23322	37.08912	38.994705	40.49538	39.865555	43.659985	43.418354	41.341545	42.577953	45.568436	44.90199	43.84441	40.302795	41.980328	43.551376	40.083332	38.917515	40.481064	43.36042	41.966618	39.094032	41.35109	42.28648	38.792007	37.685	40.955894	40.01312	36.619846	38.361397	41.614605	40.49278	38.298347	40.480537	39.425346	41.211758	39.23568	40.375805	41.070835	38.7911	35.641415	34.482674	34.454914	30.98982	29.54671	31.05993	28.94036	32.1334	32.3279	28.829176	28.838678	27.236126	29.098684	29.367308	32.43389	33.849564	35.198772	37.85549	37.11179	39.772396	41.4295	43.641006	45.96661	47.36512	48.091026	44.605286	44.163914	42.24346	38.565735	35.69658	32.01382	29.950256	28.477362	26.761244	28.243011	26.11777	28.71104	31.065994	34.817577	36.632122	40.311356	42.380047	45.478287	45.16392	41.636013	38.960827	35.459	33.040066	29.782177	27.147814	27.909698	25.236406	26.242308	24.520184	25.162798	23.141281	25.663897	24.572699	28.078321	30.333473	33.59048	33.97624	36.609634	37.960896	39.368904	37.922905	40.569534	44.12113	44.69321	42.901596	44.57172	44.119705	46.14567	45.847496	48.466686	48.307896	50.320324	52.759766	49.998	47.77461	45.490936	44.284424	46.684937	45.812904	43.24511	44.158096	42.24356	41.85353	39.712826	36.3295	35.655094	36.361435	35.009357	32.445183	33.901318	35.84016	39.201664	38.41415	35.588486	38.0736	41.410374	42.91437	40.722755	42.34697	42.38094	41.99277	38.397976	37.357933	39.257423	38.14931	39.513992	41.60685	43.317795	44.17717	47.46	48.673893	47.73645	49.679394	52.68266	52.513565	52.499336	55.536217	57.305645	56.34421	57.67644	60.850605	61.47978	59.750443	58.140266	55.829563	53.25622	50.23281	49.082325	45.878075	42.90732	39.1605	37.701633	34.122715	32.615883	30.14867	27.564922	28.375977	30.550411	34.096466	36.55596	40.051693	42.786472	46.535995	48.12272	51.647972	52.798122	55.87338	56.946968	58.253387	61.160107	62.324078	64.94336	67.53814	66.964615	65.614815	62.894547	59.44985	57.140087	54.001705	52.76023	51.926285	49.286407	48.774994	45.654175	45.441853	42.26526	43.18281	41.722153	40.947887	43.757336	46.228207	45.069405	45.336918	48.58125	50.07505
Y-182-B	58.421528	57.73367	58.57545	56.10661	53.188488	54.344433	54.45908	51.04623	49.73443	51.405216	49.960926	46.41877	47.066692	48.580868	45.731453	43.249424	45.337902	45.78139	42.038345	42.441177	42.358566	45.377728	48.957787	50.57833	50.340153	50.675877	52.21376	52.265118	50.092823	49.274887	48.4928	46.235947	44.265266	43.948833	42.730907	40.283913	38.71986	38.628548	36.892868	34.115242	33.631153	33.542503	31.015162	28.542376	29.240917	28.710258	25.56625	24.213583	25.430052	24.786007	23.818577	21.174091	18.29827	17.12639	20.052948	18.80208	15.308273	14.787522	15.4502535	18.272587	18.594585	21.865274	23.575928	23.231985	26.22828	26.229404	28.272137	25.990585	22.86578	24.944578	26.249176	22.849998	21.272356	24.459524	24.502106	20.952183	21.893244	25.385788	26.807756	29.827288	31.348148	34.421837	36.826313	39.67336	42.48698	42.85778	45.840137	43.49539	44.456936	41.71283	41.833183	38.751087	36.405468	33.909126	35.030426	32.187984	34.009483	36.172268	33.54824	32.177673	35.485447	38.112392	39.97835	41.1737	40.467026	44.284943	44.35061	42.359165	43.38783	46.49178	46.104397	45.309223	41.88094	43.827595	45.299152	41.84842	40.959625	42.76358	45.708027	44.546387	41.57237	43.643623	44.686363	41.25846	39.886513	43.052227	42.232555	38.71779	40.174488	43.460068	42.477108	40.065617	41.998802	40.724762	42.24422	39.98797	40.892212	41.26011	38.843494	35.907307	34.751225	35.103104	31.62849	30.122217	32.017307	30.286936	33.667603	33.656437	30.275942	30.630426	29.258263	31.356695	31.726141	34.75617	36.07026	37.100395	39.66516	38.704075	41.115944	42.71277	44.71433	47.2564	48.8474	49.739685	46.36505	46.153427	44.22128	40.583973	37.768833	34.033623	32.20339	30.50065	28.779282	29.977009	27.671936	29.98233	32.244865	35.968643	37.434605	41.011536	42.888687	45.791504	46.070038	42.669025	40.016018	36.65827	33.991413	30.879738	28.183344	29.277779	26.75366	27.982601	26.679817	27.212524	24.803902	26.92776	25.498081	28.76894	30.942102	33.97974	34.00077	36.75096	37.77866	38.8586	37.167187	39.57233	43.20963	43.79847	41.932037	43.59961	43.055126	45.09601	44.895847	47.565563	47.633636	49.683807	52.32583	49.724834	47.46603	44.98941	43.52578	45.679226	44.632114	42.034103	42.733788	40.60098	40.407383	38.50094	34.966656	34.2553	35.336426	34.168182	31.33942	32.77447	34.39088	37.8415	37.030354	34.468002	37.20484	40.417534	42.145172	40.222137	42.105614	42.139717	42.09305	38.48898	37.350018	39.49944	38.71016	40.350513	42.541977	43.953854	44.767715	48.190887	49.259377	48.059765	50.06071	53.12424	52.71839	52.569645	55.733852	57.435394	56.23438	57.568615	60.8247	61.31002	59.378433	57.756577	55.601093	53.085144	50.230255	49.30538	46.077236	43.15081	39.38242	37.65334	34.08077	32.19777	29.524384	27.054115	28.358599	30.58288	34.25358	36.445484	40.05523	42.59344	46.340256	47.76317	51.17802	52.3044	55.27765	56.322453	57.4062	60.32888	61.344353	63.819	66.464485	66.07882	64.82367	62.224026	58.81657	56.326824	53.22668	52.08975	51.101547	48.582294	47.991074	45.0095	44.85074	41.777805	42.943184	41.65197	41.220535	44.051388	46.399384	45.42178	45.95144	49.09421	50.585964
S-183-B	55.06145	54.286644	55.202248	52.817856	49.817257	50.940372	51.182842	47.80531	46.380577	48.11468	46.80985	43.210808	43.794678	45.45617	42.712727	40.119083	42.24373	42.881367	39.171776	39.496353	39.584846	42.6487	46.29106	47.72449	47.40681	47.56468	49.027905	48.937935	46.69136	45.798927	45.13008	42.92943	40.829834	40.51136	39.44761	36.98062	35.27831	35.30018	33.70897	30.815786	30.255322	30.38654	27.924557	25.255896	26.050837	25.816566	22.64633	21.130295	22.664177	22.348465	21.861187	19.365408	16.123865	15.186257	17.705292	15.93678	12.556902	11.872169	13.2512045	16.097849	16.309656	19.272547	21.39729	21.334318	24.255892	24.268057	26.700647	24.71942	21.492725	23.733494	25.476707	22.31443	20.681051	24.074915	24.582842	21.284084	22.132309	25.81194	26.751303	29.44685	30.561518	33.66055	35.78764	38.745064	41.389267	41.82091	44.940643	42.822872	43.691704	40.965397	40.791973	37.752525	35.687244	33.22954	34.570168	32.029007	33.976215	36.33555	33.98298	32.688274	36.001846	38.614285	40.176212	41.105347	40.07355	43.858185	44.17681	42.024014	42.727676	45.75727	45.631695	44.90619	41.614895	43.75599	45.374493	42.06799	41.26387	43.319443	46.13415	45.107788	41.93931	43.732307	44.64731	41.224216	39.68557	42.644485	41.744614	38.127575	39.374977	42.555756	41.536747	38.873817	40.517414	38.954685	40.187298	37.71043	38.34721	38.548386	35.969807	33.21557	32.230698	32.909935	29.550676	27.811659	29.903883	28.502256	32.051365	32.03213	28.866686	29.675966	28.747202	31.225176	31.99411	35.163414	36.684784	37.56032	40.262318	39.418545	41.722057	43.539383	45.57402	48.2829	49.793064	50.947704	47.671772	47.410667	45.248234	41.70844	38.740265	34.95867	33.06279	30.975266	28.92706	29.648554	26.98467	28.887808	30.828218	34.45693	35.658794	39.11043	40.987576	43.729786	44.439583	41.12141	38.660698	35.46881	32.76867	29.927185	27.47587	29.038975	26.91986	28.62515	27.665018	28.564095	26.145393	28.189049	26.956257	30.118284	31.917383	34.742687	34.406612	36.966362	37.67078	38.692787	36.682728	39.060932	42.65721	43.53878	41.893803	43.811344	43.487267	45.75298	45.852253	48.70823	49.049103	51.29188	54.054497	51.629204	49.193356	46.734207	45.02662	47.068962	45.73805	42.950893	43.326405	40.93793	40.63008	39.022285	35.475956	34.40521	35.671017	34.89996	32.069374	33.808487	35.325466	38.92295	38.374676	35.967506	38.74528	41.963486	43.95718	42.115524	44.00406	43.793167	43.923344	40.424038	38.990097	41.088417	40.32037	42.21048	44.21718	45.491085	46.53028	49.97697	50.793476	49.569927	51.778973	54.73508	54.118866	54.096546	57.372562	58.87025	57.59437	59.11001	62.32119	62.591866	60.604618	58.803745	56.625725	53.992817	51.271355	50.323597	46.96527	44.240215	40.51297	38.83973	35.405804	33.27399	30.7398	28.0715	29.64852	31.548868	35.26873	37.1698	40.762157	43.318245	47.067352	48.591984	51.964634	53.292233	56.301212	57.52193	58.537518	61.580875	62.63371	64.95269	67.73587	67.53256	66.20197	63.75486	60.303688	57.766823	54.592163	53.3365	52.095894	49.512054	48.648003	45.654568	45.257084	42.118324	43.219097	41.787785	41.5276	44.155724	46.616783	45.940907	46.44593	49.41275	51.12741
Q-184-B	51.82581	51.195766	52.15783	49.675243	46.72144	48.01414	48.241623	44.786194	43.504005	45.38427	44.00798	40.417423	41.22478	42.96207	40.14891	37.674038	40.030067	40.672535	37.027122	37.59742	37.99264	41.237	44.868916	46.14898	45.55643	45.64785	46.876152	46.802628	44.386463	43.67553	43.200844	40.838936	38.663708	38.643036	37.68218	34.97152	33.35109	33.727253	32.06534	28.958298	28.712896	29.18386	26.512333	23.814022	25.122118	25.06864	21.659676	20.441555	22.534723	22.245977	22.313957	19.642696	16.352259	14.982601	16.841309	14.903645	11.433887	9.681748	11.055128	13.322935	12.962503	15.777534	17.841179	18.104057	21.183397	21.572283	24.115269	22.094015	19.06708	21.699528	23.476364	20.393854	19.18352	22.815931	23.35475	20.376245	21.608393	25.286833	26.051928	28.437777	29.435057	32.72188	34.801727	37.97967	40.648663	41.39031	44.465828	42.3941	42.952324	40.06556	39.57947	36.41617	34.41925	31.763056	32.97594	30.680664	32.94957	35.218815	32.963528	32.02253	35.462875	37.83287	39.269405	39.868706	38.731384	42.488983	43.114986	41.05178	41.528385	44.637634	44.798424	44.359756	41.229725	43.641994	45.13393	41.893074	41.40523	43.722378	46.57871	45.85151	42.593918	44.147133	45.21212	41.9257	40.075714	42.894035	42.20579	38.502777	39.393444	42.60838	41.83356	39.008335	40.401703	38.718807	39.723278	37.028202	37.536835	37.372612	34.814194	32.25659	31.117958	32.092857	28.72754	27.130272	29.622309	28.660246	32.27226	31.895332	28.874533	29.943624	29.205257	31.840025	32.664635	35.721943	37.109554	37.613243	40.202045	39.182972	41.205185	43.00807	44.857872	47.77446	49.409702	50.78412	47.666306	47.601738	45.385113	41.946434	39.032166	35.24523	33.610966	31.280117	29.268904	29.67192	26.926542	28.510433	30.385622	33.928772	34.752262	38.06619	39.673187	42.209614	43.47177	40.329693	37.86923	34.866856	31.928665	29.277634	26.800322	28.664473	26.780748	28.718245	28.254086	29.108503	26.410192	28.044275	26.671915	29.540218	31.07988	33.611603	32.888126	35.427326	35.78811	36.55345	34.305485	36.497787	40.10351	41.082474	39.492264	41.500546	41.241524	43.617714	43.933086	46.907097	47.515926	49.89616	52.80686	50.592075	48.02671	45.52217	43.5531	45.417213	43.837162	40.93341	41.029446	38.434925	38.13553	36.799637	33.223427	31.952602	33.47184	33.00927	30.097858	31.995356	33.32004	37.009613	36.665115	34.470818	37.322964	40.47646	42.733315	41.05981	43.03361	42.648685	43.061924	39.666676	38.001778	40.179855	39.62372	41.808598	43.758118	44.74813	45.87528	49.394413	49.972088	48.584015	50.932564	53.840652	52.970436	52.946648	56.339996	57.67099	56.22981	57.849396	61.058113	61.126152	59.015278	57.11488	55.016975	52.37154	49.83162	49.017254	45.611305	43.032593	39.351658	37.565002	34.2583	31.81472	29.30535	26.631853	28.600374	30.324411	34.081783	35.65169	39.264187	41.679317	45.394623	46.86279	50.131866	51.545906	54.509666	55.81711	56.694916	59.810493	60.835545	62.992867	65.87945	65.8655	64.515	62.228176	58.773556	56.151325	52.952873	51.66497	50.210094	47.657104	46.612267	43.70417	43.22581	40.146202	41.36476	40.01263	40.057	42.613327	44.993324	44.554504	45.242043	48.05184	49.821514
N-185-B	52.40419	51.763527	52.98674	50.5874	47.511303	48.906475	49.399742	45.9576	44.576042	46.67546	45.510937	41.85075	42.65025	44.656548	41.99352	39.41022	41.853912	42.769447	39.203396	39.676258	40.273365	43.517246	47.207104	48.26098	47.59426	47.415855	48.513058	48.174355	45.59975	44.724224	44.503464	42.28859	39.845722	39.790382	39.166054	36.472324	34.54779	35.096207	33.775116	30.520735	30.024315	30.828457	28.409586	25.387247	26.615509	27.041727	23.792944	22.146132	24.365166	24.591974	24.868134	22.536133	19.018435	18.137014	19.796093	17.37484	14.260511	12.450477	14.331499	16.248001	15.27183	17.56218	19.61122	20.501068	23.715733	24.434547	27.122135	25.101578	22.265463	25.096464	26.879345	23.816097	22.821016	26.503408	26.978662	24.041267	25.388983	29.046724	29.834078	32.166046	33.09214	36.385548	38.370934	41.569294	44.155285	44.873745	48.011715	46.029583	46.581623	43.709312	43.11828	39.965313	38.047756	35.35776	36.524178	34.30374	36.662327	38.87549	36.58902	35.746883	39.21952	41.53288	42.988186	43.51452	42.358727	46.10082	46.81423	44.763145	45.15874	48.256897	48.49854	48.079334	44.976715	47.399395	48.922806	45.69455	45.188442	47.48755	50.321545	49.53641	46.27415	47.834194	48.81272	45.481583	43.692142	46.472996	45.673676	41.970066	42.88379	46.019558	45.126842	42.224422	43.50678	41.64518	42.467457	39.651802	39.885296	39.641815	36.86501	34.52758	33.676025	34.903904	31.688171	29.834646	32.323376	31.469229	35.158302	34.961113	32.072464	33.31174	32.718876	35.42305	36.33039	39.44015	40.873474	41.414608	44.003597	42.959126	44.95523	46.703186	48.48014	51.415478	53.117687	54.46363	51.34056	51.318436	49.146225	45.68838	42.79497	39.008324	37.352547	35.055107	33.00616	33.376377	30.548424	32.023716	33.722202	37.19893	37.91856	41.13921	42.766754	45.175953	46.697025	43.596302	41.26473	38.33668	35.431118	32.8903	30.504751	32.441467	30.5853	32.504574	31.970568	32.766323	30.045446	31.64382	30.103642	32.913845	34.55325	37.037052	36.233894	38.852688	39.091015	39.653446	37.30608	39.288574	42.924698	43.86426	42.1796	44.091526	43.668434	45.937214	46.196148	49.08762	49.749104	52.014572	55.0201	52.83919	50.390793	47.70844	45.675644	47.332577	45.763203	42.973614	43.003593	40.30823	40.28917	39.094284	35.417145	34.27811	36.07221	35.620197	32.508957	34.185608	35.18013	38.823124	38.261063	36.30694	39.36982	42.34096	44.608425	43.169865	45.36928	45.163467	45.730667	42.279892	40.750446	43.118217	42.748577	44.933865	47.02509	47.92829	48.90366	52.478065	53.10498	51.57271	53.83258	56.830635	55.916885	55.727108	59.135506	60.526634	58.948833	60.45772	63.74687	63.817883	61.575462	59.76681	57.8165	55.279617	52.818363	52.16702	48.813297	46.198105	42.51014	40.53698	37.19621	34.632046	31.91904	29.488523	31.636524	33.51735	37.29074	38.792377	42.451515	44.711964	48.397343	49.693386	52.86988	54.163654	57.00116	58.1779	58.869076	61.908894	62.740463	64.82509	67.661964	67.73379	66.548645	64.29401	60.926704	58.162582	55.076965	53.978897	52.527534	50.14239	49.159374	46.402645	46.059902	43.1083	44.50668	43.30084	43.494602	46.0788	48.365295	47.958755	48.771004	51.556828	53.27437
D-186-B	55.897636	55.343376	56.52605	54.049583	51.038498	52.478436	52.875587	49.393806	48.109547	50.170864	48.888523	45.26628	46.124493	48.017323	45.255493	42.75564	45.174946	45.932068	42.317028	42.84909	43.28985	46.505165	50.164978	51.38524	50.79469	50.761353	51.930614	51.699055	49.17911	48.347996	48.032524	45.776962	43.42812	43.353172	42.60089	39.9276	38.09574	38.525055	37.086926	33.921707	33.450863	34.044113	31.568659	28.67811	29.773111	29.936733	26.682852	25.101627	27.017187	26.978838	26.80026	24.314287	20.978622	19.919235	22.063704	20.036276	16.66619	15.07863	16.356258	18.390102	17.529232	20.207672	21.832804	22.469162	25.827936	26.565088	28.916079	26.558764	23.785297	26.535381	27.926054	24.57747	23.647518	27.225103	27.264477	24.064707	25.556934	29.096806	30.332226	32.97915	34.285435	37.59434	39.847244	42.972847	45.72697	46.388203	49.42807	47.233322	47.87408	44.96627	44.633713	41.415333	39.22459	36.46348	37.420345	34.906574	37.193325	39.224083	36.658394	35.77338	39.27786	41.59789	43.35106	44.112312	43.25716	47.05279	47.54841	45.64419	46.336918	49.52535	49.534397	49.054024	45.810345	48.071423	49.46756	46.091084	45.508476	47.589195	50.552273	49.635242	46.534985	48.355885	49.44407	46.083878	44.443775	47.426025	46.677437	43.040955	44.159924	47.403774	46.51729	43.815025	45.366688	43.73762	44.821064	42.18281	42.647076	42.571377	39.9023	37.376053	36.388447	37.331573	33.980274	32.2823	34.60256	33.422295	37.01682	36.860695	33.74678	34.60913	33.63175	36.04074	36.61607	39.6308	40.88953	41.570297	44.04205	42.870354	44.96112	46.494774	48.222397	51.02161	52.82763	53.92983	50.711975	50.756634	48.802597	45.242916	42.487545	38.725437	37.12729	35.156483	33.37404	34.164074	31.607428	33.46175	35.45796	39.05908	40.031345	43.394093	45.044582	47.61491	48.755814	45.55589	43.04062	39.936832	37.03826	34.227493	31.596228	33.14466	30.910006	32.42812	31.595448	32.058292	29.305197	30.94891	29.16726	32.060997	34.070446	36.747643	36.248222	39.089146	39.611103	40.187927	38.11811	40.099937	43.808613	44.44893	42.509476	44.159145	43.473255	45.503185	45.45303	48.153057	48.56728	50.624107	53.550842	51.20842	48.952637	46.19281	44.364338	46.07782	44.78148	42.193947	42.53097	40.053596	40.218037	38.74838	35.02948	34.274208	35.964863	35.122627	31.932367	33.269646	34.280556	37.794353	36.910866	34.86093	37.966644	40.89698	42.926273	41.475338	43.74719	43.8205	44.2748	40.700817	39.473248	41.95658	41.627167	43.599922	45.90716	46.906517	47.63237	51.211636	52.08452	50.525856	52.572456	55.70372	54.971207	54.613575	57.92928	59.533005	57.983967	59.29218	62.653835	62.931767	60.70204	59.087444	57.193462	54.79161	52.215862	51.63031	48.402817	45.577217	41.832886	39.742554	36.245693	33.85691	30.932522	28.73281	30.710781	32.946266	36.706448	38.468525	42.17904	44.39191	48.084034	49.240913	52.445972	53.516087	56.294098	57.267643	57.97793	60.887466	61.633377	63.858562	66.55258	66.46713	65.39723	62.997257	59.688053	56.923763	53.93189	52.997135	51.78811	49.501495	48.798527	46.07986	46.004543	43.133717	44.64841	43.608723	43.67713	46.478073	48.64251	47.952396	48.826923	51.786	53.281704
L-187-B	54.813652	54.471794	55.534237	52.873676	50.03052	51.61138	51.790104	48.215427	47.19748	49.253883	47.72058	44.19345	45.307983	47.047634	44.094967	41.84353	44.403397	44.91191	41.31642	42.164906	42.678654	46.016693	49.591816	50.892296	50.136772	50.27847	51.33386	51.327724	48.776665	48.236137	47.914463	45.419212	43.211113	43.420464	42.51695	39.64389	38.113052	38.702156	36.969383	33.77405	33.72805	34.32133	31.532766	28.8943	30.369425	30.28891	26.803984	25.735146	27.833084	27.3977	27.272858	24.40693	21.325142	19.614164	21.602022	19.989817	16.386267	14.259837	14.741961	16.299524	15.204943	18.11855	19.24198	19.742079	23.242315	24.220678	26.27447	23.63686	21.119104	24.021357	25.070913	21.615465	21.09152	24.701487	24.428692	21.353111	23.255493	26.655718	28.061432	30.65788	32.172646	35.627575	38.06428	41.303482	44.22692	45.14387	48.019585	45.678623	46.090256	43.016167	42.636776	39.273907	36.91942	33.95788	34.63434	32.115448	34.591187	36.401146	33.745327	33.12979	36.740913	38.844685	40.684784	41.337433	40.62782	44.419304	45.000076	43.30032	44.036785	47.354416	47.42261	47.163853	43.973267	46.354374	47.512672	44.09868	43.77319	45.943787	49.042015	48.348347	45.292446	47.065388	48.415707	45.19853	43.3509	46.35336	45.90017	42.250134	43.169937	46.546524	45.95647	43.30198	44.864437	43.392212	44.537556	41.904633	42.54811	42.295483	39.849422	37.285587	35.935585	36.8091	33.32224	32.006702	34.53418	33.46821	36.984196	36.44955	33.26652	33.99327	32.840347	35.121624	35.458374	38.255875	39.230194	39.639084	41.902355	40.48496	42.37764	43.757694	45.298386	48.182285	50.147285	51.299095	48.177444	48.44003	46.57395	43.0588	40.456055	36.723385	35.435738	33.475174	31.960752	32.784966	30.428442	32.311295	34.53326	38.143574	38.996265	42.350407	43.740738	46.2777	47.52205	44.416576	41.72159	38.65378	35.554455	32.694126	29.840029	31.30839	29.009151	30.427217	29.874422	30.07168	27.054379	28.343805	26.33117	29.0123	30.993362	33.539513	32.937138	35.876408	36.338345	36.765003	34.74206	36.622795	40.36168	40.881207	38.852966	40.434288	39.698925	41.714214	41.68371	44.408054	44.88666	46.99919	49.968437	47.705704	45.38783	42.62508	40.710747	42.399956	41.039505	38.41787	38.73392	36.264812	36.43238	34.957874	31.232752	30.511095	32.236732	31.398396	28.170382	29.518936	30.519527	34.06102	33.27218	31.234173	34.335396	37.275223	39.401752	37.979137	40.264492	40.26223	40.837437	37.310787	35.995995	38.541687	38.356415	40.465824	42.79407	43.625168	44.338318	47.960655	48.744427	47.08136	49.161	52.2883	51.455956	51.0668	54.42455	55.978752	54.360218	55.690548	59.05568	59.275574	57.0042	55.37948	53.528095	51.156822	48.640438	48.151413	44.94977	42.138462	38.410786	36.219105	32.756958	30.254128	27.299435	25.161882	27.30716	29.557491	33.3205	34.98017	38.712894	40.82004	44.48955	45.573395	48.73992	49.79595	52.551945	53.53809	54.22648	57.159172	57.926277	60.128838	62.856785	62.80408	61.69949	59.34075	56.018154	53.246647	50.232327	49.27611	48.02404	45.751034	45.04087	42.361588	42.337837	39.532482	41.158695	40.25853	40.457016	43.326004	45.35376	44.669	45.70418	48.64009	50.04533
I-188-B	51.42482	51.18579	52.333088	49.630108	46.80435	48.527924	48.756714	45.143993	44.215115	46.42565	44.90166	41.383377	42.66315	44.52204	41.57838	39.405827	42.153584	42.74279	39.250877	40.258347	41.07594	44.53474	48.096333	49.194664	48.19967	48.211475	49.03717	48.978714	46.27009	45.84557	45.740074	43.16518	40.85295	41.29914	40.562283	37.52086	36.007816	36.920574	35.22716	31.864454	32.025764	32.961853	30.103796	27.416653	29.26444	29.43798	25.867617	24.961115	27.485537	27.206114	27.589052	24.739525	21.597334	19.78053	21.135351	19.304058	15.902475	13.103589	13.695721	14.529305	12.709377	15.186457	16.231901	17.269003	20.869986	22.250393	24.47037	21.919905	19.662632	22.897383	24.066322	20.833649	20.689077	24.447945	24.340668	21.671394	23.773033	27.157251	28.259136	30.480953	31.754906	35.31049	37.591446	40.99496	43.851845	45.00061	47.87316	45.660213	45.81651	42.656174	41.947556	38.53666	36.35219	33.28295	33.91358	31.720333	34.455654	36.237095	33.772274	33.456764	37.121677	39.02141	40.652218	40.959053	40.068806	43.796734	44.694275	43.02221	43.47297	46.80134	47.171055	47.14532	44.13813	46.757168	47.87169	44.574955	44.495457	46.913555	49.977417	49.52821	46.36153	47.872414	49.26717	46.15524	44.062035	46.881107	46.538788	42.821674	43.429188	46.766678	46.326714	43.495754	44.7767	43.130787	44.00506	41.16466	41.608074	41.032066	38.56312	36.248146	34.875557	36.069	32.67256	31.392893	34.217102	33.565945	37.138145	36.379143	33.406925	34.446396	33.577965	36.06254	36.569336	39.32338	40.277725	40.386105	42.602203	41.113953	42.75458	44.18683	45.589725	48.665867	50.685127	52.077793	49.117847	49.498547	47.526066	44.134243	41.53208	37.80933	36.6774	34.448914	32.862835	33.312702	30.815388	32.322796	34.358658	37.831924	38.316208	41.489544	42.66644	44.96601	46.768414	43.844845	41.24282	38.39796	35.156166	32.56119	29.814949	31.621836	29.649202	31.358273	31.241493	31.53727	28.382952	29.354546	27.344133	29.729368	31.365137	33.579758	32.554672	35.38897	35.453377	35.623753	33.30596	34.97601	38.689133	39.37672	37.46865	39.189987	38.571766	40.736176	40.987385	43.85336	44.650707	46.9234	50.04513	48.026688	45.564175	42.778446	40.573185	42.047966	40.385902	37.6244	37.576668	34.83957	35.007057	33.8988	30.162395	29.162186	31.19206	30.764954	27.483786	29.037994	29.789015	33.427185	32.898163	31.142147	34.30351	37.150124	39.57369	38.344242	40.693	40.47591	41.340843	37.960697	36.38151	38.957447	38.95254	41.35085	43.55933	44.120792	44.967144	48.631386	49.14454	47.349274	49.59228	52.633297	51.533073	51.179028	54.652184	56.002155	54.226017	55.689274	59.028484	59.013172	56.623337	54.869137	53.09222	50.688965	48.38127	48.003033	44.74228	42.13185	38.484608	36.23093	32.95391	30.135681	27.277433	25.125916	27.656942	29.63053	33.390636	34.66383	38.37524	40.34592	43.9616	45.01444	48.058228	49.2396	51.949623	53.053856	53.589436	56.607624	57.348473	59.35189	62.202045	62.37373	61.241203	59.07504	55.75198	52.89552	49.856426	48.850487	47.34012	45.09501	44.149746	41.565926	41.406685	38.65941	40.365852	39.503807	40.012264	42.738026	44.71784	44.327015	45.496677	48.23293	49.744175
G-189-B	52.19013	52.160393	53.46875	50.687244	47.91704	49.879997	50.175854	46.5105	45.74432	48.159084	46.623043	43.15123	44.648674	46.616066	43.664413	41.62664	44.554516	45.17496	41.791546	42.964165	43.998077	47.531727	51.06318	52.033848	50.85023	50.766644	51.375107	51.260433	48.39095	48.05964	48.185112	45.5647	43.139957	43.780792	43.22639	40.066685	38.53719	39.7076	38.09104	34.616688	34.878212	36.06095	33.20644	30.472208	32.476807	32.82829	29.25381	28.359386	31.025703	30.847683	31.3391	28.49122	25.353148	23.500109	24.70813	22.843468	19.534086	16.534327	16.966396	17.241016	14.834794	16.872393	17.299185	18.822355	22.568308	24.44282	26.46278	23.70194	21.91968	25.353947	26.188267	22.948639	23.310862	27.035585	26.586866	24.085524	26.536833	29.728447	31.017555	33.17146	34.57593	38.21764	40.575863	44.053932	46.9777	48.283066	51.066086	48.796635	48.78715	45.52075	44.721912	41.218987	38.957123	35.718784	36.041607	33.90473	36.830593	38.3332	35.7537	35.74671	39.48844	41.142834	42.894558	43.074535	42.340057	46.02866	47.041862	45.580696	46.032692	49.45014	49.90509	50.06101	47.10923	49.790966	50.727562	47.40409	47.488525	49.909286	53.065746	52.70643	49.605015	51.129177	52.65309	49.603577	47.446644	50.275875	50.055725	46.344864	46.866104	50.241432	49.91069	47.08289	48.319088	46.669857	47.47151	44.56445	44.933	44.18534	41.7153	39.544094	38.14403	39.454506	36.08064	34.87616	37.80023	37.256496	40.822895	39.968414	37.02608	38.05305	37.1285	39.533154	39.89398	42.517815	43.277092	43.244	45.270157	43.557766	45.018944	46.22441	47.377296	50.496468	52.721302	54.074226	51.19041	51.798927	49.99025	46.618412	44.193993	40.52487	39.614693	37.4916	36.10739	36.61667	34.236347	35.725883	37.805767	41.23874	41.58636	44.681725	45.679554	47.850395	49.907387	47.085396	44.44496	41.67442	38.332985	35.771423	32.93267	34.674072	32.64165	34.187595	34.15605	34.160774	30.840855	31.509968	29.167095	31.279736	33.01575	35.05941	33.92244	36.914917	36.837254	36.64916	34.33899	35.649384	39.389175	39.86047	37.738865	39.214054	38.311867	40.26299	40.410046	43.13298	44.01052	46.136543	49.375263	47.46687	45.1461	42.156845	39.84749	41.024708	39.3749	36.793312	36.68764	33.898075	34.459778	33.502052	29.69314	28.972202	31.324196	30.868052	27.368109	28.564768	28.8513	32.368282	31.60764	30.20849	33.58566	36.15165	38.61515	37.72927	40.349083	40.32635	41.46038	38.089115	36.663063	39.49474	39.837723	42.28923	44.681435	45.00868	45.621223	49.349533	49.87584	47.833893	49.94655	53.08435	51.882603	51.279022	54.7647	56.166546	54.182266	55.48847	58.916824	58.88739	56.318466	54.710938	53.172787	50.96827	48.80818	48.720505	45.595154	42.95112	39.349567	36.80746	33.559464	30.580658	27.49558	25.790796	28.58093	30.740189	34.441013	35.56215	39.297577	40.961998	44.481163	45.23009	48.102837	49.07818	51.581894	52.495186	52.778973	55.68305	56.18396	58.08843	60.869728	61.15096	60.216343	58.116043	54.91911	51.899136	49.018726	48.263996	46.770485	44.783394	43.96276	41.634876	41.731438	39.242584	41.255054	40.71843	41.478107	44.298946	46.019566	45.62606	47.069637	49.766586	51.09339
Q-190-B	55.820347	55.79807	57.028378	54.214615	51.484146	53.403694	53.604683	49.9318	49.18817	51.501434	49.8791	46.427406	47.88695	49.72483	46.700478	44.67907	47.51251	47.994167	44.529686	45.676754	46.489628	49.966805	53.489536	54.651104	53.609108	53.677498	54.430683	54.414577	51.646744	51.29855	51.264748	48.64098	46.321125	46.850536	46.135338	43.048183	41.56823	42.529327	40.81091	37.44682	37.6394	38.557632	35.67752	33.022938	34.81629	34.915665	31.344687	30.417677	32.781635	32.393536	32.46095	29.508068	26.481215	24.559977	26.252026	24.6587	21.115627	18.472034	18.59287	19.256388	17.294882	19.789165	20.052048	21.102213	24.855825	26.536863	28.268623	25.267445	23.42482	26.657976	27.18034	23.682957	23.965519	27.547419	26.73213	23.945326	26.443525	29.526592	31.220898	33.698185	35.439377	39.05231	41.641026	45.013474	48.072865	49.268364	51.980747	49.52426	49.65219	46.39033	45.878826	42.35081	39.846115	36.600613	36.78736	34.339993	37.125805	38.493904	35.654964	35.53805	39.278088	40.984016	43.01642	43.473083	43.018375	46.758423	47.511852	46.15376	46.908096	50.382187	50.57641	50.620617	47.51975	50.015366	50.866066	47.407974	47.37579	49.569042	52.825478	52.31462	49.367092	51.1423	52.736378	49.64754	47.659763	50.676495	50.467503	46.825565	47.572098	51.03287	50.668392	48.028915	49.53114	48.0916	49.15511	46.428352	47.01901	46.49359	44.095314	41.703186	40.219707	41.239147	37.740875	36.617485	39.34685	38.46734	41.960995	41.19627	38.042053	38.73144	37.472656	39.61474	39.694214	42.24595	42.87288	43.011326	44.952038	43.161385	44.75298	45.774334	46.920025	49.877098	52.167168	53.267242	50.27679	50.912975	49.304882	45.834938	43.527676	39.888813	38.998905	37.189148	36.02584	36.92393	34.775345	36.622913	38.9552	42.51378	43.148243	46.401375	47.48889	49.85399	51.460293	48.510933	45.715057	42.75627	39.466072	36.643303	33.611305	34.981216	32.601067	33.772034	33.428017	33.147278	29.840622	30.59289	28.05397	30.280596	32.39662	34.672966	33.901215	37.089005	37.356037	37.268227	35.28282	36.670017	40.459164	40.641693	38.288498	39.50495	38.356297	40.06065	39.860687	42.38019	42.95319	44.860905	47.99203	45.87872	43.75539	40.704933	38.649673	39.94368	38.618385	36.250675	36.52783	34.023922	34.726936	33.41225	29.583328	29.28244	31.428263	30.513636	26.97232	27.805994	28.18919	31.563345	30.439507	28.86397	32.269356	34.83302	37.011154	36.059475	38.730274	39.002045	39.966984	36.45311	35.351727	38.274975	38.610725	40.81595	43.41413	43.883087	44.25466	47.97525	48.77063	46.74245	48.63614	51.904728	50.9236	50.17441	53.55238	55.1829	53.268906	54.375095	57.868893	58.074894	55.55445	54.141624	52.624447	50.538322	48.225033	48.157524	45.154602	42.287792	38.624104	36.004375	32.580605	29.839422	26.546873	25.058619	27.599964	30.12572	33.80483	35.24368	39.01771	40.68143	44.216618	44.863575	47.795727	48.552277	51.023125	51.73716	52.088684	54.862343	55.307735	57.39311	60.02238	60.10297	59.26464	56.985382	53.831837	50.838997	48.039005	47.430126	46.216484	44.299103	43.78191	41.454685	41.808197	39.368618	41.440025	41.020653	41.584263	44.608868	46.247494	45.54487	46.99483	49.879562	51.000942
S-191-B	57.41707	57.584972	58.694023	55.73154	53.175316	55.192688	55.186165	51.460155	50.95361	53.216587	51.37332	48.039154	49.681095	51.33682	48.160084	46.366222	49.247284	49.475838	46.03228	47.40165	48.170307	51.68252	55.10894	56.40442	55.302837	55.56516	56.281372	56.473682	53.736916	53.600727	53.504856	50.72362	48.56404	49.25165	48.373966	45.200466	43.966446	44.94743	43.003113	39.701996	40.151054	40.950954	37.889618	35.472095	37.39213	37.227917	33.56972	32.95879	35.260944	34.54198	34.44049	31.261652	28.515614	26.232536	27.989893	26.823147	23.175795	20.49242	19.949806	20.315517	18.395344	21.042368	20.693438	21.449886	25.196218	27.008072	28.261211	24.957987	23.476097	26.637236	26.626886	23.037098	23.716827	27.091955	25.772621	23.088625	25.913147	28.672207	30.712742	33.24888	35.31764	38.96969	41.7903	45.15397	48.384438	49.718727	52.230877	49.581745	49.585224	46.221416	45.822186	42.203377	39.466343	36.08795	35.910427	33.347374	36.189384	37.220646	34.1877	34.299114	38.06842	39.55084	41.806904	42.300774	42.15592	45.865505	46.553875	45.468857	46.41509	49.996044	50.104584	50.28661	47.18907	49.65435	50.237854	46.711742	46.83961	48.949383	52.343533	51.9359	49.14766	51.007507	52.83615	49.870777	47.83735	50.938198	50.96843	47.39456	48.098366	51.66876	51.516098	49.03725	50.66696	49.460934	50.6858	48.074333	48.8891	48.341587	46.156162	43.66669	41.909634	42.733124	39.131603	38.333916	41.07374	40.121853	43.479954	42.504395	39.243774	39.651848	38.10998	39.973167	39.706467	41.997074	42.296307	42.296158	43.965714	41.920944	43.37128	44.106003	45.031075	47.942986	50.417927	51.39642	48.465202	49.32851	47.95105	44.50599	42.449314	38.918694	38.334965	36.760437	35.97503	37.098785	35.280212	37.29548	39.882957	43.45472	44.12752	47.40684	48.316097	50.71688	52.17936	49.275185	46.292862	43.310535	39.938156	36.998276	33.75228	34.81931	32.24941	33.075916	32.796074	32.10082	28.650856	29.07013	26.213997	28.188913	30.480343	32.691967	32.03258	35.398582	35.777153	35.539516	33.815113	35.057144	38.85845	38.71982	36.129803	37.06274	35.665535	37.144924	36.728355	39.1008	39.562077	41.348614	44.467434	42.33306	40.312668	37.190716	35.197773	36.46766	35.291252	33.078392	33.558247	31.245205	32.126167	30.636488	26.813707	26.886211	28.990389	27.803251	24.194712	24.690361	24.989481	28.240416	26.924637	25.352148	28.804356	31.289751	33.38213	32.50365	35.267807	35.694965	36.724033	33.19871	32.266224	35.33381	35.873356	38.038418	40.79069	41.141647	41.30368	45.042477	45.916973	43.767536	45.519863	48.864193	47.911293	47.000057	50.337917	52.0641	50.09741	51.068535	54.6098	54.901054	52.346478	51.074295	49.661015	47.722847	45.415295	45.5054	42.650177	39.683468	36.048187	33.253407	29.809286	27.10961	23.653107	22.536066	25.093084	27.848309	31.429472	32.905933	36.676685	38.15767	41.628487	42.078976	44.957333	45.523552	47.902016	48.466988	48.788597	51.475834	51.860847	54.01256	56.565083	56.57459	55.79984	53.46675	50.357803	47.34986	44.617413	44.13138	43.05638	41.258026	40.947506	38.72917	39.336807	37.06698	39.316505	39.161705	39.769333	42.9513	44.357594	43.487064	45.117077	48.05478	48.936436
L-192-B	57.85678	57.982025	58.85634	55.85445	53.384567	55.263	55.038414	51.32545	50.86012	52.898884	50.898445	47.62604	49.214844	50.62377	47.343704	45.621773	48.367653	48.360397	44.852314	46.24922	46.77865	50.231674	53.589825	55.109474	54.137424	54.642574	55.52237	55.929108	53.368874	53.316425	52.969658	50.117096	48.19264	48.831467	47.67069	44.551678	43.53528	44.301727	42.123184	38.999283	39.56309	40.043423	36.862213	34.710476	36.56856	36.02728	32.34991	31.999321	34.075096	32.984726	32.60625	29.25792	26.81715	24.271753	26.236126	25.530996	21.790373	19.364317	18.28979	18.847698	17.501522	20.58732	20.211807	20.292324	23.883028	25.35285	26.335758	22.94912	21.356632	24.2346	24.021833	20.314049	20.873974	24.074953	22.57242	19.750978	22.573103	25.227283	27.458479	30.153858	32.423462	36.023296	38.988293	42.260967	45.579334	46.87557	49.292686	46.52355	46.587627	43.239704	43.042	39.43427	36.552868	33.218594	33.012814	30.257536	32.959297	33.97102	30.847002	30.834269	34.57582	36.126717	38.48288	39.156616	39.139538	42.87255	43.37684	42.32101	43.450424	47.040695	46.97847	47.094864	43.934826	46.30328	46.827114	43.252953	43.350674	45.376343	48.81124	48.394794	45.685013	47.62285	49.53388	46.61283	44.612488	47.78721	47.90826	44.397938	45.160122	48.787426	48.71214	46.388195	48.179234	47.19299	48.62913	46.19921	47.27408	46.874397	44.88288	42.196217	40.243637	40.773018	37.08191	36.5129	39.13437	38.007004	41.22258	40.16391	36.787354	36.926296	35.15947	36.820675	36.359474	38.541378	38.733025	38.763084	40.38583	38.33172	39.858856	40.574696	41.57804	44.41496	46.846455	47.757725	44.777195	45.60265	44.25686	40.789417	38.765366	35.257664	34.723034	33.27448	32.653538	33.961365	32.357758	34.566273	37.348366	40.959675	41.806908	45.17401	46.097626	48.647793	49.726402	46.767986	43.661457	40.585854	37.249172	34.162117	30.799522	31.616804	28.891245	29.529198	29.192806	28.380516	24.928467	25.372663	22.520193	24.616009	27.016247	29.398697	28.976477	32.367233	33.01303	33.02638	31.522017	33.022232	36.81971	36.63447	34.06229	35.03036	33.738277	35.28204	34.81094	37.240353	37.52383	39.39355	42.374924	40.092453	37.97848	35.029133	33.20025	34.807808	33.725395	31.414417	32.11851	30.007315	30.582132	28.773024	25.019436	25.07956	26.79312	25.387646	21.945507	22.597652	23.41018	26.724651	25.557459	23.531807	26.76207	29.543146	31.530325	30.284094	32.806904	33.129765	33.899426	30.323303	29.343618	32.26441	32.581196	34.665787	37.372353	37.892544	38.13881	41.845905	42.7814	40.795475	42.585804	45.90148	45.082893	44.31442	47.61865	49.371384	47.587597	48.62946	52.11881	52.49431	50.10468	48.778633	47.18098	45.138115	42.66059	42.56142	39.668434	36.62918	32.935925	30.291592	26.751455	24.251638	20.868036	19.519758	21.814985	24.630087	28.238089	29.948902	33.723026	35.39803	38.942028	39.567173	42.603836	43.246124	45.787956	46.45094	47.032215	49.78541	50.395077	52.705585	55.279755	55.11668	54.1669	51.71947	48.498352	45.66101	42.7944	42.11491	41.12618	39.125225	38.841084	36.416405	36.956985	34.53508	36.61683	36.34278	36.71676	39.958607	41.44181	40.416344	41.917397	44.961437	45.83168
F-193-B	61.31886	61.535595	62.424294	59.374126	56.95694	58.902054	58.645332	54.914555	54.52818	56.582558	54.528908	51.295532	52.94129	54.311726	50.994564	49.3384	52.08837	52.009487	48.507584	49.94423	50.418564	53.851406	57.180214	58.76882	57.81574	58.37842	59.262154	59.707172	57.149242	57.119972	56.766846	53.900715	51.99477	52.636723	51.454853	48.341732	47.339947	48.078926	45.88222	42.784725	43.330696	43.75441	40.579166	38.44608	40.227737	39.623642	35.972324	35.58442	37.530754	36.38062	35.793747	32.437088	30.08625	27.563152	29.714012	29.115088	25.34522	23.068981	21.921509	22.50234	21.197603	24.249332	23.641113	23.677797	27.221062	28.729647	29.444283	25.927282	24.543924	27.271988	26.714222	22.98607	23.679121	26.62197	24.73664	21.918367	24.801178	27.154802	29.727373	32.561947	35.089775	38.636566	41.759247	44.94336	48.355377	49.629475	51.927277	49.01589	49.10473	45.749516	45.730255	42.110264	39.056988	35.704395	35.250523	32.344433	34.957417	35.689518	32.361107	32.41966	36.10752	37.53665	40.151783	40.97997	41.271152	44.96747	45.31067	44.460476	45.814854	49.448586	49.222984	49.34005	46.128838	48.350468	48.705513	45.054516	45.142456	46.955082	50.481106	49.996037	47.47971	49.602398	51.617325	48.73075	46.852608	50.141563	50.332138	46.915066	47.796158	51.469536	51.422676	49.259216	51.206413	50.37331	51.949036	49.625935	50.80803	50.485626	48.54162	45.786434	43.78995	44.180416	40.452515	39.95921	42.473232	41.180786	44.31657	43.291897	39.82314	39.72274	37.7193	39.117565	38.37282	40.388325	40.362648	40.456806	41.876926	39.668858	41.18288	41.60014	42.441814	45.115955	47.68936	48.342754	45.34755	46.318764	45.26028	41.77104	39.984818	36.602417	36.222004	35.121895	34.795765	36.402348	35.054367	37.467484	40.39998	44.038406	45.016693	48.429497	49.332157	51.94302	52.806267	49.82548	46.620228	43.477425	40.178818	36.971336	33.499104	33.990532	31.03815	31.267952	30.72787	29.52598	26.11066	26.43038	23.310156	25.25619	27.993357	30.418604	30.283031	33.836517	34.690857	34.606327	33.418705	34.766994	38.53659	37.999542	35.168156	35.74992	34.10332	35.26236	34.397923	36.505573	36.516945	38.062614	40.96927	38.557785	36.74518	33.653645	32.061115	33.608814	32.88944	30.940298	31.98996	30.189653	31.089258	29.059752	25.37271	25.996037	27.618715	25.793259	22.329565	22.35115	22.979063	25.96308	24.295757	22.314575	25.61803	28.184772	29.850368	28.74145	31.440453	32.182335	32.920708	29.25787	28.736298	31.844355	32.356056	34.187996	37.16316	37.6747	37.543373	41.23388	42.426353	40.33767	41.818314	45.282337	44.628178	43.588	46.763885	48.750546	46.93726	47.691765	51.26588	51.85609	49.437344	48.386913	46.95179	45.15064	42.63828	42.719257	40.05942	36.84138	33.188206	30.362404	26.758286	24.49787	20.899899	20.138979	22.206432	25.384977	28.8088	30.68974	34.41792	35.887424	39.32864	39.681774	42.63975	42.953693	45.32593	45.688602	46.200584	48.745552	49.176365	51.598057	53.97578	53.67331	52.919983	50.346794	47.253963	44.38134	41.702435	41.30749	40.61692	38.848644	38.93076	36.685097	37.595757	35.406902	37.66138	37.669453	37.995247	41.40524	42.6561	41.370056	43.000347	46.144802	46.72275
D-194-B	62.527767	62.569	63.589664	60.673714	58.08077	59.936676	59.88139	56.1901	55.56818	57.664524	55.813675	52.454487	53.905483	55.435703	52.246548	50.350765	53.022915	53.164673	49.59957	50.78455	51.205982	54.574364	58.011375	59.545074	58.724037	59.13582	60.119785	60.367718	57.803833	57.526524	57.187195	54.49622	52.441593	52.858685	51.79905	48.81103	47.542652	48.168842	46.188194	43.063107	43.277504	43.71163	40.736324	38.364124	39.882404	39.454216	35.912933	35.130615	36.960976	36.081085	35.411903	32.269238	29.67374	27.546705	29.915718	28.985567	25.218721	23.181946	22.597038	23.653389	22.425728	25.481739	25.370588	25.600082	29.205294	30.550188	31.633675	28.29244	26.529085	29.26046	29.096859	25.33125	25.573172	28.654999	27.096287	24.001968	26.537323	29.165363	31.618414	34.587177	36.96052	40.444218	43.451412	46.577763	49.88313	50.92938	53.404274	50.58719	50.903927	47.665737	47.697906	44.160538	41.21553	37.9993	37.84396	34.88862	37.35448	38.35149	35.07279	34.819412	38.458435	40.153255	42.711094	43.669403	43.80805	47.560745	47.81677	46.746338	48.080006	51.632458	51.337643	51.232246	47.921463	50.041397	50.63156	46.967575	46.788967	48.514545	51.952732	51.22677	48.656437	50.87427	52.666203	49.60925	47.920902	51.24642	51.16478	47.72584	48.819565	52.421017	52.101177	49.88637	51.865707	50.899033	52.453144	50.107155	51.158062	50.986782	48.832043	46.06864	44.34296	44.791946	41.109856	40.28832	42.665546	41.237267	44.47865	43.76834	40.286816	40.28004	38.36981	39.891834	39.336006	41.593735	41.84299	42.229275	43.88314	41.904232	43.658268	44.243515	45.301037	47.895283	50.317837	50.904335	47.7754	48.520794	47.375423	43.793823	41.829147	38.363773	37.64829	36.533253	35.940937	37.571255	36.011116	38.47053	41.271305	44.97195	46.083374	49.559807	50.711636	53.38977	54.15977	51.051575	47.960934	44.728134	41.556503	38.3194	34.968674	35.55137	32.578148	32.91825	32.05207	31.100393	27.891958	28.658278	25.766827	28.050125	30.850544	33.474213	33.441605	36.92139	37.84238	37.92907	36.641457	38.12694	41.91124	41.522438	38.78158	39.465637	37.882885	39.07177	38.193733	40.264935	40.19911	41.65543	44.499672	41.993855	40.28323	37.19823	35.723522	37.2793	36.641853	34.740997	35.790333	33.950085	34.845345	32.848324	29.151215	29.668047	31.286652	29.49687	26.068932	26.148808	26.78255	29.732618	27.962557	26.006792	29.291971	31.818045	33.34161	32.21677	34.89124	35.737415	36.31995	32.60006	32.191334	35.218124	35.545345	37.208717	40.178352	40.899258	40.77294	44.41678	45.731194	43.760315	45.18884	48.66738	48.138283	47.12102	50.23851	52.29711	50.56045	51.269695	54.843212	55.512733	53.13704	52.114536	50.641724	48.81332	46.22983	46.203903	43.506496	40.257423	36.56519	33.858475	30.198378	28.059412	24.516586	23.575125	25.461737	28.619478	32.093853	34.10844	37.84203	39.451347	42.93482	43.37257	46.376	46.698627	49.08536	49.416725	49.93908	52.436935	52.81818	55.260033	57.576763	57.234337	56.549065	53.928505	50.873802	48.00768	45.38005	45.03137	44.397957	42.625484	42.714443	40.422054	41.267345	38.984375	41.12264	40.96329	41.148235	44.514786	45.930386	44.630188	46.093235	49.289806	49.96646
Y-195-B	62.13777	62.03866	62.882874	60.007797	57.415947	59.077637	58.908745	55.26501	54.562637	56.45159	54.560566	51.210293	52.50552	53.873608	50.667934	48.728615	51.223995	51.2561	47.620724	48.704407	48.887196	52.159603	55.570366	57.270145	56.627193	57.189594	58.36707	58.72615	56.336838	56.03234	55.46181	52.78958	50.900875	51.176792	49.907475	47.036606	45.8668	46.246468	44.147907	41.192127	41.380417	41.525806	38.538704	36.3311	37.688976	36.99057	33.49992	32.814682	34.395927	33.29045	32.36991	29.182734	26.781227	24.603462	27.207617	26.55726	22.768354	21.107325	20.341547	21.790915	21.143991	24.509802	24.66598	24.408455	27.831854	28.748003	29.807295	26.579844	24.516552	26.946964	26.877546	23.081415	22.920996	25.88713	24.441452	21.125946	23.386963	26.081	28.547604	31.672108	34.071224	37.44922	40.473785	43.484497	46.779354	47.683754	50.16907	47.332268	47.806004	44.660103	44.86346	41.407303	38.447166	35.381176	35.41377	32.322018	34.56663	35.741356	32.48729	31.932861	35.49877	37.414898	39.951096	41.099335	41.20168	44.98532	45.06399	43.86497	45.29523	48.783215	48.337868	48.06395	44.67668	46.68494	47.373528	43.69545	43.363388	45.020634	48.420578	47.59845	45.02952	47.306812	49.04252	45.950928	44.352276	47.722164	47.587097	44.18676	45.397057	48.99355	48.62094	46.49825	48.5976	47.747955	49.452435	47.25403	48.465473	48.480972	46.420887	43.49791	41.724968	41.94965	38.237587	37.475437	39.68808	38.079678	41.231773	40.575016	37.019592	36.85272	34.835938	36.276325	35.695454	37.99689	38.331436	38.87046	40.640743	38.820004	40.761868	41.494358	42.7767	45.29529	47.548717	48.11675	44.89051	45.44275	44.201843	40.57323	38.491962	34.989372	34.11687	33.034077	32.40098	34.139538	32.63704	35.238415	38.10672	41.842316	43.142628	46.698765	47.976513	50.79639	51.210144	48.01411	44.90054	41.57379	38.51165	35.1755	31.832815	32.28706	29.232647	29.535957	28.49862	27.664589	24.581896	25.643194	22.983492	25.582283	28.406519	31.260267	31.440237	34.82011	35.966515	36.40285	35.20571	37.022408	40.77834	40.520706	37.940514	38.81351	37.48069	38.85609	38.053387	40.26001	40.082645	41.691113	44.392025	41.754223	39.892677	37.043293	35.70503	37.605003	36.9694	34.886734	36.027584	34.272247	34.77466	32.580875	28.968653	29.26237	30.51727	28.677582	25.486008	25.9061	27.066677	30.13517	28.639603	26.264708	29.277075	32.126827	33.59325	32.055847	34.40598	35.049797	35.31046	31.56185	31.017765	33.77941	33.732155	35.30184	38.122944	39.112625	39.196205	42.77801	44.118256	42.406563	43.94823	47.341892	46.947575	46.178665	49.27206	51.299984	49.792942	50.651955	54.134094	54.841953	52.66359	51.50684	49.786983	47.77072	45.012676	44.69365	41.883595	38.624947	34.87281	32.44989	28.723944	26.807676	23.477999	22.10323	23.643087	26.708473	30.233578	32.47569	36.188744	38.10024	41.679955	42.40919	45.595375	46.10351	48.703564	49.22109	50.023407	52.634907	53.28005	55.837543	58.22122	57.74835	56.845947	54.146576	50.956387	48.27989	45.48192	44.864784	44.23886	42.19918	42.19619	39.643105	40.273655	37.75112	39.602745	39.168045	39.069374	42.396923	44.023746	42.652565	43.860676	47.1362	47.934277
L-196-B	63.965977	63.993046	64.685745	61.701324	59.26626	60.95695	60.580383	56.916122	56.39834	58.18413	56.09821	52.866684	54.273315	55.434715	52.106815	50.365097	52.843174	52.621635	49.008038	50.25551	50.334335	53.592243	56.888687	58.748756	58.10393	58.8782	60.069523	60.639866	58.329494	58.202606	57.52385	54.729168	53.02641	53.404575	51.950855	49.046818	48.116047	48.457237	46.148525	43.30416	43.705696	43.689243	40.566216	38.61612	40.043377	39.06906	35.553024	35.172703	36.64002	35.208687	34.09872	30.752932	28.709587	26.246515	28.884666	28.674654	24.89127	23.292814	21.983866	23.218824	22.753847	26.20914	25.966269	25.351175	28.624031	29.50331	30.095213	26.703625	24.933668	27.11579	26.546196	22.75744	22.847752	25.44502	23.516233	20.31458	22.74449	25.002626	27.83621	31.039309	33.763042	37.08875	40.324707	43.248135	46.684402	47.668613	49.931377	46.90704	47.31055	44.122517	44.51139	41.028625	37.852043	34.74993	34.466953	31.227665	33.392204	34.241108	30.802597	30.372658	33.886654	35.626064	38.402023	39.67966	40.117756	43.84487	43.767292	42.82714	44.498104	48.04436	47.4447	47.24856	43.85826	45.762615	46.19063	42.455173	42.23212	43.73744	47.254215	46.502388	44.141384	46.52857	48.482452	45.534546	43.944584	47.394913	47.490715	44.210205	45.41154	49.08686	48.912674	47.00442	49.25265	48.674976	50.56531	48.53513	49.988457	50.032764	48.202984	45.17611	43.1589	43.140347	39.365788	38.931656	41.085358	39.381985	42.33933	41.50257	37.86786	37.370663	35.054436	36.139977	35.17032	37.163254	37.151386	37.60539	39.092396	37.060368	38.91662	39.35855	40.475044	42.870914	45.257595	45.644333	42.446877	43.179653	42.19588	38.59172	36.784054	33.43493	32.86527	32.10979	31.908218	33.919125	32.817776	35.599434	38.70351	42.417824	43.803207	47.376648	48.513096	51.391617	51.544224	48.387375	45.108543	41.75874	38.690674	35.245964	31.740593	31.802856	28.550694	28.409279	27.36322	26.06049	22.928785	23.703476	20.778225	23.185175	26.259062	29.133747	29.59174	33.091846	34.473785	34.899525	34.061108	35.83616	39.538242	38.982513	36.237514	36.8451	35.340843	36.492683	35.435135	37.468594	37.053448	38.528072	41.10641	38.353825	36.603462	33.789764	32.669846	34.70492	34.3198	32.408813	33.860943	32.43029	32.95936	30.485262	27.013676	27.664928	28.641863	26.440691	23.383272	23.483557	24.804579	27.659248	26.021019	23.443933	26.302105	29.166231	30.396242	28.740028	31.032625	31.838648	31.972775	28.184786	27.880531	30.679893	30.695986	32.1014	35.069336	36.066013	35.94589	39.50287	40.994617	39.27033	40.64595	44.10077	43.84008	42.972084	45.974117	48.129765	46.680878	47.411823	50.904938	51.75926	49.643993	48.624218	46.92989	45.029995	42.19972	41.936413	39.28559	35.901505	32.183086	29.705376	25.939997	24.289968	20.916033	19.870213	21.116804	24.427347	27.784462	30.19935	33.84939	35.665894	39.178143	39.792587	42.97681	43.31516	45.877407	46.271893	47.163517	49.68671	50.359432	53.046543	55.335133	54.704205	53.80527	50.998802	47.82797	45.2374	42.479904	41.917225	41.504707	39.5147	39.74869	37.233967	38.07877	35.67904	37.583706	37.338936	37.147186	40.6151	42.052444	40.4444	41.7343	45.094967	45.65164
H-197-B	67.632706	67.66104	68.29869	65.303246	62.89978	64.55377	64.11598	60.463474	59.95887	61.668167	59.537415	56.337612	57.706978	58.77358	55.42314	53.704258	56.095047	55.779045	52.14625	53.359154	53.275764	56.451214	59.70343	61.694973	61.1644	62.046246	63.33629	63.97412	61.748264	61.608807	60.822872	58.045498	56.42392	56.723476	55.172436	52.344044	51.450386	51.651314	49.301853	46.563084	46.912125	46.724476	43.63574	41.76632	43.033215	41.909744	38.47894	38.085266	39.311085	37.764866	36.36457	33.06503	31.2142	28.825525	31.672949	31.645378	27.897835	26.576565	25.203625	26.578773	26.323854	29.834848	29.548649	28.760155	31.915985	32.646996	33.03426	29.63732	27.917576	29.82602	29.042904	25.307499	25.313795	27.571968	25.421722	22.21767	24.455776	26.389381	29.483864	32.840904	35.766487	38.936504	42.285904	45.028496	48.511177	49.372623	51.51633	48.370872	48.898685	45.791145	46.444942	43.031216	39.72571	36.732773	36.3358	32.931423	34.842365	35.51302	31.946575	31.403679	34.74592	36.477955	39.46833	41.005432	41.714745	45.38755	45.043606	44.2335	46.163677	49.681416	48.834686	48.529736	45.069485	46.728943	47.04956	43.262737	42.920067	44.125595	47.67585	46.776066	44.651997	47.2582	49.25347	46.338814	44.963852	48.525715	48.641422	45.512352	46.90237	50.581192	50.38706	48.703754	51.152023	50.77774	52.861355	51.016468	52.626434	52.84092	51.091213	47.948036	45.9042	45.66032	41.876896	41.520588	43.46794	41.53396	44.34346	43.598305	39.883133	39.08594	36.521305	37.280437	36.024788	37.845963	37.666534	38.298355	39.630688	37.572918	39.52225	39.735203	40.817444	42.948975	45.34976	45.421314	42.163097	42.910484	42.199894	38.57738	36.979736	33.800053	33.293316	32.957657	33.034145	35.374638	34.564766	37.571728	40.801205	44.521103	46.11993	49.751472	50.94101	53.933556	53.696198	50.485504	47.135532	43.699265	40.76644	37.201912	33.661842	33.345142	29.891342	29.309925	27.942867	26.318377	23.43269	24.254143	21.305496	23.676325	27.043354	30.044302	30.915903	34.448853	36.13981	36.664383	36.167847	37.958786	41.582066	40.785023	37.922756	38.26402	36.582695	37.442364	36.042313	37.778187	36.99109	38.16471	40.513775	37.54549	36.087395	33.32373	32.60811	34.761677	34.787636	33.188038	35.009544	33.94689	34.5578	31.820303	28.542105	29.559193	30.241709	27.67207	24.829939	24.521584	25.926207	28.422333	26.479965	23.778988	26.416195	29.164965	29.9304	28.181232	30.388586	31.544252	31.39169	27.55632	27.728672	30.485218	30.451073	31.438614	34.577084	35.75465	35.334023	38.77367	40.58189	38.947113	40.01401	43.547485	43.582146	42.579975	45.378597	47.76994	46.459457	46.949833	50.447662	51.57017	49.571266	48.782455	47.12402	45.3867	42.43492	42.177235	39.740242	36.202003	32.55252	30.12298	26.340471	25.157402	21.836357	21.154446	21.877138	25.387615	28.486446	31.171968	34.690723	36.45563	39.869583	40.373287	43.549236	43.647675	46.131226	46.30735	47.290157	49.62537	50.2548	53.11213	55.20094	54.3343	53.532314	50.554005	47.47611	44.9985	42.3815	41.97413	41.901108	40.021816	40.580307	38.127495	39.204533	36.92804	38.80509	38.67653	38.266792	41.835667	43.154167	41.252018	42.496803	45.978592	46.301884
P-198-B	68.95933	69.15308	69.89515	66.824326	64.46952	66.30394	65.89674	62.190987	61.814793	63.67401	61.51225	58.336006	59.877472	61.023113	57.641567	56.015903	58.561005	58.26327	54.687843	56.040253	56.134087	59.399357	62.65033	64.548706	63.8603	64.67679	65.80564	66.41311	64.05517	63.992447	63.37068	60.53289	58.819195	59.269714	57.839157	54.890842	53.977737	54.377132	52.05926	49.19417	49.624302	49.635723	46.503067	44.54921	45.976704	45.00397	41.49714	41.09217	42.51192	41.068233	39.832996	36.506195	34.539593	32.10308	34.78885	34.619957	30.83685	29.201843	27.843872	28.878342	28.203161	31.52264	30.915232	30.418282	33.697548	34.78452	35.069313	31.519255	30.126003	32.24712	31.254112	27.541155	27.96411	30.25802	27.894018	24.929693	27.46355	29.242386	32.39727	35.62223	38.607033	41.864	45.257095	48.08455	51.619453	52.635258	54.705864	51.52373	51.88407	48.67874	49.228085	45.730366	42.376587	39.23405	38.56974	35.258717	37.354034	37.753822	34.123642	33.91752	37.29919	38.749355	41.82451	43.214504	44.064342	47.683113	47.457916	46.854397	48.76546	52.35909	51.60616	51.48466	48.100365	49.832428	49.97893	46.198185	46.037014	47.259468	50.87052	50.08634	48.02808	50.60365	52.712254	49.87427	48.41807	51.95854	52.188713	49.055077	50.335003	54.043095	53.95239	52.240356	54.624958	54.21839	56.224686	54.288925	55.829853	55.89011	54.114697	51.067146	48.989883	48.87781	45.087135	44.75871	46.847424	45.040066	47.895084	47.052937	43.36969	42.637737	40.096157	40.85171	39.52885	41.226307	40.872375	41.32792	42.457817	40.189835	41.916004	41.883087	42.674774	44.823444	47.4311	47.450237	44.31886	45.320553	44.799255	41.253616	39.867268	36.78871	36.521946	36.23426	36.450294	38.74763	37.97385	40.8995	44.135883	47.830402	49.28587	52.860508	53.899475	56.788044	56.794292	53.669434	50.28817	46.925823	43.88497	40.376347	36.782104	36.494938	33.07798	32.437775	31.252865	29.421375	26.42335	26.861368	23.6468	25.594463	28.973507	31.721651	32.470024	36.123955	37.670624	37.852947	37.401157	38.859188	42.480164	41.441345	38.363365	38.400826	36.393578	36.94661	35.335285	36.821583	36.01559	36.93034	39.358257	36.464417	35.2566	32.252743	31.527252	33.374207	33.55714	32.261486	34.15254	33.177452	34.19712	31.535114	28.256462	29.654459	30.571905	27.910133	24.908781	24.088331	25.006136	27.23261	24.88899	22.546131	25.388094	27.76169	28.42169	27.082651	29.626242	31.112524	31.245258	27.444893	27.905716	30.948738	31.348755	32.348442	35.686623	36.575565	35.83217	39.30307	41.15299	39.246372	40.097218	43.740517	43.70436	42.38737	45.151257	47.640907	46.122334	46.37757	49.97348	51.136284	48.966797	48.396362	47.01368	45.53488	42.738518	42.811222	40.57291	37.00792	33.459732	30.72706	27.03111	25.741177	22.212076	22.126892	23.09427	26.744864	29.699423	32.19847	35.690712	37.09867	40.36868	40.51701	43.492428	43.31022	45.542732	45.45075	46.18233	48.339428	48.695744	51.506294	53.462234	52.638664	52.07955	49.12019	46.206036	43.5732	41.173088	41.093918	41.13503	39.571228	40.346092	38.189137	39.579235	37.605156	39.781303	39.9983	39.834347	43.478973	44.514847	42.59774	44.122078	47.545425	47.65202
K-199-B	70.23909	70.51635	71.08384	67.93435	65.7289	67.54484	66.931885	63.232906	63.007607	64.730484	62.398266	59.345013	60.952194	61.88288	58.408962	56.961	59.452084	58.915344	55.373142	56.850796	56.826965	60.051857	63.178387	65.22873	64.55977	65.58319	66.74404	67.55747	65.30493	65.40177	64.65223	61.715473	60.19997	60.72491	59.106667	56.15497	55.474407	55.811115	53.30134	50.569176	51.18773	51.029034	47.790184	46.09215	47.567333	46.336033	42.832508	42.711502	44.020275	42.28716	40.90825	37.47369	35.839836	33.187607	35.86052	36.075035	32.3415	30.803265	29.041368	29.93605	29.49667	32.870197	32.018772	31.169495	34.22483	35.193436	35.082478	31.49973	30.344124	32.164753	30.787504	27.205832	27.779589	29.669168	26.975206	24.230026	26.778778	28.099915	31.482946	34.70188	37.911613	41.055782	44.5861	47.292362	50.913406	51.98831	53.83671	50.516895	50.813595	47.612007	48.333397	44.864063	41.366173	38.262142	37.34533	33.958614	35.91015	36.01149	32.29151	32.186333	35.433327	36.699646	39.945873	41.45223	42.59692	46.115276	45.731804	45.364635	47.478146	51.077686	50.18237	50.125813	46.77774	48.394604	48.30129	44.516308	44.461124	45.535995	49.21291	48.51772	46.668274	49.302017	51.59393	48.92447	47.477924	51.046444	51.492676	48.497383	49.744022	53.487396	53.586403	52.079987	54.573814	54.418438	56.579765	54.81365	56.57205	56.66604	55.11824	51.98662	49.700943	49.362648	45.552162	45.521076	47.539112	45.671566	48.325115	47.319065	43.608955	42.599854	39.83801	40.27286	38.627907	40.01075	39.340576	39.70055	40.548573	38.122856	39.746044	39.444233	40.080708	42.077225	44.772034	44.620895	41.549164	42.708862	42.432323	38.962685	37.85853	34.984894	35.015022	35.02656	35.627827	38.113186	37.706623	40.737595	44.1364	47.76791	49.2883	52.847878	53.758778	56.68717	56.433456	53.367687	49.87041	46.52375	43.52124	39.96839	36.300423	35.67091	32.163094	31.13982	29.994379	27.78167	24.850721	24.988958	21.664867	23.327894	26.845013	29.55273	30.587929	34.256	36.02731	36.249428	36.1603	37.607834	41.110188	39.83143	36.678806	36.492188	34.400047	34.75524	32.920246	34.233574	33.15714	33.956963	36.20355	33.17498	32.06093	29.177877	28.740732	30.795708	31.247227	30.115358	32.316704	31.711325	32.645016	29.719088	26.69813	28.369375	28.911331	25.945717	23.24563	22.160057	23.327177	25.266783	22.892006	20.28585	22.791828	25.200722	25.554783	23.995438	26.369871	27.990484	27.916508	24.117651	24.847443	27.835823	28.251598	29.038397	32.472885	33.387905	32.46221	35.866077	37.859077	35.996178	36.685207	40.35187	40.473396	39.110817	41.76169	44.357727	42.951298	43.1103	46.680267	47.986637	45.933746	45.471302	44.072155	42.684956	39.810688	39.890038	37.82291	34.17801	30.72008	28.027588	24.37781	23.474245	20.082973	20.333431	20.86601	24.615597	27.291252	29.936796	33.281673	34.612835	37.77957	37.861404	40.836227	40.522633	42.744724	42.574345	43.459106	45.54668	46.002087	48.953983	50.832516	49.827137	49.208427	46.138905	43.219307	40.737568	38.349358	38.26009	38.521168	36.96587	37.954086	35.814358	37.359135	35.498825	37.641323	37.997993	37.706226	41.42274	42.29075	40.158966	41.709553	45.18223	45.07108
D-200-B	66.693245	66.98434	67.48137	64.31272	62.156025	63.95966	63.278652	59.58412	59.411297	61.09665	58.713303	55.699936	57.34903	58.22687	54.72641	53.347355	55.859642	55.267326	51.75411	53.31497	53.344418	56.607185	59.7024	61.73138	60.99278	62.04614	63.16015	64.03532	61.79107	61.98059	61.22816	58.230225	56.77524	57.391933	55.73422	52.734264	52.165268	52.561264	49.97206	47.249416	48.018955	47.883053	44.5611	42.966858	44.590286	43.31595	39.757416	39.830894	41.257294	39.437923	38.215294	34.68001	33.105602	30.261362	32.749485	33.070293	29.364864	27.69948	25.72143	26.426228	26.017168	29.388083	28.452969	27.479378	30.477955	31.454662	31.292091	27.697395	26.602232	28.45528	27.05021	23.465666	24.171509	26.125814	23.430698	20.75425	23.495855	24.886082	28.1844	31.299412	34.460995	37.693867	41.202614	44.01273	47.64066	48.84684	50.706425	47.425777	47.593933	44.318203	44.896168	41.3747	37.909946	34.7259	33.814503	30.49696	32.607788	32.774654	29.101305	29.1037	32.487137	33.732067	36.863224	38.208908	39.221508	42.77426	42.549503	42.135952	44.116135	47.75064	47.00411	47.05824	43.770374	45.568016	45.48769	41.72942	41.820488	43.130566	46.816673	46.297314	44.292667	46.751575	49.09042	46.45579	44.805504	48.294888	48.823647	45.747116	46.80994	50.575092	50.784286	49.176353	51.552177	51.35074	53.430172	51.601204	53.350304	53.32791	51.84685	48.76225	46.38211	46.098766	42.285797	42.36067	44.50636	42.801357	45.467285	44.289753	40.631863	39.73134	37.066105	37.633694	36.088753	37.497326	36.849987	37.00887	37.910656	35.44748	36.979595	36.83206	37.499382	39.720734	42.416267	42.535507	39.50569	40.678062	40.184784	36.727695	35.492756	32.501312	32.58553	32.32787	32.857006	35.151295	34.67543	37.576385	40.959915	44.558548	45.93732	49.445908	50.257324	53.120716	53.05339	50.053802	46.556507	43.282215	40.17967	36.69476	33.006783	32.530193	29.131384	28.318857	27.478516	25.382715	22.196114	22.18176	18.776188	20.456348	23.81994	26.481224	27.284391	30.956686	32.58898	32.81088	32.57033	34.0857	37.636173	36.51732	33.463943	33.514412	31.630362	32.296772	30.771038	32.43453	31.651295	32.8482	35.27009	32.390484	30.870445	28.039986	27.25193	29.402424	29.459694	27.93799	29.90166	29.05848	29.754025	26.895288	23.744408	25.118511	25.70431	22.920906	20.123438	19.458164	20.860691	23.196375	21.250374	18.455196	21.055449	23.810896	24.634695	22.908585	25.217888	26.379755	26.45472	22.63986	22.830788	25.812332	26.170637	27.35716	30.626396	31.440155	30.864668	34.400036	36.099224	34.218784	35.264698	38.844894	38.725094	37.583103	40.44544	42.805935	41.351513	41.816917	45.356728	46.420837	44.334663	43.593513	42.05202	40.440662	37.59173	37.57342	35.27775	31.725758	28.15495	25.462955	21.743683	20.518648	17.076477	16.972242	17.792551	21.470882	24.37983	26.91078	30.383879	31.845737	35.14739	35.42025	38.493572	38.46388	40.8655	40.987724	41.93077	44.268208	44.913006	47.769447	49.8872	49.04474	48.20449	45.260654	42.16323	39.66185	37.027653	36.644573	36.592915	34.8019	35.48249	33.171017	34.475517	32.438877	34.543793	34.773388	34.58091	38.251556	39.229836	37.28131	38.841072	42.25473	42.33308
I-201-B	64.82771	65.212326	65.87563	62.68626	60.49913	62.46233	61.90932	58.169727	58.034363	59.919525	57.60055	54.548317	56.322624	57.38682	53.91427	52.532337	55.223988	54.78518	51.32119	52.957684	53.252853	56.636387	59.795105	61.622063	60.696003	61.56458	62.48992	63.231728	60.808735	61.008816	60.482964	57.468822	55.835037	56.58289	55.13571	52.01099	51.330326	51.972977	49.500935	46.586937	47.38207	47.546455	44.21849	42.435993	44.24645	43.256317	39.60628	39.58286	41.314735	39.738186	38.84537	35.31844	33.44529	30.62086	32.87038	32.852818	29.108686	27.039532	25.258707	25.658789	24.717613	27.864252	26.772636	26.260418	29.493109	30.878464	30.903065	27.220734	26.276144	28.557335	27.275398	23.656162	24.66904	26.989027	24.426043	21.872547	24.893822	26.535223	29.602995	32.514305	35.49173	38.90561	42.31035	45.32286	48.91543	50.27454	52.233738	49.060688	49.06385	45.681175	45.95906	42.338078	38.986458	35.62907	34.69329	31.596643	34.03805	34.23536	30.656418	30.9265	34.468758	35.58654	38.561947	39.591404	40.419605	43.9909	44.07623	43.640026	45.364388	49.05565	48.580822	48.801807	45.60388	47.632915	47.591816	43.882454	44.121494	45.66812	49.338924	48.944218	46.77034	49.05685	51.369434	48.704807	46.880245	50.27283	50.78094	47.568245	48.460495	52.221073	52.438107	50.607018	52.77846	52.344078	54.19657	52.13857	53.66594	53.42264	51.799942	48.888165	46.580162	46.60358	42.809772	42.750916	45.13219	43.671265	46.519936	45.28902	41.719227	41.139904	38.7223	39.593037	38.296265	39.843052	39.30691	39.288437	40.25336	37.73934	39.096737	39.023933	39.56676	42.0107	44.79437	45.133633	42.21474	43.480064	42.85814	39.446583	38.121933	35.03254	35.11265	34.533985	34.840515	36.83782	36.07951	38.74473	41.986412	45.576454	46.702526	50.132572	50.850792	53.550034	53.98443	51.062107	47.638126	44.47015	41.210243	37.86572	34.20769	34.106514	30.904242	30.460613	29.89822	28.020842	24.635069	24.475925	21.003218	22.499773	25.588533	27.972181	28.295267	32.007317	33.234425	33.110985	32.543118	33.785393	37.42479	36.369965	33.25849	33.336235	31.349997	32.055073	30.6924	32.44039	32.012905	33.270233	35.978268	33.36396	31.795284	28.709217	27.5101	29.2538	29.028713	27.45427	29.091124	27.90978	28.91376	26.400537	23.003157	24.33438	25.469833	22.997076	19.79303	19.092348	19.914238	22.424217	20.382843	18.07673	21.158766	23.682564	24.892958	23.648767	26.334778	27.445215	28.017338	24.294886	24.271957	27.495178	28.19951	29.73294	32.971466	33.448223	32.908028	36.54529	38.006012	35.86169	37.010937	40.594383	40.168053	38.906055	41.912975	44.140312	42.401817	42.89309	46.503304	47.360046	45.02937	44.252686	42.90048	41.340942	38.727715	38.948456	36.603386	33.182735	29.631186	26.680029	23.057365	21.278316	17.600016	17.611473	19.16277	22.723276	25.770744	27.897959	31.47343	32.71859	36.003014	36.104797	39.024258	38.99655	41.264076	41.366352	42.000828	44.363304	44.801437	47.45377	49.64436	49.063793	48.353474	45.584663	42.54596	39.795715	37.220142	36.97871	36.69193	35.063477	35.60294	33.475357	34.80195	32.87911	35.238846	35.600502	35.7838	39.40077	40.306747	38.627625	40.403046	43.664364	43.817486
A-202-B	65.7254	66.30792	66.89246	63.590553	61.583836	63.66061	62.953953	59.197865	59.296787	61.172558	58.694786	55.78515	57.745888	58.68581	55.130478	53.98532	56.745148	56.12633	52.76146	54.612915	54.96926	58.38437	61.42643	63.27982	62.230247	63.20827	64.01555	64.90474	62.47387	62.87998	62.383564	59.245724	57.718227	58.658165	57.156525	53.943386	53.45878	54.213802	51.614983	48.729336	49.759445	49.946934	46.50964	44.895996	46.8799	45.803352	42.115932	42.33818	44.13917	42.416065	41.57788	37.959373	36.270744	33.25157	35.315647	35.50198	31.82412	29.625772	27.548368	27.549671	26.512493	29.479761	27.942091	27.356184	30.423407	31.978579	31.599567	27.834007	27.379759	29.561577	27.839222	24.428839	25.895046	27.912737	25.00306	22.895382	26.119967	27.309235	30.494255	33.216736	36.34443	39.733387	43.2299	46.229618	49.90026	51.45287	53.191025	49.924686	49.70986	46.25286	46.52155	42.8678	39.417892	35.980568	34.651608	31.649622	34.158627	33.9344	30.310596	30.97216	34.444492	35.17321	38.262512	39.18065	40.28477	43.71674	43.843586	43.73435	45.5276	49.26895	48.822556	49.2723	46.203392	48.25409	47.913895	44.244987	44.746563	46.272217	50.01241	49.827503	47.807537	50.039585	52.56515	50.0979	48.167007	51.517918	52.28348	49.155228	49.88179	53.6748	54.133526	52.40288	54.558216	54.26593	56.138844	54.12701	55.750008	55.38458	53.937057	51.063725	48.568054	48.540253	44.753166	44.95677	47.40717	46.045647	48.773113	47.317318	43.789623	43.098454	40.591232	41.27236	39.750443	40.9898	40.12244	39.838055	40.458675	37.68147	38.733654	38.32381	38.511852	40.92898	43.926144	44.20608	41.479218	43.056313	42.680798	39.422527	38.424973	35.550125	36.027042	35.60772	36.250824	38.26788	37.77655	40.393536	43.722202	47.212925	48.228504	51.566845	52.041874	54.652912	55.143845	52.367115	48.858177	45.80261	42.48518	39.2044	35.490715	35.21916	32.060055	31.383316	31.081392	28.872461	25.443672	24.742638	21.064264	21.942831	24.985018	27.033024	27.351442	31.124544	32.316254	31.908377	31.610775	32.547165	36.07617	34.680126	31.368639	31.072268	28.79554	29.172256	27.567577	29.094639	28.591566	29.702164	32.443707	29.893637	28.440401	25.231476	24.048138	25.674944	25.619616	24.30083	26.147518	25.256207	26.499264	23.89222	20.674652	22.497196	23.57273	20.87639	17.751448	16.446253	17.017664	19.179401	16.875364	14.659402	17.77754	20.092903	21.225706	20.186348	23.066519	24.371729	25.172935	21.540041	21.736387	25.163385	26.278347	27.835207	31.200127	31.367388	30.557673	34.19857	35.64807	33.28357	34.26855	37.906532	37.414413	35.92679	38.905445	41.18117	39.30923	39.649574	43.30929	44.192593	41.775322	41.158474	39.99592	38.655582	36.16	36.656742	34.543842	31.115908	27.725689	24.544502	21.087654	19.370193	15.64498	16.434675	17.986969	21.60477	24.326778	26.285353	29.727633	30.609518	33.70738	33.497173	36.250717	35.981632	38.075443	37.997627	38.531586	40.7911	41.13603	43.808388	45.93282	45.33344	44.698093	41.926033	38.952827	36.15525	33.6783	33.609924	33.45179	32.03616	32.809883	30.922222	32.561554	30.960947	33.543983	34.278187	34.629993	38.311325	38.874645	37.1143	39.148613	42.341915	42.218613
K-203-B	64.7468	65.29896	65.67756	62.358322	60.449413	62.406605	61.51384	57.797012	57.951935	59.633648	57.03445	54.218468	56.14712	56.870445	53.258793	52.22081	54.8653	54.044365	50.689926	52.590176	52.792934	56.142647	59.07941	61.077255	60.09701	61.2658	62.16127	63.233246	60.95252	61.46251	60.790882	57.59804	56.28297	57.227837	55.52213	52.357483	52.08861	52.718742	49.94758	47.231754	48.40576	48.384357	44.876263	43.529858	45.5148	44.176365	40.526142	41.023922	42.69146	40.700073	39.756447	36.06429	34.69816	31.50155	33.52829	34.091965	30.512678	28.496967	26.054138	26.022207	25.391481	28.472298	26.896534	25.827715	28.614477	29.894247	29.225204	25.505432	25.121456	26.966837	25.00878	21.702616	23.184805	24.875383	21.77954	19.82267	23.032265	23.930376	27.218159	29.929594	33.182556	36.48288	40.051086	42.963825	46.673916	48.25397	49.86473	46.534286	46.29203	42.850338	43.233974	39.61651	36.090015	32.709694	31.299816	28.217953	30.616909	30.303823	26.642508	27.30705	30.731846	31.425913	34.564743	35.56696	36.77765	40.183342	40.205368	40.15987	42.0587	45.78908	45.25717	45.72092	42.67355	44.686832	44.252	40.591324	41.162216	42.678337	46.43657	46.346195	44.38557	46.587578	49.210125	46.85426	44.882248	48.21791	49.12248	46.072002	46.74062	50.545113	51.138798	49.531628	51.7386	51.623028	53.604378	51.737156	53.53949	53.228687	51.984818	49.032997	46.375538	46.144627	42.359913	42.80851	45.183563	43.79514	46.35026	44.7569	41.23521	40.365623	37.746677	38.250187	36.57486	37.63636	36.619144	36.237545	36.75425	33.9268	34.95082	34.5188	34.73629	37.150837	40.12693	40.435425	37.711517	39.301266	38.91954	35.69437	34.759155	31.949223	32.584213	32.24071	33.081642	35.15377	34.894104	37.550274	40.97471	44.40344	45.469498	48.794968	49.205708	51.867596	52.125797	49.3832	45.80912	42.76953	39.493393	36.19555	32.453777	31.980042	28.807344	27.966894	27.793148	25.448034	22.003939	21.094894	17.376268	18.150047	21.230892	23.342215	23.837807	27.603903	28.994848	28.7978	28.705822	29.860615	33.339466	31.95063	28.724922	28.537514	26.476725	27.041842	25.52827	27.259516	26.684614	28.070059	30.70178	28.061796	26.316996	23.378017	22.259384	24.332563	24.202602	22.610771	24.57208	23.823263	24.599405	21.715313	18.62834	20.313988	20.92943	18.058584	15.202631	14.211246	15.5543785	17.878506	16.096539	13.22404	15.937019	18.773817	19.96094	18.344872	20.835377	21.799631	22.345976	18.64179	18.57641	21.850136	22.737698	24.36382	27.639772	27.91633	27.312853	30.978773	32.375473	30.16872	31.337048	34.909107	34.45942	33.219	36.246906	38.446537	36.754635	37.306618	40.88599	41.74931	39.5028	38.706753	37.29178	35.755432	33.100475	33.37078	31.15279	27.688292	24.217295	21.182934	17.610704	16.063047	12.43502	13.045341	14.29932	17.975248	20.701399	22.84563	26.292616	27.385412	30.582294	30.620016	33.565254	33.4967	35.83493	35.998474	36.84256	39.275402	39.954548	42.724827	44.971836	44.273987	43.34747	40.53156	37.370907	34.78179	32.058334	31.630135	31.428493	29.694	30.363293	28.203085	29.679111	27.891415	30.285877	30.892666	31.066156	34.771133	35.40363	33.55618	35.487965	38.73995	38.648647
V-204-B	61.34788	61.82292	62.262146	58.98859	56.990387	58.92957	58.130325	54.406693	54.46929	56.205715	53.690277	50.797863	52.690506	53.523155	49.95161	48.81559	51.502213	50.810852	47.43298	49.289383	49.592697	52.99417	56.005043	57.895115	56.872772	57.925304	58.790825	59.76559	57.429092	57.882175	57.273632	54.10765	52.704952	53.646015	52.023235	48.83307	48.485188	49.179256	46.473103	43.679127	44.830242	44.920086	41.421005	39.984425	42.03672	40.824375	37.133717	37.59317	39.406193	37.534817	36.79299	33.10627	31.576324	28.37931	30.27326	30.673615	27.087816	24.91179	22.539965	22.449202	21.69325	24.787367	23.327734	22.370312	25.315123	26.671919	26.28589	22.554403	21.985054	24.108131	22.457699	18.993525	20.447922	22.541876	19.745058	17.627888	20.964699	22.316385	25.333084	27.98754	31.01656	34.46619	37.90798	40.979256	44.621834	46.22448	48.022926	44.83063	44.57784	41.09775	41.26215	37.592926	34.20951	30.755112	29.604967	26.62138	29.231613	29.27195	25.747343	26.334555	29.946308	30.83433	33.72227	34.54339	35.38598	38.908707	39.14647	38.83765	40.483715	44.22091	43.886074	44.339798	41.293938	43.501434	43.293575	39.659973	40.208977	41.980843	45.674217	45.60535	43.385174	45.43262	47.92529	45.459423	43.362625	46.62388	47.404716	44.202595	44.786133	48.57304	49.086533	47.26574	49.320465	48.995506	50.819225	48.795963	50.447433	50.04849	48.69235	45.8178	43.238297	43.194702	39.41755	39.730057	42.236053	40.99517	43.693768	42.105762	38.63808	38.040104	35.65157	36.48213	35.12709	36.456455	35.726967	35.32059	36.13086	33.45941	34.55069	34.494846	34.927113	37.584194	40.424324	41.037445	38.27441	39.678596	38.937485	35.65878	34.38298	31.3321	31.725708	30.965065	31.438013	33.231655	32.640472	35.12995	38.423115	41.880264	42.815903	46.129204	46.587536	49.19436	49.743282	46.98644	43.500744	40.48757	37.12093	33.896385	30.200388	30.107357	27.08869	26.717905	26.700802	24.78141	21.162405	20.472046	16.89721	18.0238	20.816027	22.966759	23.045963	26.76111	27.873056	27.713024	27.161856	28.453161	32.083557	31.082636	28.055178	28.32476	26.591797	27.631235	26.607426	28.749477	28.59818	30.340769	33.145367	30.711037	28.652782	25.775986	24.251848	26.226915	25.581263	23.534943	24.986513	23.696486	24.264496	21.696112	18.278305	19.324001	20.299236	17.943304	14.763083	14.603557	15.963786	18.889263	17.601461	14.9143	17.820244	20.817448	22.512768	20.94506	23.359346	23.843176	24.540886	20.927954	20.243038	23.37571	24.0616	26.048155	29.044209	29.324743	29.167078	32.891876	33.987984	31.842813	33.38026	36.811974	36.128246	35.148872	38.353462	40.291916	38.556217	39.40974	42.93181	43.529533	41.234535	40.140564	38.597248	36.796597	34.209293	34.323444	31.787262	28.498833	24.898903	21.970987	18.3719	16.268406	12.621852	12.336557	14.2436285	17.646393	20.814018	22.754202	26.398325	27.73118	31.113468	31.42635	34.455067	34.748936	37.24303	37.71014	38.51552	41.16713	41.932137	44.522175	46.978867	46.508076	45.45796	42.81691	39.557095	36.904545	34.01702	33.351192	32.748592	30.801235	31.018124	28.674833	29.750721	27.672144	29.982746	30.290318	30.590158	34.169548	35.08406	33.557182	35.394676	38.565186	38.830082
K-205-B	60.88819	61.54481	62.12614	58.789097	56.837982	58.986565	58.25891	54.49042	54.68697	56.619293	54.112343	51.247154	53.332245	54.299324	50.7359	49.692963	52.568443	51.960075	48.681396	50.67713	51.244583	54.749847	57.76625	59.477184	58.243687	59.158535	59.79993	60.695557	58.188168	58.72077	58.34448	55.132565	53.595783	54.72276	53.291622	49.967472	49.573685	50.53431	47.91523	44.962807	46.197273	46.573204	43.06124	41.501354	43.75253	42.784443	39.030724	39.447662	41.52576	39.84826	39.382004	35.71782	33.989166	30.817148	32.458652	32.597813	29.03135	26.48871	24.27847	23.77114	22.43175	25.159773	23.344744	22.89224	25.976255	27.816738	27.448315	23.649143	23.463505	25.916842	24.225914	20.907547	22.778273	25.017973	22.25801	20.468262	23.983028	25.326323	28.170628	30.56024	33.463223	37.007786	40.37199	43.57188	47.19256	48.970646	50.754543	47.623577	47.166985	43.598713	43.522198	39.78708	36.485474	32.892876	31.55543	28.842936	31.705229	31.569164	28.143173	29.09611	32.735313	33.342876	36.147045	36.66792	37.491642	40.93223	41.429913	41.258152	42.725056	46.503937	46.391117	47.06011	44.148018	46.50639	46.20599	42.64265	43.3825	45.273293	48.967056	49.038586	46.7864	48.70831	51.243164	48.82745	46.60373	49.774506	50.615547	47.363167	47.77986	51.554695	52.141453	50.19928	52.090015	51.628513	53.270256	51.082462	52.56638	51.942566	50.518284	47.82141	45.267193	45.4704	41.73667	42.005066	44.704334	43.68323	46.479473	44.808247	41.439716	41.051235	38.825928	39.797714	38.540936	39.854164	39.08495	38.48522	39.18917	36.393517	37.223564	37.04538	37.20166	39.96523	42.959988	43.662304	41.075005	42.67845	41.994274	38.826347	37.65127	34.65521	35.179638	34.30302	34.7382	36.332767	35.627254	37.90961	41.093037	44.489765	45.182793	48.38048	48.67158	51.09053	52.078453	49.44973	46.01306	43.141144	39.659187	36.59429	32.943184	33.066994	30.231073	30.015526	30.221445	28.325474	24.650557	23.708296	20.090168	20.791174	23.321531	25.04655	24.737408	28.459646	29.183819	28.540405	27.832575	28.65329	32.28207	31.144281	27.951252	28.001108	25.973515	26.813992	25.781858	27.819956	27.935944	29.578218	32.62588	30.458963	28.509281	25.33973	23.495487	24.961742	24.175545	22.28188	23.520344	22.04714	23.13982	20.90885	17.356398	18.68367	20.234133	18.096424	14.582017	13.946502	14.398424	17.269964	15.690913	13.676652	17.06822	19.61421	21.573046	20.631937	23.481964	24.107367	25.337492	21.89824	21.272207	24.680864	25.873346	28.036938	31.085516	30.957682	30.61749	34.37518	35.321823	32.853127	34.31138	37.773262	36.83784	35.594006	38.8552	40.738056	38.690025	39.42521	43.03017	43.49559	40.940083	39.952442	38.721344	37.13573	34.840397	35.33518	32.938137	29.775694	26.341055	23.099367	19.761055	17.286764	13.5097275	13.887399	16.327913	19.55971	22.558216	24.026953	27.619112	28.51506	31.725628	31.669865	34.424015	34.53754	36.765114	37.0624	37.49932	40.06962	40.547775	42.95851	45.40653	45.152496	44.309345	41.81842	38.69185	35.78607	33.062557	32.683125	31.973734	30.355288	30.610044	28.628717	29.931759	28.190798	30.85434	31.5016	32.213333	35.75026	36.39971	35.055073	37.195892	40.1869	40.344063
E-206-B	61.538235	62.328327	62.72302	59.297466	57.552418	59.708656	58.75132	55.006466	55.41696	57.216003	54.520424	51.833614	54.031517	54.766266	51.1174	50.324688	53.166313	52.297806	49.11223	51.287987	51.796852	55.269123	58.124874	59.94455	58.67065	59.784218	60.39384	61.508896	59.096817	59.839443	59.37604	56.05284	54.729504	55.988438	54.39697	51.055546	50.932808	51.88542	49.083645	46.272175	47.743973	47.99882	44.38914	43.11439	45.45704	44.27141	40.540306	41.272472	43.286076	41.356922	40.83954	37.096928	35.69608	32.329693	33.840076	34.344757	30.905672	28.44383	25.85678	25.086584	23.970467	26.595177	24.451954	23.63566	26.352219	28.125599	27.241133	23.449392	23.72118	25.836206	23.64783	20.63076	22.841452	24.592793	21.473654	20.180477	23.766668	24.552923	27.51867	29.728113	32.808525	36.247803	39.711887	42.8247	46.51576	48.44458	49.97061	46.735394	46.09952	42.499832	42.495747	38.776268	35.362183	31.76427	30.046762	27.389435	30.217718	29.662899	26.204916	27.494495	31.010065	31.25836	34.17244	34.64565	35.77127	39.061287	39.524807	39.66913	41.2573	45.05555	44.90656	45.761105	42.974148	45.305565	44.71003	41.19951	42.17787	44.022644	47.763718	48.040737	45.96304	47.830414	50.573025	48.37962	46.077705	49.201714	50.31192	47.19006	47.462013	51.252975	52.09205	50.317623	52.23452	51.995304	53.723934	51.675087	53.33905	52.674343	51.505917	48.79164	46.01814	46.04756	42.337452	42.93908	45.613014	44.62932	47.21909	45.325233	41.999603	41.407948	39.048965	39.75437	38.236412	39.202225	38.093685	37.24332	37.60252	34.582172	35.135025	34.656067	34.519295	37.24694	40.39854	41.06148	38.65088	40.509537	40.032883	37.0293	36.166332	33.40821	34.325916	33.64098	34.45136	36.099533	35.747604	38.017216	41.30965	44.58036	45.23211	48.343456	48.41334	50.792267	51.659653	49.168324	45.638317	42.86969	39.39557	36.38208	32.699207	32.553543	29.761717	29.25744	29.715446	27.507797	23.861504	22.389643	18.666431	18.734316	21.170311	22.582794	22.351503	26.105154	26.905092	26.11648	25.794773	26.454512	29.946215	28.484045	25.139872	24.89195	22.700483	23.353432	22.15478	24.14604	24.183245	25.889435	28.92264	26.787256	24.744476	21.619455	19.76296	21.385035	20.66494	18.797632	20.314314	19.206476	20.242046	17.715006	14.379072	16.165443	17.375406	14.894846	11.562927	10.449651	11.149783	13.878874	12.429796	10.045563	13.318086	16.029762	18.046509	16.981083	19.782078	20.32749	21.676807	18.335894	17.685629	21.188692	22.646797	24.88913	27.95689	27.594275	27.148882	30.908327	31.790459	29.211117	30.641787	34.099957	33.114147	31.815794	35.088097	36.957882	34.887146	35.621162	39.223526	39.69284	37.152874	36.19467	34.984467	33.476517	31.20031	31.820736	29.570614	26.395231	23.076035	19.694412	16.48651	14.094661	10.309727	11.45517	13.78362	17.01192	19.675104	21.044163	24.509584	25.17599	28.27532	28.072908	30.79298	30.811314	33.034435	33.32122	33.850983	36.445324	37.044224	39.534103	42.002953	41.674843	40.721443	38.202995	35.017063	32.185337	29.388685	28.939867	28.300493	26.67516	27.074823	25.147245	26.653028	25.104923	27.87875	28.802412	29.570354	33.169033	33.54579	32.083176	34.39612	37.352093	37.28161
Q-207-B	58.755768	59.43784	59.725193	56.332893	54.574463	56.60737	55.589985	51.87096	52.227432	53.912354	51.198605	48.51058	50.632824	51.28816	47.629486	46.821747	49.592587	48.67533	45.46536	47.623184	48.07021	51.522236	54.362175	56.22088	54.991333	56.16202	56.83957	58.011314	55.680355	56.434734	55.87175	52.54153	51.311005	52.542747	50.855305	47.548237	47.515404	48.396786	45.522835	42.79166	44.329414	44.492313	40.85314	39.7111	42.072716	40.781807	37.069164	37.961624	39.9524	37.92118	37.454826	33.69038	32.42284	28.961199	30.347385	31.017893	27.677383	25.278383	22.486423	21.650818	20.79103	23.51048	21.45118	20.299072	22.901514	24.492338	23.589632	19.808968	19.99697	22.045288	19.891304	16.83057	19.061195	20.846302	17.806324	16.555046	20.20976	21.099262	23.923311	26.082445	29.091389	32.57332	35.999332	39.157955	42.82692	44.76947	46.35086	43.170082	42.532627	38.92386	38.859386	35.1283	31.7569	28.146788	26.582386	23.915781	26.819975	26.493057	23.105225	24.314491	27.934843	28.33619	31.09688	31.521059	32.43609	35.81592	36.34295	36.31095	37.800156	41.595306	41.510033	42.339096	39.553085	41.98446	41.508373	38.019077	39.003315	41.011917	44.70797	45.041016	42.822796	44.568897	47.267628	45.065224	42.66718	45.730564	46.831223	43.663757	43.853355	47.633892	48.491814	46.66131	48.517307	48.258553	49.963062	47.918766	49.608803	48.944702	47.838593	45.112415	42.28929	42.291714	38.592453	39.26678	41.956985	41.043346	43.601482	41.63385	38.35346	37.82048	35.54912	36.354527	34.963814	36.0011	35.01139	34.09848	34.61796	31.702566	32.316685	32.130844	32.221363	35.114418	38.11759	39.013138	36.551693	38.242466	37.486618	34.45912	33.374687	30.488176	31.31992	30.392202	31.069332	32.555637	32.13417	34.313553	37.576275	40.823727	41.4375	44.541637	44.623	47.019283	47.892273	45.397976	41.885662	39.13551	35.637005	32.65875	28.995556	28.976624	26.296598	26.021812	26.678095	24.708136	20.968164	19.518814	15.9287405	16.185385	18.398012	19.915709	19.495695	23.217844	23.98023	23.438568	22.899515	23.912746	27.514524	26.404194	23.314898	23.587194	21.90763	23.141766	22.436537	24.88833	25.144073	27.27933	30.266758	28.182941	25.747795	22.964478	20.97339	22.885357	21.7691	19.351936	20.525738	19.09903	19.478518	16.984648	13.502597	14.481389	15.558799	13.393918	10.028975	10.216853	11.75597	15.0317545	14.491446	11.834913	14.641538	17.806007	20.072481	18.567146	20.881859	20.80523	21.950518	18.655397	17.33993	20.508959	21.53662	24.05208	26.811584	26.604923	26.678661	30.461596	31.110584	28.76675	30.600397	33.88205	32.809074	31.93364	35.330746	36.96177	35.054306	36.16501	39.633972	39.922863	37.526024	36.211475	34.678852	32.79697	30.418175	30.683334	28.085915	25.01654	21.51908	18.40855	15.078612	12.370243	8.698374	8.686661	11.420744	14.43779	17.511398	18.89929	22.548773	23.645496	26.99463	27.265007	30.225838	30.705254	33.25082	33.957684	34.72905	37.586327	38.50512	40.94202	43.61585	43.344757	42.09627	39.6604	36.29055	33.624218	30.554996	29.643528	28.696518	26.633879	26.579168	24.244196	25.242857	23.248188	25.757915	26.287575	26.976007	30.502567	31.198038	29.904936	32.02398	34.98518	35.23747
L-208-B	56.209133	56.94866	57.41763	54.02429	52.199955	54.3763	53.519794	49.75699	50.110237	52.005196	49.39264	46.63868	48.85908	49.735596	46.13121	45.278103	48.22366	47.51131	44.347755	46.53947	47.263058	50.824493	53.74456	55.373108	53.97	54.918385	55.415024	56.41818	53.90582	54.640423	54.30923	50.988075	49.558453	50.900246	49.444256	46.02818	45.856476	46.980404	44.25653	41.332607	42.87026	43.344048	39.731766	38.386627	40.91744	39.938377	36.16473	36.936546	39.221462	37.471516	37.34899	33.6486	32.072765	28.70103	29.82286	30.11027	26.787033	24.003279	21.481201	20.31068	18.835098	21.256527	19.02608	18.458439	21.362652	23.426899	22.868916	19.062958	19.33903	21.914932	20.113327	17.063484	19.470488	21.728254	19.103693	17.899958	21.626228	22.921774	25.357405	27.293777	29.971678	33.60429	36.832886	40.18119	43.747982	45.781662	47.522858	44.51688	43.77675	40.116135	39.71879	35.933655	32.780155	29.06639	27.652853	25.294193	28.47208	28.35356	25.202112	26.502552	30.215149	30.625437	33.106518	33.21005	33.79019	37.183548	38.037575	37.861595	39.017292	42.81102	43.01813	43.940895	41.240402	43.879913	43.55373	40.144844	41.174145	43.403214	47.024616	47.40631	44.988808	46.56512	49.147026	46.87005	44.348392	47.297813	48.2919	44.984886	45.041523	48.776924	49.57107	47.493095	49.122757	48.584015	50.03026	47.742943	49.167362	48.29069	47.010094	44.479076	41.783596	42.130177	38.482845	38.95837	41.866863	41.2033	43.95479	41.99338	38.82952	38.668026	36.703735	37.863087	36.80685	38.07073	37.318848	36.341797	37.043865	34.228764	34.771008	34.795746	34.89401	37.966568	40.92803	42.048813	39.65593	41.294937	40.3363	37.335995	36.059963	33.046284	33.70946	32.431652	32.759514	33.911556	33.119522	35.02698	38.07305	41.302296	41.660435	44.67484	44.71395	46.933067	48.342216	45.912292	42.534763	39.89809	36.28359	33.48519	29.935492	30.382	27.952927	28.141766	28.9443	27.336098	23.537888	22.24899	18.855879	19.214529	21.049545	22.328262	21.358908	24.940779	25.183714	24.330671	23.250275	23.997095	27.694609	26.841267	23.842714	24.325312	22.707235	24.122503	23.77328	26.360872	27.062244	29.271896	32.48874	30.699556	28.239595	25.311087	22.931883	24.355635	22.841145	20.299858	20.874786	18.85169	19.505688	17.656582	13.882893	14.441446	16.36084	14.9429035	11.2318325	11.70535	12.326026	15.86292	15.4128275	13.548801	16.718937	19.505283	22.141987	21.142023	23.693039	23.525259	25.04662	21.936987	20.453665	23.635506	24.809973	27.52626	30.147327	29.74226	29.93178	33.717094	34.13091	31.656038	33.60252	36.803524	35.461185	34.561295	38.05368	39.500046	37.373444	38.55418	42.02538	42.074028	39.480747	38.07591	36.70236	34.824375	32.718956	33.133297	30.45836	27.63604	24.23644	21.088858	18.028296	14.8864355	11.431156	11.20258	14.45822	17.012589	20.161911	21.059027	24.7127	25.65907	28.952972	29.145266	31.918425	32.496628	34.913235	35.669342	36.12733	39.02693	39.76064	41.933308	44.706573	44.73506	43.59078	41.377502	38.080887	35.205868	32.20521	31.39039	30.128452	28.211573	27.87447	25.727835	26.578392	24.64961	27.299746	27.81757	28.868431	32.21169	32.94515	32.029385	34.23624	36.991554	37.432594
S-209-B	57.062523	58.041035	58.503384	55.011726	53.372433	55.716007	54.769924	51.004757	51.60616	53.55992	50.843025	48.24496	50.674786	51.498013	47.864864	47.250713	50.29503	49.479053	46.46736	48.857147	49.71845	53.30876	56.11806	57.688248	56.11986	57.09273	57.404976	58.484024	55.915997	56.83497	56.621086	53.21591	51.826847	53.37254	51.96381	48.46479	48.420662	49.714493	46.961327	44.033348	45.745953	46.33257	42.684322	41.424877	44.10275	43.160595	39.389927	40.28326	42.662014	40.901344	40.877262	37.169434	35.663208	32.244553	33.18827	33.513996	30.287186	27.394535	24.8342	23.333134	21.648542	23.676512	21.026691	20.644165	23.318176	25.646353	24.75495	21.002874	21.85088	24.341728	22.208414	19.541748	22.321102	24.28416	21.471987	20.74809	24.523495	25.429506	27.866167	29.537462	32.248325	35.825165	39.057884	42.394554	45.97975	48.20102	49.74988	46.71396	45.74111	42.027817	41.545414	37.75834	34.597282	30.834604	29.031952	26.91157	30.164185	29.61827	26.52805	28.258419	31.852026	31.832676	34.343937	34.23503	35.04014	38.237343	39.218742	39.37234	40.50871	44.32065	44.628803	45.803486	43.27408	45.950855	45.35948	42.034676	43.31583	45.53791	49.188683	49.760887	47.47097	48.968864	51.705997	49.60064	46.991756	49.86722	51.060986	47.82767	47.7216	51.44952	52.43528	50.4136	51.97531	51.50429	52.89948	50.61267	52.03923	51.005886	49.840015	47.42081	44.629814	45.013947	41.42734	42.06588	45.043907	44.50824	47.181564	45.06483	41.985825	41.79585	39.820065	40.859367	39.666035	40.689713	39.68449	38.46865	38.858162	35.8246	36.023014	35.72465	35.42001	38.487633	41.656445	42.758865	40.604042	42.544197	41.808323	38.989395	38.013786	35.21653	36.201534	35.047615	35.616695	36.736908	36.126266	37.928486	40.971233	44.07434	44.273113	47.147747	46.93851	48.997913	50.59364	48.34167	44.94651	42.468285	38.821583	36.15716	32.63556	32.991272	30.670921	30.698458	31.6998	29.862055	26.097198	24.38846	20.913364	20.64684	22.296665	23.075377	21.949095	25.503899	25.526295	24.175766	23.299566	23.4771	27.021399	25.775389	22.515438	22.52749	20.488457	21.543621	21.066008	23.493366	24.381453	26.507599	29.886297	28.361942	25.987448	22.88317	20.249706	21.266525	19.65587	17.29257	17.821205	15.859915	17.059273	15.363188	11.642385	12.90354	15.138818	13.715343	9.941428	9.553698	9.212897	12.617233	12.095595	10.853411	14.236619	16.59848	19.475687	18.986374	21.799648	21.719479	23.718008	20.877525	19.509785	22.90047	24.619144	27.418392	30.09606	29.254635	29.184412	32.944965	33.23778	30.455517	32.26106	35.46913	33.926544	32.75418	36.25402	37.662125	35.275158	36.31917	39.842545	39.80644	37.0145	35.754524	34.68731	33.083683	31.251354	32.078495	29.673422	26.957567	23.828228	20.389221	17.709272	14.477491	11.118084	12.005096	15.307004	17.700283	20.376123	20.842363	24.283537	24.668976	27.683968	27.426144	29.900978	30.221811	32.36912	32.941116	33.12622	35.943363	36.490196	38.55718	41.316357	41.473484	40.453598	38.352158	35.158997	32.12707	29.254385	28.67047	27.381844	25.791945	25.61572	23.877327	25.102373	23.662945	26.678307	27.697641	29.086727	32.421535	32.723373	31.842546	34.388786	36.97551	37.135612
S-210-B	54.01448	55.112503	55.483116	51.933975	50.446606	52.843487	51.7776	48.03117	48.815636	50.745506	47.93202	45.474438	48.049175	48.784573	45.132492	44.73117	47.83487	46.91879	44.054882	46.62671	47.63483	51.25027	53.945118	55.429893	53.701534	54.699776	54.8561	56.029705	53.45689	54.568157	54.416927	50.92862	49.639057	51.384766	49.978077	46.41546	46.56921	48.01421	45.199703	42.319466	44.28106	44.960094	41.268356	40.200573	43.08304	42.152637	38.415897	39.57625	42.0911	40.30048	40.537655	36.856247	35.4915	31.99139	32.51465	32.945393	29.97786	26.969324	24.264126	22.248032	20.470306	22.05923	19.028944	18.625895	20.971273	23.511593	22.379879	18.756832	20.156254	22.633549	20.385666	18.180824	21.356647	23.18254	20.53901	20.405762	24.185358	24.942492	27.006042	28.228323	30.715391	34.28772	37.371822	40.78216	44.295013	46.73055	48.194744	45.27231	44.04243	40.281437	39.532764	35.74684	32.744755	28.933737	26.998795	25.282295	28.73454	28.108776	25.324863	27.383448	30.928415	30.661695	32.885098	32.393085	33.04484	36.11808	37.40602	37.63079	38.504066	42.297035	42.87583	44.289963	41.981552	44.85015	44.191185	41.0329	42.563766	45.007164	48.578438	49.40307	47.038376	48.26041	51.038383	49.080975	46.26527	48.940548	50.27361	47.042423	46.643406	50.30951	51.47623	49.3823	50.726517	50.21507	51.444035	49.100014	50.47055	49.221382	48.196407	45.9466	43.057156	43.55431	40.085392	40.90316	44.015415	43.769226	46.36856	44.032906	41.154427	41.12506	39.358505	40.494556	39.432373	40.36423	39.33698	37.819683	38.140503	35.09121	34.998146	34.78993	34.358654	37.62211	40.77196	42.172104	40.229248	42.22996	41.344845	38.714977	37.73617	35.008656	36.134857	34.7408	35.27036	36.05018	35.422855	36.901806	39.80064	42.71696	42.626656	45.30391	44.84648	46.697525	48.65192	46.607742	43.284214	41.04444	37.33447	34.940205	31.563053	32.132374	30.179052	30.461805	31.891659	30.24633	26.498697	24.530977	21.326994	20.711252	21.733843	22.008223	20.319914	23.646044	23.178162	21.499653	20.345541	20.243126	23.77744	22.687416	19.559906	19.84918	18.114372	19.608833	19.759144	22.575768	23.984636	26.499557	29.967045	28.8131	26.121212	23.264753	20.250776	21.104076	18.890713	16.054895	15.867449	13.362114	14.252996	13.101163	9.2876835	9.840976	12.624487	12.072265	8.38584	8.967141	8.47769	12.176293	12.754265	11.923904	14.811549	17.11409	20.41031	19.984268	22.498524	21.829388	24.074839	21.628193	19.70173	22.824793	24.58503	27.731108	30.046598	28.928537	29.2102	32.915478	32.775837	29.97419	32.097126	35.05669	33.17695	32.238167	35.86962	36.911236	34.436447	35.79341	39.18139	38.797394	35.961	34.4034	33.299572	31.534195	29.950516	30.795296	28.26217	25.906816	22.951662	19.63725	17.409492	13.800364	11.10583	11.7063265	15.344589	16.995089	19.537075	19.376581	22.710594	22.977098	25.932858	25.778801	28.156296	28.81142	31.026583	31.934021	32.07315	35.109196	35.817772	37.64611	40.638123	41.04348	39.820404	37.983585	34.71654	31.722437	28.701069	27.816732	26.07047	24.328516	23.660349	21.915308	22.806696	21.36389	24.426544	25.458612	27.212076	30.330868	30.587885	30.089525	32.73849	35.061916	35.38598
S-211-B	53.773872	55.02508	55.18734	51.563103	50.33211	52.731518	51.419556	47.734005	48.77199	50.5521	47.554615	45.335865	48.037468	48.52265	44.81965	44.726894	47.78867	46.610332	43.91245	46.683243	47.681385	51.245827	53.739567	55.27815	53.468956	54.645115	54.71809	56.111797	53.642673	54.99471	54.786953	51.201645	50.146442	52.05481	50.52034	46.957653	47.409916	48.87801	45.915504	43.207005	45.42306	46.017677	42.27376	41.517765	44.49739	43.400406	39.74044	41.216633	43.685513	41.70525	41.974403	38.285465	37.232838	33.617283	33.914303	34.658924	31.911652	29.014053	26.055231	23.7782	22.259851	23.585985	20.3165	19.569157	21.316328	23.762756	22.075085	18.671377	20.661177	22.717655	20.045378	18.433058	21.907074	23.195738	20.4241	20.95712	24.647465	24.880543	26.81916	27.657356	30.146885	33.565056	36.62842	39.955906	43.46404	46.09643	47.295353	44.356983	42.870644	39.09503	38.29596	34.56616	31.577282	27.800089	25.473162	24.062641	27.516153	26.477243	23.894516	26.381983	29.723145	29.014168	31.147247	30.407887	31.2522	34.088936	35.495182	36.03934	36.883633	40.653263	41.324615	43.000492	40.920696	43.82637	42.894764	39.889008	41.715347	44.1958	47.738194	48.82916	46.591328	47.642776	50.582752	48.878006	45.94075	48.473385	50.069607	46.971004	46.34249	49.967022	51.40141	49.432552	50.70585	50.366974	51.59828	49.36933	50.860477	49.5132	48.7637	46.576538	43.49942	43.88286	40.515736	41.66103	44.760746	44.64248	47.025867	44.45694	41.715374	41.58053	39.80565	40.75567	39.554684	40.16726	38.876686	37.04367	37.04535	33.842823	33.363815	32.94424	32.185753	35.492565	38.738506	40.249363	38.586407	40.805805	40.02663	37.65455	36.937588	34.472355	35.948856	34.623722	35.42113	36.096493	35.755157	37.080505	39.976288	42.683727	42.449272	44.94931	44.205303	45.920914	47.90033	46.07502	42.731205	40.69964	37.01675	34.80983	31.523216	31.947462	30.221752	30.38016	32.151207	30.391129	26.767546	24.352621	21.329937	20.07051	20.597275	20.25605	18.308155	21.443916	20.735281	18.672745	17.78813	17.275423	20.635937	19.249832	15.989819	16.103584	14.35651	15.996546	16.48038	19.536089	21.263132	24.06655	27.536968	26.68845	23.765873	21.178463	17.927778	18.736662	16.14405	12.969379	12.454998	9.888907	10.469031	9.414041	5.652791	6.323331	9.296279	9.199537	5.9908605	6.917107	6.38488	10.006087	11.666037	11.075234	13.216511	15.420949	18.959703	18.556704	20.730694	19.589209	22.08587	20.111885	17.844059	20.747513	22.738894	26.088692	28.143358	26.658298	27.06109	30.664963	30.197668	27.308592	29.577879	32.34174	30.211641	29.370783	33.062164	33.854385	31.305752	32.84538	36.128693	35.533253	32.68321	30.97193	29.880451	28.098001	26.720337	27.712072	25.262089	23.17289	20.514502	17.223045	15.589086	11.920686	10.070019	11.128089	14.599291	15.6030655	17.609074	16.860746	19.919933	19.82665	22.59694	22.341225	24.596684	25.378365	27.61861	28.728825	28.91041	32.09401	33.00109	34.7467	37.8818	38.36605	36.937614	35.247585	31.90969	29.02095	25.868622	24.733702	22.732597	20.89381	20.010172	18.338547	19.225615	18.023108	21.262781	22.611744	24.656923	27.674843	27.622522	27.255585	30.121426	32.235798	32.435066
R-238-B	42.620037	43.47078	42.948765	39.448925	38.404064	40.20712	38.39434	34.912086	35.964565	37.06817	33.808384	31.869963	34.39771	34.271793	30.482822	30.751024	33.499947	31.846512	29.339972	32.35804	33.289257	36.73075	38.899105	40.48575	38.641808	40.162586	40.327442	42.164818	40.132175	41.831165	41.22484	37.523132	37.140625	39.194733	37.221783	33.82413	35.073795	36.388527	33.076942	31.000925	33.870605	34.148716	30.420013	30.728806	33.91489	32.442585	29.271194	31.797945	34.14694	31.874895	32.78587	29.522158	29.426771	25.90396	24.746183	26.304718	24.993753	22.785357	19.52535	16.377232	16.37265	16.510796	13.80967	11.2794895	9.98057	11.334038	8.326552	6.851989	10.58932	11.234891	9.017674	10.520281	13.903176	14.212974	13.641889	16.115843	18.394342	18.485065	18.134954	17.10473	18.074667	21.281359	23.494938	27.020359	30.08524	33.109486	34.346836	32.022537	30.077433	26.344526	24.633844	21.008123	18.92479	15.3217945	13.745108	14.10985	17.8305	17.90968	17.220352	19.535524	22.409529	21.944416	22.32802	20.503738	19.705412	22.486696	24.83726	24.605265	24.252642	27.793806	29.328972	31.271503	29.781113	33.28945	32.836487	30.494957	32.62556	35.922047	38.8595	40.470516	37.73574	37.7611	40.382984	38.993958	35.53081	37.277218	38.973114	35.89158	34.406708	37.669987	39.43181	37.202545	37.75635	37.28243	38.065475	35.846592	37.321293	35.632824	35.485985	33.64195	30.26811	30.713474	27.866245	29.674206	32.872246	33.61177	35.53006	32.400303	30.487234	30.9316	30.133999	31.558567	31.257206	31.905634	31.210814	28.807419	29.344833	27.009754	26.30457	27.359035	27.460838	31.261938	33.478928	36.14819	34.74213	36.13625	34.15261	32.268158	30.796654	28.354967	29.512712	27.02364	27.080553	26.24519	25.628983	25.625906	27.772623	29.755638	28.719198	30.657217	29.44098	30.784752	33.48231	32.114292	29.13174	27.838978	24.15526	23.038372	20.706444	22.196182	22.232758	23.843927	26.8103	26.621077	23.744415	21.690317	20.840382	19.947617	18.150581	17.094286	13.619849	14.619904	12.260366	11.291907	7.826197	9.36895	12.691815	14.464736	14.23386	17.507002	19.193125	22.807972	25.134789	28.930956	30.958742	34.55419	37.369957	36.71575	33.072544	31.897732	29.032753	30.580307	27.590542	23.7943	22.265015	19.67556	17.115107	17.326187	15.911672	12.228373	12.819127	15.479842	15.239329	18.951233	20.558619	23.597883	26.236006	24.812101	25.61576	28.418936	31.660307	30.137955	30.754616	28.173723	29.548632	28.203796	24.667707	25.574215	25.734917	29.394365	29.73655	28.831745	31.12887	34.167183	32.6965	31.120909	34.546238	36.196373	33.888634	34.79154	38.46448	38.172764	36.521427	39.306675	41.714603	40.412216	38.423534	35.47885	33.266426	30.175077	28.829784	28.236784	24.737535	24.029942	21.744068	20.762167	20.06923	17.149403	17.842163	15.564838	17.893013	16.079739	17.97937	16.354431	18.672277	20.228392	23.157701	25.034725	27.669924	30.313734	33.413322	35.992653	37.028492	40.760868	42.70394	44.100414	47.670616	48.29132	45.94644	44.683983	41.04893	39.06506	35.441948	32.905922	30.135096	27.058054	24.36995	21.53426	19.494612	16.571146	17.483961	16.39467	18.427343	19.97964	21.503359	22.748962	24.393042	25.7667	27.7249
L-239-B	45.876015	46.6508	46.265575	42.79539	41.578564	43.38332	41.71808	38.184418	39.04592	40.224876	37.069794	34.941963	37.32932	37.330956	33.544205	33.532112	36.23979	34.702465	31.970053	34.772705	35.49601	38.93706	41.26411	42.999954	41.357227	42.86975	43.227432	44.96094	42.909145	44.387783	43.70897	40.074596	39.546955	41.37722	39.379192	36.00942	37.004078	38.148808	34.85161	32.649895	35.246655	35.402695	31.619057	31.660576	34.67377	33.116463	29.766172	32.03829	34.282272	31.924976	32.48227	29.004375	28.75824	25.08552	24.482359	26.02857	24.235188	21.983742	18.525705	15.7479105	15.741096	16.68541	14.003542	11.3428545	11.1628685	12.49109	9.846388	7.04762	10.10738	11.1123085	8.304997	8.582311	12.325081	12.906323	11.493241	13.589816	16.37985	16.537981	16.92489	16.6489	18.337206	21.753313	24.427752	27.917112	31.231447	34.030727	35.3363	32.724792	31.080206	27.299324	26.062527	22.313423	19.714863	15.918868	14.191609	13.547459	17.343103	17.305643	15.832761	18.07193	21.301085	21.02434	22.03379	20.767237	20.453426	23.528616	25.39832	25.217155	25.413237	29.111795	30.201574	31.890858	30.036205	33.350044	32.860554	30.185596	32.119846	35.201134	38.36565	39.745205	37.09044	37.494637	40.203396	38.638927	35.346832	37.4319	39.056324	35.928333	34.80497	38.25488	39.864613	37.74438	38.652885	38.294476	39.369507	37.230354	38.853146	37.452274	37.12849	34.989185	31.64904	31.890268	28.75832	30.405869	33.498062	33.824623	35.867153	32.921864	30.628054	30.776907	29.572807	30.834087	30.23783	30.93531	30.118526	27.943039	28.473232	25.922009	25.493715	26.325819	26.467506	30.195963	32.61867	34.98366	33.31901	34.78856	32.998158	30.83332	29.40367	26.80488	27.973625	25.740309	25.994371	25.676483	25.169939	25.727139	28.265743	30.604122	30.019045	32.31235	31.42618	33.120373	35.223923	33.53672	30.32988	28.615982	24.897095	23.222204	20.413815	21.517775	20.914822	22.159113	24.8444	24.297848	21.15358	19.033575	17.730875	16.92109	15.620986	15.01819	11.882904	13.801085	12.278609	11.538596	8.917933	10.701454	14.383615	15.31271	14.220081	17.012257	18.108795	21.495874	23.34964	27.07879	28.802937	32.27761	35.119522	34.18022	30.618843	29.247461	26.50153	28.26335	25.518618	21.762009	20.721731	18.286198	15.990576	15.48005	13.561886	10.234489	10.775501	12.759514	12.109348	15.866889	17.777878	21.005316	23.3757	21.647778	22.601341	25.617197	28.754507	27.087788	27.84393	25.494593	26.776415	25.11864	21.712343	22.912079	23.115011	26.724117	27.434677	26.682638	28.735783	31.968718	30.841902	29.155092	32.426216	34.38239	32.292843	32.965183	36.65683	36.712315	35.05519	37.624924	40.243065	39.244755	37.20995	34.490154	32.27472	29.28206	27.603827	27.063673	23.564152	22.311531	19.619091	18.269304	17.075167	13.989481	14.317963	11.893157	14.428919	13.0584345	15.420391	14.318861	17.193281	18.900585	22.157806	23.892923	26.785328	29.129519	32.28101	34.6111	35.71852	39.377853	41.241234	42.896374	46.34827	46.758427	44.528	43.00342	39.329094	37.258713	33.620457	31.235518	28.75166	25.669724	23.395063	20.400837	18.861698	15.818727	17.114555	16.280678	17.975777	20.182074	21.631205	22.245564	24.012669	25.874546	27.51471
C-240-B	48.433353	49.411808	48.968746	45.420757	44.402775	46.309124	44.519295	41.021126	42.102577	43.258583	39.997204	38.05389	40.565502	40.440613	36.646816	36.855354	39.54608	37.850983	35.25883	38.16399	38.851505	42.225212	44.40591	46.200245	44.52339	46.144405	46.427017	48.27432	46.255665	47.86362	47.199215	43.530266	43.091427	45.00454	42.98227	39.621918	40.707394	41.868477	38.54011	36.39801	39.0336	39.153862	35.371635	35.458008	38.44492	36.820847	33.483383	35.748844	37.919334	35.473866	35.85807	32.321774	32.14521	28.41693	28.022795	29.638239	27.70292	25.450228	21.949425	19.327662	19.1663	20.184267	17.274273	14.921317	14.883357	16.258068	13.419229	10.819752	13.763743	14.489517	11.249212	11.429749	15.161847	15.28607	13.156828	15.374228	18.315445	17.888283	18.743061	18.511395	20.569963	23.76612	26.602701	29.893368	33.29074	36.1724	37.170967	34.3957	32.606674	28.823257	27.78782	24.112062	21.31549	17.58862	15.148469	14.467688	18.12319	17.282534	15.594105	18.379957	21.459503	20.62742	21.954002	20.666002	20.990232	23.818989	25.586416	25.95164	26.426876	30.153763	31.113997	33.00742	31.25583	34.43583	33.545006	30.8751	33.033276	35.935047	39.203712	40.715054	38.325924	38.811275	41.749104	40.37356	37.11971	39.24276	41.102894	38.14052	37.013844	40.48402	42.2745	40.381992	41.40703	41.283157	42.484997	40.50417	42.259705	40.885265	40.70455	38.547382	35.131218	35.20436	32.094784	33.89346	36.87669	37.085537	38.987835	35.99109	33.653683	33.517212	32.054867	32.96432	31.990494	32.332867	31.098019	28.75043	28.808638	25.899221	25.118046	25.407331	25.0492	28.744226	31.48013	33.71473	32.247402	34.09705	32.67347	30.65424	29.668224	27.353224	28.954222	27.12262	27.859608	27.840609	27.745453	28.487337	31.180386	33.4445	32.938805	35.164356	34.105537	35.753544	37.63492	36.07111	32.773552	31.112057	27.492718	25.771322	22.88426	23.48604	22.682333	23.368168	26.057714	25.002108	21.850973	19.214722	17.599937	16.068577	14.747122	13.586494	10.370309	12.592175	11.090719	9.575132	7.787478	8.85418	12.626883	12.700988	10.97611	13.442221	14.354385	17.711058	19.571918	23.314503	25.09764	28.61979	31.45756	30.658827	27.064024	25.772	22.966887	24.697107	21.919813	18.151686	17.165888	15.004074	12.4941225	11.792645	10.2383	6.880371	6.9933934	9.307428	9.219733	12.959378	14.909927	17.8412	20.50915	18.903435	19.487333	22.368969	25.525673	23.943895	24.592932	22.108063	23.614168	22.217722	18.744593	19.984936	20.601162	24.330008	25.099787	23.961725	25.84626	29.08511	27.861044	25.937195	29.16668	31.134832	28.90846	29.444763	33.1681	33.20824	31.41991	33.955433	36.604908	35.587425	33.474247	30.807459	28.693256	25.819702	24.229172	23.98079	20.644402	19.378351	16.837105	15.217971	14.395781	11.2240305	12.012405	10.3587885	12.854382	11.313682	13.161966	11.565815	14.399614	15.651304	18.844065	20.320211	23.161352	25.401709	28.513123	30.809443	31.913752	35.573708	37.46821	39.15287	42.596256	42.97859	40.72434	39.21115	35.53877	33.493496	29.846891	27.4382	24.942677	21.874556	19.652668	16.70407	15.406815	12.576876	14.416517	14.297729	16.352024	18.829117	19.687408	20.110931	22.349642	24.20463	25.411785
S-241-B	52.145	53.066597	52.570377	49.05039	48.020187	49.83534	48.008774	44.542904	45.55363	46.59928	43.329895	41.379223	43.75947	43.53354	39.731903	39.872017	42.40845	40.62019	37.93866	40.720726	41.128723	44.39915	46.56083	48.570663	47.098614	48.867775	49.341675	51.25639	49.358727	50.88713	50.050625	46.421795	46.057064	47.80088	45.63298	42.377254	43.439167	44.371014	40.977016	38.925743	41.42308	41.296913	37.509506	37.60685	40.385292	38.544437	35.20537	37.40347	39.32471	36.687412	36.686478	33.05578	33.013683	29.22011	29.253353	31.06706	28.920107	26.898746	23.264431	21.125603	21.261213	22.793106	20.111387	17.5874	17.812202	18.779259	15.930703	13.205546	15.565734	15.926978	12.349759	12.08434	15.5507965	15.2751665	12.410935	14.507522	17.503664	16.605547	18.092445	18.292448	20.912718	23.974056	27.133228	30.203274	33.766113	36.497147	37.344006	34.31049	32.689903	28.945152	28.392519	24.759008	21.589643	17.95596	15.233402	13.89231	17.245796	15.962882	13.698618	16.586382	19.673317	18.732578	20.614716	19.816408	20.758629	23.626377	24.900936	25.515274	26.524767	30.300825	30.831497	32.59304	30.667984	33.5877	32.483986	29.636084	31.747265	34.3749	37.79789	39.22715	37.068413	37.820267	40.916	39.5752	36.485012	38.810604	40.762463	37.925434	37.027428	40.588238	42.39382	40.763264	42.094658	42.247063	43.752476	42.00219	44.002224	42.89786	42.777546	40.38574	36.91811	36.655342	33.432587	35.303783	38.058464	37.921738	39.70769	36.790638	34.242973	33.69422	31.838358	32.365425	30.981152	31.090006	29.54335	27.267794	27.064297	23.901903	23.1688	23.076847	22.598186	26.161833	29.098812	31.0479	29.484388	31.502356	30.370739	28.276138	27.558598	25.36718	27.2169	25.819994	26.98769	27.443213	27.74087	28.89996	31.88926	34.265945	34.129345	36.52806	35.60966	37.5063	38.721394	37.0158	33.540127	31.660067	28.163742	26.120277	23.006605	23.007658	21.77829	21.86217	24.378605	22.84986	19.703747	16.739258	14.868887	12.895246	11.79705	10.680566	7.9943132	10.976584	10.521954	9.467152	9.1593895	10.49375	13.941099	13.222729	10.961037	12.737582	13.222721	16.243744	17.57634	21.19068	22.528072	25.980503	28.652252	27.586021	24.000126	22.808786	20.306353	22.462444	20.072897	16.437347	16.208202	14.757139	12.284003	10.474422	9.097511	6.8357434	5.379917	6.4247622	7.009716	10.700603	13.384515	16.1006	18.658752	16.5878	16.79425	19.927326	22.79935	20.863798	21.283558	18.796534	20.043837	18.57266	15.071943	16.296011	16.888086	20.597828	21.537905	20.474972	22.241886	25.56767	24.57187	22.65578	25.805868	27.9399	25.949783	26.42739	30.118155	30.412346	28.770157	31.189478	33.9237	33.199146	31.209408	28.701658	26.452618	23.60616	21.63213	21.305819	17.994497	16.262688	13.426766	11.630138	10.604947	7.5457377	8.843992	7.3521824	9.392481	7.7693353	9.581669	8.358942	11.6312475	13.093037	16.570396	18.063646	21.217833	23.251165	26.503832	28.66383	30.045858	33.638214	35.63748	37.621918	40.930405	41.00814	38.726326	36.951916	33.21286	31.298111	27.594852	25.15255	23.020844	19.809786	18.024948	14.7932625	13.913612	10.943922	12.915471	13.066132	14.656818	17.679367	18.361378	18.107653	20.440647	22.699047	23.534618
G-242-B	53.173203	54.237408	53.957993	50.377502	49.298016	51.334972	49.663193	46.10861	47.159203	48.462215	45.259552	43.22473	45.74272	45.750793	41.96347	42.04349	44.775078	43.17701	40.488186	43.286953	43.89569	47.273502	49.545105	51.40686	49.81346	51.39468	51.725883	53.478664	51.379948	52.864193	52.241234	48.610413	48.011486	49.823673	47.862267	44.485966	45.34462	46.463486	43.200012	40.909874	43.318985	43.434254	39.639492	39.433727	42.28824	40.685772	37.208534	39.15543	41.263615	38.828358	38.882565	35.194904	34.795242	31.024033	31.204569	32.661377	30.244747	27.894653	24.435152	22.242676	21.783333	23.309208	20.34179	18.390968	19.212381	20.770672	18.297537	15.208824	17.480824	18.515139	15.20534	14.309393	17.855783	18.179697	15.2102375	16.648384	20.002806	19.480486	21.265879	21.771627	24.41238	27.592733	30.75212	33.889492	37.451122	40.145466	41.080006	38.047737	36.4736	32.72323	32.125233	28.465155	25.329605	21.652157	19.01839	17.614004	20.955046	19.656397	17.195055	19.960981	23.124302	22.201933	24.269629	23.53369	24.55427	27.364222	28.642159	29.316463	30.324802	34.096397	34.63809	36.380585	34.39954	37.272243	36.168705	33.251957	35.271442	37.79048	41.282806	42.590828	40.457344	41.35677	44.432854	42.97975	39.96586	42.390728	44.242775	41.33378	40.554314	44.14987	45.83898	44.124084	45.469524	45.483105	46.92316	45.02225	46.8701	45.690395	45.358757	43.016354	39.665295	39.60578	36.309784	37.93841	40.809612	40.644104	42.63649	39.840473	37.19187	36.7398	34.852455	35.475555	34.083366	34.327923	32.803867	30.692646	30.487497	27.245922	26.574547	26.227686	25.538914	28.969723	32.09863	33.82054	32.241837	34.415775	33.510433	31.322042	30.69419	28.443373	30.220694	28.939337	30.052187	30.66629	30.78521	32.06144	35.06036	37.569946	37.42574	39.871418	39.004105	40.843536	42.288662	40.542282	37.091526	35.143055	31.58472	29.44664	26.230246	26.310154	24.820229	24.821218	27.024406	25.28685	21.925821	19.072891	16.60631	14.761518	14.447489	13.629754	11.413952	14.522559	14.031354	12.400283	12.019782	12.38781	15.841164	14.609256	11.647634	12.605641	12.077142	14.689331	15.70736	19.250557	20.722618	24.035711	27.014898	26.005508	22.574387	20.886461	18.071476	19.896385	17.40965	13.777448	13.565188	11.864593	10.127889	8.142779	5.756345	4.1602244	4.3008275	4.7546587	3.754729	7.5015545	9.7743	12.753589	15.229201	13.450412	14.104636	17.082743	20.221245	18.709698	19.705519	17.59995	19.390516	17.724304	14.555711	16.550049	17.848925	21.491735	22.938686	21.619215	22.799688	26.292084	25.503078	23.121695	25.952093	28.37862	26.308134	26.246798	29.989624	30.499191	28.484066	30.587551	33.568798	32.910862	30.580172	28.362795	26.529438	24.087631	22.302681	22.568657	19.628185	17.6634	14.8581085	12.206546	10.890027	7.197423	7.313699	7.1071815	10.017594	9.655846	11.497064	10.450288	13.691087	14.35259	17.600853	18.326347	21.2118	22.755146	25.696302	27.48851	28.496834	31.987097	33.653503	35.61289	38.874725	39.053696	37.03571	35.249546	31.601568	29.347216	25.765884	23.725395	21.631197	18.823515	17.39354	14.654415	14.622951	12.432301	15.16645	16.041609	17.854496	20.939148	21.179737	20.784126	23.434559	25.655882	26.115026
A-243-B	51.16263	52.083836	51.978867	48.453056	47.139175	49.17916	47.72017	44.09105	44.925858	46.377254	43.327293	41.06432	43.50389	43.755287	39.996	39.809372	42.62913	41.286057	38.449974	41.11865	41.82076	45.294765	47.766083	49.519943	47.93509	49.32218	49.682945	51.234024	49.01432	50.319775	49.775597	46.199947	45.38909	47.115818	45.28041	41.859158	42.493027	43.6552	40.503742	38.038216	40.309746	40.55574	36.771435	36.331562	39.20172	37.773212	34.207355	35.977886	38.21937	35.962616	36.14355	32.45794	31.788216	28.065992	28.241146	29.438845	26.927774	24.404335	21.058853	18.819794	18.144974	19.772038	16.869514	15.045472	16.325869	18.118187	16.139816	12.69826	14.661366	16.28364	13.413972	11.950471	15.530018	16.563236	13.907437	14.851188	18.404398	18.58881	20.246922	20.980673	23.441965	26.88916	29.975069	33.314987	36.837902	39.412895	40.682327	37.760693	36.3724	32.599983	31.85832	28.09627	25.063635	21.26528	19.182407	17.626232	21.16533	20.539352	18.04687	20.333723	23.791277	23.419397	25.349012	24.686178	25.218838	28.30732	29.658743	29.858566	30.680687	34.472183	35.094875	36.619984	34.462906	37.438816	36.71459	33.702522	35.45902	38.10533	41.570522	42.67458	40.28366	41.21679	44.080784	42.366	39.362247	41.84447	43.419212	40.309605	39.635326	43.254295	44.699024	42.74618	44.036663	43.78406	45.113853	43.015015	44.683548	43.491795	42.90449	40.56933	37.367718	37.52379	34.148453	35.48952	38.482258	38.34601	40.57925	37.92504	35.21853	35.027836	33.303104	34.277134	33.195446	33.8534	32.72412	30.859653	31.118551	28.136707	27.8605	27.96185	27.724636	31.20934	34.127167	35.90971	34.07053	35.92148	34.718452	32.28601	31.227701	28.615278	29.948849	28.34576	29.011042	29.501741	29.183609	30.43814	33.355053	36.037277	35.885647	38.454826	37.81312	39.710236	41.379223	39.461567	36.07841	33.99614	30.32569	28.105858	24.841768	25.330029	23.792305	24.222397	26.268736	24.882444	21.331976	18.988476	16.476564	15.464555	15.454103	15.321103	13.084664	16.205761	15.6415615	14.409106	13.158027	13.948181	17.674067	17.125355	14.567452	15.978159	15.593004	18.225866	19.213879	22.684841	24.125696	27.29433	30.362492	29.19409	25.890862	23.945158	21.144485	22.854204	20.398928	16.844223	16.463593	14.205783	12.926186	11.470558	8.42714	6.5265746	7.9094257	8.365592	6.107324	9.569814	11.438056	14.953314	16.873251	15.056551	16.481983	19.535992	22.69755	21.242725	22.58361	20.815426	22.448301	20.362406	17.404732	19.550488	20.508974	24.02339	25.585232	24.651188	25.87578	29.436552	28.832808	26.58854	29.382645	31.897106	29.961756	29.902294	33.624054	34.226234	32.24692	34.28839	37.314808	36.70398	34.35129	32.15812	30.326645	27.840824	25.997948	26.080606	22.985466	20.95293	17.909742	15.399803	13.49776	9.781558	8.788854	7.4466076	10.987339	11.16757	13.841482	13.342306	16.782755	17.866344	21.215519	22.097122	24.987825	26.545994	29.442368	31.1615	32.03865	35.48211	36.979515	38.88639	42.131405	42.380535	40.500557	38.69896	35.096825	32.697594	29.194487	27.331188	25.255833	22.560223	21.106121	18.41429	18.179085	15.761135	18.160143	18.4728	20.087751	23.066986	23.792812	23.547564	25.871178	28.163736	28.970308
R-244-B	52.924877	53.61901	53.41535	49.98463	48.564045	50.372025	48.893246	45.30991	45.933746	47.19415	44.176495	41.833782	44.016598	44.158592	40.396255	40.03364	42.63339	41.228954	38.227108	40.694035	41.060856	44.427856	46.934048	48.917816	47.606567	49.137756	49.787224	51.389935	49.345913	50.502983	49.700275	46.195625	45.48823	46.958706	44.92123	41.653778	42.2715	43.112617	39.87821	37.5587	39.674286	39.59527	35.819378	35.457428	38.076717	36.38006	32.854107	34.619694	36.563915	34.09192	33.928806	30.185982	29.719433	25.947184	26.45866	27.943233	25.351967	23.217327	19.686705	17.990585	17.993177	20.17625	17.826294	15.454408	16.706623	17.789291	15.8220825	12.357597	13.629144	14.788412	11.770425	9.857524	13.0899	13.886672	10.816319	11.528475	15.107029	15.181626	17.216587	18.390322	21.205187	24.624592	27.934772	31.153324	34.78605	37.14812	38.44915	35.375668	34.25788	30.536783	30.165216	26.414125	23.134949	19.410076	17.506687	15.330493	18.648542	18.206154	15.341284	17.249763	20.837227	20.82425	23.020031	22.843317	23.499289	26.797152	27.741596	27.783943	28.942694	32.756992	33.03462	34.279552	31.881346	34.685444	34.041245	30.856321	32.40128	34.910667	38.44533	39.38085	37.028576	38.160667	41.025276	39.22933	36.361458	39.014633	40.536465	37.459995	37.014168	40.705338	42.062893	40.256626	41.795574	41.718014	43.306957	41.397488	43.282837	42.389668	41.83965	39.25185	36.019424	35.86023	32.373463	33.754818	36.525806	36.08649	38.232693	35.67741	32.790813	32.311893	30.330305	31.113981	29.85495	30.50841	29.362087	27.691244	28.051874	25.114866	25.177677	25.384169	25.485952	28.866646	31.674677	33.30968	31.213703	32.883698	31.643902	29.025473	27.865818	25.150267	26.410194	24.948313	25.733072	26.516874	26.37686	27.95567	31.09234	33.914093	34.11347	36.89363	36.4985	38.69302	39.751064	37.61657	34.106533	31.773766	28.19259	25.672062	22.228735	22.384401	20.533152	20.72855	22.619467	21.132061	17.553911	15.26212	12.710613	11.971852	12.262192	12.800177	11.181005	14.604929	14.857598	14.528853	13.72435	15.37077	19.003223	18.533155	16.165789	17.620146	17.390207	19.917965	20.554287	23.898417	24.826801	27.908737	30.707832	29.148508	25.865522	24.105173	21.771547	24.012487	21.998137	18.593067	18.827785	17.10455	15.624008	13.507618	10.791496	9.420944	9.448722	8.893403	7.166821	10.500908	13.242893	16.617159	18.208456	15.689492	16.887732	20.344389	23.088055	21.070229	22.107277	20.391924	21.40374	19.039207	16.103277	18.022602	18.400602	21.73949	23.326216	22.891726	24.249622	27.822819	27.494574	25.590874	28.385242	30.960796	29.401476	29.533072	33.155407	33.952717	32.32701	34.36038	37.358406	37.0227	34.952797	32.789703	30.651808	28.00595	25.724684	25.363325	22.118856	19.763302	16.374584	14.171302	11.721425	8.435232	7.4673142	4.6853466	7.970883	8.389391	11.657114	12.070326	15.767592	17.524578	21.143724	22.418642	25.65939	27.246162	30.374727	32.09982	33.34981	36.7537	38.433247	40.60864	43.742977	43.684822	41.7137	39.660923	35.97641	33.79902	30.224304	28.233284	26.494986	23.556347	22.33064	19.256575	18.93106	16.086878	17.983818	17.829205	18.74651	21.95376	23.044962	22.396553	24.351484	27.005598	27.880775
R-245-B	55.549725	56.1245	56.065628	52.695366	51.08468	52.86828	51.564842	47.94671	48.35887	49.698334	46.820744	44.296135	46.33054	46.631657	42.912334	42.27962	44.84515	43.617546	40.451332	42.691303	42.934933	46.28615	48.948254	50.98436	49.836575	51.284725	52.08338	53.534515	51.459248	52.383957	51.552116	48.15126	47.283115	48.536133	46.540794	43.32962	43.68018	44.38401	41.252235	38.83505	40.649223	40.510155	36.788265	36.152767	38.555614	36.886852	33.297676	34.72294	36.547626	34.137917	33.69076	29.895456	29.207607	25.508589	26.540472	27.848017	24.908323	22.850994	19.482012	18.393925	18.38454	21.068521	19.073606	16.927752	18.761677	19.752308	18.301474	14.698652	15.118865	16.494781	13.899862	11.175011	13.705067	14.905948	11.675523	11.192062	14.90381	15.365263	17.964537	19.830105	22.870804	26.301846	29.746428	32.88255	36.56704	38.640446	40.09256	36.91917	36.146343	32.510616	32.43378	28.712502	25.311525	21.703247	20.109283	17.439615	20.425713	20.188845	16.934729	18.26239	21.941238	22.340252	24.882412	25.203382	25.98224	29.40623	29.98458	29.88087	31.314962	35.111656	35.081936	35.999252	33.31825	35.88782	35.38543	31.990501	33.17573	35.42617	39.057053	39.654064	37.349056	38.826584	41.60765	39.589256	36.97525	39.880123	41.18638	38.07464	38.003773	41.764145	42.86246	41.101784	42.88269	42.801018	44.553062	42.67138	44.57366	43.913654	43.151226	40.387764	37.310596	37.075397	33.44631	34.548084	37.18668	36.412216	38.694096	36.42758	33.28893	32.661076	30.440777	31.165009	29.784006	30.628002	29.57018	28.331331	28.851933	25.975117	26.475662	26.612217	26.917187	30.048973	32.857407	34.13408	31.741135	33.297707	32.200657	29.298101	28.072584	25.191229	26.197803	24.995983	25.761766	26.981533	26.78135	28.772911	32.062973	35.135166	35.672375	38.687077	38.618183	41.03199	41.738914	39.34918	35.79142	33.16266	29.66155	26.801281	23.178041	23.120125	20.737555	20.641945	21.923904	20.197424	16.453928	14.57643	11.439238	11.429493	12.863752	14.291878	13.579498	17.202261	18.031807	18.001205	17.44155	19.131516	22.724882	22.063446	19.486769	20.524303	19.804691	21.855703	21.8833	24.898426	25.37781	28.116337	30.871302	28.932207	25.931908	23.892748	21.873571	24.262743	22.71478	19.656237	20.443747	18.953918	18.045115	15.534193	12.521087	12.1224785	12.257795	10.676269	8.331376	10.631061	13.42659	16.814524	17.623346	14.70929	16.329794	19.930246	22.34882	20.199102	21.525295	20.395939	21.141798	18.249409	15.87753	18.183517	18.485378	21.430597	23.49862	23.43813	24.391258	28.070488	28.253279	26.356602	28.811144	31.686363	30.48844	30.349504	33.85625	35.050583	33.48779	35.197063	38.358	38.371456	36.308945	34.451916	32.38563	29.93605	27.410791	27.069448	23.994911	21.200148	17.579758	15.151334	11.986437	9.110435	6.818874	4.066353	7.231757	9.24648	12.79527	14.126029	17.904423	19.705734	23.345293	24.4193	27.722044	28.928112	31.965132	33.34248	34.59308	37.806366	39.309578	41.697212	44.637814	44.373035	42.60396	40.300213	36.67316	34.416523	30.964958	29.281256	27.953575	25.203362	24.48542	21.509865	21.646826	18.958359	20.880865	20.783545	21.272379	24.680292	25.79845	24.718927	26.535606	29.474806	30.156452
S-246-B	57.898514	58.281258	58.150707	54.875847	53.17692	54.760277	53.457905	49.896984	50.12164	51.298214	48.476418	45.8957	47.687523	47.903656	44.21923	43.425068	45.770355	44.51472	41.22804	43.24166	43.164997	46.377014	49.058857	51.294846	50.42002	51.979347	53.03992	54.51439	52.605034	53.373806	52.316853	49.01659	48.232964	49.22694	47.072884	44.039192	44.344456	44.734905	41.57585	39.313778	40.92518	40.47692	36.82494	36.237377	38.333946	36.43381	32.937645	34.278656	35.75607	33.176075	32.322514	28.526161	28.029696	24.38585	25.849398	27.382334	24.38266	22.809313	19.440893	19.045511	19.631527	22.693903	21.227211	18.807652	20.561193	20.949066	19.627373	16.253315	15.993329	16.86713	14.45411	11.534006	13.155182	14.0571375	10.663033	9.443929	12.874825	13.261018	16.360931	18.783009	22.096209	25.359623	28.95468	31.874268	35.608223	37.393944	38.86737	35.566055	35.127026	31.62837	31.963984	28.355902	24.806046	21.448483	20.134005	16.969257	19.44821	19.418205	15.89629	16.568789	20.218225	21.058292	23.861895	24.739492	25.655455	29.172497	29.288403	29.03648	30.814592	34.547882	34.132732	34.710426	31.788807	34.082237	33.677162	30.122646	30.994812	32.99481	36.68211	37.02709	34.81451	36.56646	39.313263	37.194828	34.811844	37.91155	39.118305	36.08028	36.319756	40.118652	41.07795	39.506516	41.56396	41.66708	43.68413	42.01834	44.113613	43.775402	43.03382	40.04248	37.00066	36.449493	32.75548	33.837017	36.185127	35.052162	37.230045	35.146324	31.827765	30.864305	28.341265	28.808094	27.197935	28.048532	26.985752	26.086918	26.718548	23.958391	24.894165	25.088379	25.748446	28.631773	31.284794	32.30104	29.624388	30.95642	29.89389	26.776512	25.470577	22.502668	23.356594	22.44835	23.360577	25.008726	25.018047	27.401361	30.878315	34.072247	35.00233	38.201378	38.40366	41.08268	41.156136	38.559784	34.92552	32.052177	28.738756	25.587868	21.860762	21.366055	18.558228	18.05187	18.90072	16.954351	13.19569	11.612041	8.233016	9.044014	11.281541	13.602073	13.825984	17.404318	18.947235	19.592028	19.407354	21.542515	24.976074	24.341705	21.924494	22.92017	22.285706	24.173763	23.897015	26.694466	26.694319	29.24556	31.692898	29.396515	26.537088	24.698236	23.20359	25.970072	24.859749	22.036121	23.25428	22.153109	21.137432	18.302933	15.624664	15.445034	14.949829	12.916023	11.201515	13.044018	16.16472	19.230452	19.711695	16.382423	17.706781	21.457413	23.365347	20.771496	21.784092	20.848928	20.922895	17.79694	15.736996	17.740185	17.414978	19.924053	22.070316	22.600409	23.554642	27.157957	27.70514	26.178925	28.499207	31.418228	30.650524	30.638824	33.964127	35.375156	34.158848	35.783222	38.893818	39.19747	37.40703	35.645065	33.370125	30.868502	28.003021	27.299372	24.23639	21.191622	17.423092	15.416504	11.912114	10.085712	8.110551	5.155424	6.2402425	8.849208	12.478018	14.711667	18.390837	20.62599	24.320194	25.635899	29.132452	30.284163	33.438976	34.756607	36.298344	39.41558	41.037743	43.649445	46.450687	45.901222	44.091896	41.56772	37.92311	35.883335	32.443882	30.720198	29.738464	26.882036	26.411022	23.254433	23.37892	20.523878	22.003067	21.58145	21.401619	24.901325	26.268904	24.798388	26.21323	29.4406	30.111479
F-247-B	60.9475	61.252808	61.237534	58.009064	56.178566	57.750797	56.58328	53.0043	53.08085	54.319138	51.608196	48.90774	50.588882	50.92381	47.287365	46.303738	48.61151	47.492844	44.107777	45.93601	45.7586	48.92841	51.710957	53.98323	53.244934	54.73649	55.90797	57.260143	55.33373	55.91703	54.842953	51.643063	50.73661	51.550156	49.444347	46.47923	46.56621	46.838676	43.792923	41.47609	42.817043	42.3172	38.758484	37.947742	39.81784	37.961044	34.471943	35.48034	36.804996	34.31709	33.18257	29.423012	28.744318	25.287535	27.21617	28.554192	25.318163	23.89478	20.8307	20.976006	21.503347	24.818216	23.614819	21.461004	23.546349	23.913904	22.926796	19.543756	18.85377	19.841108	17.770334	14.611655	15.634608	16.722	13.520632	11.536077	14.570559	15.195774	18.581387	21.419035	24.797348	27.95376	31.585567	34.364548	38.09057	39.61009	41.16385	37.803997	37.654373	34.281754	34.864464	31.3419	27.759903	24.573698	23.444292	20.085999	22.211826	22.25686	18.605341	18.82668	22.326183	23.418528	26.442566	27.679989	28.724499	32.247936	32.070328	31.761164	33.750698	37.41986	36.746284	37.05657	33.95035	35.97158	35.657166	31.98484	32.523964	34.201992	37.92819	37.945324	35.857033	37.930084	40.580856	38.30213	36.21576	39.507862	40.520023	37.518883	38.106407	41.91506	42.641193	41.162468	43.42994	43.555367	45.71111	44.10473	46.207676	46.077362	45.173733	42.06005	39.18231	38.55788	34.80272	35.636677	37.813206	36.374683	38.62317	36.83555	33.344498	32.225624	29.501974	29.84532	28.102613	29.070684	28.07102	27.608217	28.313656	25.659025	26.924067	26.98155	27.744543	30.314041	32.9428	33.57377	30.68636	31.918661	31.074835	27.77417	26.503996	23.518969	24.131855	23.597075	24.522205	26.57443	26.5797	29.286201	32.830536	36.17525	37.38733	40.73481	41.186916	44.01337	43.78076	41.008614	37.373596	34.30178	31.132586	27.774488	24.018255	23.304735	20.126232	19.275381	19.400587	17.201523	13.568399	12.609551	9.009373	10.495133	13.53134	16.25383	17.047424	20.616014	22.444149	23.154873	23.132614	25.195395	28.602835	27.783695	25.19453	25.860153	24.862862	26.344736	25.587399	28.025286	27.618223	29.78127	32.11442	29.499191	26.997387	24.970772	23.853725	26.67682	26.027803	23.592949	25.217892	24.34422	23.744556	20.71016	17.961885	18.364038	17.968937	15.461866	13.544068	14.510936	17.420876	20.25267	20.039246	16.543453	18.082647	21.752254	23.221087	20.57712	21.792965	21.475882	21.272196	17.785301	16.473299	18.70465	18.355328	20.302399	22.86519	23.712385	24.206144	27.796364	28.82795	27.33027	29.250626	32.39403	31.976208	31.698961	34.84732	36.61165	35.465267	36.756016	39.975178	40.60157	38.83762	37.381256	35.213947	32.93869	29.93081	29.29554	26.47825	23.161793	19.392838	17.287952	13.53898	12.295395	9.799393	7.97171	8.260348	11.547378	14.838209	17.497646	21.054617	23.176783	26.771914	27.859255	31.32589	32.122093	35.138714	36.123096	37.64776	40.548653	41.99738	44.782787	47.374092	46.625454	45.01784	42.28296	38.7401	36.669502	33.40327	31.98695	31.389235	28.755037	28.713957	25.714945	26.213612	23.564293	25.101145	24.81245	24.390066	27.976408	29.270866	27.484156	28.810957	32.19927	32.650646
F-248-B	63.22063	63.35193	63.403133	60.276398	58.28726	59.744957	58.707733	55.151398	55.005203	56.22434	53.65544	50.829296	52.30128	52.71756	49.16008	47.940468	50.124435	49.142757	45.642796	47.210533	46.853874	49.931248	52.8112	55.148876	54.621216	56.065018	57.421436	58.65667	56.783386	57.139698	55.97385	52.916546	51.937504	52.495644	50.389435	47.56503	47.45083	47.51074	44.576668	42.28719	43.32358	42.680687	39.25878	38.294273	39.857265	37.982357	34.57429	35.27925	36.351963	33.92307	32.468834	28.803932	28.042105	24.833452	27.216267	28.446976	25.09704	24.023552	21.283592	22.076235	22.809841	26.361269	25.614481	23.549965	25.787546	25.904224	25.284603	22.038237	20.793884	21.716862	20.096725	16.784018	17.047249	18.249777	15.424648	12.760243	15.187714	16.151903	19.629084	22.860468	26.204031	29.222075	32.82884	35.44815	39.117233	40.303486	42.000126	38.637943	38.850555	35.651016	36.48025	33.08253	29.534338	26.586897	25.834518	22.289911	24.02888	24.390152	20.74827	20.344551	23.68243	25.210546	28.286346	29.885326	30.87385	34.448414	33.97966	33.44137	35.57887	39.138866	38.211723	38.1652	34.854553	36.60975	36.527313	32.76592	32.87977	34.28407	37.9776	37.617622	35.574463	37.931538	40.39291	37.91008	36.13799	39.597275	40.338722	37.36382	38.32174	42.108364	42.544384	41.143776	43.614155	43.751003	46.0517	44.537666	46.660694	46.798462	45.75083	42.49529	39.80817	39.064243	35.27913	35.859814	37.798214	36.034756	38.320335	36.867058	33.228603	31.966295	29.092592	29.362057	27.595713	28.780516	28.005205	28.052319	29.005095	26.64158	28.34757	28.522884	29.602373	31.890257	34.30691	34.6621	31.525047	32.447845	31.629328	28.135641	26.708769	23.633142	23.814108	23.522024	24.306149	26.688675	26.631176	29.63299	33.198708	36.68121	38.210464	41.714058	42.485615	45.493893	44.88344	41.90358	38.306725	35.025166	32.048294	28.499756	24.781773	23.915623	20.451094	19.427809	18.81142	16.64981	13.303962	13.287417	10.061545	12.40105	15.751503	18.887493	20.086542	23.498396	25.577177	26.573015	26.564573	28.79459	32.178368	31.435019	28.9087	29.556948	28.522785	29.867899	28.901363	31.129065	30.433624	32.32825	34.482925	31.617483	29.39112	27.367613	26.59769	29.47981	29.136044	26.926409	28.732094	27.94023	27.466492	24.383076	21.634539	22.127645	21.73625	19.145164	17.248106	17.93116	20.689514	23.373474	22.747837	19.226439	20.8212	24.377253	25.462696	22.7551	23.956453	24.015745	23.437151	19.813965	19.016628	21.103199	20.430447	21.822006	24.48237	25.777704	26.103848	29.555319	30.942955	29.679617	31.351377	34.550556	34.472633	34.161694	37.119343	39.098595	38.137886	39.24963	42.46434	43.330273	41.691982	40.38947	38.193714	35.978493	32.823593	32.04269	29.318033	25.899197	22.1632	20.295322	16.530062	15.771004	13.339426	11.698188	11.445715	14.666714	17.770012	20.736092	24.157572	26.4141	29.968899	31.092134	34.588	35.258907	38.243893	39.075382	40.663395	43.423805	44.807854	47.716835	50.158173	49.23923	47.73492	44.84671	41.375122	39.363457	36.21397	34.93862	34.590004	32.027187	32.174873	29.184404	29.731674	27.061089	28.412775	27.952467	27.198227	30.746998	32.204773	30.241055	31.277632	34.795	35.25191
C-249-B	64.09022	64.178444	64.44215	61.357624	59.207226	60.737427	59.919178	56.316658	56.033337	57.437347	55.025528	52.047054	53.48492	54.148457	50.6572	49.241646	51.51505	50.78568	47.221134	48.66259	48.417397	51.550106	54.583755	56.789562	56.25215	57.484634	58.816307	59.831833	57.82023	57.99756	56.96996	54.00264	52.78123	53.251568	51.34267	48.49928	48.09885	48.217873	45.482788	43.00828	43.80563	43.33421	40.006763	38.699463	40.1804	38.572563	35.117474	35.43313	36.591213	34.466953	33.043037	29.46199	28.26644	25.298702	27.88196	28.649353	25.08997	23.885067	21.593859	22.629797	22.999783	26.611622	26.041702	24.432802	27.07458	27.436472	27.242306	23.89946	22.415855	23.787369	22.538353	18.980076	19.125051	20.857069	18.342896	15.365173	17.764778	19.24469	22.541357	25.837349	28.996151	32.11004	35.612175	38.310635	41.910133	42.981846	44.87647	41.607483	41.936985	38.76011	39.491947	36.072	32.629196	29.643366	29.065487	25.585102	27.430706	27.964334	24.370657	23.903172	27.272427	28.905493	31.913858	33.460255	34.291317	37.921642	37.533146	36.856182	38.880165	42.42993	41.56126	41.417225	38.04499	39.79482	39.896267	36.124172	36.059784	37.426796	41.065445	40.5045	38.388012	40.824757	43.10054	40.43185	38.784145	42.283688	42.776775	39.709652	40.821392	44.579372	44.77288	43.231155	45.68228	45.60272	47.81214	46.148838	48.07563	48.228764	46.908596	43.685616	41.22581	40.68687	36.877743	37.09727	39.07284	37.253742	39.76974	38.568047	34.881218	33.8233	31.076633	31.586155	30.052935	31.534367	31.0314	31.305891	32.45055	30.225304	32.03393	32.26878	33.36816	35.627136	38.026726	38.31119	35.124287	35.962086	35.140648	31.586191	30.044376	26.884535	26.752073	26.378405	26.826365	29.169811	28.7654	31.771217	35.215508	38.812992	40.35728	43.921917	44.857018	47.86037	47.428383	44.35256	40.847885	37.498363	34.510464	30.945084	27.277159	26.68308	23.21912	22.44589	21.529034	19.642504	16.442461	16.847813	13.770016	16.160965	19.475796	22.54789	23.548681	27.012161	28.894547	29.698061	29.438332	31.513176	35.02071	34.294487	31.644224	32.219357	30.953575	32.16418	31.070086	33.169373	32.481243	34.157852	36.430515	33.528767	31.53914	29.204796	28.394968	31.019081	30.757172	28.711718	30.49298	29.536016	29.4598	26.514791	23.485853	24.138391	24.220867	21.663	19.299982	19.65014	21.91916	24.638393	23.53692	20.258303	22.337149	25.663076	26.704424	24.33105	25.95711	26.406889	26.02823	22.280987	21.814396	24.204403	23.795475	25.076553	27.918825	29.154917	29.223831	32.698467	34.21796	32.797688	34.279892	37.609833	37.540462	36.982388	39.915985	42.02902	40.918064	41.83109	45.162083	46.09389	44.302803	43.157658	41.150795	39.087734	36.016087	35.431957	32.783318	29.32973	25.606537	23.491795	19.691288	18.665031	15.779045	14.474244	14.773826	18.12082	21.28186	24.102678	27.597422	29.675217	33.20216	34.10553	37.494473	37.982883	40.802826	41.421547	42.782066	45.42352	46.54517	49.428448	51.77817	50.90223	49.63283	46.71951	43.363033	41.155243	38.164505	37.185688	36.89476	34.56088	34.822227	32.01347	32.7355	30.187235	31.752735	31.398544	30.806726	34.350403	35.78093	33.881424	34.99866	38.489143	38.93264
R-250-B	65.565186	65.4874	65.868454	62.89814	60.57454	62.020473	61.383545	57.80421	57.294155	58.733734	56.503098	53.390434	54.63998	55.45005	52.066456	50.40781	52.60245	52.077915	48.42869	49.616905	49.28951	52.35664	55.506256	57.687523	57.302094	58.406803	59.861256	60.69945	58.690887	58.627403	57.584843	54.778244	53.42348	53.663055	51.84015	49.118767	48.46724	48.44587	45.893738	43.39752	43.871223	43.363247	40.211807	38.68083	39.88376	38.38977	35.02733	34.964863	35.956577	34.037823	32.436283	29.03275	27.614288	25.011965	27.922604	28.409378	24.789938	23.852451	22.053816	23.611006	24.035166	27.735003	27.600441	26.199675	28.98935	29.223204	29.431742	26.22483	24.321848	25.75681	24.961529	21.32387	20.959513	22.904882	20.814034	17.484499	19.42562	21.282936	24.419973	27.8898	30.873093	33.909737	37.293407	39.91301	43.40276	44.20058	46.286125	43.104984	43.714172	40.679375	41.494072	38.16991	34.84351	32.01848	31.782158	28.261599	29.924883	30.766605	27.26087	26.412867	29.68495	31.63134	34.562458	36.26394	36.9281	40.60985	40.1077	39.18622	41.20165	44.653492	43.68335	43.26854	39.771114	41.370026	41.740734	37.952335	37.545326	38.765194	42.30293	41.425884	39.273617	41.8649	43.887386	41.011684	39.617397	43.18999	43.370842	40.28841	41.68286	45.373947	45.25561	43.688023	46.22316	46.034542	48.268764	46.60756	48.43963	48.782253	47.256935	43.980534	41.7776	41.25654	37.466278	37.350758	39.15785	37.12841	39.74946	38.89878	35.150913	34.135437	31.428488	32.03886	30.683907	32.456635	32.28171	32.95247	34.373573	32.44511	34.548218	34.964394	36.30539	38.427944	40.635445	40.801666	37.465195	38.020523	37.128418	33.470062	31.728107	28.486883	27.91213	27.569923	27.706171	30.139128	29.508764	32.627003	35.963333	39.655807	41.388508	45.04841	46.266346	49.366817	48.78153	45.547432	42.149445	38.672718	35.833874	32.202168	28.656366	28.141968	24.621084	23.958052	22.546644	20.98154	18.1287	19.200281	16.529575	19.295597	22.609964	25.852524	26.93147	30.289034	32.2097	33.155293	32.76281	34.93937	38.4772	37.888466	35.30314	35.952408	34.696877	35.896774	34.757275	36.78	36.009422	37.537876	39.751507	36.749718	34.932003	32.55852	31.869133	34.434574	34.275978	32.321117	34.098053	33.064854	33.08557	30.207737	27.09924	27.694038	27.901627	25.413078	22.971779	23.284319	25.378567	28.083961	26.754986	23.59736	25.79448	28.996113	29.884724	27.594055	29.274345	29.918867	29.41363	25.637697	25.381542	27.700893	27.137304	28.161537	30.992123	32.45533	32.472233	35.85188	37.5325	36.236618	37.601643	40.944958	41.03126	40.45586	43.29326	45.50543	44.468117	45.285923	48.61898	49.65747	47.903267	46.827938	44.82091	42.77284	39.651882	38.98966	36.346558	32.88035	29.16689	27.166351	23.37062	22.428043	19.547457	18.175375	18.42234	21.67312	24.833511	27.730667	31.199564	33.36917	36.902824	37.84314	41.241085	41.692936	44.485725	45.02502	46.361988	48.925426	49.95742	52.86973	55.13642	54.208786	53.04309	50.068985	46.776623	44.5539	41.651474	40.78076	40.572086	38.28969	38.59078	35.78623	36.481506	33.881096	35.355843	34.85272	34.128178	37.60587	39.192883	37.281036	38.214443	41.745506	42.274
M-251-B	63.27527	63.095795	63.622246	60.736664	58.267693	59.70654	59.259277	55.681076	55.012386	56.565712	54.50298	51.2689	52.439873	53.45409	50.164852	48.323494	50.565678	50.280888	46.597404	47.65824	47.4573	50.573456	53.850636	55.869843	55.457333	56.356293	57.780582	58.422985	56.31867	56.105125	55.176167	52.4598	50.92052	51.089703	49.43819	46.715176	45.84638	45.8853	43.508038	40.877415	41.180367	40.839653	37.77468	35.992928	37.17359	35.931408	32.539238	32.214066	33.35479	31.720053	30.31814	26.994188	25.18785	22.770313	25.680233	25.7605	22.056646	21.015911	19.633291	21.39913	21.655428	25.34048	25.536882	24.444962	27.43761	27.749111	28.41956	25.298475	23.093554	24.860653	24.558523	20.817	20.248745	22.695793	21.082006	17.569715	19.471497	21.900326	24.64981	28.043104	30.702654	33.86411	37.05244	39.820393	43.191547	43.951965	46.282524	43.287407	43.930313	40.894287	41.47215	38.128555	35.007435	32.152843	32.22122	28.856651	30.697916	31.882814	28.556091	27.646471	31.042542	33.14565	35.81378	37.321396	37.616215	41.38126	41.09853	39.911743	41.647385	45.074158	44.308105	43.853935	40.362595	42.12884	42.765965	39.03031	38.553684	39.994576	43.42545	42.513012	40.1016	42.54937	44.36425	41.32963	39.87156	43.362373	43.320667	40.070995	41.441246	45.08039	44.77885	42.950462	45.32062	44.834747	46.87202	45.006855	46.599674	46.88309	45.12595	41.941677	39.94517	39.68754	35.919117	35.486404	37.40764	35.489384	38.349533	37.64067	33.94361	33.295647	30.90106	31.941196	31.023905	33.155716	33.35698	34.064377	35.79382	34.05471	36.204662	36.93444	38.41306	40.723648	42.826427	43.23352	39.89529	40.298004	39.109844	35.432713	33.382896	29.94202	29.055504	28.278696	27.917048	30.02821	28.927708	31.861021	34.9845	38.73174	40.350983	44.0089	45.348877	48.38636	48.13027	44.85491	41.60255	38.14174	35.248463	31.70977	28.280817	28.238585	24.92064	24.816017	23.49051	22.479336	19.576492	20.906578	18.456633	21.384377	24.390507	27.565533	28.250874	31.532265	33.147278	34.044186	33.23477	35.429558	39.065655	38.77378	36.31833	37.23914	36.12382	37.561916	36.693596	38.92075	38.448032	40.13372	42.541355	39.691357	37.7393	35.254692	34.25589	36.635757	36.17772	34.02303	35.460236	34.048992	34.087475	31.505156	28.171228	28.418062	28.99613	26.888872	24.18474	24.81319	26.687475	29.679316	28.45304	25.520308	28.00978	31.19829	32.408943	30.312424	32.16093	32.64078	32.38319	28.635633	28.084019	30.457027	29.927937	31.225595	33.912502	35.277924	35.50657	38.951385	40.42396	39.06901	40.630672	43.925606	43.80668	43.300663	46.27283	48.33483	47.175514	48.130398	51.47806	52.331192	50.46081	49.237457	47.23379	45.071774	42.058914	41.39212	38.56648	35.23824	31.471355	29.439926	25.665916	24.292723	21.33204	19.625923	20.396114	23.422855	26.834126	29.484035	33.0726	35.30397	38.92472	39.948925	43.337368	43.96087	46.78015	47.441616	48.64233	51.31114	52.288563	55.052708	57.43622	56.704033	55.54866	52.700344	49.38344	47.02041	44.070145	43.164967	42.699253	40.382267	40.42407	37.595806	38.08823	35.367874	36.853554	36.18554	35.631645	38.979305	40.74769	39.12157	40.028183	43.454506	44.241608
K-252-B	64.54093	64.22325	64.90785	62.14109	59.506176	60.89786	60.665016	57.115425	56.238697	57.872925	56.01488	52.659504	53.673187	54.875732	51.71825	49.653515	51.853306	51.81137	48.086304	48.914757	48.710987	51.775303	55.162777	57.088882	56.773945	57.49049	58.974987	59.400795	57.25972	56.807472	55.934048	53.390858	51.675243	51.645985	50.155754	47.53986	46.387863	46.355526	44.22224	41.536484	41.50666	41.225224	38.37528	36.320152	37.24906	36.23842	32.962505	32.198994	33.24675	31.947685	30.496634	27.437202	25.319296	23.381199	26.470533	26.13056	22.448996	21.599512	20.86163	22.986517	23.140564	26.745302	27.314554	26.54874	29.663303	29.958693	31.000938	28.019096	25.563478	27.443539	27.517668	23.78636	22.933445	25.554296	24.283707	20.659342	22.250935	24.920092	27.461136	30.884636	33.331604	36.433556	39.46471	42.188526	45.42745	45.97892	48.485558	45.615555	46.452175	43.53144	44.10423	40.84196	37.865116	35.122955	35.435436	32.110447	33.870075	35.260418	32.02084	30.918667	34.246933	36.52584	39.106316	40.661716	40.801083	44.590317	44.283604	42.91325	44.578953	47.92084	47.136017	46.500465	42.951244	44.630817	45.490715	41.77762	41.06248	42.41982	45.736	44.591137	42.134018	44.650753	46.220844	43.023087	41.762203	45.258053	44.928703	41.66239	43.22925	46.771523	46.184814	44.285778	46.65394	45.999126	47.975246	46.059837	47.478146	47.881874	45.890903	42.734886	41.03821	40.892914	37.195366	36.39668	38.196888	36.170685	39.157104	38.78743	35.111553	34.613476	32.37365	33.573494	32.896816	35.274815	35.765095	36.739323	38.672977	37.15178	39.467213	40.3236	41.936504	44.17972	46.163776	46.511925	43.093693	43.31206	42.064667	38.342365	36.15291	32.675713	31.469774	30.66566	30.006285	32.0767	30.723797	33.637505	36.573025	40.357666	42.063076	45.752777	47.31654	50.377148	50.116035	46.74201	43.633846	40.122852	37.354343	33.843983	30.584167	30.697693	27.444784	27.499466	25.89234	25.173933	22.541336	24.213726	21.986423	25.04357	28.028023	31.253986	31.92354	35.144936	36.71518	37.637753	36.68664	38.88737	42.552364	42.36111	39.93235	40.890606	39.744953	41.160538	40.263	42.432056	41.941284	43.511665	45.92388	43.03284	41.21256	38.64295	37.679028	39.952026	39.54493	37.46825	38.86728	37.36339	37.53861	35.052975	31.637285	31.867855	32.613323	30.571928	27.760895	28.314802	29.982763	32.958702	31.540154	28.764154	31.392454	34.451363	35.59001	33.62682	35.58612	36.2244	35.958317	32.180412	31.770397	34.16798	33.61673	34.78919	37.49596	38.953857	39.120052	42.52676	44.092815	42.764103	44.24203	47.56765	47.515392	46.95352	49.880783	52.011745	50.848618	51.720654	55.09552	56.00446	54.109924	52.946766	50.98496	48.854546	45.841003	45.17438	42.354225	39.01993	35.255836	33.230408	29.451662	28.065296	25.046183	23.37815	24.19556	27.197742	30.616919	33.265633	36.856667	39.09991	42.722286	43.72535	47.094078	47.67208	50.44151	51.023113	52.146545	54.751072	55.610744	58.364677	60.686676	59.95739	58.919228	56.048077	52.795956	50.371784	47.50688	46.72273	46.293293	44.05285	44.120796	41.334934	41.836113	39.111935	40.592796	39.862007	39.285553	42.580673	44.434284	42.837116	43.662506	47.091408	47.940044
C-253-B	64.402534	63.864597	64.511246	61.891563	59.156345	60.33549	60.169712	56.715595	55.623146	57.127247	55.40933	52.005417	52.758602	53.955475	50.91963	48.67268	50.667896	50.72169	46.950146	47.508156	47.111164	50.029465	53.450645	55.419846	55.32127	56.01593	57.689163	58.042927	56.038033	55.396454	54.37976	52.001526	50.315536	50.028187	48.494602	46.084927	44.82912	44.53942	42.509525	39.969284	39.681694	39.200012	36.541035	34.474224	35.067936	34.00391	30.92364	29.953169	30.69059	29.456223	27.782803	24.945232	22.83627	21.285011	24.622156	24.246706	20.7335	20.466402	20.092632	22.736294	23.337524	26.954325	28.012413	27.116142	30.03784	29.931286	31.229671	28.573496	25.740967	27.367765	27.858465	24.26652	22.834553	25.402756	24.613304	20.851095	21.84165	24.727896	26.977697	30.457111	32.662624	35.582096	38.43295	41.01086	44.088764	44.3652	47.021427	44.285065	45.38396	42.655735	43.321842	40.231842	37.430145	34.95351	35.656143	32.343853	33.835354	35.573147	32.52985	31.03103	34.201866	36.79504	39.18718	40.873417	40.79018	44.585533	44.160805	42.510456	44.130978	47.313374	46.439163	45.535534	41.923153	43.47168	44.619373	40.96427	39.953194	41.24769	44.397762	43.032875	40.49479	43.039753	44.343063	41.00264	39.9366	43.41942	42.815296	39.56506	41.33705	44.767437	43.92236	42.02291	44.440086	43.733303	45.749657	43.92054	45.317734	45.951424	43.887093	40.661045	39.171417	38.935123	35.32147	34.304363	35.85611	33.63995	36.621624	36.549107	32.884075	32.407097	30.26678	31.565275	31.134205	33.762516	34.60547	35.8805	38.104324	36.93935	39.50707	40.65465	42.573135	44.73832	46.44299	46.818577	43.30305	43.186413	41.732338	37.98178	35.537403	32.003162	30.387295	29.4982	28.503128	30.53849	29.010511	31.952864	34.73483	38.526573	40.417053	44.15021	45.975105	49.130142	48.613846	45.126064	42.156147	38.57812	36.0284	32.528786	29.489069	29.668291	26.506804	26.750628	24.857166	24.609121	22.35422	24.54269	22.836409	26.19875	29.011904	32.37636	33.12038	36.112316	37.75355	38.97683	37.944916	40.397717	44.007668	44.06958	41.87561	43.075848	42.190754	43.801403	43.05426	45.344215	44.858673	46.541462	48.871838	45.940926	44.023445	41.62289	40.700356	43.11251	42.634445	40.415405	41.738983	40.172626	40.095985	37.635014	34.273663	34.211044	34.81241	32.92428	30.28666	31.152267	33.029255	36.100677	34.88221	31.993658	34.479156	37.67182	38.821617	36.6757	38.418453	38.880146	38.411324	34.685226	34.1325	36.259567	35.37116	36.458473	38.936726	40.636524	41.036514	44.340294	45.88183	44.80124	46.39129	49.596928	49.62744	49.29356	52.194344	54.254856	53.26356	54.27062	57.551403	58.44592	56.689724	55.396103	53.256733	50.960045	47.8617	46.937	43.99903	40.749443	36.987885	35.263557	31.531288	30.26927	27.509113	25.471264	26.072077	28.795586	32.220333	34.941605	38.466026	40.964382	44.63925	45.902557	49.374313	50.14211	53.051876	53.794186	55.06479	57.751835	58.757805	61.53034	63.90907	63.147697	61.98538	59.104847	55.78281	53.466274	50.506832	49.544052	49.0557	46.63977	46.55717	43.601696	43.849884	40.925884	42.122227	41.074314	40.28041	43.418343	45.536694	43.99623	44.521053	47.948353	49.009712
N-254-B	64.27629	63.61396	64.44026	61.948467	59.055553	60.207916	60.279415	56.86334	55.57684	57.193634	55.701385	52.188957	52.81154	54.23211	51.350838	48.899857	50.890537	51.22417	47.453438	47.808685	47.503757	50.397423	53.924847	55.72075	55.65041	56.10741	57.77254	57.878498	55.80006	54.935623	54.040726	51.836525	49.942154	49.503605	48.196983	45.868633	44.31867	44.03844	42.295647	39.665077	39.069332	38.75149	36.323727	33.95482	34.365997	33.6478	30.68689	29.271202	30.037683	29.257072	27.740719	25.224365	22.722914	21.693262	24.982685	24.072458	20.677853	20.47715	20.800493	23.608503	23.997257	27.40588	28.79833	28.290218	31.312456	31.277342	32.95867	30.451456	27.467283	29.293251	30.151724	26.606504	25.06645	27.870705	27.414936	23.672249	24.55131	27.67256	29.62599	32.991287	34.910236	37.82638	40.46299	43.071636	45.988586	46.151707	48.992622	46.442738	47.62365	44.967552	45.489643	42.454136	39.852024	37.42518	38.33596	35.163666	36.71148	38.634045	35.71831	34.184174	37.357857	40.030376	42.26315	43.848225	43.541042	47.351307	47.039875	45.21693	46.649982	49.761715	49.000298	48.020496	44.428967	46.01386	47.36734	43.782524	42.662712	44.0159	47.034904	45.569	42.914574	45.384464	46.45466	42.997913	42.00378	45.396366	44.542587	41.23816	43.06149	46.370003	45.29046	43.227024	45.508858	44.53998	46.37231	44.40792	45.53499	46.1842	43.86248	40.76158	39.59687	39.59863	36.104027	34.70456	36.23384	34.07695	37.22443	37.42712	33.88421	33.72279	31.899002	33.4826	33.402615	36.260586	37.382656	38.751423	41.156864	40.1509	42.758904	44.059597	46.048115	48.26734	49.898197	50.35121	46.827732	46.600323	45.018723	41.276012	38.6855	35.101837	33.271305	32.190292	30.860123	32.655468	30.796114	33.542454	36.04487	39.81503	41.643314	45.335003	47.311768	50.399822	50.093346	46.57785	43.798405	40.263363	37.778774	34.417835	31.583994	32.07331	29.119871	29.671907	27.778347	27.849213	25.6911	27.983381	26.383	29.755194	32.442844	35.74801	36.302746	39.240894	40.70024	41.86209	40.593365	43.001236	46.648106	46.86467	44.725864	46.02632	45.158215	46.830162	46.1687	48.499134	48.13324	49.814777	52.24151	49.362896	47.460728	44.952618	43.91207	46.17583	45.60363	43.361008	44.525593	42.76833	42.795506	40.51832	37.04249	36.866623	37.713997	36.002754	33.210617	34.1151	35.77456	38.92201	37.642345	34.940033	37.60731	40.712154	41.958035	39.97534	41.8638	42.353283	42.01183	38.273926	37.688454	39.889835	39.06194	40.21879	42.681034	44.34023	44.764423	48.09409	49.591507	48.461037	50.081024	53.297302	53.256584	52.895203	55.838654	57.874313	56.80329	57.814495	61.127617	61.966194	60.12783	58.813374	56.720425	54.412125	51.376793	50.487995	47.49516	44.297035	40.523308	38.745975	35.0227	33.576084	30.73651	28.672827	29.511484	32.170017	35.672035	38.2662	41.834538	44.317482	48.01282	49.263783	52.702038	53.49826	56.374954	57.112858	58.265373	60.95716	61.862514	64.556496	66.95075	66.286644	65.201904	62.37069	59.078403	56.65729	53.730984	52.833576	52.25705	49.88864	49.724747	46.80951	47.006863	44.06863	45.301323	44.20029	43.507744	46.563595	48.758533	47.360477	47.87451	51.239334	52.416985
R-255-B	67.26233	66.4656	67.24151	64.842186	61.91056	62.907566	62.990276	59.650253	58.240448	59.726303	58.303383	54.792534	55.224277	56.578835	53.77462	51.233818	53.024952	53.360847	49.568188	49.71806	49.17429	51.88817	55.389442	57.294197	57.45438	57.960766	59.812054	59.904896	57.980343	56.9755	55.922657	53.862526	52.04549	51.376293	49.994038	47.87783	46.28489	45.735508	44.06474	41.629215	40.81736	40.249332	38.020317	35.725086	35.768837	34.92969	32.230118	30.668566	30.998585	30.217194	28.329685	26.10188	23.832476	23.182783	26.690962	25.915886	22.77034	23.091717	23.511656	26.569382	27.272202	30.696033	32.238674	31.561787	34.42233	34.109108	35.764347	33.39872	30.295546	31.815754	32.718563	29.269104	27.436724	29.967646	29.594666	25.799583	26.262987	29.249544	31.209076	34.690712	36.600597	39.278282	41.866287	44.233105	47.057938	46.93462	49.779854	47.248344	48.697304	46.239525	47.008118	44.14113	41.565403	39.375256	40.423717	37.15319	38.380062	40.379906	37.494198	35.66442	38.61873	41.470875	43.72894	45.5649	45.307907	49.079178	48.513405	46.60801	48.189064	51.169903	50.176956	48.940483	45.26966	46.573757	48.04652	44.479168	43.066387	44.138824	47.04312	45.295498	42.77936	45.429943	46.316517	42.791374	42.13026	45.578274	44.527866	41.38035	43.496437	46.69917	45.40555	43.53301	45.98986	45.140903	47.133305	45.386623	46.597637	47.53453	45.23045	42.02939	41.012478	40.787807	37.386757	35.90536	37.071564	34.61724	37.604122	38.114227	34.56299	34.18432	32.263416	33.64003	33.520195	36.40528	37.65065	39.35761	41.837875	41.05647	43.884335	45.212444	47.368088	49.357403	50.81082	51.061913	47.438313	46.98749	45.46248	41.701557	39.096867	35.618553	33.56036	32.747074	31.410158	33.41391	31.681643	34.58406	37.045437	40.78637	42.88702	46.623375	48.805206	52.020973	51.263233	47.64786	44.931103	41.311386	39.093857	35.682205	32.989326	33.237312	30.222988	30.568491	28.270935	28.419584	26.690464	29.296156	27.967806	31.477882	34.251534	37.71146	38.55714	41.40319	43.09597	44.477295	43.37261	45.92471	49.512127	49.711422	47.60937	48.880653	48.033802	49.644955	48.861336	51.094364	50.518738	52.089108	54.34038	51.312447	49.528175	47.136387	46.339245	48.744335	48.361446	46.208458	47.54777	45.95038	45.90884	43.478054	40.099213	39.994274	40.620987	38.760902	36.13154	36.96988	38.781624	41.817703	40.460823	37.625954	40.133934	43.25725	44.265285	42.138336	43.867725	44.457985	43.842587	40.10759	39.70652	41.738804	40.689636	41.54397	43.96675	45.883503	46.263153	49.452785	51.132782	50.20605	51.701912	54.893375	55.08678	54.77519	57.576885	59.719017	58.833454	59.773487	63.03602	64.03549	62.346153	61.099022	58.925167	56.619064	53.456318	52.421688	49.48945	46.240604	42.503056	40.911045	37.18815	36.04803	33.328674	31.269297	31.742262	34.393436	37.76483	40.563896	44.03189	46.628494	50.304337	51.63403	55.132782	55.89037	58.80249	59.497383	60.784725	63.41188	64.368	67.17849	69.48355	68.65747	67.56723	64.62275	61.347477	59.047672	56.150505	55.24893	54.838474	52.435375	52.38174	49.40276	49.60624	46.62517	47.696228	46.492954	45.542732	48.576885	50.8499	49.29615	49.604797	53.048206	54.202377
P-256-B	70.29208	69.582	70.265884	67.7814	64.9417	65.96687	65.91015	62.540447	61.250107	62.66981	61.105583	57.66056	58.16589	59.37439	56.4721	54.055508	55.826218	55.973686	52.174385	52.424747	51.761963	54.44426	57.86311	59.922707	60.12294	60.79924	62.692936	62.93706	61.07584	60.177204	59.029152	56.889843	55.202213	54.580944	53.05455	50.926407	49.490604	48.887234	47.063442	44.712826	44.03319	43.319435	40.99749	38.88531	38.95071	37.88207	35.1744	33.828846	34.02379	32.96887	30.841982	28.505424	26.568857	25.685701	29.285645	28.866003	25.67152	25.980947	25.979782	28.917915	29.692862	33.253807	34.51242	33.62283	36.454098	36.12448	37.452705	34.932907	31.992138	33.335796	33.873844	30.38658	28.671091	30.91069	30.173208	26.383768	26.875877	29.514416	31.81372	35.441708	37.644184	40.23807	43.017418	45.25403	48.193775	48.04864	50.71079	48.001118	49.488335	47.043236	48.05298	45.190376	42.41842	40.242954	41.07546	37.631042	38.70196	40.466957	37.418427	35.566887	38.41283	41.202305	43.69337	45.74017	45.786263	49.51695	48.728397	47.0126	48.861675	51.868435	50.656048	49.39039	45.663887	46.769695	48.05795	44.420563	42.972282	43.77718	46.763638	44.93448	42.671566	45.534306	46.55724	43.11658	42.601856	46.17418	45.2572	42.264515	44.495502	47.752407	46.55722	44.94109	47.603256	47.028713	49.23619	47.680645	49.116405	50.139957	48.01129	44.69558	43.50135	43.029408	39.571327	38.341377	39.39083	36.76848	39.552372	39.989006	36.338413	35.588226	33.331787	34.304886	33.78545	36.41586	37.39534	39.193676	41.46426	40.58272	43.448452	44.530117	46.61477	48.392796	49.89594	49.874466	46.21211	45.819138	44.565624	40.790176	38.41778	35.09928	33.19279	32.80366	31.853497	34.216183	32.87263	36.016308	38.700512	42.443836	44.70326	48.48842	50.612534	53.923748	52.827187	49.19867	46.33909	42.649128	40.4823	36.928734	34.099617	33.933765	30.67839	30.54832	28.020363	27.766205	26.17509	28.735046	27.310497	30.764418	33.789593	37.34134	38.51314	41.439857	43.394867	44.818634	44.02415	46.5684	50.119453	50.067986	47.8251	48.861652	47.856056	49.242233	48.197353	50.217625	49.368385	50.731354	52.801064	49.627415	48.04515	45.716003	45.206882	47.712006	47.61908	45.67808	47.303894	45.990017	46.008015	43.34487	40.087425	40.28419	40.688988	38.51946	36.017735	36.570496	38.470173	41.2788	39.73821	36.793472	39.137268	42.199703	42.895954	40.687943	42.323654	43.134895	42.309612	38.565063	38.48198	40.474186	39.393196	39.939514	42.48404	44.52701	44.67978	47.770336	49.68581	48.827118	50.089455	53.32929	53.748383	53.33874	55.979485	58.295357	57.521557	58.281773	61.5369	62.742714	61.151165	60.082294	57.935673	55.76074	52.503353	51.483192	48.72663	45.349594	41.663055	40.091618	36.351215	35.53297	32.823803	31.021109	31.154722	33.988247	37.178276	40.187084	43.569916	46.111904	49.714207	50.947357	54.442116	55.01106	57.86608	58.39939	59.769005	62.257248	63.198982	66.14438	68.2997	67.28538	66.25225	63.179836	59.97198	57.775223	54.975075	54.173847	54.019238	51.691994	51.891567	48.95607	49.359035	46.482006	47.56454	46.4964	45.39004	48.546158	50.68207	48.86781	49.17868	52.732464	53.660183
R-276-B	74.47571	73.973404	74.49035	71.8243	69.18423	70.30582	69.97957	66.545135	65.525536	66.857216	65.0117	61.707497	62.412575	63.36682	60.27165	58.130707	59.92743	59.72674	55.94869	56.4602	55.6819	58.365997	61.625973	63.91296	64.08868	65.05633	66.94597	67.47786	65.683174	65.04201	63.781193	61.44557	59.976612	59.536316	57.779118	55.556168	54.432495	53.837982	51.71681	49.45867	49.103344	48.231262	45.68059	43.878162	44.123596	42.710228	39.90836	38.999203	39.138187	37.630497	35.28543	32.684555	31.23096	29.852407	33.450375	33.57762	30.280348	30.418947	29.704794	32.29829	33.109657	36.82449	37.53573	36.320927	39.074726	38.79606	39.52524	36.746952	34.200577	35.288464	35.146687	31.66587	30.30581	32.042046	30.635414	27.022158	27.69342	29.639969	32.493183	36.24799	38.94134	41.43043	44.535637	46.606598	49.76229	49.71121	52.003006	48.984737	50.40078	47.92066	49.25749	46.37071	43.268482	41.065025	41.43029	37.768692	38.649624	39.90506	36.598015	34.866947	37.534603	40.072918	42.956886	45.268166	45.863956	49.483303	48.391552	47.091892	49.35536	52.431374	50.92422	49.736713	45.991474	46.84285	47.70608	43.97751	42.627415	43.04982	46.21154	44.40191	42.583103	45.71069	47.073494	43.876118	43.46942	47.194458	46.637997	43.892002	46.157593	49.52622	48.633026	47.407368	50.328106	50.19796	52.699272	51.39986	53.191845	54.23815	52.431503	48.975464	47.413452	46.603218	43.04339	42.30239	43.293583	40.542877	43.01286	43.170765	39.40062	38.1082	35.346607	35.66951	34.4462	36.523327	36.912308	38.682167	40.471798	39.305534	42.096054	42.671215	44.516354	45.96187	47.625477	47.166294	43.51639	43.352837	42.62217	38.884953	37.019505	34.032867	32.58257	32.88301	32.684525	35.547626	34.878803	38.317112	41.36972	45.07751	47.47462	51.288372	53.198395	56.60038	55.089596	51.51697	48.40015	44.668285	42.50912	38.78368	35.71097	34.898468	31.316496	30.39067	27.699663	26.631813	25.179153	27.410255	25.741428	28.90737	32.30334	35.888744	37.55601	40.607845	42.94113	44.350952	44.096195	46.545925	49.99496	49.4866	47.007393	47.605923	46.32335	47.29605	45.816807	47.448975	46.151806	47.15556	48.907597	45.528393	44.29622	42.095337	42.07538	44.719948	45.115963	43.561874	45.653748	44.850727	44.971725	41.955173	38.97021	39.6923	39.7201	37.05858	34.826656	34.863705	36.8765	39.235306	37.43015	34.34449	36.343014	39.252754	39.41223	37.092403	38.546806	39.72589	38.58126	34.874992	35.3484	37.275	36.221184	36.263393	39.027786	41.193813	40.922226	43.838955	46.122757	45.334263	46.183117	49.49427	50.259544	49.658073	52.02083	54.609497	53.997288	54.44492	57.676666	59.207493	57.769802	57.0138	54.952713	53.03772	49.67202	48.73537	46.322945	42.762478	39.21773	37.657036	33.959896	33.694035	31.056217	29.787964	29.364857	32.464973	35.269485	38.551537	41.743805	44.108913	47.53098	48.548283	51.983223	52.211704	54.932125	55.183685	56.672253	58.9126	59.828934	62.97663	64.878265	63.563293	62.621567	59.362606	56.28474	54.274956	51.656857	51.03244	51.307583	49.144066	49.778244	46.97119	47.73499	45.102825	46.23846	45.472942	44.17837	47.528736	49.349308	47.119816	47.509357	51.20151	51.697174
K-277-B	71.06464	70.49225	70.96649	68.34483	65.690186	66.735855	66.407364	63.007526	61.93553	63.214615	61.39969	58.09128	58.731693	59.67418	56.610226	54.431644	56.185326	56.007652	52.223804	52.68985	51.901672	54.583008	57.858646	60.126743	60.31405	61.27088	63.183167	63.713062	61.951153	61.299995	60.00533	57.682384	56.24095	55.777897	53.993923	51.794952	50.690117	50.062225	47.927788	45.70025	45.349915	44.443607	41.889706	40.122215	40.366207	38.91762	36.114815	35.247116	35.388733	33.84546	31.535294	28.898586	27.437004	26.050266	29.659462	29.815939	26.557028	26.82464	26.143353	28.870369	29.867382	33.589863	34.48638	33.186848	35.851227	35.42318	36.285744	33.65022	30.935545	31.978628	32.064766	28.622044	27.04197	28.871798	27.73509	24.035883	24.552086	26.748562	29.400675	33.133217	35.669678	38.1842	41.197777	43.327232	46.4331	46.384422	48.786957	45.853977	47.273262	44.79137	46.025948	43.150322	40.155106	37.987785	38.55781	34.960274	35.86776	37.36279	34.181553	32.340275	35.079617	37.76156	40.464676	42.687836	43.053776	46.7197	45.731686	44.253323	46.368633	49.420574	48.020596	46.81508	43.072693	44.05434	45.072163	41.366764	40.0097	40.64504	43.773327	42.02374	39.98223	42.979412	44.277073	41.004734	40.473602	44.1533	43.537	40.67248	42.87525	46.24654	45.325665	43.9648	46.80629	46.57812	49.017067	47.659195	49.415833	50.444042	48.625614	45.17455	43.627033	42.855324	39.29867	38.515423	39.5425	36.83988	39.378498	39.519432	35.757885	34.590324	31.941673	32.475906	31.468342	33.747154	34.345093	36.087624	38.088745	37.040504	39.87813	40.721016	42.719772	44.339504	45.90568	45.701847	42.039318	41.759743	40.73632	36.966377	34.839508	31.667542	30.036364	30.02562	29.563549	32.265755	31.403252	34.775066	37.7639	41.490112	43.846096	47.658123	49.608665	52.997013	51.584595	48.00057	44.9338	41.209457	39.030766	35.339878	32.323166	31.70155	28.21262	27.583954	24.965614	24.240316	22.708998	25.149906	23.67526	27.055037	30.250881	33.86442	35.358707	38.304623	40.528225	42.044243	41.60228	44.183342	47.640785	47.372414	45.07199	45.939186	44.899807	46.15313	44.953705	46.855732	45.78926	47.088192	48.968822	45.69767	44.165287	42.01429	41.746925	44.446053	44.545067	42.702484	44.568745	43.555	43.45718	40.557194	37.511143	37.89541	37.94755	35.529465	33.298557	33.728077	35.881523	38.5034	37.0065	33.847797	35.886147	39.005413	39.4804	37.056736	38.45328	39.28889	38.22141	34.522564	34.589874	36.42937	35.234657	35.557648	38.125713	40.28175	40.346207	43.342037	45.383377	44.63908	45.789463	49.007015	49.59254	49.207523	51.731236	54.11665	53.491306	54.19975	57.393963	58.722294	57.27461	56.27636	54.078625	51.953915	48.604946	47.528137	44.90095	41.45656	37.83792	36.386147	32.68313	32.225887	29.687017	28.017696	27.719795	30.609612	33.587097	36.783047	40.03744	42.578384	46.106197	47.33792	50.854523	51.34657	54.218445	54.7198	56.25552	58.693752	59.75562	62.8181	64.91161	63.73443	62.620403	59.464417	56.248035	54.22205	51.41893	50.562084	50.582516	48.225098	48.57977	45.621754	46.117058	43.298336	44.304783	43.318233	42.036186	45.276283	47.291042	45.252285	45.54121	49.17521	49.913887
S-278-B	69.24545	68.75957	69.397415	66.738976	64.03894	65.24659	65.037865	61.569324	60.52773	62.01223	60.24016	56.867596	57.6416	58.773212	55.701504	53.505947	55.462746	55.42645	51.652424	52.217274	51.700493	54.54642	57.91415	59.996407	59.981243	60.76499	62.495697	62.900993	60.94154	60.299065	59.226704	56.8593	55.22129	54.892056	53.306637	50.946358	49.71396	49.34107	47.295536	44.829266	44.504967	43.912655	41.29744	39.29158	39.75604	38.59701	35.614864	34.625282	35.14309	33.838604	31.888783	29.149576	27.272995	25.801052	29.250933	29.036474	25.582396	25.399933	24.884762	27.430487	27.986698	31.63214	32.449787	31.50088	34.43012	34.358677	35.38326	32.583244	29.943167	31.41448	31.54645	27.938105	26.65304	28.889421	27.70718	23.987791	24.968582	27.423037	30.037714	33.66841	36.151516	38.932594	41.93929	44.331318	47.47874	47.6447	50.138798	47.249725	48.45858	45.79655	46.742985	43.696804	40.717033	38.29267	38.76841	35.272423	36.56092	38.019676	34.781895	33.25118	36.259407	38.78345	41.460228	43.410233	43.67687	47.414192	46.716076	45.26724	47.18877	50.368202	49.226807	48.23553	44.55246	45.816444	46.799965	43.077885	41.950466	42.86516	46.065193	44.51312	42.294857	45.12069	46.484444	43.197647	42.40689	46.021988	45.454964	42.408062	44.395462	47.82465	46.96678	45.349808	47.990803	47.521805	49.74019	48.11292	49.66036	50.44632	48.464226	45.15297	43.635616	43.183533	39.574978	38.665005	40.00304	37.55813	40.34595	40.37167	36.642056	35.81018	33.37137	34.236485	33.41796	35.79578	36.39318	37.862595	39.858505	38.614693	41.254677	42.084427	43.91041	45.77992	47.543396	47.530216	43.949844	43.882923	42.793365	39.021545	36.867344	33.555466	32.061363	31.723381	31.125841	33.565388	32.42522	35.60777	38.53622	42.31208	44.408062	48.184193	50.02445	53.277317	52.380302	48.855534	45.797714	42.14303	39.72276	36.100933	32.99281	32.719803	29.314066	28.988968	26.7356	26.016949	24.017294	26.16254	24.309105	27.565197	30.74283	34.2131	35.364895	38.473236	40.415	41.639984	40.9626	43.34613	46.921535	46.657394	44.248333	45.103924	43.936745	45.192474	44.048183	45.99841	45.137	46.460163	48.57501	45.43259	43.871124	41.465286	40.936047	43.39884	43.35154	41.488815	43.19285	41.973763	42.10188	39.378113	36.1337	36.53518	36.951214	34.646038	32.095196	32.45957	34.307236	37.03574	35.42578	32.48858	34.852795	37.87155	38.561844	36.411346	38.140358	39.02336	38.316357	34.537697	34.51941	36.67654	35.81624	36.452972	39.16332	41.020462	41.031845	44.216064	46.1241	45.086678	46.301117	49.620064	49.962723	49.417156	52.093487	54.43737	53.54999	54.24758	57.559242	58.757473	57.08318	56.083084	54.0396	51.967125	48.761223	47.91359	45.235245	41.7929	38.098156	36.331375	32.557587	31.697319	28.860312	27.288158	27.49336	30.522024	33.700222	36.68328	40.107582	42.480522	46.046844	47.11358	50.548096	51.0016	53.7807	54.23271	55.53827	57.99226	58.88375	61.824913	63.963287	62.964478	61.96756	58.906425	55.71963	53.47877	50.71086	49.98424	49.866238	47.628708	47.928528	45.09049	45.66305	42.92134	44.19068	43.35772	42.395935	45.691006	47.61618	45.741356	46.290577	49.857193	50.611588
F-279-B	67.74143	67.39166	67.89461	65.11903	62.567223	63.83326	63.432514	59.92796	59.08074	60.507225	58.54474	55.275253	56.206333	57.17739	53.977543	51.98378	53.99794	53.74398	50.00145	50.79042	50.292248	53.20549	56.482567	58.64591	58.524506	59.47078	61.13478	61.7369	59.793247	59.37617	58.266113	55.72543	54.23433	54.102654	52.37509	49.894024	48.913612	48.627487	46.350136	43.90692	43.895832	43.270397	40.433453	38.652752	39.37783	38.014797	34.88639	34.292126	34.939175	33.319798	31.427591	28.394348	26.756832	24.809599	28.131144	28.270927	24.733948	24.347393	23.292038	25.558054	26.18218	29.908695	30.413992	29.21021	32.050026	32.003235	32.714382	29.794214	27.363638	28.743143	28.554363	24.941101	23.880665	25.96483	24.484055	20.84666	22.065847	24.312744	27.137228	30.763716	33.450127	36.296104	39.459488	41.905285	45.189285	45.56069	47.89735	44.879105	45.903446	43.12182	44.071815	40.94075	37.820663	35.28927	35.54407	32.004444	33.35946	34.62993	31.301893	29.930492	33.005028	35.37696	38.15008	40.065796	40.48187	44.201637	43.52343	42.246296	44.23851	47.505817	46.381992	45.563198	41.92223	43.27608	44.046932	40.28598	39.38239	40.381947	43.714848	42.385887	40.197998	42.971523	44.58575	41.44114	40.44573	44.074444	43.787853	40.73409	42.534763	46.07578	45.494724	43.927227	46.57251	46.252136	48.525627	46.92388	48.63087	49.288445	47.51013	44.16794	42.36247	41.821106	38.12505	37.545883	39.02668	36.685757	39.385838	39.07798	35.304955	34.337463	31.735332	32.461506	31.402218	33.562275	33.881195	35.10831	36.917435	35.45842	37.95765	38.662086	40.364395	42.29443	44.18079	44.21462	40.694233	40.80929	39.780766	36.02817	34.00033	30.700928	29.499126	29.195543	28.878777	31.381847	30.466105	33.688297	36.809303	40.571857	42.585457	46.343464	47.973934	51.206623	50.33417	46.89515	43.690872	40.070797	37.517433	33.852028	30.569687	30.148779	26.650967	26.159458	24.121294	23.101122	20.848303	22.732414	20.68225	23.85156	27.081402	30.522831	31.712502	34.87479	36.86523	38.06413	37.520355	39.88789	43.431774	43.069244	40.63217	41.43932	40.286667	41.544273	40.41082	42.396725	41.540207	42.952732	45.063763	41.94903	40.280266	37.941757	37.39486	39.949455	39.872738	37.960117	39.70756	38.58046	38.60565	35.79856	32.636703	33.072815	33.341553	30.967712	28.521492	28.915623	30.924778	33.644215	32.17651	29.108412	31.34983	34.470234	35.205513	32.937466	34.575634	35.342285	34.631996	30.865763	30.75565	32.895782	32.053036	32.779984	35.49695	37.28167	37.33077	40.557304	42.397655	41.330936	42.60902	45.913223	46.20149	45.693848	48.41027	50.70248	49.81371	50.576126	53.87056	55.02362	53.36585	52.32103	50.24787	48.15688	44.950626	44.11027	41.435894	37.98857	34.29167	32.51808	28.746408	27.931156	25.151844	23.584446	23.701004	26.762272	29.914062	32.913353	36.327705	38.682087	42.2402	43.313828	46.760303	47.240963	50.056335	50.568356	51.9372	54.44239	55.431244	58.381874	60.57222	59.571953	58.47622	55.43334	52.190758	49.999386	47.161377	46.338734	46.19899	43.905308	44.196312	41.332176	41.9113	39.18612	40.46387	39.69707	38.751766	42.100494	43.940884	42.02989	42.657524	46.22824	46.91653
C-280-B	66.0889	65.71073	66.02628	63.245903	60.78613	61.93759	61.372463	57.915398	57.114216	58.358913	56.2981	53.117794	54.008984	54.782547	51.544773	49.641647	51.54042	51.109272	47.37692	48.197723	47.552868	50.406265	53.59177	55.885693	55.828396	56.946957	58.6909	59.46087	57.658745	57.345024	56.07226	53.47903	52.192795	52.07355	50.148754	47.714203	46.949627	46.547115	44.09543	41.822334	41.965427	41.130836	38.21465	36.715496	37.45729	35.810596	32.711155	32.432228	32.949852	31.014288	29.005066	25.848324	24.579916	22.401617	25.718271	26.287336	22.866661	22.716076	21.288279	23.590086	24.657707	28.452023	28.977339	27.366905	29.916262	29.554985	30.092218	27.319508	24.836315	25.86241	25.6344	22.154388	20.866062	22.681494	21.257776	17.60479	18.563482	20.727764	23.558496	27.233656	29.960676	32.71314	35.908623	38.279713	41.58417	41.955257	44.22675	41.1702	42.209167	39.458782	40.503296	37.427303	34.291542	31.872398	32.208363	28.625576	29.812756	31.175228	27.92033	26.369678	29.38159	31.865639	34.579803	36.57509	36.96858	40.67339	39.91043	38.58557	40.62621	43.855156	42.66792	41.81291	38.164387	39.502865	40.277115	36.519867	35.614853	36.65583	39.998104	38.734467	36.515503	39.256363	40.932747	37.83688	36.778233	40.411934	40.221375	37.188667	38.949524	42.51978	42.04555	40.555973	43.252037	43.079304	45.455723	43.977173	45.85753	46.56386	44.979744	41.555737	39.58893	38.850613	35.142525	34.79368	36.208763	33.833427	36.38675	35.936386	32.13822	31.000647	28.275152	28.88515	27.729815	29.83631	30.130724	31.341516	33.19211	31.802906	34.36926	35.20167	37.045677	38.98307	40.752464	40.877693	37.33933	37.354313	36.197456	32.439518	30.320127	26.97777	25.753641	25.425627	25.170853	27.737915	26.975853	30.274075	33.49383	37.229027	39.307705	43.071465	44.67387	47.961315	46.882607	43.45224	40.195995	36.56396	34.054195	30.348923	27.051706	26.481771	22.94373	22.39694	20.352438	19.390467	17.174458	19.241255	17.468184	20.836317	23.942402	27.475891	28.768461	31.777546	33.88636	35.32857	34.864616	37.43883	40.89375	40.65119	38.402424	39.383747	38.49847	39.949665	38.992077	41.14173	40.325275	41.958286	43.99571	40.908237	39.013287	36.920048	36.362663	39.12575	38.921116	36.80897	38.50599	37.41037	37.084446	34.227413	31.214102	31.400023	31.375778	29.093475	26.933977	27.681662	30.049587	32.854294	31.76616	28.486334	30.452663	33.797096	34.627773	32.084293	33.407574	33.837208	32.957596	29.288763	28.89057	30.738174	29.595213	30.375008	32.853436	34.768703	35.108173	38.281086	39.992496	39.124813	40.59935	43.756886	44.041195	43.800995	46.542892	48.689335	47.952873	48.92701	52.10509	53.175407	51.661194	50.43496	48.16633	45.89554	42.622433	41.54981	38.762928	35.40417	31.712065	30.223303	26.518011	25.84938	23.40641	21.46978	21.297676	24.09687	27.226963	30.294985	33.63402	36.20564	39.801548	41.12966	44.678654	45.378014	48.36163	49.10098	50.666824	53.308838	54.53938	57.49919	59.8043	58.789986	57.468887	54.457333	51.09314	49.056286	46.054333	44.951378	44.71198	42.192616	42.315487	39.26788	39.607677	36.715736	37.738224	36.752377	35.63003	38.894337	40.88166	38.989807	39.43091	43.001904	43.815987
T-281-B	65.518394	65.29134	65.45462	62.558018	60.277405	61.483612	60.704662	57.22866	56.649063	57.813904	55.54911	52.50965	53.56447	54.142254	50.780895	49.123444	51.058823	50.37319	46.70538	47.76665	47.124504	50.014256	53.06592	55.4536	55.29632	56.60196	58.274914	59.263035	57.50012	57.428684	56.112247	53.354332	52.246887	52.330368	50.259434	47.72739	47.245975	46.923767	44.246567	42.040405	42.509876	41.631367	38.52554	37.303375	38.287	36.43671	33.254887	33.39881	34.00831	31.772604	29.834785	26.46422	25.535574	22.931732	25.999624	26.972357	23.59639	23.253891	21.249083	23.124977	24.263212	28.046362	28.175753	26.265543	28.627285	28.27864	28.365795	25.485003	23.34517	24.164268	23.45739	20.05835	19.103811	20.564968	18.681505	15.2404	16.480574	18.186666	21.339382	24.986721	27.9959	30.765697	34.149986	36.528297	39.980583	40.57359	42.612682	39.398872	40.22753	37.36375	38.458344	35.312885	31.996092	29.481613	29.499567	25.846277	27.055828	28.120943	24.73042	23.376879	26.425518	28.696777	31.57315	33.572567	34.21259	37.869404	37.079685	36.004547	38.177143	41.493904	40.28504	39.627438	36.041996	37.43379	37.91511	34.12077	33.4845	34.56355	38.05178	37.043633	34.93285	37.62598	39.598427	36.71456	35.46425	39.096424	39.247253	36.275135	37.826775	41.49159	41.342815	39.97212	42.678352	42.714687	45.16034	43.75888	45.820713	46.4043	45.07411	41.641937	39.37627	38.509346	34.757713	34.810078	36.325687	34.073112	36.45243	35.64531	31.85388	30.520363	27.606968	27.95875	26.457758	28.20457	28.093475	29.007828	30.565796	28.894796	31.286213	31.911747	33.593353	35.55691	37.47809	37.606174	34.137833	34.383858	33.358643	29.639822	27.742561	24.48253	23.692244	23.510853	23.70944	26.377808	25.989159	29.31045	32.731712	36.39266	38.38516	42.09535	43.444153	46.701237	45.58913	42.27988	38.866753	35.302128	32.687634	28.960844	25.489481	24.64561	21.003641	20.121407	18.36403	16.892143	14.375741	16.022371	13.966442	17.214628	20.445316	23.96911	25.405287	28.476326	30.712555	32.14835	31.928305	34.4823	37.86627	37.462963	35.174797	36.05579	35.179028	36.591026	35.607018	37.75356	36.888577	38.58905	40.566906	37.495266	35.509586	33.544216	33.035225	35.92745	35.74451	33.620407	35.415535	34.50139	34.04174	31.050333	28.20998	28.480652	28.191502	25.776434	23.843292	24.592361	27.18775	29.89885	28.988136	25.555698	27.271769	30.710112	31.522007	28.8165	29.96167	30.262667	29.313307	25.686617	25.214632	26.98714	25.823122	26.650026	29.139465	31.005756	31.367567	34.561775	36.232277	35.362396	36.876034	40.011726	40.281254	40.085197	42.836655	44.9483	44.245945	45.26893	48.413395	49.4698	48.006252	46.757206	44.449684	42.1753	38.87805	37.79895	35.048542	31.6629	27.982914	26.526865	22.838842	22.343023	20.058207	18.162325	17.70976	20.548994	23.581388	26.72756	30.01773	32.571148	36.138203	37.47257	41.037167	41.74186	44.76103	45.54791	47.21159	49.882206	51.22749	54.216408	56.546192	55.49438	54.069164	51.06139	47.65219	45.709553	42.650017	41.442547	41.22766	38.650177	38.805428	35.73014	36.10157	33.24667	34.25619	33.36567	32.213676	35.559433	37.42119	35.429127	35.95161	39.54972	40.242657
I-282-B	61.803074	61.61345	61.74825	58.82398	56.582287	57.81747	57.000275	53.51109	52.992542	54.17233	51.86493	48.847168	49.98086	50.554314	47.158268	45.564827	47.580967	46.874275	43.229706	44.411236	43.903763	46.893547	49.947727	52.26088	51.96693	53.256706	54.829494	55.85008	54.038548	54.070972	52.81223	49.97009	48.874752	49.097424	47.0332	44.398228	44.009514	43.822617	41.07136	38.809296	39.463985	38.69266	35.462574	34.304184	35.526337	33.693787	30.387075	30.749762	31.605024	29.316505	27.677515	24.132736	23.178055	20.266638	23.065308	24.109186	20.721712	20.140814	17.853895	19.50973	20.69091	24.456188	24.533443	22.51577	24.83378	24.513506	24.617767	21.720753	19.568659	20.503471	19.854801	16.375643	15.502668	17.224783	15.417699	11.888482	13.496816	15.540745	18.53647	22.063091	24.982803	27.968185	31.326027	33.928547	37.4054	38.217575	40.31869	37.17102	37.789867	34.779053	35.606895	32.339462	29.073084	26.386105	26.447903	22.9055	24.42274	25.629139	22.326292	21.150976	24.454485	26.680021	29.360321	31.07315	31.482002	35.210167	34.704597	33.55142	35.488297	38.883995	37.937912	37.468277	33.96988	35.678288	36.187126	32.43321	32.038837	33.504116	36.99909	36.26409	33.904133	36.31242	38.342915	35.49254	33.9097	37.419044	37.6709	34.531708	35.792763	39.50581	39.499016	37.912262	40.41543	40.31331	42.597683	41.032337	43.025036	43.40383	42.09854	38.75028	36.37288	35.66271	31.87234	32.015152	33.786842	31.806776	34.288765	33.2344	29.501667	28.41888	25.703875	26.36693	25.09849	26.94025	26.8995	27.476019	29.128988	27.39053	29.607416	30.445393	32.11331	34.397125	36.350716	36.852753	33.501553	33.816185	32.50991	28.847324	26.770294	23.326056	22.61265	21.908636	21.903374	24.210207	23.60136	26.710878	30.108175	33.767677	35.518772	39.177105	40.390804	43.545795	42.80814	39.57887	36.16192	32.68772	29.86084	26.215166	22.667908	22.169445	18.692802	18.286728	17.101473	15.930873	12.913015	14.333674	12.216722	15.504568	18.387535	21.7845	22.801825	25.856018	27.822731	29.207563	28.7164	31.313652	34.753353	34.568317	32.416065	33.565914	32.910286	34.620422	33.981567	36.42143	35.9055	37.918903	40.094894	37.251717	34.95767	32.990925	32.10802	34.927227	34.36043	31.929487	33.39799	32.209747	31.564867	28.778482	25.846746	25.73112	25.573843	23.50794	21.50266	22.722162	25.365398	28.362017	27.828331	24.46206	26.263138	29.830719	31.064735	28.411945	29.58373	29.488615	28.825296	25.289297	24.285004	26.065336	24.963022	26.290981	28.572435	30.192165	30.890186	34.204937	35.504135	34.53495	36.38449	39.41908	39.36648	39.325684	42.283607	44.13343	43.300945	44.583332	47.70522	48.481644	46.9222	45.430157	43.069515	40.62099	37.444824	36.350365	33.375694	30.160496	26.413181	24.937101	21.289797	20.354536	18.136152	15.761984	15.751455	18.326872	21.64467	24.523312	27.94378	30.574766	34.242455	35.71549	39.298344	40.26126	43.374554	44.400673	46.01153	48.87242	50.300606	53.13357	55.659473	54.819542	53.267128	50.431217	46.92326	44.90873	41.699097	40.300365	39.756573	37.04009	36.867138	33.702457	33.816196	30.815569	31.816513	30.795198	29.849438	33.113667	35.089844	33.389236	33.977455	37.45481	38.376976
H-283-B	60.386864	60.33692	60.303986	57.281082	55.232334	56.502163	55.46618	51.980137	51.686188	52.767826	50.264313	47.410267	48.701233	49.067417	45.56511	44.23803	46.28069	45.318428	41.76837	43.1997	42.720196	45.740444	48.64253	51.01894	50.605587	52.071465	53.55368	54.791946	53.030064	53.316746	52.023426	49.025826	48.126343	48.564766	46.366756	43.646427	43.56504	43.472595	40.510387	38.341396	39.345047	38.548656	35.154663	34.312965	35.789062	33.78261	30.439402	31.257278	32.219055	29.675463	28.2043	24.522303	23.931593	20.663727	23.040882	24.486567	21.288612	20.532648	17.687363	18.763441	20.052422	23.679077	23.352365	20.976324	22.975904	22.631905	22.22928	19.279142	17.55267	18.210495	17.02862	13.70406	13.282809	14.579092	12.252077	9.063064	11.175419	12.703689	15.946092	19.326504	22.484907	25.523062	29.029875	31.685575	35.285282	36.375153	38.25412	35.00202	35.341682	32.191864	32.977642	29.62438	26.211704	23.387794	23.131048	19.564758	21.21475	22.16265	18.768074	17.890125	21.318241	23.29268	26.03841	27.639906	28.20619	31.901253	31.470675	30.53699	32.512566	36.00444	35.13079	34.920094	31.541658	33.40152	33.636192	29.894688	29.85879	31.492044	35.08561	34.696014	32.374947	34.604954	36.9084	34.300957	32.446136	35.868896	36.47189	33.376698	34.328197	38.105328	38.449272	36.928684	39.354954	39.415836	41.701565	40.187	42.32083	42.533234	41.49793	38.195522	35.52776	34.73279	30.947378	31.511969	33.4095	31.648869	33.946	32.49974	28.858252	27.678396	24.906769	25.403536	23.914227	25.39727	24.989738	25.125025	26.506227	24.481085	26.432253	27.163	28.672752	31.108809	33.19729	33.8616	30.647781	31.194662	29.898571	26.340984	24.42918	21.052277	20.828777	20.073605	20.456108	22.66781	22.385664	25.374287	28.902317	32.42989	34.00664	37.559875	38.477993	41.555832	40.887928	37.824394	34.28409	30.943644	27.984201	24.40194	20.718174	20.058681	16.63278	16.076286	15.525465	14.012946	10.541644	11.220565	8.76705	11.905649	14.695995	18.026611	19.020536	22.11405	24.123215	25.524202	25.195965	27.825832	31.196533	30.954721	28.852083	30.039225	29.532701	31.35201	30.858982	33.42418	33.007362	35.223934	37.39015	34.675007	32.163006	30.377348	29.4016	32.32202	31.612886	29.036287	30.452667	29.351202	28.438906	25.60574	22.869469	22.629282	22.18307	20.160929	18.457214	19.950993	22.877289	25.864784	25.727837	22.27122	23.772028	27.464504	28.841438	26.053205	26.992393	26.55021	25.917517	22.533821	21.172375	22.801414	21.662306	23.266052	25.397701	26.867065	27.775932	31.124573	32.202522	31.22833	33.272667	36.205215	36.011497	36.1169	39.15267	40.84022	40.01736	41.47074	44.523056	45.168743	43.647743	42.019478	39.576107	37.032185	33.87629	32.73298	29.687439	26.541145	22.788795	21.399565	17.830677	16.907806	15.019459	12.372647	12.183771	14.577795	17.924677	20.769535	24.182575	26.867088	30.551058	32.129692	35.745697	36.84904	40.05051	41.243572	42.950832	45.91652	47.508892	50.304348	52.92739	52.127308	50.410923	47.654312	44.068462	42.148045	38.82309	37.217358	36.557713	33.703835	33.404076	30.150503	30.146606	27.093512	28.03141	27.014894	26.096687	29.398703	31.317879	29.64	30.309055	33.761566	34.675083
S-284-B	57.05992	57.12282	57.148403	54.05808	52.041813	53.451263	52.42773	48.881924	48.697655	49.91318	47.37161	44.519493	45.99087	46.446754	42.897926	41.657455	43.900585	42.980072	39.48121	41.105152	40.913822	44.100765	47.02871	49.228943	48.57167	49.933365	51.207466	52.418255	50.503544	50.91065	49.799637	46.697235	45.71141	46.370415	44.2935	41.390255	41.34383	41.52956	38.556774	36.216644	37.424717	36.908882	33.390987	32.499504	34.312702	32.5	28.99349	29.949066	31.309868	28.890528	27.888792	24.115627	23.309063	19.82799	21.742538	23.023123	19.801472	18.496796	15.42853	15.918812	16.869595	20.38934	19.786797	17.475864	19.618946	19.641783	19.254145	16.059992	14.545124	15.701994	14.457232	10.885437	11.144872	13.019008	10.660478	7.7287517	10.786389	12.625257	15.472108	18.449387	21.420141	24.772018	28.191296	31.157377	34.75267	36.14773	38.08078	34.949284	34.967274	31.62546	31.984524	28.449472	25.129745	21.980156	21.607756	18.31886	20.556847	21.497839	18.23339	17.90063	21.589113	23.274143	25.776087	26.881939	27.209295	30.944006	30.965046	30.049326	31.674423	35.27726	34.797848	34.89811	31.703228	33.93393	34.137764	30.507416	30.807203	32.82012	36.37617	36.283714	33.76624	35.66106	37.999657	35.462524	33.28098	36.50734	37.20565	33.958023	34.550636	38.331173	38.817482	37.02904	39.155643	38.985294	40.997337	39.22156	41.169098	41.061886	39.98122	36.86358	34.1263	33.6572	29.86607	30.453285	32.714703	31.350811	33.812016	32.12664	28.631828	27.863398	25.446684	26.332066	25.165981	26.70478	26.34906	26.05918	27.425684	25.267708	26.849354	27.66945	28.966007	31.74822	33.965244	34.985817	31.994143	32.726753	31.263435	27.867323	25.918228	22.5048	22.45117	21.1831	21.328707	22.991474	22.391361	24.97278	28.360798	31.83607	33.017906	36.450813	37.148457	40.020878	39.987537	37.074013	33.5754	30.422699	27.182764	23.815922	20.114452	20.016136	17.00133	17.072319	17.258266	16.084671	12.37885	12.407285	9.833059	12.313911	14.528369	17.388033	17.631422	20.816845	22.303942	23.364208	22.623611	25.10703	28.624119	28.53729	26.44703	27.833542	27.409132	29.466013	29.296448	32.109703	32.10973	34.55818	37.000187	34.569958	31.848783	29.917423	28.487139	31.16108	30.051676	27.223543	28.24916	26.785217	25.862192	23.332739	20.378914	19.798367	19.754807	18.156021	16.134466	18.028847	20.766584	24.052332	24.1902	20.98156	22.734901	26.40937	28.24411	25.725765	26.891605	26.191116	26.05953	22.785503	20.996391	22.841864	22.08244	24.22647	26.257113	27.26561	28.332438	31.819416	32.52526	31.275633	33.559742	36.44756	35.85654	35.950825	39.198032	40.655987	39.565094	41.178978	44.266514	44.62271	42.89035	41.098534	38.74782	36.142365	33.221523	32.267277	29.073122	26.119095	22.351673	20.70003	17.22679	15.551078	13.510326	10.529873	11.413988	13.5674925	17.23	19.542002	23.144974	25.687233	29.428024	30.958761	34.490906	35.749092	38.929893	40.258053	41.763798	44.864414	46.405186	48.999527	51.784153	51.2479	49.517597	46.959488	43.34388	41.2491	37.858067	36.206207	35.20583	32.350086	31.756994	28.548292	28.405777	25.329472	26.487045	25.532862	25.087221	28.326763	30.20797	28.904999	29.842243	33.091652	34.15347
T-285-B	54.73139	54.905415	54.763252	51.600822	49.7698	51.18988	49.96439	46.440533	46.461685	47.57306	44.8619	42.177303	43.789074	44.051662	40.422447	39.444023	41.71035	40.56508	37.183735	39.049908	38.928795	42.145515	44.922348	47.13346	46.336597	47.836094	48.999992	50.40316	48.53782	49.19056	48.06381	44.826874	44.032524	44.90814	42.72826	39.753902	40.01346	40.30983	37.163555	34.930283	36.48644	35.979042	32.34089	31.778421	33.84326	31.915932	28.428051	29.829428	31.309961	28.72128	27.98666	24.186218	23.712324	20.016441	21.355171	22.969896	20.09306	18.668432	15.183045	14.941483	16.028786	19.216316	18.240282	15.51401	17.168173	17.142172	16.217972	13.017151	12.056494	12.927498	11.113174	7.756372	8.8501835	10.335609	7.5561647	5.621167	9.306692	10.636853	13.243116	15.757792	18.762497	22.208878	25.652632	28.732937	32.37571	34.080032	35.843964	32.71915	32.405632	28.924067	29.08401	25.45534	22.10338	18.764563	18.13021	14.99609	17.572664	18.368376	15.229848	15.367389	19.166016	20.541044	22.865185	23.645866	23.92655	27.633339	27.900723	27.118885	28.597414	32.277905	32.016018	32.4201	29.429304	31.905283	31.922085	28.410368	29.10212	31.390852	34.931416	35.21384	32.657772	34.238464	36.748684	34.451893	31.965776	34.995533	35.98413	32.759594	32.9655	36.7457	37.55177	35.74788	37.687893	37.58758	39.504044	37.728268	39.739517	39.420082	38.592457	35.587784	32.60625	32.137085	28.4159	29.386217	31.799366	30.753902	33.04906	30.987965	27.688253	26.983677	24.711239	25.587492	24.430084	25.696053	25.136005	24.342468	25.518969	23.193197	24.403673	25.275055	26.425505	29.45635	31.721003	33.060318	30.299402	31.190365	29.602926	26.42434	24.556417	21.253965	21.591658	20.060385	20.368025	21.652487	21.22041	23.46896	26.839607	30.117811	31.014696	34.28099	34.66218	37.394436	37.593494	34.888046	31.343618	28.411093	25.023544	21.86778	18.163574	18.172934	15.551917	15.842572	16.858528	15.769001	12.011802	11.20826	8.889951	10.619586	12.030684	14.471433	14.242266	17.357143	18.625101	19.682104	18.869019	21.455812	24.934624	24.990452	23.099283	24.747417	24.671888	27.028706	27.238546	30.295269	30.57684	33.3223	35.793644	33.62292	30.62286	28.918211	27.259693	29.925856	28.49801	25.40642	26.140232	24.598686	23.264929	20.898035	18.167652	17.100367	16.83887	15.683209	14.048879	16.562803	19.4868	22.821245	23.55119	20.447056	21.878368	25.594185	27.701212	25.168718	26.081923	24.877974	24.909307	21.971884	19.641335	21.22369	20.467669	23.023083	24.690886	25.42413	26.856537	30.31571	30.61762	29.374	31.964863	34.637344	33.779045	34.111717	37.46969	38.626614	37.5164	39.403404	42.367653	42.46761	40.757847	38.722214	36.27281	33.492973	30.69442	29.668045	26.311707	23.619928	19.9292	18.454391	15.306175	13.375245	11.977157	8.442154	9.593604	10.912037	14.644361	16.56244	20.153543	22.77989	26.543459	28.274338	31.809965	33.356895	36.645386	38.252384	39.81489	43.07654	44.798927	47.263557	50.20523	49.800285	47.874695	45.48802	41.794445	39.786217	36.261345	34.333965	33.05756	30.019272	29.093409	25.76801	25.297432	22.073328	23.10954	22.029463	21.758528	24.90706	26.826626	25.775621	26.780304	29.879793	31.09521
G-286-B	51.721954	52.044636	51.996304	48.752506	46.95899	48.56669	47.37607	43.78002	43.939304	45.234856	42.494846	39.816883	41.65445	42.047665	38.384815	37.51472	40.024864	38.958084	35.668915	37.74674	37.982964	41.36504	44.158184	46.136513	45.057316	46.405144	47.308186	48.65215	46.597416	47.37778	46.49105	43.1574	42.24046	43.369	41.371647	38.201347	38.473106	39.105587	36.00326	33.573456	35.329277	35.175087	31.460762	30.81178	33.218765	31.575056	27.973475	29.448126	31.337856	28.977394	28.737482	24.967606	24.233007	20.507599	21.31188	22.619404	19.81644	17.7982	14.299606	13.188555	13.626212	16.488667	15.02121	12.466541	14.326892	14.969692	14.053617	10.472834	10.105901	11.794049	9.940521	6.571032	8.927053	10.986053	8.657537	7.7804546	11.513025	12.954292	14.853461	16.694239	19.2841	22.93594	26.158175	29.497696	33.052124	35.036285	36.836475	33.893818	33.25839	29.647661	29.324629	25.57553	22.445065	18.841488	18.052443	15.488952	18.614206	19.316042	16.514788	17.257004	21.068592	22.061035	24.05578	24.254885	24.273596	27.913214	28.685177	27.963095	29.01767	32.746082	32.91686	33.63714	30.893581	33.669434	33.65642	30.324818	31.297684	33.858418	37.3095	37.822845	35.13988	36.41833	38.90891	36.688854	33.971382	36.77533	37.813206	34.492966	34.373875	38.091225	38.998035	36.949505	38.561947	38.20578	39.801464	37.75538	39.5166	38.84558	37.94922	35.198288	32.210632	32.136814	28.487738	29.421371	32.17643	31.549557	33.992023	31.76347	28.68175	28.417591	26.547783	27.766191	26.931854	28.242428	27.757689	26.650156	27.774485	25.391653	26.207304	27.095846	27.966663	31.2453	33.61371	35.228317	32.716206	33.774452	32.107162	29.128504	27.29424	24.065931	24.50102	22.63616	22.70587	23.4622	22.712053	24.471304	27.577257	30.72932	31.180248	34.255547	34.388863	36.84115	37.7704	35.264767	31.83784	29.169107	25.574411	22.767303	19.231379	19.83302	17.754833	18.551897	19.981575	19.155987	15.474723	14.386114	12.175417	13.154574	13.926836	15.583296	14.432484	17.497465	17.99123	18.467884	17.079723	19.341208	22.993992	23.218185	21.327599	23.167711	23.14363	25.714941	26.276197	29.532207	30.26488	33.17353	35.91232	34.058887	30.93898	29.068869	26.96311	29.267344	27.432459	24.137924	24.381794	22.396027	21.119877	19.222723	16.255814	14.743432	15.144692	14.64354	12.615964	15.495215	17.988611	21.569885	22.559116	19.881046	21.579178	25.124315	27.656853	25.512922	26.692154	25.327744	25.900827	23.134274	20.549557	22.358433	22.080763	25.013609	26.613049	26.864052	28.331257	31.860754	31.833422	30.29282	33.02418	35.64357	34.39939	34.65413	38.173946	39.114723	37.70697	39.693657	42.686733	42.501545	40.55547	38.40365	36.127426	33.362385	30.884954	30.140778	26.737791	24.3107	20.750845	18.982874	16.120808	13.430463	11.925078	8.560144	10.944064	11.855296	15.553106	16.677944	20.32764	22.623419	26.333902	27.907282	31.2582	32.906834	36.093044	37.78403	39.072933	42.42671	44.037422	46.26533	49.343685	49.224407	47.335476	45.171062	41.499954	39.298435	35.77123	33.871174	32.252563	29.304924	28.088175	24.922613	24.350498	21.22511	22.574888	21.67381	22.031437	25.024065	26.79868	26.190907	27.512215	30.31423	31.624748
Y-287-B	49.970783	50.54547	50.535133	47.16415	45.524666	47.361866	46.115494	42.467068	42.895943	44.340233	41.496117	38.939472	41.076065	41.501583	37.794155	37.18191	39.91355	38.81131	35.708088	38.069042	38.631042	42.119907	44.823723	46.6122	45.238956	46.51507	47.120975	48.490692	46.286407	47.28653	46.629787	43.177708	42.225418	43.663628	41.815166	38.471645	38.85567	39.82318	36.738	34.199867	36.210453	36.362083	32.602234	31.974407	34.687626	33.261692	29.634785	31.22762	33.4175	31.214413	31.340542	27.637388	26.80897	23.111183	23.453806	24.561712	21.923546	19.476307	16.099033	14.163151	13.815695	16.027472	13.756152	11.561389	13.372069	14.820509	13.567938	9.79925	10.663366	12.738938	10.557947	8.047096	11.298786	13.157291	10.944899	11.061002	14.691235	15.746491	17.295317	18.493782	20.837856	24.505247	27.569365	31.024181	34.51887	36.805984	38.4674	35.622288	34.617115	30.903656	30.223543	26.420328	23.438282	19.663595	18.426516	16.447779	19.932756	20.212513	17.658655	19.099825	22.81423	23.254349	25.076506	24.758581	24.788498	28.234806	29.415953	28.98037	29.759663	33.52364	34.034187	35.133343	32.6767	35.646706	35.41778	32.260677	33.584248	36.291473	39.70755	40.49393	37.83773	38.88038	41.46879	39.43128	36.52777	39.131886	40.347652	37.04974	36.617302	40.27017	41.380096	39.248077	40.605865	40.156933	41.512814	39.321815	40.92491	39.922432	39.08407	36.595604	33.55193	33.746086	30.231821	31.266903	34.247677	33.972527	36.411736	33.98397	31.131187	31.09167	29.451223	30.740208	29.970064	31.104618	30.46233	28.999392	29.853022	27.274014	27.60938	28.290617	28.734312	32.183002	34.74712	36.53566	34.317917	35.669785	34.093544	31.351406	29.748728	26.723425	27.463175	25.540257	25.693945	26.145714	25.394875	26.771097	29.681274	32.619076	32.67149	35.492783	35.273636	37.415855	38.929832	36.69928	33.35121	30.990747	27.288357	24.836395	21.482458	22.300081	20.617985	21.495138	23.271187	22.368336	18.730276	17.154217	14.861902	15.017304	15.330728	16.16639	14.297628	17.331017	17.136711	16.85778	15.150105	16.848888	20.617996	20.767792	18.743298	20.594385	20.524233	23.212202	24.067787	27.460346	28.60287	31.644867	34.595303	33.081394	29.868553	27.89991	25.402615	27.351908	25.156734	21.715364	21.523764	19.21471	17.993612	16.51979	13.434078	11.572153	12.608756	12.720918	10.447027	13.593822	15.645547	19.32414	20.659088	18.445478	20.220741	23.529547	26.425753	24.664988	26.01761	24.484545	25.584274	23.076414	20.29187	22.285912	22.542433	25.793001	27.352243	27.074472	28.493284	32.05898	31.726448	29.866518	32.67499	35.236057	33.62781	33.763145	37.405514	38.14916	36.448708	38.493813	41.50263	41.0628	38.89594	36.679787	34.614166	31.936367	29.793901	29.40173	26.06366	23.878485	20.52657	18.446245	15.972647	12.694984	11.262369	8.514529	11.726157	12.271138	15.674845	16.005981	19.607351	21.42558	24.99743	26.312336	29.433462	31.10725	34.15241	35.887726	36.920795	40.334152	41.849163	43.86137	47.047455	47.175694	45.315075	43.36582	39.735386	37.387245	33.879818	32.014435	30.107687	27.2891	25.861814	22.921003	22.371052	19.488895	21.248442	20.743147	21.746418	24.644335	26.07104	25.78778	27.52133	30.03519	31.262516
L-288-B	49.61207	50.37015	50.578632	47.14137	45.494583	47.588234	46.488552	42.766644	43.29681	45.019447	42.237003	39.654312	41.989418	42.64804	38.97954	38.39606	41.35607	40.438652	37.42877	39.873657	40.73965	44.33243	47.085308	48.64569	47.06511	48.123074	48.490337	49.69998	47.271656	48.29135	47.921234	44.45848	43.27912	44.875896	43.296764	39.814556	40.040783	41.299732	38.385525	35.61691	37.612278	38.11294	34.38859	33.49309	36.360607	35.275803	31.576586	32.95276	35.41487	33.51141	33.861584	30.211308	29.022234	25.45432	25.715227	26.360846	23.616837	20.741966	17.750837	15.545979	14.24587	16.069183	13.301714	12.09509	14.39186	16.625978	15.683438	11.948752	13.08403	15.691856	13.804981	11.480899	14.674388	16.803093	14.732324	14.679406	18.333168	19.517912	21.053862	22.157124	24.333681	28.021938	30.95788	34.483135	37.908314	40.269733	41.960358	39.196777	38.085167	34.350548	33.471874	29.665941	26.825148	23.017881	21.658195	19.957127	23.525904	23.617891	21.107561	22.760822	26.4415	26.673176	28.493847	27.972492	28.0241	31.34392	32.720062	32.412724	33.042027	36.79597	37.476215	38.705166	36.3393	39.361256	39.0857	35.971878	37.355534	40.063972	43.48542	44.28276	41.62731	42.656742	45.227215	43.167957	40.254814	42.823635	43.999798	40.658062	40.18635	43.80613	44.879456	42.63084	43.86293	43.23449	44.404198	42.028984	43.40054	42.203876	41.197094	38.89624	35.987404	36.48281	33.02049	33.85118	36.99016	36.85637	39.45605	37.08478	34.29199	34.461533	32.94832	34.37098	33.68163	34.87819	34.244625	32.77094	33.552116	30.88595	31.073565	31.564447	31.743418	35.203495	37.93066	39.681885	37.56126	39.083824	37.6407	34.931564	33.436203	30.444477	31.20213	29.307985	29.398083	29.80276	28.884794	30.150415	32.917744	35.834515	35.70419	38.425186	38.1189	40.065536	42.019306	39.88167	36.632923	34.376106	30.63053	28.30684	25.036358	26.01624	24.361425	25.24797	26.9118	25.916986	22.214432	20.628983	18.039972	18.037529	18.543875	19.130737	17.104301	20.166367	19.607409	18.680763	16.807287	17.755331	21.552244	21.486156	19.164915	20.701021	20.194618	22.669855	23.49343	26.803545	28.191898	31.12202	34.320526	32.991188	29.908873	27.60112	24.813932	26.305649	23.95054	20.59811	20.139713	17.464205	16.870512	15.797137	12.312522	10.738802	12.826813	13.086709	10.110192	12.769908	13.955578	17.761322	18.922678	17.243328	19.492952	22.462433	25.597456	24.344013	26.152536	24.862257	26.432146	23.921995	21.34415	23.76052	24.547369	27.843338	29.638496	29.04143	30.138433	33.782074	33.441513	31.231516	33.88055	36.559093	34.766636	34.56478	38.25734	39.030502	37.00731	38.881313	42.01762	41.499557	39.048992	36.97934	35.25439	32.837208	30.964367	31.008848	27.872877	25.711615	22.487055	19.955044	17.566414	13.954641	11.982999	10.262399	13.926093	14.842337	18.030704	18.031427	21.579908	22.85139	26.2347	27.078623	29.917364	31.34481	34.110104	35.634705	36.287323	39.621204	40.83482	42.686707	45.865517	46.197193	44.558666	42.725616	39.21846	36.59542	33.24091	31.686842	29.689034	27.22093	25.876616	23.34495	23.149273	20.717573	22.969934	22.950182	24.37518	27.25235	28.328121	28.153376	30.215351	32.576233	33.611305
K-289-B	46.041035	46.83401	47.14949	43.708958	42.024284	44.219913	43.223347	39.46989	40.01944	41.898155	39.18644	36.57141	39.013023	39.839905	36.22498	35.647457	38.767227	38.01759	35.1004	37.611588	38.77185	42.449734	45.22998	46.547657	44.777466	45.639317	45.812637	46.901108	44.328545	45.38644	45.221592	41.749096	40.44126	42.192703	40.809765	37.22652	37.413292	38.927372	36.13218	33.236507	35.330677	36.12988	32.444542	31.478117	34.558514	33.7563	30.07622	31.469263	34.20875	32.560886	33.32977	29.831327	28.48305	25.059738	24.846422	25.195425	22.715858	19.557634	16.85673	14.079921	12.178591	13.284172	10.10447	9.509858	11.917117	14.7613535	14.229837	10.774609	12.173404	15.227314	13.949298	12.100417	15.246311	17.650799	16.297527	16.447779	19.835676	21.298872	22.25555	22.961594	24.612099	28.329607	30.930391	34.59225	37.82501	40.282627	42.101624	39.591755	38.355278	34.637314	33.371838	29.602703	27.13049	23.35987	22.276447	21.074785	24.766104	25.124632	23.040276	24.691082	28.303793	28.553112	29.964596	29.092627	28.70809	31.94937	33.67246	33.181015	33.38554	37.04741	38.065144	39.387722	37.188892	40.403053	40.296932	37.354336	38.785477	41.712048	44.984417	45.865463	43.030205	43.811916	46.232258	44.163086	41.122635	43.487614	44.572674	41.144684	40.470844	43.97483	45.01825	42.53789	43.46934	42.566128	43.424297	40.825413	41.918034	40.461952	39.35502	37.315845	34.520264	35.37821	32.063957	32.76252	36.10926	36.324856	39.030956	36.622086	34.06486	34.642075	33.52762	35.28462	34.970215	36.33718	35.95387	34.401196	35.357765	32.88271	32.988457	33.741364	33.97749	37.56037	40.14857	42.144085	40.122574	41.53566	39.8635	37.248966	35.572987	32.5336	33.12545	30.889927	30.625437	30.593714	29.331783	30.184164	32.62041	35.403217	34.93334	37.470276	37.070023	38.769646	41.32474	39.32466	36.28516	34.24623	30.449646	28.453756	25.460556	26.944653	25.706236	27.07048	28.90704	28.319817	24.714249	23.312336	21.065004	21.155867	21.272665	21.620314	19.172022	21.81544	20.697735	19.58562	17.079798	17.802845	21.523323	21.962019	20.051416	21.956034	21.784138	24.492714	25.73467	29.150284	30.8809	33.90591	37.195087	36.104828	32.96554	30.685102	27.691547	28.88355	26.230293	22.798601	21.773113	18.670645	18.04076	17.719545	14.433127	12.253982	14.77688	15.820441	13.10422	15.834159	16.52176	20.255646	21.594423	20.355923	22.641928	25.371483	28.686	27.67027	29.50473	28.07427	29.805696	27.465206	24.758636	27.04234	27.816496	31.218674	32.802174	32.103806	33.38328	36.962784	36.385094	34.184917	36.969105	39.48987	37.49211	37.39695	41.1343	41.675743	39.56274	41.575966	44.624645	43.858696	41.33707	39.111748	37.449337	34.970665	33.35225	33.410576	30.204973	28.371704	25.324259	22.966757	20.877563	17.220789	15.571877	13.805428	17.393269	17.873152	20.936352	20.528858	23.8819	25.084444	28.334587	29.236786	31.89134	33.517635	36.211094	37.88337	38.354183	41.749252	42.909676	44.501778	47.791653	48.37782	46.736576	45.131966	41.6717	38.98755	35.666386	34.079113	31.791718	29.38112	27.69292	25.30239	24.783133	22.389599	24.52947	24.343208	26.040615	28.564728	29.749712	30.018343	32.02695	34.10582	35.405285
S-290-B	44.163464	45.11818	45.65815	42.188908	40.496124	42.930504	42.108307	38.319096	38.95745	41.11245	38.512493	35.8984	38.51968	39.594746	36.083992	35.54658	38.87274	38.34688	35.58972	38.162148	39.666348	43.414482	46.210007	47.23807	45.240875	45.842793	45.739372	46.64264	43.854004	44.943428	45.098434	41.646	40.12406	42.05984	40.98732	37.296818	37.354153	39.19396	36.616043	33.542755	35.651268	36.834892	33.252327	32.092525	35.337276	34.91492	31.264936	32.504658	35.513374	34.202106	35.29605	31.951136	30.34467	27.134949	26.660065	26.58091	24.241331	20.803236	18.611193	15.594422	12.938533	13.172699	9.6480055	10.414222	12.863555	16.26116	16.12706	13.132137	14.641904	17.904997	17.013063	15.462988	18.465193	20.998257	19.924543	20.076864	23.365023	24.951603	25.704866	26.212679	27.561562	31.25093	33.612606	37.335323	40.416874	42.94751	44.824413	42.48843	41.138214	37.442127	35.90589	32.195877	29.986082	26.268261	25.23747	24.372133	28.109035	28.462301	26.565317	28.313566	31.871328	32.015182	33.260963	32.14603	31.604712	34.706806	36.672157	36.184124	36.123356	39.70859	40.966343	42.401306	40.340164	43.65209	43.58676	40.751575	42.236767	45.249268	48.45569	49.382416	46.478504	47.141933	49.483738	47.408745	44.315804	46.5602	47.58322	44.110035	43.323624	46.73669	47.74509	45.106823	45.816647	44.685326	45.272034	42.474533	43.272705	41.572346	40.321987	38.5657	35.947433	37.1565	33.99226	34.499725	37.99741	38.462982	41.283985	38.90972	36.52347	37.391895	36.52688	38.4813	38.36233	39.82059	39.53797	37.945545	38.925343	36.481598	36.471966	37.22314	37.3368	40.96557	43.58046	45.6561	43.735737	45.19887	43.507874	40.955425	39.2702	36.23704	36.780647	34.435802	34.008945	33.779236	32.30674	32.91554	35.099823	37.77581	37.043865	39.40087	38.900066	40.335266	43.429363	41.572006	38.714523	36.85667	33.055195	31.296	28.496124	30.236841	29.178179	30.709265	32.5557	32.069218	28.47109	27.116573	24.850527	24.893969	24.963621	25.116385	22.480602	24.954657	23.469818	21.977596	19.228142	19.384563	22.923386	23.451342	21.62572	23.443405	23.175442	25.782085	27.178032	30.519178	32.536312	35.495564	38.937958	38.088486	35.034195	32.603603	29.394651	30.138792	27.295336	23.979933	22.529322	19.094427	18.894773	19.215408	16.006138	13.905749	16.971691	18.340197	15.554906	17.902699	17.839178	21.4161	22.690582	22.034826	24.522423	26.865667	30.336016	29.74533	31.81493	30.473673	32.51082	30.271704	27.649857	30.06622	31.099136	34.551037	36.162712	35.254555	36.431885	40.005848	39.32095	36.94478	39.67997	42.178497	39.99349	39.75332	43.512302	43.956654	41.624664	43.585854	46.645615	45.71531	43.005238	40.81453	39.406788	37.081123	35.75509	36.0676	32.975212	31.311378	28.432291	25.947836	24.04396	20.290428	18.574013	17.23528	20.917759	21.403837	24.304186	23.604036	26.804081	27.673677	30.710506	31.356695	33.718304	35.268883	37.720917	39.316734	39.4505	42.788895	43.716305	45.04903	48.36478	49.215153	47.728443	46.331367	43.004723	40.145714	36.978733	35.587868	33.13498	31.008884	29.23774	27.209105	26.758999	24.694054	27.007767	27.01988	29.02491	31.366194	32.38675	32.899017	35.04943	36.907047	38.200836
N-310-B	42.457283	43.582653	44.547554	41.122562	39.337067	42.088722	41.64565	37.85245	38.498184	41.07957	38.770412	36.11555	38.878178	40.385628	37.11615	36.515526	40.06847	39.96164	37.40625	39.922573	41.85042	45.65113	48.50827	49.124233	46.885822	47.057487	46.61115	47.15184	44.05582	45.067707	45.695293	42.367672	40.469723	42.557533	41.988304	38.22023	37.961937	40.204178	38.034084	34.71257	36.6758	38.388992	35.038303	33.5093	36.85607	37.01003	33.44081	34.31436	37.631023	36.848537	38.30891	35.20592	33.190384	30.35343	29.68015	28.949474	26.755829	23.061167	21.682024	18.69562	15.310802	14.592825	11.384428	13.723639	16.183123	19.882874	20.369448	17.893015	19.17951	22.63874	22.246464	20.788542	23.495659	26.2667	25.474848	25.42477	28.611366	30.45077	31.059423	31.497509	32.541103	36.201057	38.29211	42.064857	44.95247	47.477646	49.49161	47.369007	45.98335	42.34602	40.55141	36.934174	35.01666	31.392467	30.52006	29.887356	33.627262	34.056408	32.27654	34.009163	37.55157	37.69198	38.812897	37.53245	36.811653	39.79892	41.96406	41.410824	41.088036	44.566887	46.045288	47.518345	45.548195	48.932846	48.98503	46.227566	47.67806	50.753784	53.89292	54.782925	51.778355	52.369377	54.565273	52.409027	49.315727	51.463905	52.323364	48.774944	47.948265	51.249046	52.116264	49.26948	49.739746	48.28249	48.53287	45.47832	45.84973	43.90251	42.371994	40.979313	38.70562	40.36866	37.39433	37.531643	41.16179	41.869812	44.88061	42.66514	40.453133	41.681698	41.10364	43.321205	43.45609	45.10507	45.0048	43.47353	44.554703	42.179604	42.149902	42.92274	42.96738	46.616234	49.250816	51.362217	49.48176	50.956116	49.239544	46.684372	44.93467	41.846325	42.241547	39.785625	39.114643	38.721012	36.94338	37.339386	39.217705	41.815895	40.844936	43.023815	42.514294	43.6604	47.350277	45.603592	42.993004	41.286537	37.517723	35.969337	33.37436	35.396484	34.446228	36.157146	37.890415	37.52852	33.918457	32.73351	30.395102	30.53631	30.705883	30.816307	28.110182	30.480934	28.74668	26.97432	24.07074	23.720783	26.976143	27.562916	25.8253	27.433966	26.963055	29.299318	30.7187	33.845074	36.093964	38.856285	42.45805	41.83341	38.976227	36.313625	32.943405	33.13868	30.21525	27.200176	25.403	21.75364	22.213465	23.124178	20.033997	18.293419	21.733936	23.20153	20.295912	22.07684	21.194855	24.46697	25.41995	25.435917	28.216043	30.064241	33.59969	33.531937	35.936035	34.835495	37.16383	34.95046	32.53909	35.157356	36.446224	39.883823	41.610374	40.54785	41.541924	45.12853	44.421505	41.849792	44.45717	46.98732	44.65895	44.1904	47.939877	48.350693	45.770046	47.584663	50.684704	49.629	46.69198	44.627075	43.556793	41.463455	40.431892	41.031567	38.088715	36.527313	33.773262	31.12352	29.294064	25.494013	23.56816	22.61862	26.36938	27.025988	29.85243	29.009563	32.09758	32.64943	35.462513	35.787613	37.810104	39.179073	41.293198	42.696644	42.385403	45.56893	46.11848	47.132984	50.402893	51.565083	50.36221	49.193512	46.08731	42.99401	40.095394	39.048325	36.50682	34.796276	33.054817	31.47811	31.194254	29.505764	31.985449	32.190605	34.42479	36.611515	37.485435	38.186954	40.453285	42.12644	43.39757
L-311-B	45.525494	46.45741	47.397705	44.031574	42.101086	44.689102	44.268852	40.45909	40.88692	43.36536	41.076714	38.26915	40.822002	42.301914	38.971367	38.14151	41.57133	41.451187	38.654278	40.99653	42.651417	46.435207	49.41545	50.24158	48.237236	48.505184	48.331264	48.872063	45.863995	46.67922	47.101986	43.821003	41.908936	43.73051	43.01391	39.317978	38.915955	40.887737	38.656517	35.315746	37.049606	38.535065	35.12943	33.45526	36.595047	36.5937	32.905754	33.59139	36.75002	35.864174	37.005844	33.766537	31.648746	28.741348	28.526112	27.812187	25.23118	21.562582	20.086134	17.530598	14.231191	14.452986	11.562441	13.478383	16.521557	19.947744	20.48795	17.542189	18.338926	21.900473	21.413652	19.37581	21.932592	24.88916	23.833754	23.33244	26.651531	28.632378	29.601997	30.47562	31.844034	35.592136	37.93785	41.6803	44.724483	47.0708	49.153683	46.849503	45.699932	42.046032	40.556248	36.856087	34.659214	30.970219	30.128975	29.030247	32.69833	33.177803	31.056156	32.573143	36.24126	36.592197	38.011787	37.08549	36.55371	39.74119	41.604736	41.000427	40.993298	44.568718	45.751553	47.011425	44.79224	48.02907	48.120075	45.16545	46.421715	49.33396	52.581467	53.26781	50.311874	51.160786	53.365646	51.071453	48.13137	50.502552	51.274162	47.70253	47.149387	50.566814	51.300434	48.54057	49.28201	47.928318	48.431576	45.47377	46.016945	44.35088	42.728638	41.041374	38.75843	40.201313	37.01452	37.057545	40.566383	40.934727	44.015667	41.95427	39.473602	40.488754	39.651447	41.76825	41.751404	43.473293	43.367096	42.05914	43.201736	40.79698	41.015118	41.730587	41.90028	45.448845	48.12193	50.019073	47.937267	49.36244	47.73594	44.997208	43.224533	40.03955	40.33963	38.0506	37.436523	37.36473	35.63085	36.38909	38.512074	41.352158	40.724144	43.178345	42.92304	44.37925	47.564186	45.562843	42.787617	40.784866	37.014297	35.119576	32.281773	34.087257	32.77315	34.28638	35.73129	35.22392	31.540802	30.514448	27.971085	28.36192	28.939001	29.434614	27.079683	29.77935	28.495113	26.998436	24.36376	24.391018	27.891415	28.222452	26.160725	27.594957	26.843779	29.02338	30.039135	33.07797	34.987946	37.61341	41.176395	40.2467	37.494274	34.694508	31.5159	31.955498	29.3286	26.387989	25.093447	21.66226	22.252258	22.547247	19.102825	17.76836	21.063675	21.942083	18.694452	20.288662	19.621214	23.076807	23.623299	23.306105	26.31465	28.36512	31.730154	31.49691	34.016582	33.174007	35.31781	32.82528	30.625292	33.40743	34.61762	37.894257	39.85183	39.010838	39.84168	43.51301	43.10107	40.555977	43.02596	45.75411	43.668312	43.090874	46.80676	47.4933	45.004093	46.663074	49.891033	49.110794	46.222836	44.310432	43.15532	41.07917	39.755653	40.279854	37.32591	35.428093	32.43926	29.660778	27.462536	23.72554	21.394703	20.419111	24.152006	25.251682	28.305056	27.906588	31.230888	31.965113	34.97838	35.311928	37.56203	38.759205	40.965767	42.203636	42.04076	45.164196	45.704987	46.997326	50.150417	51.061363	49.919125	48.483387	45.32921	42.221634	39.300236	38.345078	36.086796	34.31927	32.88707	31.129343	31.08379	29.240644	31.767506	31.951862	33.88724	36.37203	37.328526	37.66481	39.873585	41.852467	43.009274
S-312-B	47.84818	48.766014	49.468147	46.046097	44.228985	46.687992	46.024666	42.22168	42.71783	44.960526	42.475574	39.742737	42.256344	43.457752	39.982037	39.248005	42.54383	42.13629	39.248123	41.647987	43.03055	46.7694	49.686127	50.781803	48.915718	49.46455	49.472065	50.248993	47.420643	48.311234	48.468014	45.10672	43.430172	45.179176	44.16313	40.51721	40.314186	42.04327	39.5638	36.385628	38.196087	39.34178	35.79724	34.344364	37.388027	37.00752	33.264305	34.142677	37.067165	35.821613	36.63585	33.202435	31.341516	28.170189	28.226044	27.950018	25.179625	21.709991	19.681993	17.270323	14.521767	15.468403	12.467049	13.336941	16.316235	19.459126	19.470047	16.13207	17.062773	20.401043	19.384716	17.152245	19.947367	22.678886	21.172956	20.71733	24.230791	25.946257	27.231535	28.259748	29.987608	33.740334	36.349022	40.021538	43.23981	45.594826	47.526745	45.014946	43.879566	40.17498	38.93079	35.165432	32.686535	28.91881	27.816912	26.467558	30.1107	30.36896	28.033983	29.637066	33.325428	33.59023	35.236855	34.475155	34.238773	37.46892	39.141003	38.70807	38.97886	42.64719	43.62384	44.88548	42.59067	45.729046	45.645077	42.598846	43.90066	46.69528	50.045525	50.749084	47.934044	48.907047	51.27317	49.04799	46.140205	48.62961	49.55286	46.058247	45.574276	49.094666	49.94447	47.38064	48.341255	47.259617	48.032234	45.277245	46.13014	44.641266	43.2144	41.27741	38.762062	39.861073	36.530834	36.833736	40.22036	40.357887	43.30121	41.146736	38.49708	39.17515	38.033127	39.87527	39.559822	41.0884	40.750027	39.405254	40.373768	37.81491	38.010704	38.5447	38.63873	42.127117	44.892532	46.668167	44.573723	46.10019	44.625385	41.877888	40.263344	37.154247	37.643974	35.567963	35.251743	35.43549	34.00764	35.020184	37.42608	40.33917	39.92101	42.503666	42.230495	43.878223	46.608276	44.539433	41.559467	39.429543	35.646942	33.54324	30.49148	31.954079	30.42573	31.633303	33.07979	32.29606	28.56175	27.326254	24.626545	24.85827	25.550606	26.079607	23.892044	26.795172	25.775494	24.343128	22.033741	22.209219	25.84111	25.869463	23.54834	24.831669	23.940525	26.074305	26.906527	29.963135	31.693329	34.342163	37.84041	36.77815	33.99102	31.23274	28.147346	28.833658	26.322765	23.318161	22.3354	19.105383	19.581375	19.43056	15.835416	14.698382	17.837366	18.401796	15.051289	16.673086	16.301054	19.904585	20.500109	19.870098	22.809958	25.067226	28.384392	27.94983	30.387444	29.533691	31.589127	29.057232	26.862276	29.668045	30.887436	34.134598	36.15384	35.334484	36.106194	39.79398	39.468025	36.93464	39.368076	42.149914	40.16433	39.577026	43.278404	44.063946	41.654675	43.28701	46.544285	45.894363	43.081917	41.210487	39.963078	37.87746	36.39684	36.889557	33.961224	31.913898	28.858541	26.014198	23.728882	20.011532	17.603943	16.7119	20.462563	21.685352	24.735865	24.47691	27.880207	28.648027	31.742723	32.0832	34.473885	35.6125	37.923515	39.142628	39.16774	42.314648	42.988434	44.486855	47.616173	48.330433	47.10032	45.507156	42.26751	39.242725	36.227047	35.19684	33.07478	31.189978	29.90548	28.004387	28.095991	26.195309	28.785706	29.067291	30.88114	33.56738	34.44715	34.541973	36.798214	38.928604	39.929363
C-313-B	48.96761	49.62152	50.23845	46.909218	44.93936	47.159435	46.49939	42.71161	42.956367	45.035275	42.59068	39.718903	41.9739	43.118515	39.61942	38.652565	41.776047	41.36247	38.26414	40.458908	41.563103	45.248154	48.259964	49.54391	47.92668	48.571278	48.864628	49.655144	46.963257	47.671947	47.58742	44.28874	42.656963	44.139256	42.94754	39.41448	39.134453	40.569374	38.021603	34.90286	36.53261	37.414074	33.84717	32.36437	35.20238	34.62995	30.84557	31.6466	34.379433	33.003544	33.56671	30.058575	28.207342	24.98361	25.357464	25.191572	22.209435	18.89924	16.708466	14.727458	12.377687	14.173385	11.747058	11.974034	15.262713	17.925117	18.127754	14.585541	14.829861	18.17299	17.315716	14.585783	17.028292	19.968304	18.478207	17.562725	21.047045	23.011751	24.43871	25.81707	27.682842	31.468214	34.19678	37.82266	41.100887	43.248764	45.294914	42.7077	41.831272	38.174625	37.168304	33.395134	30.786081	27.065325	26.230549	24.505104	28.002356	28.536263	26.03091	27.248335	31.014341	31.630693	33.391014	32.957916	32.698032	36.117092	37.5226	36.876453	37.33653	41.015984	41.757233	42.754494	40.25117	43.270073	43.34648	40.176414	41.239742	43.943375	47.31091	47.82118	44.98021	46.109753	48.397564	46.038704	43.259617	45.885803	46.674984	43.156155	42.89074	46.462902	47.161873	44.64532	45.79226	44.771248	45.73124	43.071964	44.06319	42.834366	41.356213	39.177692	36.672184	37.574615	34.1093	34.333675	37.587738	37.47144	40.442123	38.426098	35.60299	36.150948	34.87529	36.698345	36.37001	38.031925	37.81868	36.71006	37.86977	35.443825	35.95508	36.647415	37.045475	40.454258	43.089066	44.762775	42.450977	43.76749	42.21324	39.30396	37.524418	34.282856	34.559578	32.506493	32.10305	32.45546	30.9897	32.238987	34.777695	37.86184	37.72702	40.52382	40.51835	42.433025	44.71864	42.426514	39.369495	37.007515	33.27045	30.923128	27.752296	29.127949	27.386736	28.581184	29.801716	29.097641	25.368063	24.439714	21.782932	22.455185	23.395193	24.389961	22.533707	25.55998	24.966694	24.070179	21.883852	22.686996	26.445536	26.572681	24.297337	25.737104	24.97377	27.193476	27.827047	30.914124	32.291702	34.93575	38.278316	36.88019	34.071648	31.394766	28.59584	29.743084	27.50148	24.445068	23.91346	20.9789	21.102568	20.359316	16.661173	15.514379	18.090607	18.21401	14.843416	16.704594	17.091183	20.863844	21.282114	19.987362	22.89175	25.56769	28.64462	27.755983	30.04206	29.237219	30.882801	28.092443	25.931206	28.643734	29.478514	32.57311	34.627228	34.18565	35.045464	38.7571	38.643772	36.346966	38.79539	41.645653	39.928593	39.483295	43.144653	44.08704	41.92947	43.57989	46.8464	46.404987	43.78913	41.901993	40.38716	38.134796	36.315063	36.4839	33.409447	31.141363	27.843489	25.164198	22.51912	18.986462	16.41942	14.948969	18.513664	19.96351	23.320398	23.56219	27.148926	28.362753	31.70167	32.34513	35.049557	36.25819	38.80767	40.070942	40.413742	43.588585	44.440945	46.195446	49.272705	49.724346	48.394367	46.567966	43.213196	40.332787	37.195297	36.025238	34.10972	31.961245	30.779516	28.51099	28.500965	26.225359	28.540684	28.479666	29.868399	32.683434	33.871197	33.732483	35.71166	38.09153	39.195396
L-314-B	50.521137	51.020912	51.426926	48.134357	46.175266	48.166737	47.350975	43.610443	43.769737	45.586456	43.057003	40.196114	42.26985	43.185326	39.618675	38.61232	41.52149	40.915386	37.689186	39.796474	40.567394	44.15898	47.145905	48.692818	47.302822	48.180458	48.7338	49.68862	47.211143	47.88619	47.50086	44.203453	42.781178	44.081303	42.60384	39.19833	39.042625	40.15675	37.423756	34.50265	36.103325	36.604404	32.974037	31.693787	34.340183	33.397316	29.622787	30.564669	32.997047	31.293812	31.514782	27.875687	26.299927	22.889091	23.56279	23.833128	20.741583	17.811127	15.138491	13.576733	12.153322	14.671628	12.67955	11.803927	14.874605	16.875383	16.814194	13.088169	12.9527025	15.95152	14.858304	11.742353	14.052956	16.888302	15.145866	13.999135	17.561314	19.481743	21.15149	22.808376	24.950863	28.714142	31.641598	35.1688	38.559135	40.591805	42.5958	39.863598	39.140476	35.50684	34.78567	31.008234	28.188282	24.501438	23.712692	21.626114	24.97264	25.578531	22.893314	23.88624	27.685892	28.485397	30.398855	30.25859	30.125454	33.656536	34.78726	34.09457	34.810783	38.518158	39.006813	39.847343	37.201004	40.092747	40.168957	36.89902	37.85648	40.45595	43.871586	44.304035	41.524597	42.78251	45.11598	42.746666	40.046795	42.791924	43.609528	40.14135	40.01401	43.655922	44.359695	42.002216	43.365894	42.561714	43.78025	41.326157	42.589317	41.610004	40.270317	37.833508	35.189674	35.74677	32.162502	32.54872	35.62074	35.244835	38.09296	36.0757	33.09112	33.346577	31.823557	33.452625	32.94363	34.546345	34.27228	33.260395	34.44045	32.035744	32.724495	33.45481	34.03209	37.35878	39.92	41.49941	39.061855	40.27753	38.722294	35.73253	33.925858	30.656813	30.922081	28.98353	28.710907	29.285936	28.015179	29.527775	32.294888	35.476578	35.61765	38.577385	38.697193	40.856274	42.60428	40.172554	36.971195	34.431095	30.744232	28.16199	24.825018	25.927166	23.968346	24.989016	26.12732	25.34571	21.606907	20.736992	18.099527	18.981203	20.068668	21.388046	19.857695	22.99642	22.841965	22.408745	20.516119	21.8438	25.646435	25.740555	23.485882	25.002268	24.380026	26.671003	27.159454	30.282934	31.351595	34.041687	37.190086	35.54129	32.663654	30.179462	27.654814	29.262571	27.240475	24.116024	23.98868	21.415268	21.115461	19.813215	16.192268	15.04848	16.937075	16.6562	13.483754	15.635114	16.836384	20.652205	21.123985	19.203167	21.83431	24.895912	27.751812	26.389652	28.388103	27.505747	28.765017	25.854788	23.643389	26.174505	26.664452	29.65146	31.668888	31.509804	32.484177	36.17734	36.195263	34.128815	36.615032	39.46762	37.972515	37.700535	41.311802	42.34464	40.442223	42.14747	45.373974	45.096333	42.699036	40.77477	39.001083	36.59819	34.489765	34.366005	31.194374	28.766043	25.308893	22.829044	19.959219	16.65645	14.1413765	12.111514	15.433061	16.980019	20.52098	21.173298	24.861233	26.441132	29.95445	30.874504	33.846317	35.13765	37.914288	39.261997	39.945972	43.164135	44.255768	46.243523	49.291138	49.48807	47.997025	45.981503	42.507523	39.83274	36.558495	35.185455	33.445686	31.027315	29.926235	27.326136	27.222654	24.6493	26.705187	26.400696	27.404697	30.352839	31.731758	31.34718	33.114895	35.7046	36.832638
V-315-B	48.5757	48.868244	49.153786	45.951714	43.921963	45.699577	44.852	41.16171	41.161186	42.81464	40.315147	37.40214	39.29371	40.136013	36.5804	35.45694	38.23738	37.621136	34.306553	36.30694	36.95401	40.51366	43.5288	45.139004	43.863525	44.794434	45.49688	46.485977	44.126755	44.742878	44.196167	40.925564	39.598026	40.783745	39.174084	35.843	35.74496	36.70475	33.895226	31.072298	32.686417	33.031666	29.375668	28.22997	30.847496	29.764547	26.011244	27.119808	29.493776	27.681267	27.962044	24.329887	22.898157	19.413294	19.912685	20.378239	17.442211	14.657101	11.679174	10.053898	9.262989	12.122572	10.668273	9.038879	12.010925	13.543128	13.779129	10.1932745	9.408048	12.499138	11.9339905	8.709657	10.674825	13.820359	12.701665	11.517743	14.792958	17.055702	18.284111	19.86553	21.743093	25.529219	28.32705	31.889858	35.199787	37.160065	39.298557	36.679924	36.051052	32.476162	31.699709	27.96416	25.293337	21.710524	21.381258	19.345789	22.621546	23.695759	21.277403	21.932566	25.702665	26.805151	28.429296	28.295076	27.799341	31.412973	32.557583	31.54265	32.10939	35.74048	36.270634	36.9759	34.31216	37.265038	37.579582	34.372593	35.22068	37.95613	41.24935	41.664345	38.72633	39.855743	42.047436	39.62775	36.88187	39.54781	40.26266	36.737812	36.571415	40.171967	40.813408	38.367737	39.667126	38.798878	39.9934	37.53404	38.815376	37.891567	36.573658	34.08247	31.421318	31.95335	28.365318	28.758383	31.838097	31.521713	34.36641	32.328773	29.39345	29.776773	28.427168	30.245373	29.99292	31.759962	31.747578	30.78401	32.24023	30.119373	30.970684	32.0952	33.00451	36.372116	38.65581	40.40954	37.9163	38.845547	36.988667	34.00126	31.91005	28.531275	28.546745	26.301722	25.719152	26.033882	24.554985	25.926975	28.602139	31.78829	31.925814	34.919674	35.15645	37.385227	39.085133	36.59202	33.449524	30.89525	27.213606	24.676798	21.439947	22.827686	21.09757	22.536182	23.799538	23.489622	19.901596	19.353027	17.278706	18.505125	19.223763	20.672064	19.072306	21.879517	21.715757	21.753637	19.613194	21.445396	25.183617	25.764784	23.972994	25.959751	25.857924	28.483438	29.244108	32.537205	33.613647	36.47629	39.490532	37.81116	34.773914	32.568558	30.133808	31.96325	29.865786	26.561195	26.319647	23.738808	22.913107	21.679085	18.331059	16.591759	18.056477	18.110855	15.45945	18.134176	19.756145	23.561283	24.330322	22.202587	24.50898	27.754265	30.56296	28.906769	30.559565	29.389774	30.359196	27.532297	25.071861	27.18799	27.211138	30.197859	31.885284	31.97275	33.33066	36.9185	36.81729	35.06558	37.768353	40.434658	38.985382	39.064873	42.66717	43.54676	41.868687	43.80622	46.88292	46.531883	44.330883	42.18333	40.145958	37.475433	35.27603	34.779606	31.3903	29.130796	25.668774	23.66209	20.888117	17.80161	15.84329	13.068528	15.972119	16.98427	20.603735	21.30101	24.908443	26.905697	30.507174	31.857752	34.974567	36.59398	39.581497	41.200138	42.106434	45.447506	46.772305	48.760162	51.893932	52.06204	50.3717	48.376415	44.805534	42.3128	38.904346	37.240498	35.395714	32.69949	31.324215	28.450575	27.875322	24.946503	26.526546	25.690762	26.46156	29.185324	30.970783	30.759094	32.16473	34.7197	36.19873
A-316-B	51.23222	51.363308	51.505173	48.380127	46.33271	47.88807	46.959446	43.345787	43.214424	44.633278	42.12635	39.21848	40.872887	41.532238	37.978085	36.760876	39.2779	38.531677	35.09694	36.90769	37.165394	40.577225	43.581062	45.458256	44.471863	45.59828	46.58846	47.679417	45.53908	46.046516	45.212376	42.015594	40.856953	41.78396	39.93268	36.79655	36.734734	37.319103	34.40531	31.805252	33.25396	33.185623	29.555025	28.550488	30.83437	29.390118	25.706638	26.816322	28.77449	26.65487	26.44195	22.693842	21.53433	17.935873	18.989294	19.887459	16.80592	14.670865	11.415606	10.830643	11.228057	14.553801	13.740234	11.5389385	14.015001	14.617367	14.658022	11.243967	9.768548	12.047353	11.341606	7.5996776	8.766576	11.784354	10.361687	8.384254	11.715331	14.103317	15.771635	17.912754	20.17076	23.870985	26.909298	30.294327	33.718975	35.44836	37.574394	34.780045	34.4296	30.933275	30.57475	26.891376	23.977125	20.539553	20.356472	17.791542	20.720901	21.939505	19.261574	19.450523	23.243807	24.680233	26.540903	26.872581	26.559135	30.289078	31.018248	29.916468	30.84405	34.469173	34.62914	35.06082	32.167194	34.8974	35.260365	31.89581	32.510212	35.053978	38.416126	38.642464	35.780632	37.14954	39.3557	36.856983	34.28297	37.14976	37.82341	34.352936	34.46044	38.14334	38.704647	36.458862	38.06645	37.440235	38.958435	36.75305	38.31697	37.742123	36.51815	33.73219	31.015137	31.131985	27.41793	27.892975	30.676668	29.957283	32.683983	30.75996	27.583494	27.574863	25.868221	27.442484	26.958088	28.72883	28.69624	27.981857	29.522837	27.47456	28.651632	29.815834	30.983507	34.177032	36.35421	37.914406	35.217953	35.98292	34.14943	31.004896	28.845253	25.385574	25.279837	23.224556	22.764223	23.474854	22.212994	24.02912	26.994806	30.340693	30.89897	34.111618	34.581257	37.112106	38.10846	35.40667	32.116875	29.291391	25.7371	22.84111	19.384607	20.353102	18.201227	19.370844	20.344772	19.947798	16.34749	16.095291	14.076992	15.8097	16.876854	18.881393	17.891369	20.788305	21.261286	21.862305	20.189493	22.476501	26.142632	26.600874	24.803864	26.708197	26.623951	29.150303	29.640507	32.830765	33.52182	36.301186	39.087967	37.12266	34.1357	32.091152	30.020771	32.234127	30.463398	27.253893	27.466301	25.291159	24.280828	22.530634	19.341488	17.885038	18.654573	18.15625	15.805715	18.397797	20.584606	24.264528	24.883505	22.273907	24.337324	27.826372	30.302	28.248192	29.649284	28.55206	29.062975	26.089539	23.75962	25.677938	25.291412	28.014687	29.71826	30.199753	31.584774	35.119987	35.263058	33.776844	36.410633	39.10934	37.97471	38.165123	41.652164	42.69781	41.292957	43.188835	46.236534	46.12154	44.14214	42.052032	39.81155	37.071545	34.56641	33.78615	30.376537	27.900957	24.295599	22.536428	19.51075	16.9111	15.028024	11.85395	14.077768	15.309636	19.05054	20.349041	23.984682	26.336493	30.051582	31.608957	34.94594	36.53628	39.673325	41.26964	42.46595	45.76696	47.242588	49.465164	52.503117	52.401276	50.634693	48.42988	44.801414	42.494854	39.03776	37.287365	35.714897	32.861324	31.691868	28.586655	28.033169	24.90855	26.19933	25.139536	25.380585	28.255444	30.227154	29.66035	30.785797	33.606586	35.05422
I-317-B	52.405262	52.286713	52.328316	49.348644	47.207413	48.491306	47.57061	44.05896	43.690845	44.89381	42.482437	39.52517	40.861744	41.422947	37.94589	36.528362	38.764416	38.015762	34.45529	35.9739	35.878883	39.134037	42.17573	44.241314	43.559284	44.784054	46.069775	47.17185	45.237846	45.560577	44.464405	41.402004	40.355484	40.974255	38.941628	36.032566	35.93193	36.14061	33.201965	30.810858	32.02904	31.589363	28.048016	27.13766	29.066381	27.33985	23.768877	24.835396	26.40407	24.069872	23.470118	19.6832	18.748207	15.132648	16.65424	17.893906	14.812616	13.439208	10.141382	10.690566	12.191016	15.760466	15.7560425	13.240898	15.293128	14.981977	15.272655	12.429616	10.052211	11.535461	11.403063	7.714262	7.1445656	10.167928	9.287294	6.284124	8.936542	11.905409	13.570714	16.202759	18.468645	22.019642	25.076195	28.29215	31.68941	33.100826	35.364063	32.553448	32.564358	29.23792	29.1832	25.648472	22.74184	19.632133	19.978666	17.119764	19.547007	21.237772	18.61916	18.068703	21.748505	23.711704	25.53229	26.262886	25.826277	29.639107	30.02968	28.606943	29.694622	33.197086	33.08144	33.137928	30.034485	32.574436	33.208492	29.77281	30.023115	32.45644	35.761627	35.738766	32.815426	34.3329	36.379574	33.71643	31.31857	34.312214	34.784626	31.302832	31.687555	35.382114	35.738804	33.566154	35.382587	34.845875	36.580055	34.5486	36.27541	36.036373	34.815594	31.791609	29.136753	28.955667	25.169367	25.571012	28.079361	27.027721	29.713575	27.984903	24.630457	24.42541	22.562893	24.126879	23.697866	25.69698	25.93517	25.588558	27.456902	25.749825	27.36063	28.817514	30.412735	33.425682	35.304825	36.77396	33.87091	34.26933	32.26685	28.983679	26.541636	22.927591	22.403875	20.302439	19.60277	20.502003	19.171665	21.305817	24.389683	27.891014	28.824009	32.232433	33.03833	35.8317	36.262478	33.33184	30.028744	26.958132	23.582867	20.424442	16.931574	17.768812	15.378719	16.649134	17.259678	17.231209	13.8472185	14.360881	12.931252	15.38622	16.54561	19.040422	18.55457	21.194736	22.10093	23.304745	21.828585	24.540234	28.046879	28.669405	27.111841	29.126307	29.241024	31.7875	32.197735	35.33685	35.776115	38.51217	41.083767	38.91559	35.961205	34.12001	32.348587	34.831123	33.260685	30.099827	30.519985	28.553593	27.33068	25.38036	22.400217	20.947058	21.23943	20.56571	18.599705	21.170103	23.676334	27.237001	27.786266	24.900988	26.738956	30.364065	32.571545	30.21056	31.337261	30.248394	30.311722	27.292921	25.060999	26.636745	25.732279	28.15012	29.697489	30.628761	32.16679	35.563824	35.863388	34.737667	37.362125	39.987198	39.126774	39.528233	42.89075	43.99681	42.884724	44.81448	47.767853	47.795544	46.05164	43.935932	41.479115	38.61303	35.88901	34.75349	31.284672	28.772211	25.14093	23.816227	20.736269	18.684446	17.098246	13.671436	15.027052	16.139307	19.812088	21.535488	25.033758	27.76269	31.51918	33.366642	36.85878	38.535416	41.813377	43.47148	44.911263	48.203087	49.828007	52.185574	55.175285	54.895264	53.035908	50.7076	47.03498	44.911568	41.412945	39.541374	38.122932	35.113316	33.98764	30.68801	29.969637	26.638033	27.490452	26.02925	25.750341	28.533684	30.839277	30.12064	30.802193	33.76028	35.36457
G-318-B	55.89057	55.696426	55.80796	52.882996	50.65163	51.892326	51.065495	47.56922	47.07442	48.280197	45.963875	42.9411	44.141796	44.753998	41.340565	39.776737	41.90553	41.23737	37.613335	38.92223	38.641987	41.784187	44.874622	47.02962	46.539513	47.75086	49.183945	50.20229	48.313114	48.453323	47.2892	44.354176	43.24571	43.643784	41.619915	38.84616	38.554928	38.56818	35.746845	33.388046	34.28939	33.70652	30.31821	29.229397	30.81078	29.061213	25.58154	26.261131	27.524168	25.235485	24.168468	20.44108	19.392696	16.061188	18.295935	19.38298	16.055368	15.084333	12.340131	13.673694	15.055271	18.785273	18.971235	16.765072	19.001791	18.649809	19.006094	16.194736	13.784052	15.028566	14.821934	11.205799	10.257612	12.763314	11.568178	7.981681	10.102979	12.976572	15.229343	18.367628	20.877518	24.205109	27.36734	30.340826	33.754776	34.862194	37.138798	34.212723	34.538673	31.357243	31.670027	28.254946	25.224897	22.320545	22.657951	19.471743	21.495047	23.102358	20.189693	19.26689	22.843447	25.026358	27.180347	28.344126	28.189486	32.005093	32.019447	30.618992	32.038353	35.486065	35.0248	34.80292	31.490767	33.69943	34.373264	30.78513	30.701164	32.773052	36.14743	35.785355	33.01642	34.908386	36.891563	34.07478	32.01808	35.24868	35.549885	32.15162	32.949505	36.660038	36.790546	34.80396	36.912865	36.498	38.45509	36.586926	38.392857	38.446724	37.122536	33.940277	31.46041	31.078934	27.265627	27.454117	29.649117	28.163445	30.842632	29.462086	25.8995	25.373796	23.170479	24.47061	23.789305	25.864248	26.10855	26.2102	28.108107	26.450598	28.389769	29.681393	31.381744	34.122913	35.99735	37.103756	33.97842	34.2792	32.481186	28.996422	26.591358	22.947027	22.210514	20.571087	20.005955	21.494114	20.334478	22.93602	26.147266	29.777855	31.09652	34.650948	35.708717	38.67948	38.618645	35.51192	32.18171	28.891455	25.751688	22.339188	18.811972	19.146631	16.227404	16.921875	16.727068	16.396881	13.070431	14.149186	12.463301	15.462708	17.362904	20.328344	20.466684	23.292494	24.649498	25.965738	24.851307	27.545996	31.04967	31.383064	29.587652	31.286577	31.092876	33.33406	33.33671	36.229824	36.30835	38.777744	41.225132	38.778694	36.0651	34.139675	32.68561	35.30233	34.103867	31.20071	32.02407	30.314762	29.343092	27.056942	24.020674	23.091097	23.250668	22.005804	19.937014	22.000547	24.563887	27.97555	28.069735	24.977205	26.88213	30.521002	32.384624	29.908638	31.093885	30.393724	30.17975	26.912487	25.13004	26.812834	25.798996	27.814983	29.651058	30.888384	32.12715	35.51699	36.21185	35.152542	37.497856	40.29817	39.75249	39.988678	43.21396	44.616066	43.608456	45.296158	48.331337	48.649742	46.966152	45.081425	42.64844	39.92313	37.001934	35.86018	32.547	29.73656	26.009958	24.615232	21.241999	19.579037	17.654472	14.534686	15.398968	17.160467	20.794643	23.029287	26.547356	29.285107	33.046875	34.770073	38.324062	39.735386	42.96666	44.384403	45.88482	49.0233	50.562786	53.107475	55.92808	55.4399	53.70586	51.1729	47.55165	45.44438	42.04416	40.357994	39.266277	36.35686	35.592136	32.32114	31.919384	28.68108	29.587091	28.257309	27.682636	30.661314	32.892365	31.788073	32.39696	35.58295	36.960945
R-319-B	57.992332	57.6391	57.600662	54.775555	52.54891	53.559982	52.659096	49.27426	48.663197	49.626526	47.333755	44.359325	45.319927	45.74733	42.395664	40.773357	42.61105	41.83621	38.177315	39.271473	38.620033	41.545372	44.56773	46.945625	46.74697	48.127926	49.818462	50.92646	49.278683	49.326473	47.894985	45.071922	44.159447	44.315594	42.082756	39.55411	39.332382	38.984406	36.11592	34.056053	34.805317	33.818836	30.56415	29.70256	30.907269	28.82294	25.590956	26.298717	27.044586	24.485638	22.897657	19.252634	18.692753	15.53719	18.180395	19.706152	16.648954	16.529232	13.937235	15.819209	17.821903	21.511536	22.006552	19.522854	21.324312	20.367733	20.62068	18.235775	15.626914	16.057316	15.960502	12.769105	10.966743	12.672236	11.740542	7.951829	8.7641325	11.543852	13.942679	17.46702	20.067562	23.045015	26.246382	28.901653	32.290554	33.07864	35.337646	32.33554	33.002625	30.037794	30.759	27.563623	24.507183	22.007805	22.627821	19.221306	20.61378	22.440168	19.586924	18.006289	21.29853	23.884308	26.076336	27.678598	27.589195	31.37538	30.97707	29.422157	31.108253	34.40403	33.5868	33.018734	29.532412	31.430029	32.24589	28.59566	28.1571	29.980299	33.325306	32.708763	30.012926	32.134827	34.035156	31.132107	29.330435	32.716545	32.908348	29.623026	30.737104	34.441254	34.442566	32.698368	35.089783	34.927357	37.175793	35.61537	37.666885	38.07192	36.884495	33.49556	31.037298	30.238825	26.451982	26.717192	28.49314	26.61205	29.060713	27.863731	24.16349	23.201767	20.65928	21.646536	20.769007	22.900555	23.257523	23.765198	25.840708	24.47721	26.809223	28.243967	30.284384	32.756	34.358093	35.284466	31.9822	31.961224	30.115314	26.52168	23.965567	20.280895	19.207983	17.80699	17.27283	19.20259	18.31253	21.321024	24.679409	28.347769	30.080576	33.752174	35.04688	38.24255	37.487564	34.226265	30.866127	27.387575	24.551527	20.926655	17.451092	17.284025	14.032569	14.399457	13.592779	13.427399	10.502581	12.445935	11.476649	14.985814	16.96603	20.28236	20.979658	23.541403	25.341322	27.130878	26.336437	29.31505	32.631416	32.9917	31.365551	33.074497	33.030933	35.23684	35.13893	37.940826	37.752144	40.158333	42.34265	39.722458	37.064972	35.40422	34.28061	37.156006	36.17432	33.35021	34.393814	32.950073	31.766842	29.273434	26.503067	25.618744	25.306887	23.889038	22.251375	24.273693	27.132431	30.358103	30.4582	27.138605	28.70696	32.426365	33.994804	31.225212	32.062965	31.35506	30.685726	27.470564	25.822403	27.107613	25.609753	27.243866	28.901012	30.568176	31.910152	35.100784	35.96398	35.276333	37.56174	40.25851	40.011116	40.444527	43.50044	44.963924	44.267582	45.96356	48.876537	49.35523	47.93156	46.054176	43.43051	40.629765	37.51173	36.05357	32.768433	29.936872	26.272133	25.319624	22.007757	20.94763	19.414606	16.251034	16.257885	17.827644	21.191803	23.784039	27.075777	30.083937	33.812958	35.76335	39.428944	40.882126	44.22199	45.68033	47.43569	50.54003	52.243294	54.928616	57.681038	56.99125	55.154423	52.50231	48.85601	46.974396	43.553043	41.74716	40.839516	37.80381	37.12432	33.70964	33.208344	29.858896	30.379744	28.78367	27.714008	30.615175	33.043148	31.72341	31.934153	35.24449	36.66256
L-320-B	61.424355	60.971867	60.96335	58.21018	55.909225	56.83659	56.005383	52.660507	51.92112	52.84206	50.642708	47.62789	48.4313	48.872993	45.599968	43.85157	45.54695	44.83382	41.139473	42.018124	41.16712	43.939613	46.97284	49.43977	49.451443	50.83487	52.6839	53.728016	52.16566	52.043877	50.51657	47.834953	46.90869	46.84073	44.595932	42.237446	41.87491	41.310226	38.558956	36.594837	37.059128	35.90182	32.84125	31.890938	32.733685	30.613235	27.571516	27.960217	28.339373	25.84329	23.813198	20.402319	19.870605	17.183842	20.27647	21.68609	18.649284	18.94328	16.827486	19.113415	21.084532	24.823494	25.486506	23.152733	25.023302	23.990776	24.313143	21.999413	19.33917	19.634865	19.565237	16.479353	14.541072	15.903605	14.95289	11.271818	11.471493	13.822562	16.377228	20.082592	22.71693	25.378473	28.555136	30.90884	34.2244	34.672787	36.92557	33.883213	34.879913	32.136368	33.189365	30.185177	27.126034	24.905735	25.58311	22.044819	23.007147	24.7843	21.859005	19.93447	22.922152	25.694027	28.061436	30.030281	30.127823	33.84669	33.100098	31.532202	33.46947	36.632694	35.495438	34.62421	30.997242	32.50823	33.40694	29.701635	28.876444	30.275438	33.590107	32.589317	30.09161	32.56361	34.321507	31.293463	29.912882	33.467964	33.44941	30.323677	31.853527	35.490448	35.242706	33.72846	36.379726	36.35402	38.80313	37.448097	39.57079	40.27353	39.029648	35.523777	33.25834	32.255695	28.534021	28.616903	30.021673	27.747068	30.092428	29.274372	25.480392	24.210127	21.417482	22.07699	20.991983	23.16476	23.592655	24.616993	26.72898	25.556824	28.199505	29.522732	31.699636	33.836403	35.31998	35.8849	32.398384	32.1789	30.519417	26.80438	24.291481	20.705751	19.336628	18.491632	18.064484	20.483976	19.797638	23.111874	26.46289	30.151686	32.23	35.97929	37.512516	40.84923	39.603733	36.209126	32.893505	29.27675	26.758055	23.029463	19.71646	19.127573	15.644368	15.450577	13.724179	13.383061	11.067641	13.615703	12.784443	16.510248	18.911388	22.469263	23.647295	26.205936	28.321878	30.233318	29.695276	32.683372	35.950615	36.144573	34.41397	35.91372	35.695366	37.669067	37.27094	39.84658	39.33838	41.497585	43.502808	40.65028	38.233448	36.58871	35.796257	38.78365	38.12887	35.53632	36.879604	35.6562	34.6168	31.908161	29.175106	28.622124	28.181168	26.414843	24.80771	26.452065	29.329092	32.36877	32.139027	28.698494	30.221224	33.894302	35.110897	32.23877	33.029472	32.640438	31.65973	28.33173	27.116323	28.356333	26.69209	27.847727	29.651173	31.646692	32.749344	35.823284	37.036766	36.507168	38.5231	41.298264	41.375793	41.723694	44.596798	46.294037	45.75935	47.253914	50.177605	50.916233	49.60857	47.92097	45.29423	42.605816	39.33287	37.814674	34.69622	31.693174	28.053524	27.171152	23.76269	23.120966	21.485937	18.653381	18.204979	20.083677	23.233042	26.159016	29.34588	32.360966	36.033226	37.91968	41.613544	42.87048	46.169636	47.44534	49.285748	52.245472	53.905727	56.74728	59.3415	58.451115	56.70108	53.87951	50.293938	48.487186	45.16654	43.493538	42.87297	39.914635	39.51216	36.126324	35.82415	32.55472	33.031155	31.487804	30.142405	33.10354	35.495384	33.884716	33.94315	37.394707	38.648075
H-321-B	63.317863	62.87304	62.65719	59.896008	57.738537	58.55198	57.5199	54.251694	53.60348	54.300037	51.97858	49.121677	49.881462	50.048588	46.750607	45.164886	46.672726	45.698284	42.06926	42.970936	41.86493	44.467697	47.31164	49.99461	50.14708	51.782333	53.748055	55.008022	53.652878	53.642307	51.910877	49.212017	48.557266	48.469414	45.999672	43.766727	43.657913	42.911922	40.006405	38.323242	38.90919	37.465786	34.423447	33.84081	34.578278	32.136192	29.295809	29.98007	30.047287	27.23753	24.933882	21.623602	21.723637	19.051212	22.02796	23.929497	21.228367	21.80847	19.447203	21.560284	23.813404	27.459038	27.970201	25.303707	26.774435	25.441345	25.325542	23.211842	20.796608	20.459743	20.03912	17.380089	15.390203	15.838491	14.698422	11.454037	10.981286	12.427514	15.246757	19.040314	21.91306	24.207775	27.507193	29.535034	32.89792	33.243084	35.23721	32.028122	33.137115	30.530737	31.96527	29.13523	25.954685	24.026579	24.614628	20.941221	21.372839	23.008863	20.097134	17.833965	20.47596	23.35893	25.866053	28.190853	28.56774	32.16173	31.043701	29.594315	31.858007	34.92646	33.465294	32.463966	28.783632	30.001287	30.752289	27.000732	26.066591	27.18429	30.566078	29.512928	27.25416	29.91929	31.831654	28.947016	27.714481	31.371157	31.539074	28.654842	30.293146	33.935642	33.83955	32.694942	35.568233	35.939064	38.65	37.634453	40.055088	40.925613	39.99369	36.39081	33.9621	32.560524	28.925497	29.381584	30.488161	28.045164	29.976072	29.065855	25.285713	23.48724	20.302961	20.324913	18.691145	20.486406	20.615349	21.800035	23.762356	22.646223	25.471716	26.7132	29.03168	30.902771	32.24488	32.613956	29.043777	28.701918	27.15227	23.399897	20.990246	17.535187	16.246439	15.951758	16.094639	18.99888	18.99389	22.540318	26.067348	29.613115	31.918074	35.64339	37.13094	40.573715	38.751755	35.380062	31.9652	28.325405	26.04895	22.250551	18.976429	17.676445	13.967588	12.987741	10.811803	10.043988	8.229972	11.20695	11.01211	14.795672	17.195	20.893784	22.58816	24.925047	27.439945	29.660883	29.547018	32.676346	35.725327	35.810528	34.189342	35.607086	35.50972	37.409412	36.92993	39.40235	38.66716	40.79319	42.52133	39.583286	37.18836	35.87427	35.37978	38.597713	38.123005	35.6129	37.154575	36.25178	34.981373	32.078568	29.694916	29.219053	28.282282	26.361732	25.254906	26.869131	30.035479	32.833378	32.745808	29.13381	30.204252	33.91642	34.881775	31.743666	32.11374	31.624552	30.250116	27.099804	25.954767	26.759954	24.701967	25.52208	27.114805	29.420298	30.613344	33.46756	34.781384	34.578506	36.539845	39.17243	39.493008	40.03031	42.732098	44.441666	44.19271	45.70834	48.481388	49.340347	48.28869	46.61107	43.831303	41.110336	37.697918	35.935314	32.912407	29.923643	26.42407	25.959242	22.733496	22.680864	21.532864	18.766645	17.557583	19.16388	21.907845	25.077808	27.977087	31.139055	34.708183	36.75321	40.50117	41.779053	45.152718	46.477543	48.566223	51.48977	53.33851	56.289837	58.82503	57.75388	55.870415	52.97664	49.375572	47.827915	44.48957	42.672108	42.218037	39.157364	38.84592	35.373665	35.020676	31.739124	31.905762	30.255487	28.51542	31.43798	33.851665	32.000774	31.79167	35.33288	36.50001
S-322-B	66.27684	65.69847	65.42216	62.760178	60.57241	61.22308	60.196014	57.018906	56.24811	56.799694	54.554108	51.715176	52.271767	52.356705	49.15678	47.488632	48.769463	47.787697	44.161777	44.836433	43.45938	45.83818	48.618595	51.43386	51.844456	53.551315	55.714005	56.977356	55.797585	55.656666	53.753292	51.20379	50.646988	50.330135	47.771362	45.767643	45.62928	44.607986	41.771427	40.305027	40.679306	38.975163	36.144604	35.64792	36.023365	33.4446	30.891357	31.437994	31.070415	28.231398	25.52512	22.548975	22.934448	20.709356	23.881739	25.85499	23.39297	24.428783	22.356401	24.747477	27.170765	30.796934	31.510418	28.826035	30.171185	28.60041	28.526936	26.645004	24.138777	23.523846	23.241087	20.8289	18.58152	18.68221	17.804417	14.8033495	13.694115	14.744465	17.312159	21.064579	23.792807	25.638525	28.79653	30.421427	33.62392	33.578045	35.52194	32.334515	33.812225	31.530731	33.316353	30.78686	27.722668	26.21711	26.99117	23.337872	23.230066	24.922546	22.201685	19.541637	21.653479	24.746399	27.217468	29.879253	30.328367	33.77385	32.288292	30.753817	33.210632	36.038975	34.244785	32.879917	29.119219	29.875343	30.771557	27.074192	25.679132	26.317667	29.555765	28.08767	26.062628	29.04048	30.749424	27.794344	27.04429	30.801105	30.759571	28.130156	30.169891	33.67027	33.347908	32.517326	35.637947	36.224113	39.153374	38.436848	40.983597	42.177208	41.304417	37.601	35.32933	33.64314	30.159227	30.55166	31.213068	28.425852	30.089724	29.5169	25.754168	23.597597	20.220798	19.79627	17.964708	19.722134	19.996967	21.773561	23.817762	23.110441	26.257048	27.519474	30.069973	31.538925	32.572384	32.626858	28.92333	28.207735	26.753325	22.986988	20.572832	17.364254	15.657531	15.976196	16.197319	19.465881	19.746902	23.468199	26.904007	30.353981	33.001026	36.741337	38.456676	42.030033	39.6157	36.151638	32.83501	29.12542	27.272697	23.484373	20.53539	18.857862	15.2160845	13.821233	10.787859	10.201727	9.763028	13.128568	13.543055	17.186617	19.545603	23.273478	25.31959	27.414513	30.163563	32.604782	32.691406	35.908375	38.817722	38.885166	37.34542	38.6982	38.62506	40.41641	39.800716	42.119267	41.14519	43.115387	44.606	41.52295	39.295345	38.15573	37.96157	41.296986	41.044464	38.6774	40.388893	39.665005	38.36158	35.351086	33.10953	32.734768	31.607975	29.569138	28.649555	30.114979	33.340046	35.97333	35.77723	32.094967	32.989643	36.651974	37.33111	34.07178	34.232388	33.87168	32.158226	29.094147	28.227388	28.760788	26.422554	26.753595	28.214344	30.872614	32.001877	34.592163	36.13079	36.2387	38.012306	40.555344	41.189354	41.80829	44.288616	46.102352	46.111404	47.535465	50.202644	51.249313	50.4086	48.822697	45.963875	43.275852	39.749084	37.804623	34.92578	31.946291	28.60746	28.430822	25.329899	25.684212	24.699005	22.103317	20.521265	22.03441	24.440247	27.765371	30.417252	33.64642	37.10102	39.21554	42.97588	44.193684	47.57169	48.83946	51.07762	53.90327	55.810246	58.87363	61.296284	60.044636	58.150494	55.148487	51.590508	50.211514	46.93523	45.123554	44.87317	41.812077	41.63797	38.152267	37.811474	34.554314	34.498318	32.748722	30.687403	33.48983	35.960934	33.93147	33.412094	36.993595	38.110058
H-323-B	69.33317	68.87211	68.55517	65.80975	63.714462	64.44116	63.31738	60.111332	59.47643	60.02433	57.666912	54.90089	55.569466	55.568104	52.299427	50.771545	52.08368	50.966396	47.38851	48.18707	46.79685	49.1567	51.8377	54.72336	55.10931	56.918465	59.0473	60.411095	59.23984	59.199375	57.291355	54.677982	54.179928	53.945683	51.346977	49.30363	49.25305	48.273518	45.374016	43.91601	44.38456	42.685574	39.809307	39.3622	39.79887	37.19312	34.62545	35.22673	34.87482	32.004963	29.278252	26.318428	26.739145	24.452852	27.561563	29.55801	27.011162	27.838625	25.61513	27.774536	30.007051	33.661602	34.07104	31.369385	32.75205	31.346716	30.952625	28.887274	26.707205	26.071894	25.325693	22.935677	21.112408	20.937063	19.51759	16.797976	16.043423	16.40549	19.356836	23.040005	26.05607	27.780088	31.085638	32.5521	35.83053	35.835426	37.484444	34.13778	35.54616	33.287327	35.275776	32.774437	29.531414	28.01947	28.388372	24.64461	24.401205	25.598375	22.679863	20.1958	22.087864	24.903328	27.7091	30.56701	31.46675	34.77554	33.064175	31.8952	34.64077	37.47945	35.481	34.18951	30.479427	30.991285	31.524582	27.802881	26.49622	26.746643	30.087511	28.618708	27.035301	30.202856	32.125893	29.41494	28.819725	32.605633	32.79817	30.434591	32.478474	35.957542	35.80829	35.26067	38.48055	39.303032	42.33711	41.761597	44.42184	45.612423	44.86544	41.160355	38.785652	36.994213	33.53842	34.1131	34.732933	31.934671	33.41397	32.76096	29.049793	26.667788	23.12809	22.239128	19.920156	21.09184	20.797567	22.533545	24.07971	23.11556	26.181408	26.969124	29.318157	30.481775	31.648285	31.30108	27.561687	27.029064	26.064558	22.31946	20.432127	17.635202	16.467705	17.539291	18.46432	21.964222	22.714136	26.452068	29.977177	33.306534	35.97084	39.64983	41.21206	44.77669	42.159225	38.789536	35.3864	31.742905	29.950714	26.181517	23.181608	21.099243	17.387962	15.278967	12.26448	10.61602	10.439065	13.248526	13.392616	16.698494	19.41148	23.14403	25.606607	27.79762	30.81606	33.195457	33.67282	36.760525	39.587463	39.31357	37.59343	38.611553	38.3253	39.811897	38.887657	40.931263	39.64078	41.368706	42.62934	39.39529	37.397106	36.37359	36.52905	39.965805	40.04497	37.94952	39.97388	39.591045	38.389984	35.153297	33.103218	33.113533	31.757133	29.364494	28.633705	29.711401	32.98248	35.300503	34.93103	31.174885	31.81545	35.36985	35.685528	32.32809	32.31601	32.194412	30.19982	27.168886	26.712301	27.151154	24.767645	24.639366	26.275017	29.10697	29.92356	32.380604	34.23116	34.42541	35.897892	38.49846	39.414703	39.910828	42.190334	44.21093	44.35419	45.56354	48.21474	49.5013	48.777145	47.41069	44.60327	42.10064	38.477604	36.58028	33.969067	30.83142	27.6036	27.456377	24.396147	25.213453	24.294674	22.147644	20.119175	21.849813	23.900324	27.451183	29.937132	33.02008	36.332005	38.283764	42.002926	42.972553	46.25979	47.33215	49.659622	52.31745	54.21105	57.40956	59.66339	58.211258	56.373886	53.24265	49.766575	48.521904	45.36522	43.667915	43.721493	40.775887	40.91831	37.533566	37.46965	34.414936	34.412354	32.923054	30.727057	33.678425	35.876995	33.509895	33.053932	36.746746	37.50786
M-324-B	71.635574	71.0589	70.61978	67.96519	65.89412	66.441345	65.25995	62.165054	61.456627	61.810276	59.48684	56.793533	57.280544	57.127903	53.946655	52.408756	53.478855	52.284153	48.7506	49.37766	47.71853	49.841404	52.395214	55.426	56.047844	57.980446	60.28664	61.718243	60.756634	60.657772	58.55806	56.061924	55.734417	55.32833	52.598804	50.77687	50.797768	49.56571	46.678524	45.48263	45.850254	43.88453	41.18217	40.933197	41.096443	38.31078	36.030983	36.657604	35.93078	32.969162	29.968538	27.31734	28.119282	26.134323	29.24658	31.427786	29.182749	30.386501	28.276754	30.573864	33.04766	36.64151	37.203697	34.381393	35.527306	33.83571	33.405407	31.6267	29.40177	28.412115	27.776012	25.705908	23.635693	23.070297	21.948185	19.510178	18.179966	18.189888	20.798632	24.328424	27.164282	28.41801	31.551788	32.596573	35.692406	35.36283	36.88196	33.577206	35.290306	33.37344	35.688034	33.51541	30.423943	29.35599	29.911787	26.265362	25.490372	26.754364	24.14763	21.318336	22.62118	25.590929	28.245432	31.377134	32.30936	35.41825	33.36449	32.12469	35.02343	37.58737	35.28252	33.669685	29.957596	30.008764	30.64332	27.054556	25.349976	25.115309	28.259214	26.44868	25.168884	28.568537	30.32431	27.667053	27.515348	31.31359	31.396555	29.36201	31.688318	34.987682	34.721077	34.532654	37.94042	39.030308	42.258224	42.010464	44.825455	46.28425	45.69191	41.925167	39.63253	37.543938	34.277702	34.919308	35.137276	32.120285	33.243195	32.796585	29.197557	26.480207	22.829191	21.450745	18.923212	19.866829	19.63216	21.854479	23.417528	22.915436	26.22535	27.084078	29.673504	30.429153	31.20093	30.598316	26.799381	25.835264	24.931976	21.28652	19.44089	17.04198	15.578933	17.23698	18.308872	21.99897	23.099125	26.878029	30.286997	33.42971	36.355972	39.983257	41.68815	45.34232	42.146336	38.757626	35.461563	31.832561	30.46135	26.784946	24.133966	21.718843	18.225426	15.84156	12.399101	11.084367	12.156156	15.108861	15.969665	19.028122	21.41894	25.049208	27.746788	29.583883	32.772236	35.40441	36.056232	39.260788	41.89486	41.677757	40.143993	41.185074	41.050095	42.519875	41.58945	43.54974	42.114155	43.77911	44.791588	41.51161	39.596188	38.844257	39.226067	42.767048	42.959827	40.925426	43.013042	42.77124	41.419407	38.149918	36.3024	36.264225	34.681633	32.322224	31.865637	32.96866	36.332413	38.524235	38.224937	34.436428	34.835472	38.350956	38.481945	35.011402	34.701744	34.5338	32.24448	29.447521	29.088049	29.132715	26.44029	25.914412	27.208666	30.339025	31.237217	33.34806	35.28365	35.857777	37.231255	39.617798	40.791695	41.48365	43.539448	45.54613	45.985165	47.19716	49.663097	51.056362	50.588783	49.233112	46.30541	43.780544	40.091766	37.953598	35.46112	32.463703	29.475739	29.727566	26.925678	28.076324	27.471067	25.343546	23.033262	24.436106	26.12924	29.699844	31.872534	35.04951	38.214745	40.31573	44.02941	45.04006	48.359528	49.47314	51.978264	54.582836	56.60395	59.86493	62.052975	60.4597	58.53825	55.364006	51.91494	50.89053	47.760303	45.972607	46.143444	43.14373	43.311638	39.889397	39.714584	36.652573	36.337063	34.67509	32.165623	34.899773	37.18919	34.730278	33.904774	37.56202	38.335976
V-325-B	71.37068	70.77797	70.137695	67.511856	65.57972	65.99399	64.63958	61.651962	61.014374	61.14763	58.746223	56.21957	56.647545	56.248158	53.089367	51.706707	52.593468	51.18609	47.760395	48.40178	46.55848	48.51516	50.86643	54.039192	54.759666	56.893906	59.271835	60.890553	60.125336	60.145603	57.883537	55.38249	55.31318	54.91891	52.01055	50.30685	50.580906	49.227684	46.218605	45.285126	45.80496	43.63673	40.96026	41.06454	41.207016	38.18691	36.09208	37.040928	36.150314	32.958347	29.927883	27.38784	28.675898	26.660805	29.495432	32.040844	30.12286	31.494213	29.203514	31.336771	34.061523	37.506466	38.034588	34.96873	35.720158	33.75217	33.07257	31.611717	29.544075	28.086159	27.373726	25.777945	23.635748	22.480875	21.546093	19.63796	17.821394	17.212246	19.513247	22.771812	25.517565	26.346481	29.398226	30.11253	33.134655	32.72695	34.00375	30.655998	32.44192	30.725752	33.289463	31.369942	28.36509	27.676004	28.293568	24.790714	23.521376	24.774446	22.512396	19.427269	20.1836	23.233444	25.717901	29.03535	30.024586	32.928837	30.622168	29.397728	32.43345	34.806873	32.294106	30.559475	26.899063	26.690733	27.260757	23.754997	21.932415	21.474297	24.59808	22.803448	21.706036	25.16282	27.037327	24.590452	24.512606	28.279022	28.56689	26.785963	29.078981	32.306812	32.2341	32.343407	35.821033	37.21951	40.57783	40.59983	43.617554	45.14955	44.856895	41.09049	38.670162	36.309967	33.206146	34.181168	34.20093	31.214434	31.947662	31.343489	27.909664	24.884153	21.11706	19.221575	16.310741	16.764164	16.28931	18.664228	20.143658	19.9323	23.376799	24.356916	27.164673	27.704668	28.156622	27.549126	23.746248	22.478813	21.469263	17.891191	16.031603	13.928148	12.472784	14.663138	16.183485	19.976915	21.609062	25.318993	28.709267	31.6034	34.607414	38.113678	39.73853	43.40554	39.808044	36.517086	33.228973	29.705719	28.604279	25.065264	22.665922	19.851715	16.615456	13.858094	10.396309	9.185903	11.362371	14.221881	15.905289	18.624973	20.48622	23.924086	26.776775	28.185118	31.499416	34.391594	35.237053	38.55679	40.935207	40.816723	39.56066	40.70701	40.860443	42.432854	41.670025	43.681026	42.269875	44.06467	44.911522	41.73651	39.693142	39.276478	39.708958	43.349762	43.470528	41.36048	43.377396	43.238968	41.590645	38.36286	36.80882	36.58004	34.692986	32.51	32.46325	33.779774	37.308575	39.42382	39.446835	35.639114	35.71565	39.259094	39.40803	35.807175	35.134613	34.642838	32.17996	29.71267	29.132778	28.699745	25.677185	25.050898	25.834297	29.125517	30.349964	32.187668	33.948994	34.869114	36.37208	38.460255	39.691944	40.70788	42.665516	44.47482	45.154648	46.549286	48.795334	50.115707	49.876404	48.379574	45.281162	42.63064	38.935253	36.51818	34.037537	31.287767	28.545898	29.277662	26.833393	28.252178	28.153019	25.918514	23.319687	24.164427	25.478981	28.957582	30.785765	34.098885	37.128323	39.472427	43.18478	44.38618	47.79867	49.110455	51.801407	54.464134	56.702194	59.93798	62.17708	60.557526	58.440098	55.33427	51.844036	51.041424	47.840702	45.814613	45.935047	42.79086	42.821762	39.3178	38.894974	35.783764	35.090733	33.20653	30.421833	32.901524	35.300358	32.849094	31.674524	35.25167	36.121937
P-326-B	70.946014	70.16767	69.45769	66.9833	65.00823	65.209465	63.88593	61.029003	60.22736	60.1945	57.920334	55.41443	55.596004	55.131077	52.12023	50.630703	51.271355	49.906227	46.50641	46.892868	44.822903	46.56017	48.857162	52.095844	53.049095	55.206905	57.760147	59.355366	58.774227	58.667038	56.247765	53.91345	53.954258	53.347668	50.367397	48.905552	49.17989	47.57752	44.647533	43.95762	44.31705	41.918922	39.462685	39.719517	39.570015	36.431927	34.6485	35.58178	34.344337	31.125992	27.903591	25.713728	27.336004	25.689877	28.478321	31.13123	29.58644	31.378801	29.3245	31.670963	34.663307	37.997585	38.843937	35.73518	36.270706	33.984394	33.511353	32.423878	30.131395	28.430548	28.140127	26.799494	24.2437	22.98791	22.671938	20.83734	18.437725	18.015842	19.664297	22.737745	25.031673	25.487402	28.204885	28.621689	31.371391	30.58037	31.978191	28.82922	30.977762	29.59426	32.27846	30.667728	27.990526	27.719744	28.805855	25.511648	23.927124	25.614563	23.795998	20.374208	20.797798	24.149424	26.174114	29.512674	30.138628	32.95005	30.555948	28.957396	31.854568	33.940784	31.333721	29.225882	25.541607	25.083204	26.108482	22.79443	20.473263	19.885069	22.673079	20.490175	19.258562	22.79891	24.280916	21.640266	21.91851	25.676626	25.631395	23.974155	26.566635	29.616581	29.27293	29.52489	33.104965	34.582623	38.036118	38.272408	41.336357	43.11555	42.880234	39.08818	36.842148	34.29295	31.392237	32.29563	31.94763	28.790579	29.274887	28.94006	25.63018	22.450794	18.741222	16.657738	13.94342	14.675613	14.885038	17.820456	19.78868	20.28228	23.947327	25.399128	28.53045	29.008512	29.007515	28.570148	24.823479	23.026415	21.59279	18.179358	15.856642	13.8193445	11.501767	13.57688	14.603286	18.319319	19.94311	23.598558	26.744982	29.504673	32.731335	36.206554	38.081387	41.8179	37.84899	34.477665	31.389887	27.85787	27.151814	23.752008	21.80362	19.039633	16.207401	13.868024	10.185743	10.331922	13.055175	16.239313	18.41024	21.200586	22.625782	25.9488	28.617235	29.690966	32.88805	35.98548	36.657623	40.13489	42.422134	42.603996	41.616898	43.020554	43.424374	45.201984	44.653816	46.80811	45.533764	47.459152	48.3254	45.227333	43.07517	42.722637	43.04194	46.673992	46.63315	44.370792	46.208412	45.91479	44.10671	41.021843	39.45283	38.934174	37.076477	35.15972	35.13352	36.713398	40.26234	42.523846	42.688217	38.899467	39.029743	42.632153	42.92251	39.322258	38.6206	37.95186	35.52692	33.150166	32.3553	31.788458	28.64961	28.138681	28.592161	31.898544	33.39193	35.108746	36.67327	37.760754	39.41822	41.319378	42.496216	43.723827	45.68375	47.321358	48.08948	49.64209	51.77569	52.9808	52.822414	51.170536	47.962032	45.164085	41.514275	38.913643	36.321392	33.80329	31.146078	32.082813	29.75419	31.034475	31.041634	28.5374	26.088566	26.628668	27.978367	31.28452	33.023327	36.485462	39.510857	42.064682	45.79228	47.20229	50.69583	52.175575	54.90956	57.659443	59.985146	63.161785	65.48193	63.919376	61.709015	58.671192	55.140366	54.374207	51.105263	48.94578	48.918945	45.662354	45.478497	41.88574	41.188026	37.935402	36.992867	34.79878	31.91576	34.08502	36.753605	34.527664	33.033974	36.45579	37.625896
Q-327-B	70.61674	69.80973	68.90086	66.47918	64.644554	64.69652	63.21291	60.48778	59.745144	59.48117	57.15486	54.830563	54.930836	54.217823	51.26356	49.92979	50.360332	48.794903	45.533836	45.908436	43.64798	45.18028	47.24623	50.616665	51.68457	54.03639	56.661743	58.434544	58.06733	58.070984	55.492012	53.179512	53.487473	52.88319	49.739166	48.42536	48.952503	47.22682	44.20528	43.804188	44.304283	41.714718	39.327587	39.947083	39.76578	36.427593	34.87755	36.12072	34.727943	31.333046	28.150501	26.15149	28.230385	26.613937	29.048319	32.002266	30.819702	32.74668	30.5799	32.74053	35.92668	39.069122	39.898125	36.608334	36.753113	34.21447	33.53813	32.810684	30.6865	28.564651	28.263414	27.422327	24.83616	23.069431	23.025126	21.74351	18.971188	18.032516	19.166977	21.791414	23.83231	23.754782	26.263054	26.257011	28.843346	27.912281	29.048029	25.911924	28.189234	27.10485	30.0417	28.77778	26.304688	26.506948	27.714716	24.692558	22.608536	24.3289	23.002821	19.408272	19.179712	22.565142	24.24033	27.689373	28.277298	30.816242	28.186539	26.54178	29.506887	31.311935	28.495565	26.197426	22.606218	21.80103	22.861443	19.734415	17.166935	16.290524	18.953001	16.705402	15.639836	19.25825	20.808226	18.39992	18.826035	22.51644	22.669582	21.352339	23.915518	26.829596	26.684437	27.293518	30.924095	32.738388	36.307175	36.84953	40.101944	41.958656	42.04288	38.291866	35.95331	33.135895	30.475517	31.711609	31.132193	28.061071	28.084166	27.598034	24.559214	21.097372	17.39033	14.703068	11.628432	11.701347	11.81337	15.044017	17.019253	18.045242	21.791485	23.466423	26.814886	27.081318	26.653505	26.299892	22.660677	20.452036	18.769905	15.597201	13.162348	11.630778	9.155152	11.732629	13.119993	16.732038	18.907665	22.343191	25.354582	27.766335	31.055845	34.353413	36.153954	39.878773	35.47096	32.224586	29.207998	25.84483	25.512972	22.373543	20.841356	17.77039	15.479515	13.034811	9.772859	10.426985	13.837961	16.695843	19.459152	21.85565	22.693907	25.702564	28.38887	28.982948	32.199875	35.515152	36.320393	39.877216	41.888855	42.21141	41.531334	43.05837	43.7536	45.640987	45.28447	47.494102	46.28675	48.33774	49.074413	46.112186	43.84178	43.774548	44.099342	47.778408	47.641098	45.303772	47.030544	46.79935	44.727962	41.737213	40.431133	39.71163	37.62467	35.931515	36.24875	38.024952	41.673286	43.87573	44.32997	40.561897	40.44204	44.045948	44.383583	40.713497	39.72874	38.763393	36.251385	34.190117	33.179173	32.21578	28.859446	28.32921	28.27028	31.622568	33.431442	34.87634	36.203167	37.59359	39.386024	40.97028	42.150772	43.6873	45.557865	46.96356	47.937862	49.675198	51.584286	52.679718	52.7267	50.926422	47.57591	44.660954	41.061436	38.215874	35.64091	33.43641	31.058567	32.416817	30.451876	31.893372	32.32595	29.74417	27.149082	27.17063	28.17649	31.287037	32.675976	36.225315	39.089283	41.86515	45.5536	47.161747	50.722626	52.399612	55.2768	58.082375	60.597034	63.719288	66.09503	64.53787	62.150337	59.207043	55.650204	55.07663	51.75249	49.379295	49.27202	45.89828	45.55138	41.91007	40.949997	37.67046	36.36033	33.93885	30.841583	32.664455	35.452164	33.326096	31.466513	34.71927	36.03863
P-328-B	73.42276	72.7416	71.78704	69.27491	67.54021	67.67704	66.08943	63.33116	62.737213	62.47806	60.03059	57.781483	58.014652	57.220913	54.189404	53.007584	53.49754	51.79742	48.590782	49.121517	46.896885	48.441174	50.403877	53.815445	54.818806	57.263206	59.8245	61.70094	61.324566	61.447567	58.88559	56.48999	56.84442	56.353134	53.183285	51.79545	52.409294	50.76606	47.67356	47.23675	47.85502	45.316933	42.84303	43.473404	43.41138	40.078217	38.435184	39.728527	38.4393	35.0288	31.89608	29.791498	31.77409	29.988583	32.426254	35.37708	34.01877	35.72417	33.37789	35.364563	38.403397	41.603024	42.1662	38.84243	39.03305	36.656517	35.69605	34.784985	32.93061	30.831802	30.119488	29.265419	27.029547	25.110287	24.584572	23.476654	21.055748	19.662905	21.18487	23.740612	26.073744	25.9588	28.615065	28.503284	31.157694	30.374392	31.135412	27.865587	29.955658	28.879208	31.961025	30.709864	28.062975	28.212286	28.987782	25.917917	23.746965	24.92415	23.464329	20.107744	19.606916	22.611439	24.592611	28.210285	29.277445	31.626472	28.773396	27.584435	30.826876	32.630764	29.633904	27.501251	24.07334	23.017155	23.535748	20.463177	18.15095	16.74707	19.492147	17.385206	17.069143	20.745438	22.591991	20.667141	21.174139	24.73193	25.23553	24.239756	26.631279	29.471535	29.587069	30.436552	34.054718	36.048885	39.642776	40.263077	43.582233	45.368767	45.55998	41.832912	39.37656	36.537098	33.87416	35.264904	34.759995	31.764513	31.711727	31.08767	28.109346	24.603497	20.879637	18.016603	14.660184	13.950276	13.1238165	16.02057	17.203844	17.915123	21.496984	22.619793	25.760021	25.602	25.21782	24.364826	20.691616	18.570557	17.54039	14.482092	12.902586	12.148589	10.743258	13.978188	16.053524	19.685743	22.142933	25.525	28.617533	30.913025	34.107746	37.307552	38.888638	42.553303	38.0529	34.97084	31.88333	28.659931	28.297789	25.206478	23.539907	20.220324	17.838501	14.843987	11.896649	11.409441	14.830733	17.144697	19.74583	21.746346	22.728235	25.634695	28.667847	29.28189	32.726093	35.982704	37.154713	40.584606	42.483524	42.503128	41.70498	42.94249	43.49894	45.12779	44.54336	46.506603	45.039375	46.89104	47.368233	44.330803	42.255173	42.387756	43.022793	46.774815	46.90341	44.79835	46.76034	46.83568	44.811897	41.659805	40.572205	40.139755	37.833927	35.89776	36.43305	37.928986	41.609554	43.52634	43.906357	40.11756	39.723743	43.202194	43.239754	39.503532	38.28251	37.4434	34.669594	32.784664	32.075554	30.89966	27.459755	26.465939	26.36398	29.897684	31.493174	32.676266	34.238537	35.819794	37.342148	38.86311	40.331993	41.837658	43.465935	45.001656	46.171127	47.743996	49.559452	50.85969	51.080402	49.46177	46.137154	43.387127	39.722763	36.86993	34.58515	32.325623	30.157429	31.649754	29.848068	31.697556	32.276474	30.043592	27.114378	27.19238	27.807755	31.040327	32.188087	35.591858	38.262554	40.920425	44.54018	45.95312	49.42787	50.96357	53.95056	56.600285	59.14231	62.36446	64.58724	62.848022	60.475296	57.447353	53.977715	53.588757	50.378784	48.065804	48.220314	44.94225	44.85086	41.311947	40.557972	37.480705	36.162857	33.97258	30.73537	32.64322	35.14784	32.70704	30.853327	34.173325	35.131588
A-329-B	72.91532	72.30328	71.16696	68.63882	67.08887	67.17451	65.39673	62.72333	62.28608	61.86283	59.296337	57.24639	57.524773	56.49693	53.459152	52.514713	52.910217	50.974106	47.924313	48.58573	46.30098	47.74382	49.474186	52.969772	53.952873	56.58506	59.11138	61.190186	60.944965	61.263046	58.626415	56.167706	56.750755	56.385826	53.092636	51.733418	52.61945	50.992386	47.77095	47.510075	48.36659	45.767204	43.255646	44.183094	44.250435	40.791256	39.228188	40.846413	39.59486	36.036556	33.07473	30.981373	33.229275	31.299826	33.387703	36.572517	35.411255	37.05245	34.498363	36.18211	39.286827	42.30961	42.708153	39.23075	39.093178	36.6138	35.34229	34.662354	33.113384	30.700384	29.789972	29.380825	27.326933	24.947186	24.452688	23.932392	21.421797	19.448784	20.667124	22.74117	24.98393	24.478569	27.047308	26.636463	29.237879	28.571758	28.926685	25.582224	27.534702	26.611366	29.875515	28.86041	26.298494	26.763483	27.410242	24.608873	22.049551	22.99037	21.941566	18.639742	17.483564	20.275373	22.044888	25.751482	26.980017	29.01791	25.943134	24.957706	28.340202	29.96502	26.799213	24.718052	21.48656	20.185112	20.364382	17.44425	15.2634	13.550822	16.387606	14.639556	14.726855	18.281494	20.508589	19.107573	19.463375	22.82621	23.813646	23.128796	25.193314	27.94744	28.484243	29.595257	33.131336	35.403927	39.01481	39.818035	43.280735	44.983643	45.48317	41.84227	39.20412	36.221584	33.722656	35.487247	34.967335	32.200615	31.837212	30.892338	28.166265	24.54871	20.904854	17.697355	14.061474	12.394624	10.797647	13.450002	14.146224	15.095491	18.590147	19.705214	22.935434	22.527159	21.822416	20.992554	17.419256	15.009862	13.908961	11.097368	9.845324	10.026336	9.360392	13.02861	15.6824255	19.066593	22.011463	25.108047	28.140245	30.106226	33.178043	36.16094	37.484592	41.057934	36.34464	33.494614	30.400932	27.431887	27.24269	24.421947	22.987837	19.409115	17.488834	14.315419	12.162109	11.64745	15.318929	17.02363	20.008455	21.461615	21.881905	24.38378	27.46523	27.64574	31.126667	34.50914	35.906376	39.32465	40.930096	40.976944	40.425972	41.69193	42.48504	44.15534	43.725952	45.697475	44.285522	46.24084	46.57519	43.70476	41.523552	41.959206	42.6125	46.388073	46.44569	44.31518	46.192772	46.39218	44.140594	41.070625	40.29913	39.748188	37.192112	35.43718	36.351276	37.967163	41.71673	43.504993	44.174114	40.440083	39.752186	43.18494	43.251007	39.473976	37.955097	36.81935	33.979603	32.460667	31.55507	29.974619	26.370907	25.356287	24.72851	28.25537	30.137844	31.036955	32.34524	34.207523	35.84581	37.04484	38.505924	40.296257	41.827988	43.13021	44.489986	46.229424	47.820194	49.010895	49.42856	47.690056	44.25506	41.431522	37.833355	34.77872	32.571228	30.622099	28.785524	30.685135	29.301035	31.350475	32.37252	30.175156	27.088501	26.672112	26.855516	29.868414	30.617664	34.02842	36.486572	39.30699	42.852417	44.41699	47.925064	49.630116	52.74775	55.429058	58.148117	61.30787	63.56945	61.83806	59.298267	56.37729	52.89973	52.712452	49.47131	46.96417	47.06364	43.707405	43.4997	39.962254	39.013245	35.988216	34.35313	32.05273	28.632944	30.251059	32.74612	30.336115	28.195059	31.364912	32.35437
N-330-B	74.08538	73.34644	72.081345	69.684166	68.17721	68.06002	66.23737	63.722458	63.209457	62.574734	60.081852	58.143715	58.221546	57.038967	54.149624	53.21659	53.342377	51.350887	48.418774	48.891476	46.37161	47.524197	49.061783	52.65206	53.864777	56.597504	59.269466	61.40599	61.39425	61.668385	58.863323	56.55405	57.328007	56.812763	53.424004	52.315033	53.29435	51.45149	48.283943	48.31202	49.0948	46.284996	43.990723	45.13746	44.980618	41.41498	40.17658	41.848053	40.313484	36.746147	33.71004	31.977844	34.518013	32.8751	34.814068	38.091587	37.25589	39.157776	36.74525	38.49397	41.76009	44.659588	45.22274	41.701427	41.341156	38.637142	37.42172	37.061855	35.46674	32.836178	32.15096	32.017048	29.784449	27.263895	27.151506	26.794497	23.99404	22.046885	22.744173	24.454607	26.250746	25.231668	27.37086	26.45009	28.651745	27.592615	27.752043	24.650944	26.926151	26.529116	30.000433	29.456383	27.28704	28.24734	29.169682	26.68505	23.798096	24.902445	24.347086	20.963358	19.32993	22.099503	23.348797	27.033522	28.05215	29.763254	26.502247	25.348843	28.636454	29.80115	26.428875	23.973568	20.963049	19.06337	19.501625	17.105263	14.416549	11.993382	14.149055	11.879644	12.58031	16.224508	18.112762	17.007504	17.959518	21.06326	21.948172	21.815615	24.039341	26.405416	26.864689	28.40716	31.99058	34.52912	38.232037	39.38523	42.93649	44.854397	45.547203	41.953552	39.44497	36.24082	34.06266	35.88688	34.993126	32.19044	31.402605	30.630644	28.22918	24.475761	21.063147	17.5389	14.121486	12.095945	10.888658	13.883815	14.654483	16.417625	19.836384	21.205023	24.57352	23.860073	22.557108	21.730272	18.467758	15.45373	14.160967	12.118929	10.929363	11.832526	10.841974	14.324129	16.669437	19.68984	22.77165	25.587122	28.269156	29.865675	33.06734	35.85181	37.280006	40.83913	35.602997	32.847664	30.026133	27.262243	27.602045	25.123907	24.233421	20.693523	19.34591	16.545921	14.602679	14.782941	18.560802	20.303139	23.480621	24.86069	24.961195	27.231901	30.192616	30.011827	33.38986	36.907223	38.28658	41.76294	43.17272	43.400543	43.103325	44.492695	45.48618	47.23822	46.936752	48.931168	47.557796	49.54919	49.783497	46.987522	44.794163	45.380936	46.048393	49.824562	49.832996	47.663235	49.45005	49.634663	47.247635	44.275936	43.60049	42.892666	40.284218	38.70593	39.727837	41.464397	45.229115	47.025677	47.803135	44.090363	43.34169	46.762306	46.840767	43.056103	41.423683	40.176125	37.30099	35.953407	34.977966	33.215965	29.548529	28.494287	27.540625	31.047186	33.075436	33.71014	34.868763	36.966625	38.625305	39.559868	41.06596	43.058342	44.458595	45.600857	47.14147	48.967743	50.36241	51.501	52.097733	50.283134	46.770496	43.893734	40.3741	37.15888	35.013424	33.346474	31.737898	33.86005	32.671097	34.72283	35.884163	33.602455	30.557753	29.913027	29.974775	32.80301	33.329468	36.763603	39.077396	42.033787	45.51424	47.20418	50.726696	52.542168	55.74024	58.42785	61.24898	64.37185	66.64211	64.896324	62.264595	59.40155	55.941376	55.88782	52.645237	50.035248	50.094467	46.690006	46.36889	42.824326	41.681946	38.64706	36.75203	34.261383	30.737865	31.972477	34.578575	32.336887	29.861332	32.771187	33.918022
G-331-B	76.76076	76.07033	74.68041	72.28084	70.90596	70.748505	68.79874	66.35628	65.94775	65.19258	62.63193	60.842842	60.93505	59.587227	56.72042	55.948658	55.981533	53.8368	51.04037	51.563465	48.974514	49.986748	51.3134	54.96634	56.2207	59.085705	61.755966	64.02319	64.13251	64.50953	61.63902	59.331882	60.26108	59.78666	56.32871	55.28345	56.40854	54.541794	51.337013	51.491005	52.363197	49.501553	47.23888	48.52749	48.382862	44.768955	43.61359	45.387	43.820168	40.226196	37.230854	35.570038	38.190884	36.532692	38.363365	41.702595	40.916325	42.77261	40.277363	41.892166	45.13416	47.979492	48.410652	44.83519	44.354664	41.659355	40.23951	39.938328	38.557194	35.822853	34.9464	34.991436	32.94692	30.24045	29.997013	29.899673	27.208178	24.97328	25.643911	27.067087	28.820875	27.535774	29.533955	28.299032	30.31242	29.244146	28.951643	25.939362	28.113764	28.000645	31.616787	31.343037	29.28433	30.451904	31.156996	28.878006	25.80015	26.524899	26.195446	23.05423	20.978794	23.299557	24.435999	28.140589	29.423956	30.732626	27.245178	26.445919	29.836306	30.71884	27.161108	24.755278	22.147707	19.811968	19.807932	17.907782	15.439053	12.358814	13.987973	11.932918	13.694198	17.03391	18.96338	18.560314	19.725101	22.413229	23.572634	23.9484	25.977264	28.03956	28.722328	30.613113	34.119453	36.898518	40.611423	41.980164	45.608143	47.53579	48.432648	44.911514	42.36177	39.059593	37.05164	39.041878	38.059956	35.35248	34.3229	33.48551	31.309912	27.527227	24.259825	20.60953	17.242004	14.738598	13.09672	15.598655	15.604822	17.43185	20.458069	21.445929	24.618473	23.333616	21.665272	20.412455	17.475668	14.206053	13.532183	12.371311	12.222847	14.078707	13.805469	17.341503	19.900263	22.69488	25.964842	28.564442	31.115623	32.41838	35.535275	38.09388	39.34414	42.792633	37.2936	34.78928	32.08399	29.603527	30.149864	27.923847	27.198793	23.575415	22.462677	19.562103	17.974037	17.843596	21.562206	22.88671	26.031116	27.009151	26.944374	28.904034	31.990004	31.570759	35.00604	38.519634	40.174786	43.55026	44.71307	44.814976	44.612534	45.850235	46.88762	48.49244	48.13307	49.9509	48.43912	50.316875	50.277534	47.534588	45.467304	46.341164	47.22851	51.02906	51.18014	49.16232	51.034042	51.448692	48.996662	46.0039	45.59614	44.987904	42.179543	40.576485	41.862537	43.480946	47.257484	48.82499	49.664963	45.990444	44.970135	48.259098	48.14655	44.339664	42.43417	41.158875	38.10606	37.078114	36.239826	34.1731	30.448828	29.067062	27.792103	31.33808	33.323193	33.531284	34.69698	37.107506	38.583817	39.228024	40.956013	43.085297	44.19405	45.27437	47.093884	48.871387	50.020695	51.24785	52.1156	50.37971	46.84798	44.076633	40.606262	37.292915	35.450756	33.993523	32.760796	35.143475	34.27401	36.608368	38.008358	35.944553	32.720734	31.918844	31.575459	34.299168	34.45116	37.739986	39.758816	42.701168	46.043484	47.675983	51.121178	52.918865	56.248417	58.817146	61.73887	64.882965	67.04578	65.1711	62.47337	59.62242	56.25422	56.454224	53.30747	50.65995	50.872654	47.52268	47.303055	43.86365	42.7404	39.89336	37.82029	35.418213	31.766878	32.785896	35.184013	32.836296	30.174063	32.905167	33.836002
E-332-B	74.73505	74.02183	72.48632	70.15034	68.89456	68.61959	66.56204	64.246704	63.887333	62.95965	60.38361	58.757175	58.78987	57.262928	54.47278	53.839638	53.717678	51.438927	48.796616	49.323975	46.65078	47.51123	48.63657	52.334156	53.628544	56.61214	59.288887	61.678658	61.940613	62.42112	59.47084	57.185143	58.313023	57.876984	54.335598	53.39517	54.720234	52.81512	49.567833	49.931507	50.93647	47.99953	45.79928	47.353573	47.239437	43.546177	42.55924	44.569416	42.977848	39.31823	36.49439	34.96311	37.825512	36.184494	37.676495	41.166283	40.666904	42.57555	40.04713	41.48865	44.834408	47.4655	47.91331	44.262623	43.46843	40.610275	39.103832	39.13688	37.882427	34.898678	34.113186	34.555706	32.50305	29.548994	29.617128	29.90202	27.024107	24.630339	24.784328	25.720116	27.108019	25.409496	27.09585	25.52595	27.313438	26.212431	25.649664	22.737125	24.924274	25.108425	28.815453	28.878813	27.128803	28.691084	29.552334	27.646765	24.305387	25.132576	25.331854	22.204262	19.707869	21.955864	22.548536	26.133371	27.206808	28.229378	24.673292	23.769842	27.04978	27.62227	23.983788	21.452534	19.088139	16.458158	16.48286	14.990455	12.422233	9.006923	10.288575	8.479081	10.665814	13.69716	15.801981	15.898528	16.964375	19.333668	20.813803	21.487537	23.227211	25.104202	26.076603	28.159607	31.533266	34.49847	38.177822	39.716484	43.414692	45.30924	46.452404	43.045364	40.44053	37.0344	35.263996	37.49072	36.425793	33.941063	32.623512	31.59295	29.730797	25.960102	22.949865	19.189362	15.980613	12.97827	11.265273	13.511489	13.456032	15.892278	18.756695	20.136656	23.467146	22.232283	20.124817	19.349012	16.740673	13.1207485	11.766644	11.246328	10.951843	13.296404	13.154269	16.357689	18.875748	21.18998	24.653608	26.871128	29.189032	30.133854	33.14285	35.4669	36.587807	39.941998	34.240826	31.928892	29.353832	27.150963	27.978127	26.117891	25.795023	22.213083	21.694042	19.10882	18.112722	18.440384	22.16524	23.296206	26.713213	27.49732	26.92146	28.554455	31.401514	30.567251	33.822643	37.44744	39.054653	42.464153	43.404526	43.738235	43.850998	45.293766	46.624863	48.421024	48.343693	50.31593	49.02676	51.108784	51.121887	48.578114	46.310486	47.293278	47.993343	51.74789	51.67146	49.49676	51.138306	51.46223	48.800797	46.001827	45.72598	44.847004	41.9866	40.7005	42.150887	44.02009	47.8092	49.44008	50.550106	46.945442	45.86936	49.184837	49.281784	45.5004	43.52436	41.945473	39.03173	38.179596	37.01196	34.784546	31.035103	29.956625	28.316822	31.667995	34.004547	34.151104	34.91721	37.41336	39.15497	39.555634	41.060055	43.442364	44.621925	45.395115	47.23837	49.262344	50.268177	51.24723	52.17013	50.212955	46.58747	43.658012	40.32842	36.868797	34.92698	33.817696	32.75933	35.365353	34.740883	36.961426	38.6056	36.387672	33.270805	32.06692	31.612963	34.03022	33.978283	37.323006	39.249573	42.390507	45.68091	47.569763	51.07887	53.110546	56.46388	59.15187	62.19688	65.208984	67.49991	65.75945	62.916718	60.226276	56.807816	57.05638	53.82287	50.984814	50.97641	47.517517	47.028126	43.551277	42.124294	39.22261	36.87743	34.241276	30.561306	31.182758	33.739395	31.689152	28.751585	31.205507	32.431034
I-333-B	71.84176	71.24943	69.75671	67.311035	66.08085	65.950195	63.86547	61.44952	61.203262	60.392323	57.714157	56.06294	56.2772	54.798183	51.87815	51.319473	51.39456	49.07762	46.386154	47.130344	44.64777	45.747364	46.97707	50.616165	51.681297	54.64098	57.171345	59.584126	59.684837	60.282063	57.45493	55.006573	56.05788	55.81008	52.302845	51.150284	52.51224	50.807903	47.455276	47.64658	48.826088	46.05	43.642746	45.15262	45.297592	41.641342	40.417713	42.547726	41.22663	37.505924	34.85384	33.0269	35.784145	33.856	35.26269	38.78707	38.160957	39.850395	37.1447	38.393154	41.66165	44.26871	44.557472	40.882294	40.080402	37.319546	35.672558	35.623493	34.512306	31.53619	30.571362	31.05497	29.172577	26.126032	26.05309	26.511183	23.752634	21.150259	21.390802	22.313597	23.933672	22.451756	24.458548	23.231422	25.412336	24.757923	24.29197	21.047735	22.892324	22.602762	26.212015	25.947836	23.922092	25.265007	25.954435	23.965929	20.67135	21.410875	21.530733	18.433926	15.950395	18.24346	19.016743	22.666525	23.857618	25.093288	21.612276	20.795458	24.21601	25.173098	21.654343	19.44669	16.819986	14.73558	14.454211	12.323004	10.1696415	7.4215755	10.013141	9.129869	10.289054	13.240789	16.00198	15.8463335	16.070028	18.723917	20.537008	20.66404	22.084368	24.3996	25.644207	27.333618	30.62401	33.42021	37.01156	38.26518	41.93918	43.583893	44.67695	41.265915	38.457973	35.19528	33.20571	35.553482	34.83115	32.50444	31.451488	30.086203	28.04091	24.355318	21.195675	17.574297	14.078042	10.868573	8.366058	10.24189	10.02093	12.2123165	15.245789	16.728687	20.173092	19.302017	17.522135	17.094467	14.182217	10.796615	8.9171715	7.714958	7.1608624	9.655839	10.077111	13.386184	16.324005	18.728207	22.295996	24.587044	27.178345	28.3225	31.159582	33.59652	34.52893	37.880478	32.612854	30.266348	27.400257	25.086	25.508827	23.483679	22.865427	19.173212	18.548615	15.793853	15.173953	15.297421	18.914932	19.780287	23.25736	23.901274	23.180824	24.770903	27.594336	26.787882	30.06775	33.679684	35.292423	38.695293	39.688503	39.99949	40.07598	41.548313	42.89464	44.75313	44.74966	46.81565	45.64368	47.841408	47.992622	45.510445	43.104984	44.022396	44.57643	48.303955	48.113815	45.861923	47.433292	47.710793	45.02529	42.25796	41.98956	41.067413	38.202778	36.972065	38.455112	40.392776	44.180477	45.844696	47.048206	43.47587	42.408283	45.75364	45.98738	42.229813	40.30326	38.604668	35.815994	34.938393	33.589577	31.39428	27.660393	26.83605	25.201925	28.465393	30.944378	31.309492	31.94247	34.281597	36.210686	36.71386	38.01937	40.38909	41.766563	42.49592	44.172092	46.29139	47.411705	48.275547	49.04675	47.002357	43.37062	40.361214	37.02116	33.590084	31.482748	30.328321	29.168386	31.755713	31.141378	33.29392	35.008186	32.76252	29.673473	28.35186	27.900537	30.27868	30.285427	33.68203	35.707703	38.879044	42.22425	44.178257	47.73706	49.82864	53.126026	55.90108	58.93308	61.898388	64.27573	62.641544	59.788597	57.142303	53.660164	53.803707	50.50116	47.62337	47.497616	43.994587	43.42478	39.90722	38.4484	35.492928	33.19226	30.54922	26.894638	27.651548	30.253294	28.202492	25.370087	27.976498	29.269047
R-334-B	72.08515	71.68329	70.238365	67.63684	66.46819	66.54289	64.40586	61.864193	61.795906	61.134956	58.31411	56.65664	57.12049	55.689205	52.612778	52.17606	52.494446	50.119694	47.401585	48.411144	46.154495	47.488373	48.78463	52.355648	53.175972	56.11839	58.470787	60.91936	60.84088	61.57563	58.895943	56.27296	57.22722	57.191185	53.740784	52.347458	53.72295	52.251335	48.806355	48.768948	50.110207	47.533802	44.905014	46.287476	46.698578	43.12242	41.605694	43.767212	42.734818	39.000156	36.464252	34.30808	36.82452	34.579	36.03433	39.50993	38.589363	39.95247	37.024403	38.060814	41.126606	43.79702	43.783016	40.11085	39.43092	36.93073	35.03191	34.691166	33.84324	31.008995	29.616241	29.99332	28.497126	25.42275	24.824327	25.407724	23.068855	20.152481	20.896322	21.927914	24.025795	22.92933	25.340004	24.499334	27.02717	26.853855	26.313562	22.848196	24.183678	23.431236	26.881693	26.246109	23.8244	24.74845	24.896368	22.73575	19.628527	19.783714	19.567331	16.809673	14.375194	16.244556	17.595852	21.339756	23.067694	24.371675	20.915833	20.656282	24.303286	25.63916	22.255478	20.62157	18.038881	16.466421	15.459343	12.989165	11.830726	9.777471	12.802521	12.628856	13.5583515	16.222633	19.306473	19.146854	18.88607	21.583815	23.633814	23.447878	24.584646	27.144798	28.598951	30.023811	33.21312	35.866287	39.358746	40.36242	43.99008	45.38982	46.416622	43.009296	40.020195	36.9393	34.71578	37.125946	36.755985	34.537014	33.776196	32.17612	29.932129	26.369566	23.059126	19.673618	15.982779	12.892316	9.711689	10.647609	9.466818	10.516574	13.329664	14.124429	17.335318	16.338587	14.999661	14.237546	10.978913	7.999523	6.859217	5.0836515	5.9811883	8.844669	10.458769	13.946308	17.363531	19.96608	23.518867	25.944399	28.826101	30.174656	32.791977	35.28877	35.95559	39.231934	34.418186	32.148075	29.046883	26.706524	26.660105	24.446445	23.350616	19.559757	18.542011	15.341017	14.964024	14.180273	17.52558	17.83066	21.099903	21.350452	20.701376	22.193384	25.269445	24.612843	28.081623	31.556786	33.44657	36.70258	37.697277	37.699635	37.588108	38.81195	40.00568	41.67794	41.522587	43.44874	42.155056	44.267376	44.325027	41.834015	39.490055	40.499306	41.18217	44.929077	44.8709	42.759678	44.473362	44.9524	42.331276	39.454124	39.33348	38.637676	35.64041	34.232048	35.863884	37.60533	41.388752	42.855824	44.044754	40.49801	39.249226	42.503384	42.608093	38.84223	36.791073	35.11785	32.23793	31.485062	30.247355	27.934343	24.182552	23.183655	21.514172	24.843355	27.23396	27.548943	28.283798	30.644346	32.47987	33.02145	34.41789	36.72606	38.056877	38.87764	40.57168	42.609657	43.756077	44.71324	45.493683	43.55376	39.959423	37.05027	33.644238	30.263914	28.295315	27.022736	25.949265	28.5833	28.090513	30.485975	32.317078	30.341873	27.062986	25.758667	25.028528	27.484568	27.376083	30.654697	32.601707	35.654633	38.98014	40.7898	44.300945	46.29751	49.62386	52.328842	55.351738	58.363567	60.67532	58.977253	56.147038	53.46149	50.00814	50.20497	46.952595	44.117245	44.12509	40.688126	40.292423	36.846672	35.583706	32.77839	30.58304	28.207241	24.519777	25.546612	27.860868	25.496767	22.855362	25.673794	26.61449
V-335-B	69.86289	69.48161	68.19577	65.533134	64.2379	64.44021	62.424633	59.748466	59.632965	59.16711	56.364304	54.533737	55.081787	53.854294	50.68836	50.118103	50.63783	48.410927	45.528744	46.587975	44.49631	46.071514	47.6196	51.095516	51.78207	54.57205	56.860577	59.17774	58.8975	59.569614	57.01824	54.326984	55.0702	55.07073	51.72004	50.160988	51.37865	50.027084	46.587696	46.315044	47.623672	45.18921	42.433826	43.60287	44.115116	40.631657	38.89563	40.95752	40.09178	36.389755	33.877026	31.4947	33.80074	31.41308	33.005978	36.391193	35.27082	36.522667	33.566566	34.653217	37.65871	40.4381	40.43106	36.806335	36.329865	33.934258	32.145317	31.58135	30.601053	27.942627	26.547466	26.64782	25.115404	22.21265	21.475498	21.818045	19.552643	16.73962	17.826513	19.29866	21.724901	21.138288	23.912472	23.602587	26.472889	26.48523	26.406849	22.791546	24.055946	22.8026	26.012472	24.895212	22.146967	22.608982	22.770552	20.216864	17.427874	17.811546	17.070648	14.083541	12.302247	14.667193	16.495735	20.254223	21.877377	23.73176	20.596973	20.110332	23.7074	25.522942	22.42898	20.944744	17.928324	17.050982	16.362207	13.223707	12.158062	11.108106	14.619652	14.30693	14.262574	17.086233	20.162113	19.363432	18.726906	21.819027	23.656675	22.86581	24.075909	27.01416	28.304169	29.27835	32.49143	34.8329	38.26656	38.94683	42.467045	43.761406	44.539295	41.059147	38.043686	35.14948	32.643814	34.90008	34.780178	32.520416	32.13838	30.510614	27.954185	24.50344	21.001865	17.910181	14.11893	11.577441	8.469094	9.526777	9.076248	9.4044285	12.721275	13.730786	17.022968	16.775858	16.191946	15.808045	12.20618	10.123426	8.653127	5.323395	4.621956	5.997916	7.6878166	11.278701	14.811045	17.754498	21.101376	23.821362	26.979523	28.730549	31.342268	34.107033	34.86662	38.234688	33.88043	31.371199	28.059557	25.399588	24.911972	22.317337	20.77832	16.997177	15.462665	12.02611	11.462411	10.389914	13.736067	14.224905	17.514544	18.086077	17.713133	19.634083	22.724285	22.480759	25.999891	29.428871	31.114124	34.442333	35.756416	35.760513	35.426224	36.710808	37.761265	39.513428	39.330494	41.389812	40.17675	42.359947	42.68345	40.100773	37.664703	38.366253	38.87276	42.613804	42.472874	40.255615	41.960587	42.268288	39.760445	36.829617	36.443066	35.74871	32.917816	31.421907	32.80043	34.584595	38.373257	40.021816	41.11019	37.507336	36.49538	39.873226	40.11923	36.361404	34.579	32.98397	30.253933	29.144888	27.821754	25.844902	22.14702	21.451057	20.246378	23.567465	25.910986	26.733173	27.562275	29.527554	31.493013	32.42474	33.62636	35.703568	37.333584	38.30368	39.67819	41.697006	43.14485	44.072575	44.543762	42.5906	39.055393	36.093605	32.595806	29.38895	27.124344	25.494246	23.950977	26.259235	25.388222	27.575336	29.165812	27.04495	23.846737	22.760399	22.423262	25.104166	25.447165	28.86112	31.151657	34.14682	37.63199	39.416504	42.985504	44.93171	48.11575	50.908737	53.798813	56.821945	59.208035	57.608147	54.880962	52.147057	48.61351	48.541935	45.213158	42.462452	42.37588	38.91401	38.502	34.96068	33.788002	30.815744	28.909613	26.555122	23.01617	24.475159	26.912638	24.53401	22.262848	25.392826	26.423275
K-336-B	69.066025	68.865036	67.67053	64.86091	63.593422	64.01659	61.995636	59.18171	59.217766	58.943768	56.03156	54.160282	54.957626	53.83568	50.524773	50.037083	50.829994	48.606308	45.68259	46.991634	45.171234	47.007614	48.666294	52.027824	52.449608	55.1646	57.257557	59.560455	59.064854	59.847836	57.48071	54.626213	55.224636	55.43622	52.184982	50.372	51.56202	50.47183	46.973106	46.43587	47.889008	45.70063	42.73299	43.732197	44.527306	41.17761	39.13764	41.20335	40.672516	37.009716	34.679398	31.976395	33.974373	31.274736	32.88144	36.15562	34.735935	35.61267	32.45735	33.305428	36.063282	38.890175	38.585773	35.00416	34.693428	32.60755	30.622917	29.720892	28.989452	26.559937	24.753876	24.676165	23.575132	20.751436	19.43145	19.86432	18.152525	15.107872	16.800749	18.44457	21.350609	21.308737	24.453238	24.643133	27.820238	28.285168	28.267834	24.528759	25.324823	23.575003	26.469995	24.900654	21.772284	21.654814	21.281599	18.480717	16.132872	15.984722	14.659618	12.095808	10.840258	12.809096	15.364187	19.031507	21.049171	23.125322	20.265375	20.194342	23.825542	26.075253	23.292456	22.364511	19.387827	19.125858	18.05101	14.696752	14.448327	14.074531	17.745447	17.830475	17.523323	20.085869	23.325777	22.445679	21.381447	24.487312	26.441635	25.301641	26.244883	29.404718	30.823982	31.459429	34.53004	36.642834	39.926044	40.295372	43.708935	44.73301	45.38899	41.938225	38.77976	36.140743	33.400185	35.654583	35.928406	33.82021	33.783627	31.94594	29.21083	25.997923	22.464298	19.789206	16.077042	13.929128	10.752551	10.872757	9.956648	8.748677	11.658847	12.011518	14.922679	15.046029	15.32706	14.96001	11.2081375	10.346524	9.495344	5.908417	6.0250573	6.4059405	9.021531	12.101262	15.766456	18.733246	21.859596	24.64806	28.038763	30.016142	32.368053	35.20252	35.736393	39.015266	35.249557	32.784668	29.28121	26.589483	25.58331	22.813852	20.768518	17.093042	15.1336155	11.441775	11.283196	9.113427	11.769755	11.505591	14.507168	14.700997	14.488227	16.467031	19.783743	19.878017	23.545546	26.780785	28.62765	31.816929	33.246086	32.974945	32.38717	33.475544	34.340954	35.973003	35.670017	37.68256	36.43034	38.60136	38.981552	36.382717	33.92302	34.572826	35.08129	38.82929	38.73779	36.58255	38.386555	38.7978	36.380917	33.348015	33.004578	32.503563	29.617094	27.944489	29.378965	31.017962	34.803226	36.34868	37.421787	33.83221	32.74126	36.09313	36.320732	32.564583	30.783867	29.198523	26.487822	25.346436	24.026646	22.086445	18.403751	17.77556	16.772125	20.089294	22.36277	23.426706	24.333006	26.085936	28.07114	29.215302	30.348143	32.26959	34.025475	35.1072	36.323376	38.28914	39.892902	40.84816	41.17341	39.283077	35.813507	32.910004	29.338362	26.279951	23.991316	22.095985	20.40413	22.60465	21.699923	24.01958	25.655691	23.738747	20.398712	19.380337	18.92395	21.75702	22.194984	25.545639	27.917233	30.77716	34.306534	35.97083	39.524925	41.38778	44.525524	47.312515	50.14494	53.19275	55.573177	53.986206	51.310093	48.545883	44.99477	44.84572	41.514397	38.819218	38.777557	35.35596	35.066456	31.551508	30.583376	27.685104	26.017084	23.945425	20.506166	22.398579	24.586409	21.96152	20.108849	23.509214	24.263199
S-337-B	71.2573	71.07075	70.03547	67.18303	65.7902	66.323906	64.43322	61.51	61.48023	61.38051	58.515465	56.484737	57.319633	56.38961	53.038086	52.396626	53.32295	51.260735	48.2057	49.470547	47.724552	49.66956	51.505257	54.81458	55.22351	57.806595	59.899086	62.061493	61.42548	62.08637	59.80284	56.956978	57.35192	57.507057	54.357883	52.467293	53.43689	52.37911	48.95739	48.219177	49.50942	47.406002	44.41283	45.124596	45.869293	42.630013	40.445213	42.233063	41.72857	38.17378	35.68898	32.890804	34.595776	31.911692	33.878178	36.936726	35.204422	36.00212	32.924934	33.9731	36.565548	39.62121	39.305023	35.865242	35.947662	34.086613	32.267403	30.977972	30.086706	28.031036	26.186686	25.575287	24.5068	22.121447	20.436583	20.285852	18.91873	16.279749	18.585766	20.765106	23.903276	24.24699	27.522789	27.92426	31.15442	31.512547	31.710022	27.99175	28.909283	27.077776	29.86992	28.096909	24.829903	24.341812	23.867096	20.751602	18.881315	18.683605	16.745138	14.375978	13.886977	15.76382	18.671196	22.224403	24.303667	26.559908	23.85095	23.800703	27.377623	29.751291	27.037226	26.069273	22.984745	22.705112	21.793856	18.421978	17.911737	17.304134	20.87414	20.48767	20.25738	23.14143	26.153608	24.985113	24.203075	27.49782	29.143105	27.890888	29.146666	32.357525	33.485752	34.032124	37.224648	39.19035	42.50258	42.748573	46.076885	47.156555	47.568253	44.029083	40.976486	38.447987	35.531433	37.504417	37.824024	35.506084	35.718273	34.120033	31.143	27.955168	24.266949	21.73171	18.03702	16.404858	13.676151	14.324956	13.733194	12.402726	15.116262	14.99764	17.434675	17.445072	18.12466	17.21733	13.430284	12.929928	12.82293	9.476079	9.646468	9.38441	11.151642	14.267196	17.644064	20.961496	23.770693	26.866995	30.375587	32.6332	35.099083	38.11258	38.810467	42.157818	38.516403	35.889614	32.362663	29.465664	28.307972	25.270224	22.926144	19.390625	16.85827	13.072129	12.052435	9.189003	11.550005	11.5963745	13.932675	14.46933	15.209297	17.645258	21.15038	21.842709	25.575762	28.557358	30.392212	33.467484	35.15106	34.610947	33.630478	34.439903	34.899963	36.265434	35.590282	37.394005	35.862446	37.76408	38.10344	35.241196	33.040585	33.50922	34.251244	38.048347	38.249622	36.30703	38.400997	38.91582	36.80444	33.546856	33.01092	32.883606	30.12437	28.028786	29.19455	30.465322	34.21093	35.674255	36.375015	32.691025	31.69473	35.015804	34.975555	31.181595	29.52593	28.378317	25.496815	24.055313	23.22552	21.587366	18.010088	16.93243	16.622303	20.154245	21.849783	23.057764	24.519152	26.08251	27.691023	29.19053	30.583876	32.12905	33.807205	35.281822	36.42926	38.06625	39.864605	41.113873	41.345234	39.745125	36.436085	33.771774	30.075624	27.288063	25.184084	22.837091	20.902353	22.67524	21.374659	23.81976	25.05317	23.38715	19.929136	19.59963	19.36354	22.588182	23.337109	26.512781	28.969185	31.503067	35.05258	36.36408	39.8044	41.354145	44.43095	47.063763	49.723133	52.920906	55.14661	53.412468	50.927067	47.97353	44.488445	44.254395	41.03832	38.60951	38.845245	35.596092	35.661076	32.24238	31.697987	28.92959	27.680237	25.978611	22.732992	25.020716	26.939577	24.058851	22.630894	26.188055	26.577768
M-338-B	70.18976	70.06254	69.21193	66.28819	64.78318	65.48558	63.72933	60.668884	60.620777	60.753048	57.912014	55.720722	56.67606	55.97537	52.548428	51.794888	52.953884	51.06121	47.881527	49.212166	47.684803	49.859623	51.91498	55.08828	55.33945	57.743217	59.729717	61.74338	60.883347	61.488434	59.378345	56.472256	56.625477	56.84121	53.842304	51.77087	52.551735	51.664352	48.29015	47.2708	48.515465	46.62576	43.51929	43.941784	44.81326	41.75289	39.320126	40.930336	40.658146	37.228703	34.821987	31.800892	33.129463	30.3025	32.444088	35.274925	33.230816	33.785164	30.699545	31.763824	34.13959	37.33365	36.941307	33.6443	34.066807	32.4805	30.790188	29.12588	28.159613	26.499472	24.578938	23.49759	22.581589	20.631865	18.567045	17.983194	17.108793	14.836122	17.72473	20.346521	23.756517	24.68391	28.17985	29.059975	32.477375	33.002254	33.523518	29.792135	30.58834	28.407421	30.876186	28.703356	25.226885	24.188818	23.588018	20.16147	18.944582	18.792696	16.213425	14.088365	14.607968	16.508308	19.738607	23.029772	25.022005	27.644354	25.331682	25.212654	28.61289	31.316107	28.914942	28.134863	24.905357	25.083418	24.337578	20.761833	20.383448	20.250978	23.922047	23.481628	22.817484	25.688828	28.614544	27.091867	26.108915	29.549355	31.002533	29.349705	30.619606	34.026558	35.00243	35.173176	38.31077	39.958317	43.15016	43.07653	46.23797	47.181065	47.3242	43.76795	40.73794	38.47619	35.32273	37.0697	37.671635	35.36224	35.976852	34.403393	31.19138	28.252884	24.547039	22.483252	19.01408	18.043425	15.719129	16.280546	16.085733	14.303782	16.86348	16.696299	18.80714	19.371328	20.623356	19.929958	16.24061	16.270763	16.07807	12.605508	12.290319	10.989755	12.385361	14.8848095	17.912117	21.309246	23.664303	26.928236	30.58983	33.17328	35.542847	38.72985	39.467594	42.817833	39.68437	36.926548	33.30137	30.227993	28.664541	25.375471	22.609737	19.38123	16.34801	12.694288	11.478902	7.956351	9.30423	9.350737	10.991104	11.939882	13.493282	16.421368	19.872766	21.197283	24.862368	27.581371	29.222881	32.222004	34.23947	33.577736	32.254944	32.97908	33.141685	34.456936	33.6315	35.46917	33.947918	35.818142	36.409813	33.423645	31.229897	31.321972	31.946787	35.71447	35.928898	33.98062	36.152756	36.55689	34.686707	31.328707	30.493721	30.539722	28.010838	25.68094	26.496141	27.629148	31.331917	32.911022	33.388134	29.643097	28.90887	32.31146	32.330025	28.56886	27.254942	26.344032	23.635178	21.732372	20.99495	19.891594	16.57948	15.778351	16.280308	19.624022	21.003183	22.751078	24.390787	25.433338	27.020046	28.964262	30.191074	31.364656	33.284885	34.973263	35.769176	37.272106	39.38395	40.659775	40.5683	39.061096	35.91145	33.324577	29.593647	27.142092	24.89681	22.138231	19.719448	20.910381	19.089676	21.329765	22.143951	20.507755	17.116339	17.357267	17.610285	21.111282	22.390972	25.508688	28.24534	30.544939	34.17693	35.32716	38.733395	40.122192	43.010303	45.656715	48.12006	51.34515	53.583298	51.915894	49.596092	46.574013	43.062546	42.547993	39.323032	37.083572	37.311375	34.141846	34.313454	30.903559	30.617088	27.82144	27.039143	25.580854	22.678513	25.39777	27.22347	24.339794	23.450846	27.1636	27.484085
E-339-B	71.2405	71.30243	70.500534	67.45274	66.02679	66.91794	65.123436	61.978905	62.105698	62.370228	59.42534	57.263634	58.43842	57.777794	54.256584	53.635357	54.986214	53.055534	49.912468	51.453876	50.126663	52.442417	54.50031	57.595818	57.650253	60.02873	61.84406	63.880993	62.882065	63.611427	61.64494	58.61892	58.69857	59.101902	56.18033	53.933964	54.729393	54.054756	50.646076	49.457157	50.832745	49.139904	45.90359	46.221176	47.310696	44.371235	41.75314	43.364838	43.343754	39.978394	37.73555	34.552994	35.63935	32.62804	34.7219	37.4142	35.15048	35.33727	32.124725	32.90697	34.95027	38.13033	37.38919	34.205036	34.7797	33.556713	31.655544	29.692184	29.079874	27.692783	25.37089	24.167032	23.814907	22.018219	19.41745	18.989628	18.830982	16.494053	19.674784	22.168097	25.769907	26.938564	30.549757	31.613932	35.130608	35.934124	36.32468	32.5482	33.0155	30.64642	32.930504	30.58181	26.960457	25.590448	24.455	21.063124	20.25902	19.476791	16.586128	15.279466	16.032446	17.180859	20.730665	23.77773	26.142054	28.683947	26.550167	26.89017	30.287912	33.14526	30.907934	30.507505	27.468836	27.814323	26.692532	23.196558	23.270716	23.209259	26.899866	26.731304	26.209555	28.928352	32.007706	30.641384	29.507214	32.853107	34.48033	32.80323	33.86744	37.309616	38.445297	38.53955	41.56928	43.1552	46.246716	46.03359	49.132988	49.877533	49.994774	46.505165	43.379887	41.28535	38.053505	39.83349	40.673763	38.50833	39.261417	37.543804	34.319054	31.532045	27.890352	25.985102	22.568743	21.527771	18.992346	19.067602	18.3699	15.996859	17.885717	16.97278	18.359608	18.92264	20.76469	19.855207	16.425411	17.274244	17.700132	14.590523	14.96723	13.97027	15.8346	18.104164	21.156961	24.38928	26.645277	29.810337	33.521057	36.12032	38.27307	41.404903	41.911396	45.133106	42.339363	39.714184	36.02215	33.05619	31.262451	28.017485	25.06628	21.998314	18.96624	15.443151	14.696506	10.97157	11.268687	10.268311	10.810519	10.905685	12.867226	15.537142	19.137272	20.778397	24.45879	26.808947	28.718872	31.407965	33.418545	32.351067	30.73412	31.058224	30.910908	31.898827	30.78481	32.38061	30.645163	32.341167	32.834457	29.77085	27.709381	27.840988	28.683695	32.480694	32.934643	31.235266	33.64841	34.3383	32.64744	29.139175	28.475803	28.926643	26.305387	23.660461	24.605919	25.326752	28.968887	30.231499	30.604557	26.893251	25.91454	29.173954	28.956898	25.168839	23.729864	22.9901	20.135176	18.261686	17.86019	16.76972	13.590997	12.4479065	13.463313	16.773989	17.721855	19.597708	21.524136	22.370007	23.717697	25.881268	27.210962	28.127737	30.009024	31.908182	32.63348	33.93862	36.156017	37.584614	37.43804	36.137512	33.12823	30.767632	26.997692	24.809137	22.829948	19.800755	17.41578	18.395079	16.622194	19.230946	20.085989	19.03472	15.427393	15.948481	15.8386345	19.442858	20.661222	23.441723	26.05806	28.039173	31.5984	32.455944	35.740944	36.922504	39.79853	42.323143	44.721478	48.02109	50.15332	48.396748	46.153416	43.054924	39.594223	39.101234	35.96656	33.862816	34.315296	31.303904	31.787184	28.548876	28.647657	26.153173	25.680326	24.728062	22.038403	25.036587	26.377474	23.229418	22.813702	26.582224	26.43071
Y-340-B	71.13436	71.33483	70.67984	67.53335	66.08392	67.17891	65.457596	62.196507	62.403835	62.883476	59.914417	57.67921	59.03895	58.546307	54.94987	54.33231	55.919422	54.085575	50.90632	52.587036	51.505222	54.017513	56.19739	59.15502	59.011345	61.255024	62.906895	64.85486	63.64831	64.406425	62.632477	59.5208	59.412468	59.952217	57.17949	54.74287	55.42688	54.975555	51.59908	50.15794	51.568687	50.123966	46.775166	46.861244	48.139484	45.39699	42.557022	44.051804	44.30937	41.08525	39.00741	35.650913	36.373062	33.21993	35.349937	37.792076	35.251698	35.071907	31.832064	32.44287	34.11836	37.334618	36.349586	33.371216	34.24838	33.427586	31.528656	29.191162	28.74446	27.799154	25.270115	23.720915	23.806904	22.436981	19.40964	18.808765	19.384584	17.372805	20.864895	23.449697	27.191969	28.779213	32.502483	33.90509	37.53373	38.551487	39.061623	35.287403	35.53976	32.919468	34.90521	32.278065	28.538454	26.71973	25.280275	21.83374	21.657667	20.64854	17.370777	16.695341	18.05388	18.844664	22.552319	25.238716	27.651175	30.321558	28.543646	29.029663	32.265465	35.342823	33.38262	33.24966	30.244404	30.89566	29.72524	26.19537	26.50107	26.698719	30.434673	30.351658	29.66519	32.299496	35.38949	33.91375	32.609978	35.96894	37.565742	35.672707	36.638165	40.181454	41.30474	41.152596	44.077667	45.442245	48.39365	47.924942	50.874435	51.42916	51.373356	47.934616	44.79748	42.96424	39.588226	41.23717	42.358032	40.2975	41.3401	39.57495	36.249527	33.711098	30.146255	28.589228	25.363834	24.617367	22.218246	22.079447	21.408127	18.705942	20.206827	19.0388	19.880587	20.763674	23.090881	22.271568	19.111225	20.435688	20.97307	17.967405	18.322803	17.043127	18.85481	20.694637	23.500776	26.616913	28.539082	31.686558	35.4519	38.210964	40.179955	43.35652	43.76901	46.90414	44.59558	41.977196	38.22996	35.24774	33.14145	29.832947	26.624498	23.887476	20.704145	17.489153	16.906603	13.119061	12.349711	10.899998	10.088887	9.882242	12.581081	15.233776	18.654121	20.848843	24.349562	26.246614	28.116873	30.526344	32.737434	31.382992	29.377949	29.407372	28.852867	29.600817	28.211788	29.684128	27.8548	29.419678	30.074883	26.893965	24.921173	24.742573	25.599295	29.364643	29.961735	28.414825	31.011656	31.775364	30.395159	26.761759	25.971561	26.802294	24.353056	21.37446	22.094301	22.419119	25.950659	27.101162	27.227875	23.504475	22.597168	25.821815	25.520472	21.760118	20.5656	20.150911	17.422655	15.144948	15.071822	14.559142	11.920071	10.941301	12.969259	15.829906	16.199808	18.55816	20.692764	20.95777	22.12981	24.7273	25.929113	26.387854	28.426256	30.566545	30.955788	32.040768	34.539772	36.040672	35.608334	34.49629	31.723743	29.576454	25.837288	24.110426	22.219582	18.833408	16.171972	16.451815	14.295949	16.882908	17.369543	16.791664	13.23458	14.446053	14.525924	18.237545	19.796272	22.239979	24.940886	26.517666	30.040924	30.603392	33.759	34.694798	37.389736	39.84966	42.048595	45.390633	47.47504	45.737926	43.66957	40.49835	37.059204	36.350956	33.272907	31.411583	31.971617	29.14434	29.878157	26.79364	27.308846	25.016548	25.080124	24.599638	22.355757	25.678465	26.68468	23.507648	23.699944	27.48014	27.073862
V-341-B	72.346695	72.7345	72.0901	68.84098	67.508575	68.75923	66.97325	63.670033	64.06545	64.62774	61.55815	59.40233	60.956554	60.455338	56.79643	56.344784	58.068604	56.16691	53.069355	54.941765	54.019688	56.61543	58.744503	61.640682	61.328297	63.576412	65.06776	67.066765	65.77076	66.671005	65.01249	61.800495	61.674683	62.395138	59.675934	57.11159	57.857063	57.586544	54.175114	52.638657	54.19318	52.90193	49.463818	49.523464	50.98862	48.331505	45.385612	46.931248	47.381012	44.196583	42.275116	38.835278	39.43228	36.159634	38.163654	40.520023	37.884502	37.410152	34.084587	34.387615	35.75959	38.865414	37.54461	34.692036	35.614124	35.106113	32.992367	30.49609	30.443338	29.680893	26.840961	25.346777	25.93682	24.62701	21.318571	21.018599	22.052372	19.954666	23.433949	25.750183	29.530455	31.196003	34.93807	36.41344	40.074776	41.31832	41.658997	37.87024	37.83986	35.125572	36.967953	34.27681	30.501045	28.51535	26.63639	23.396597	23.4806	21.941807	18.657574	18.692131	20.01726	20.13731	23.917284	26.318066	29.020403	31.504099	29.88513	30.782625	33.98199	37.113613	35.29121	35.477573	32.68955	33.428333	31.936428	28.544907	29.201939	29.423986	33.139416	33.30479	32.764618	35.25053	38.4785	37.188713	35.768837	39.01317	40.795036	38.93995	39.70817	43.24484	44.544106	44.380585	47.203728	48.56494	51.43314	50.892574	53.807682	54.18866	54.16976	50.815937	47.589348	45.868313	42.485813	44.21599	45.500675	43.590034	44.670628	42.75916	39.485325	37.040516	33.545933	32.03447	28.812132	27.905272	25.303114	24.811003	23.73807	20.720602	21.632366	19.892443	20.019835	20.838594	23.582483	22.626978	19.884268	21.80136	22.776218	20.157812	20.99286	20.028503	22.180002	23.947756	26.83045	29.781359	31.705715	34.708637	38.465923	41.15945	42.931686	46.00492	46.183987	49.174942	47.120808	44.66446	40.891785	38.05857	35.833492	32.643787	29.396439	26.763966	23.730616	20.624985	20.404137	16.62701	15.575725	13.5525055	12.18353	10.997948	13.540569	15.521805	18.849403	21.156576	24.529373	26.000841	28.148994	30.167189	32.259148	30.496317	28.254812	27.818647	26.948378	27.28216	25.572287	26.714602	24.624523	25.975618	26.475395	23.230799	21.413195	21.35447	22.515812	26.304102	27.196016	25.985199	28.836803	29.973995	28.778389	25.050566	24.574883	25.845633	23.29505	20.070402	21.031363	20.839533	24.217402	24.896763	24.964401	21.36849	20.04654	23.014818	22.396036	18.607584	17.151741	16.932335	13.995932	11.858997	12.339705	11.816692	9.625779	8.183272	10.960982	13.452257	13.147496	15.640043	18.052267	18.033485	18.874178	21.700134	22.990522	23.13772	25.109074	27.457987	27.7692	28.628515	31.217222	32.869568	32.39698	31.522284	28.93159	27.079784	23.372272	22.001427	20.515356	16.97073	14.559003	14.571825	12.720674	15.724439	16.362122	16.606209	13.054259	14.366382	13.864184	17.374123	18.689577	20.600422	23.027224	24.190218	27.549746	27.764755	30.7478	31.452353	34.145485	36.458397	38.61101	42.0238	43.99129	42.154858	40.144306	36.90729	33.529602	32.886505	29.920265	28.200247	29.03206	26.417862	27.516024	24.701141	25.645336	23.789248	24.151146	24.23072	22.27025	25.6996	26.166306	22.822138	23.471268	27.153091	26.268827
S-342-B	74.68339	75.137115	74.62768	71.33394	69.94479	71.3215	69.62999	66.25147	66.64761	67.36486	64.32305	62.08445	63.71172	63.354637	59.67406	59.159317	61.00669	59.214493	56.06805	57.949036	57.129513	59.809647	62.037056	64.86787	64.49849	66.64251	68.078804	69.97899	68.5565	69.40448	67.85443	64.6354	64.35412	65.086334	62.47656	59.833374	60.4314	60.246616	56.905586	55.208256	56.67818	55.512424	52.059795	51.905315	53.38505	50.865707	47.817867	49.16511	49.702866	46.650475	44.715755	41.23748	41.573555	38.33464	40.496212	42.62188	39.77685	39.13857	35.930546	36.271065	37.364506	40.53976	39.13039	36.51764	37.7425	37.5064	35.51806	32.775238	32.710804	32.29428	29.466202	27.668097	28.394125	27.45446	24.034693	23.424911	24.762518	23.015982	26.618736	29.07441	32.87727	34.705887	38.473476	40.04722	43.727615	44.951206	45.372128	41.58833	41.582615	38.8308	40.60257	37.826057	34.028275	31.883364	29.950699	26.69513	27.02039	25.479416	22.10072	22.263668	23.75181	23.833042	27.617708	29.90486	32.604343	35.111317	33.587677	34.516518	37.669334	40.84451	39.06733	39.25948	36.443264	37.168377	35.707916	32.309925	32.88377	33.011208	36.70664	36.72648	36.23147	38.827564	41.987267	40.60008	39.280186	42.590645	44.261192	42.357445	43.235397	46.794456	47.979046	47.75752	50.612045	51.877007	54.725792	54.085987	56.91874	57.280937	57.106934	53.74417	50.586555	48.98268	45.519493	47.077236	48.431015	46.458923	47.697445	45.898155	42.52908	40.15397	36.643063	35.233723	32.06219	31.322876	28.8373	28.49957	27.492239	24.508823	25.39284	23.543491	23.44688	24.150852	26.976736	25.81021	23.200394	25.176462	26.354525	23.77472	24.628147	23.614006	25.565655	27.3305	30.06347	33.085392	34.82929	37.914265	41.69104	44.5036	46.28496	49.423363	49.648922	52.637318	50.72018	48.210087	44.432323	41.53228	39.22732	35.95898	32.61394	30.116121	26.94272	23.93385	23.461538	19.698769	18.448666	16.678858	14.790455	13.838822	16.684765	18.59263	21.670404	24.232578	27.42025	28.544447	30.628178	32.380486	34.579514	32.574543	30.025238	29.231222	27.89535	27.803642	25.650602	26.387127	23.975573	24.845558	25.279774	21.77817	20.460556	20.106432	21.616816	25.292921	26.616531	25.83318	28.97528	30.286472	29.545061	25.740963	25.158909	26.907358	24.634306	21.12146	21.747292	20.918703	23.967806	24.341227	23.8791	20.374897	19.123325	21.791864	20.704689	17.03817	15.851152	16.468966	13.577767	11.135943	12.68824	12.874702	11.640516	9.969342	13.286837	15.30136	14.066767	16.547749	19.367897	18.951778	19.165407	22.318182	23.765324	23.329376	25.130648	27.865334	27.99607	28.372957	31.153645	33.084152	32.462994	31.995611	29.752031	28.31232	24.726292	23.83998	22.71439	19.065077	16.766315	16.151936	14.155895	16.958984	17.020176	17.872173	14.708113	16.646484	16.321114	19.671532	21.097244	22.540413	24.807695	25.447317	28.590363	28.321468	30.994453	31.24605	33.748455	35.78948	37.656513	41.18416	42.92331	40.947346	39.223213	35.822014	32.615314	31.858704	29.152752	27.8873	29.074133	26.853586	28.383488	25.90739	27.333847	25.816444	26.5934	27.054846	25.389349	28.900002	29.099977	25.743214	26.687254	30.288853	29.147457
R-343-B	76.4571	77.07376	76.5795	73.20571	71.91911	73.42807	71.68922	68.28364	68.8367	69.62457	66.50861	64.34164	66.12527	65.764175	62.043583	61.66426	63.6173	61.775753	58.70346	60.730038	60.035454	62.77347	64.95587	67.735886	67.234695	69.37882	70.68294	72.62	71.1258	72.08633	70.63384	67.3409	67.04358	67.918365	65.35759	62.61875	63.26079	63.218945	59.85894	58.0899	59.6649	58.620445	55.10808	54.93026	56.54656	54.09761	50.978058	52.355007	53.032467	50.015877	48.191986	44.66335	44.910385	41.60063	43.667633	45.71996	42.814564	41.96019	38.71666	38.82664	39.66704	42.72728	41.05783	38.58611	39.84301	39.859314	37.72715	34.891987	35.12758	34.852413	31.83316	30.10301	31.173147	30.278324	26.723585	26.327442	27.924467	26.124073	29.679419	31.933691	35.733246	37.592857	41.35423	42.961395	46.65084	48.03022	48.315323	44.52882	44.322205	41.52402	43.192856	40.39387	36.59853	34.364178	32.136845	29.08189	29.563595	27.679338	24.382824	24.986109	26.402706	26.041574	29.803072	31.856668	34.742554	37.06842	35.66812	36.899097	40.00871	43.19411	41.518635	41.93861	39.294792	40.059456	38.36851	35.094524	35.899208	36.0192	39.68133	39.869556	39.499077	41.99516	45.24925	44.00453	42.61798	45.843697	47.648666	45.786633	46.530033	50.07612	51.388966	51.17299	53.95787	55.22881	58.01921	57.333035	60.14	60.373035	60.228256	56.933735	53.715122	52.19296	48.7331	50.34851	51.814423	49.94743	51.205734	49.305492	45.977386	43.65949	40.192635	38.796467	35.613735	34.751163	32.12484	31.56816	30.291441	27.14448	27.627527	25.40933	24.787056	25.376532	28.431622	27.15	24.93477	27.278381	28.765606	26.486929	27.652021	26.85904	29.020992	30.765282	33.560818	36.47909	38.23699	41.21975	44.984135	47.740887	49.381184	52.43498	52.484196	55.355087	53.62336	51.24162	47.453903	44.669792	42.2957	39.122498	35.769207	33.33659	30.275606	27.32475	27.062916	23.298649	21.949862	19.898218	17.828442	16.391445	18.970066	20.330082	23.201067	25.754742	28.750547	29.48299	31.754827	33.118877	35.16927	32.816967	30.087498	28.82718	27.156769	26.563736	24.036829	24.2787	21.522522	21.968046	22.147741	18.529667	17.625046	17.383173	19.371725	22.95603	24.708235	24.421598	27.811314	29.516222	29.040203	25.243458	24.989311	27.160587	24.89564	21.271513	22.060442	20.669899	23.374468	23.162357	22.543327	19.340199	17.66161	19.82572	18.218199	14.669948	13.220597	14.372645	11.3797655	9.320801	11.840582	12.16358	11.825747	9.899354	13.466272	14.811643	12.70066	15.059649	18.124748	17.361807	16.974106	20.328407	21.894346	20.98652	22.584576	25.592081	25.622004	25.610294	28.47657	30.624372	29.962294	29.856297	27.917421	26.909952	23.490826	23.07366	22.466457	18.867891	17.018488	16.131838	14.6217	17.530289	17.657677	19.230007	16.328913	18.223524	17.474363	20.415089	21.543076	22.369387	24.234808	24.352104	27.183258	26.453165	28.813293	28.703156	31.143608	32.927998	34.67594	38.288307	39.831295	37.708942	36.114483	32.61872	29.554615	28.880308	26.40873	25.433434	27.000792	25.152575	27.11901	25.057411	26.930565	25.92278	26.970276	27.927332	26.548323	30.042475	29.768703	26.359371	27.6565	31.074005	29.521523
H-344-B	79.84744	80.47755	80.05852	76.67517	75.34162	76.89681	75.21898	71.78125	72.30423	73.15946	70.07466	67.85285	69.63618	69.34713	65.62809	65.1844	67.16525	65.38621	62.273235	64.2543	63.554234	66.297676	68.52925	71.310875	70.83804	72.94132	74.26294	76.142365	74.60637	75.501785	74.07431	70.80578	70.42943	71.25678	68.73916	65.997086	66.534836	66.482155	63.17459	61.34505	62.816746	61.790314	58.304913	58.00288	59.55079	57.153847	54.017635	55.236797	55.88148	52.93593	51.016415	47.514942	47.646805	44.42584	46.653538	48.58183	45.567795	44.706543	41.587124	41.819397	42.546307	45.674915	44.02399	41.695534	43.128597	43.236923	41.213993	38.28263	38.430264	38.296566	35.347855	33.45613	34.472057	33.73837	30.197702	29.574003	31.181072	29.546913	33.159027	35.534473	39.340477	41.20033	44.96467	46.531322	50.205956	51.481895	51.782536	47.988747	47.88718	45.14857	46.883904	44.105843	40.309425	38.087532	35.902737	32.81412	33.27406	31.434862	28.138208	28.637794	30.006224	29.711767	33.472836	35.585266	38.49304	40.790974	39.318962	40.553574	43.709705	46.856537	45.097904	45.426037	42.746655	43.3669	41.696777	38.436333	39.089523	38.998978	42.60898	42.624584	42.39729	45.03421	48.21889	46.93768	45.729977	49.013485	50.727367	48.916973	49.81303	53.340145	54.547417	54.387493	57.257156	58.534245	61.374786	60.701313	63.49767	63.79792	63.56937	60.23385	57.0831	55.560658	52.069565	53.570126	54.98705	53.00238	54.29994	52.533764	49.141712	46.780834	43.25482	41.813694	38.59871	37.777157	35.198936	34.849754	33.58846	30.555443	31.123941	28.83901	28.18673	28.51293	31.47953	29.909311	27.753458	30.02561	31.731108	29.499004	30.740816	30.024889	32.041626	33.938538	36.69738	39.74142	41.465485	44.551094	48.328587	51.145237	52.87879	55.98673	56.118584	59.03144	57.21578	54.77611	50.99438	48.144596	45.81232	42.57249	39.204475	36.75114	33.588722	30.589426	30.0478	26.286465	25.048456	23.279295	21.164133	19.997906	22.700232	24.10877	26.93878	29.520687	32.47732	33.103806	35.357265	36.599953	38.65733	36.185486	33.34203	31.861637	29.935936	29.004862	26.173433	25.966152	22.91354	22.748966	22.634703	18.861118	18.708496	18.377716	20.786749	24.10945	26.301146	26.468245	30.02754	31.88474	31.738647	27.970427	27.685982	30.1233	28.049858	24.347069	24.919739	23.143906	25.495136	24.988289	23.902346	20.951674	19.36789	21.043856	18.884077	15.725871	14.506476	16.403809	13.580358	11.802033	14.870623	15.400393	15.383302	13.207621	16.608027	17.855797	15.282741	17.165333	20.506178	19.728884	18.693556	22.03394	23.88893	22.591991	23.766634	27.071686	27.131819	26.607916	29.46264	31.933504	31.31087	31.630825	29.998133	29.378723	26.113342	25.947264	25.682226	22.173859	20.551504	19.537416	18.080263	20.807014	20.608065	22.399038	19.730167	21.844662	21.177315	24.026575	25.101477	25.68306	27.32674	27.120375	29.686888	28.564234	30.574194	30.031328	32.322834	33.730274	35.20955	38.918842	40.13583	37.793476	36.495342	32.854156	30.084919	29.465952	27.390919	26.87696	28.825195	27.382185	29.680664	27.933771	30.069698	29.302692	30.475315	31.57905	30.246893	33.709156	33.31227	29.864061	31.1744	34.530083	32.801067
A-345-B	82.10164	82.85331	82.498184	79.05758	77.76508	79.444435	77.77981	74.30456	74.91836	75.87362	72.76298	70.55569	72.45442	72.21931	68.47596	68.08747	70.173386	68.410645	65.32691	67.39303	66.8065	69.61466	71.8569	74.5797	74.00596	76.06584	77.28569	79.14581	77.519875	78.46141	77.136314	73.82508	73.38101	74.29751	71.853905	69.02935	69.53872	69.60402	66.3155	64.38878	65.89137	64.98511	61.464344	61.07563	62.709206	60.407112	57.19922	58.368965	59.128914	56.25482	54.40657	50.86811	50.86433	47.620594	49.830627	51.636444	48.53478	47.49932	44.414867	44.52543	45.014977	48.07547	46.26041	44.11188	45.650993	45.986145	43.939983	40.90233	41.20414	41.253143	38.229115	36.297836	37.522877	36.92225	33.30523	32.71189	34.521217	32.958706	36.571545	38.881214	42.685135	44.618652	48.38633	50.01424	53.702473	55.06447	55.328423	51.537033	51.329914	48.545574	50.189896	47.36747	43.57112	41.25152	38.91491	35.932182	36.54661	34.560715	31.286606	32.01923	33.418926	32.92107	36.655636	38.601925	41.57576	43.793343	42.434757	43.81731	46.919857	50.089462	48.41541	48.870605	46.26953	46.92888	45.16087	41.955994	42.710228	42.620575	46.21245	46.281967	46.1048	48.710766	51.924973	50.680264	49.448223	52.707565	54.45803	52.63883	53.487175	57.021175	58.263035	58.072025	60.905704	62.14382	64.93729	64.19493	66.942055	67.15519	66.8869	63.593468	60.43367	59.004745	55.489815	56.964024	58.47378	56.538	57.90453	56.112858	52.714676	50.41885	46.919643	45.533077	42.3388	41.516342	38.909237	38.479706	37.124546	34.017647	34.39265	31.945267	31.00702	31.283852	34.35619	32.726902	30.816948	33.254456	35.110767	33.01961	34.375175	33.71567	35.78161	37.638153	40.37804	43.37763	45.045	48.093918	51.868793	54.695305	56.346085	59.428265	59.476616	62.319	60.671795	58.28457	54.495564	51.68713	49.283195	46.071396	42.668186	40.29991	37.157967	34.22693	33.74544	29.99165	28.636127	26.78393	24.492437	23.187775	25.81608	26.968899	29.588207	32.210243	34.97724	35.288742	37.575214	38.510174	40.50431	37.801632	34.80146	32.972614	30.729399	29.360462	26.215662	25.496502	22.195803	21.426582	21.071802	17.262499	17.831846	17.420582	20.211737	23.188833	25.810669	26.506994	30.212208	32.32151	32.52833	28.856682	28.720224	31.491348	29.586962	25.859972	26.371748	24.13623	26.030525	25.04684	23.646671	21.129635	19.429447	20.454967	17.76108	15.120303	14.056246	16.607767	14.160873	12.820654	16.352297	17.144642	17.777401	15.708106	19.057495	19.778786	16.718788	18.347422	21.701214	20.60561	19.01134	22.391525	24.268265	22.455576	23.33948	26.866669	26.753239	25.72358	28.639042	31.31878	30.600548	31.352928	30.135414	29.977043	26.986795	27.279652	27.40108	24.016819	22.687614	21.404652	20.197695	22.750805	22.412422	24.644043	22.296772	24.476223	23.709011	26.248371	27.203156	27.320652	28.655117	27.968552	30.172375	28.594687	30.181002	29.178522	31.244555	32.28114	33.47006	37.230213	38.155716	35.66528	34.660156	30.930866	28.450155	27.839045	26.170816	26.146202	28.451862	27.495653	30.15935	28.851507	31.347816	30.984976	32.415688	33.865444	32.792355	36.234722	35.531914	32.123394	33.68552	36.882477	34.90277
I-346-B	85.42569	86.19131	85.75	82.30859	81.086334	82.7218	80.973854	77.54008	78.19586	79.059006	75.90408	73.77201	75.64955	75.302765	71.5637	71.2429	73.24584	71.38299	68.34288	70.40467	69.714836	72.43378	74.579155	77.385254	76.87828	79.04002	80.30624	82.25279	80.71625	81.6959	80.28943	76.98262	76.64149	77.53827	75.01413	72.24838	72.836914	72.82472	69.494606	67.668785	69.187584	68.176094	64.67798	64.390686	65.96241	63.562283	60.426888	61.64878	62.291405	59.340515	57.388992	53.906425	54.045994	50.838184	53.06648	54.98128	51.942204	51.018044	47.90714	48.052902	48.64329	51.700203	49.888615	47.65986	49.08291	49.314785	47.16814	44.234676	44.573914	44.451237	41.38639	39.606144	40.762955	39.957985	36.38568	35.910492	37.52446	35.761772	39.31081	41.534527	45.322266	47.044544	50.771027	52.19435	55.82111	57.115322	57.192516	53.392204	53.214355	50.58005	52.383167	49.71883	45.95926	43.83044	41.45284	38.55015	38.910545	36.787502	33.687275	34.368645	35.43191	34.8066	38.49391	40.536575	43.67363	45.67627	44.131416	45.67637	48.893414	51.91887	50.09295	50.51697	48.02174	48.44851	46.526627	43.4664	44.20381	43.844315	47.319294	47.388462	47.504597	50.136497	53.370533	52.304432	51.223377	54.425068	56.256134	54.642582	55.524418	58.969875	60.27089	60.28356	63.182823	64.590996	67.475525	66.88963	69.73875	70.030815	69.876915	66.55386	63.364544	61.795216	58.342804	59.913147	61.294712	59.29318	60.499725	58.71932	55.367706	52.916645	49.353428	47.741997	44.410328	43.35357	40.597553	40.202953	38.618584	35.59895	35.88329	33.215168	32.14297	31.993603	34.93557	32.970448	31.290554	33.761868	35.964233	34.14594	35.81994	35.516525	37.69242	39.808407	42.716976	45.783318	47.655304	50.716694	54.483982	57.20705	58.930378	61.9584	61.97625	64.82586	62.918434	60.593433	56.82281	54.071247	51.82282	48.6622	45.360973	42.80789	39.735798	36.63045	36.09396	32.314037	31.29513	29.460436	27.466337	26.05705	28.48049	29.473907	32.24098	34.60939	37.46534	37.8466	40.3477	41.247063	43.017895	40.225346	37.347416	35.380264	33.205738	31.642607	28.43777	27.382172	23.861647	22.72834	21.74739	18.06174	19.140982	19.311777	22.480057	25.322163	28.173456	29.13747	32.87518	35.22692	35.36978	31.751667	31.909145	34.68532	32.603333	28.954458	29.73549	27.50409	29.350456	28.11316	26.811056	24.496494	22.521881	23.221258	20.24997	17.84028	16.318817	18.777006	16.102669	15.519052	19.05535	19.304874	19.774899	17.200638	20.117558	20.89811	17.630814	18.499462	22.058237	21.350134	19.211739	22.236736	24.57127	22.76167	23.02323	26.676117	26.949245	25.597603	28.192345	31.186804	30.840363	31.887373	30.767225	30.88698	27.992296	28.257921	28.804182	25.659975	24.789982	23.895496	23.10029	25.903276	25.862938	28.083244	25.56438	27.47047	26.361568	28.805666	29.36753	29.349667	30.318184	29.557695	31.517733	29.750072	31.10789	29.920671	32.116726	32.822536	34.048046	37.86055	38.489246	35.71374	34.74485	30.965988	28.76786	28.602694	27.260622	27.32964	29.957397	29.192945	32.034386	30.919264	33.439384	33.282764	34.50797	36.004337	34.777847	38.05183	37.184845	33.657124	35.072014	38.148903	35.922153
D-347-B	87.13228	87.786415	87.43867	84.043274	82.672775	84.27314	82.647415	79.18367	79.680244	80.5897	77.53161	75.265526	77.03591	76.79942	73.08637	72.58054	74.56053	72.82607	69.67586	71.58709	70.83009	73.53686	75.7933	78.615456	78.21698	80.30752	81.67752	83.511604	81.9578	82.77343	81.34446	78.11698	77.674065	78.420425	75.930176	73.21496	73.63747	73.53132	70.28527	68.419586	69.74621	68.697365	65.26936	64.8381	66.25306	63.891098	60.775467	61.78947	62.32808	59.459373	57.362595	53.94388	53.98128	50.92062	53.36825	55.165897	52.04571	51.232815	48.290817	48.704094	49.31962	52.524994	50.90862	48.74745	50.359013	50.54256	48.622498	45.61869	45.66869	45.640705	42.769733	40.748634	41.66162	41.04028	37.54796	36.705627	38.226177	36.712227	40.351295	42.834545	46.636215	48.396843	52.141937	53.55726	57.17836	58.275658	58.512245	54.711197	54.769886	52.184986	54.082798	51.406574	47.626724	45.508884	43.36037	40.26497	40.582836	38.738617	35.519066	35.87321	37.0296	36.760803	40.495632	42.725555	45.733006	47.89877	46.248367	47.557167	50.82527	53.85243	51.91214	52.097946	49.42321	49.73824	48.03422	44.869244	45.307365	44.808178	48.268932	48.040943	48.150654	50.98162	54.061337	52.817104	51.936897	55.262012	56.877327	55.242702	56.366524	59.81608	60.89615	60.912193	63.927288	65.290375	68.2412	67.66104	70.486145	70.92134	70.62576	67.22208	64.16016	62.573437	59.074623	60.455105	61.737732	59.560284	60.833588	59.268745	55.8191	53.333874	49.711926	48.111282	44.80831	43.93861	41.374123	41.31568	39.97816	37.1459	37.780064	35.32769	34.588512	34.401955	37.167225	35.091755	33.138474	35.295986	37.418774	35.390427	36.860554	36.41042	38.27535	40.47461	43.246536	46.47298	48.23999	51.459927	55.241585	58.087044	59.982685	63.13839	63.373756	66.34904	64.29287	61.80156	58.041348	55.130756	52.93222	49.632286	46.300648	43.742138	40.494987	37.371513	36.458946	32.732475	31.797283	30.375381	28.36172	27.434935	30.16984	31.559221	34.409748	36.914516	39.865273	40.392944	42.71707	43.78905	45.754017	43.093704	40.167564	38.35527	36.14993	34.711674	31.509485	30.57158	27.1277	25.97449	25.182768	21.468285	22.57125	22.37714	25.37011	28.149256	30.972294	31.855793	35.587868	37.728107	37.989975	34.32156	34.13286	36.883896	34.983616	31.249714	31.680672	29.467833	31.305475	30.313007	28.682539	26.264654	24.737936	25.568754	22.65508	20.330381	19.29867	21.902483	19.322935	18.219822	21.690615	22.185707	22.404165	19.831356	22.828905	23.979515	20.926205	21.89915	25.510744	24.905811	22.921137	25.941517	28.29544	26.543615	26.839857	30.486395	30.752357	29.389769	31.992712	34.999878	34.61012	35.64999	34.50919	34.53072	31.553959	31.685026	32.01167	28.738016	27.565235	26.58557	25.369999	27.996717	27.57631	29.591738	27.123232	29.338593	28.606316	31.311817	32.15545	32.39452	33.606186	32.97412	35.065666	33.36709	34.764313	33.548004	35.623165	36.2948	37.342773	41.146385	41.697556	38.92687	38.14639	34.348557	32.242382	31.916433	30.634077	30.82887	33.385475	32.592766	35.36035	34.115433	36.570065	36.191357	37.423004	38.722736	37.379284	40.72648	40.107628	36.567997	37.822823	41.03984	38.989117
G-348-B	84.51413	85.05143	84.68269	81.34293	79.90587	81.40879	79.80798	76.36529	76.75755	77.61097	74.59977	72.29038	73.95524	73.71439	70.02842	69.43855	71.34551	69.639496	66.44532	68.26458	67.42899	70.09709	72.3787	75.229744	74.91432	77.00596	78.46133	80.275314	78.7746	79.52158	78.02507	74.84553	74.42211	75.07875	72.5527	69.90207	70.30706	70.10829	66.87111	65.059494	66.328514	65.19975	61.809875	61.407043	62.74074	60.329967	57.263985	58.274773	58.727554	55.831467	53.676727	50.290073	50.392128	47.3701	49.861095	51.71448	48.64326	47.96726	45.034554	45.580624	46.36709	49.644497	48.189804	45.9178	47.494717	47.51254	45.672092	42.728794	42.60366	42.48223	39.72147	37.66877	38.38512	37.73421	34.32438	33.370808	34.743973	33.266037	36.916378	39.50422	43.298935	45.042927	48.78622	50.188725	53.80311	54.812145	55.14142	51.34635	51.52129	48.95627	50.90518	48.23771	44.458908	42.390385	40.414543	37.204014	37.439827	35.791843	32.521713	32.64244	33.84376	33.82105	37.57582	39.938972	42.831905	45.121094	43.406433	44.52543	47.812405	50.843304	48.852818	48.905235	46.122974	46.43352	44.877525	41.62862	41.9362	41.464844	44.958435	44.636703	44.645237	47.52778	50.55193	49.212612	48.355713	51.729042	53.261734	51.59003	52.783775	56.24256	57.246487	57.24584	60.291283	61.64199	64.61865	64.062965	66.89979	67.4094	67.10166	63.662148	60.636795	59.00317	55.508854	56.85915	58.075916	55.847073	57.106503	55.595818	52.13036	49.621304	45.985107	44.388226	41.10422	40.315334	37.841557	37.90387	36.73178	33.986156	34.848793	32.60903	32.172848	32.094646	34.767014	32.785824	30.551918	32.513866	34.436226	32.21124	33.49232	32.90759	34.64684	36.843384	39.567028	42.838917	44.589638	47.857376	51.637905	54.51128	56.48275	59.68476	60.0262	63.070305	60.914303	58.346382	54.596313	51.62108	49.461697	46.113888	42.794415	40.210106	36.911716	33.77279	32.747185	29.04166	28.167658	26.910242	24.996555	24.308779	27.16764	28.835732	31.81006	34.33811	37.415607	38.187714	40.40986	41.744507	43.82501	41.382595	38.549316	37.048912	35.062878	34.00321	31.036612	30.556543	27.323963	26.688887	26.232313	22.441488	22.919374	22.620544	25.278946	28.362616	30.83236	31.261213	34.88703	36.76476	36.78947	33.033623	32.630516	35.12483	33.166065	29.435356	29.803549	27.930305	30.108418	29.547825	28.084982	25.283497	23.944689	25.329681	22.836569	20.067081	19.05725	21.2867	18.50036	16.925482	20.073307	20.518852	20.28247	17.734673	20.80686	22.373886	19.727694	21.021854	24.60581	24.165186	22.689651	25.782068	28.038872	26.65836	27.320593	30.801723	31.110146	30.197453	32.85878	35.64935	35.237186	35.879906	34.39351	33.997192	30.780909	30.563759	30.495882	27.080822	25.581549	24.717587	23.200432	25.85094	25.411804	27.063423	24.425488	26.678896	26.151873	29.11915	30.159313	30.796738	32.33438	32.08514	34.51399	33.197975	34.976948	34.145084	36.369198	37.41677	38.684002	42.459297	43.323345	40.730675	39.705616	35.958843	33.532223	33.073494	31.385284	31.197552	33.42265	32.2186	34.676918	33.05178	35.225826	34.478565	35.555607	36.55396	35.032223	38.423607	38.1078	34.570538	35.634148	39.006863	37.226032
K-349-B	82.36098	82.91605	82.69168	79.33889	77.814285	79.41489	77.93892	74.43038	74.78495	75.795975	72.84465	70.4333	72.1517	72.08321	68.39021	67.71293	69.75539	68.1965	64.94798	66.77961	66.100945	68.8958	71.311356	74.041916	73.625244	75.566864	76.94186	78.62665	76.98115	77.67358	76.31292	73.12612	72.53474	73.22435	70.83214	68.08816	68.35568	68.28078	65.11852	63.13925	64.36319	63.40359	59.98699	59.39668	60.807964	58.563168	55.38451	56.26664	56.887672	54.132095	52.101017	48.644863	48.49204	45.44958	47.960793	49.603706	46.399517	45.54008	42.695637	43.212227	43.78259	47.067104	45.58693	43.50639	45.30415	45.527542	43.84798	40.732166	40.560898	40.73933	38.04612	35.75046	36.573723	36.264202	32.79899	31.63033	33.29666	32.148884	35.88397	38.590767	42.39586	44.4175	48.204426	49.862617	53.544903	54.63385	55.184673	51.408085	51.54157	48.801617	50.54343	47.682682	43.868862	41.550644	39.608604	36.327435	36.907307	35.41227	31.951702	32.16183	33.77182	33.868553	37.65303	39.85915	42.56586	45.076935	43.60565	44.567383	47.701916	50.895237	49.09787	49.20387	46.315918	46.8881	45.499237	42.107407	42.43138	42.248337	45.85208	45.512802	45.20654	48.068287	51.051315	49.497463	48.490627	51.932747	53.35062	51.436703	52.61062	56.169323	57.08156	56.832542	59.803497	60.9313	63.79158	63.026127	65.71681	66.12325	65.63862	62.238186	59.26992	57.8385	54.254604	55.4419	56.82959	54.665783	56.156338	54.663795	51.124855	48.822857	45.266884	43.96447	40.864063	40.38613	38.114277	38.156326	37.249084	34.415054	35.34517	33.32309	32.958477	33.30782	36.128693	34.478287	32.093487	34.04428	35.629566	33.14578	34.075596	33.081165	34.65018	36.529984	39.012367	42.210587	43.67192	46.936123	50.72249	53.740128	55.621082	58.893448	59.271458	62.294468	60.4848	57.84411	54.07717	51.031002	48.673775	45.257854	41.804066	39.47713	36.077496	33.179825	32.172173	28.5251	27.210812	25.999409	23.659992	23.174818	26.293026	28.11275	30.831434	33.66365	36.563618	37.154064	39.104553	40.377563	42.69852	40.297714	37.283394	35.83252	33.663338	32.66766	29.686235	29.366957	26.33268	25.803135	25.853903	22.037859	22.348942	21.430372	23.74219	26.719677	29.070793	29.41057	32.998558	34.647816	34.911636	31.174973	30.432636	33.01631	31.385067	27.589224	27.537859	25.52276	27.538849	27.148615	25.39476	22.572811	21.67036	23.147036	20.83752	18.18513	17.853767	20.324203	18.012772	15.814372	18.9396	20.063482	20.171133	18.237936	21.677164	23.004852	20.453838	22.335934	25.69067	24.778326	23.614143	26.999441	28.824406	27.249382	28.338755	31.772392	31.64678	30.813528	33.770397	36.34774	35.543808	36.091846	34.703243	34.225426	31.053808	31.03594	30.671408	27.08486	25.195158	23.825092	21.887089	24.104408	23.176476	24.917944	22.642859	25.291235	25.205336	28.178267	29.63456	30.27087	32.08194	31.737076	34.249554	32.955357	34.75865	33.909233	35.866028	37.0462	38.106186	41.817593	42.81433	40.44569	39.558933	35.84775	33.331028	32.44289	30.663431	30.619633	32.638165	31.461031	33.843674	32.19918	34.45549	33.622528	35.011086	36.058052	34.79773	38.351887	38.123787	34.75094	36.043488	39.475803	37.879395
F-350-B	78.670235	79.19273	78.952415	75.61459	74.07951	75.65334	74.17711	70.674805	71.012825	72.01045	69.06584	66.64905	68.35781	68.2902	64.5991	63.916866	65.96365	64.41301	61.162144	63.00546	62.356724	65.17772	67.60734	70.30969	69.8648	71.791306	73.15291	74.835464	73.188675	73.89364	72.5373	69.34092	68.75873	69.46899	67.07473	64.31851	64.61269	64.55841	61.380127	59.402607	60.671516	59.727917	56.287952	55.732063	57.196636	54.94811	51.751213	52.7048	53.37963	50.602356	48.654003	45.153717	45.016888	41.903473	44.334473	46.017193	42.844875	41.965015	39.051697	39.517563	40.145428	43.421474	41.960564	39.80748	41.559162	41.743122	40.067436	36.965168	36.77968	36.943554	34.258217	31.958052	32.793438	32.495472	29.018497	27.86259	29.59106	28.472239	32.2165	34.92828	38.73193	40.840355	44.63781	46.398125	50.107048	51.26255	51.895393	48.133457	48.21969	45.397182	47.044796	44.11548	40.295685	37.90429	36.004295	32.687572	33.372833	31.972414	28.44116	28.660889	30.452642	30.632814	34.415607	36.567345	39.156868	41.784035	40.418827	41.271046	44.327244	47.589283	45.892452	46.034645	43.110363	43.85103	42.54385	39.082615	39.4661	39.510128	43.185627	42.926228	42.40621	45.185116	48.185524	46.565464	45.40251	48.841694	50.26285	48.2304	49.31795	52.92277	53.857674	53.491905	56.39388	57.44805	60.248627	59.417267	62.076977	62.42642	61.94211	58.56756	55.576218	54.192722	50.597977	51.805397	53.264088	51.18222	52.71632	51.151066	47.62151	45.402115	41.899117	40.71859	37.69755	37.316547	35.105553	35.05159	34.272575	31.379831	32.350853	30.513798	30.282913	30.936954	33.807247	32.451862	29.924412	31.847462	33.141666	30.500328	31.212196	29.99537	31.55447	33.235973	35.649906	38.763836	40.14979	43.366505	47.151436	50.186054	51.999863	55.272346	55.635937	58.64308	56.96702	54.32204	50.54882	47.50445	45.067707	41.655613	38.16578	35.92742	32.533287	29.738323	28.866402	25.22997	23.698387	22.399893	19.936085	19.493258	22.699852	24.647507	27.319557	30.241442	33.12844	33.789597	35.621975	37.021877	39.446167	37.198135	34.226242	33.013794	31.001265	30.33294	27.594772	27.714909	24.969172	24.968626	25.413136	21.646637	21.318155	20.243093	22.118982	25.31828	27.271482	27.179182	30.625856	32.035984	32.10677	28.333134	27.4244	29.805252	28.158384	24.38527	24.277802	22.539999	24.83635	24.817924	23.308804	20.167875	19.41081	21.399069	19.598988	16.582151	16.347225	18.399364	16.13345	13.437704	16.155832	17.435455	17.381346	15.853136	19.427444	20.822626	18.676172	21.014553	24.12544	23.130613	22.521072	25.995516	27.51344	26.19198	27.71562	30.925793	30.677221	30.270144	33.324684	35.603783	34.66893	34.841194	33.220047	32.395138	29.108578	28.925037	28.179888	24.487011	22.266054	20.818583	18.589666	20.715538	19.749844	21.281416	18.956589	21.677765	21.808985	24.90028	26.58999	27.472075	29.574476	29.483948	32.247887	31.288296	33.395313	32.896275	34.911343	36.456375	37.694546	41.326557	42.649734	40.51817	39.4061	35.801254	32.989307	31.92637	29.769297	29.38782	31.034956	29.52312	31.60083	29.672396	31.71776	30.618217	31.989223	32.87509	31.630892	35.248737	35.207355	31.932709	33.22674	36.734272	35.378212
V-351-B	76.72299	77.404884	77.18254	73.76834	72.33479	74.04565	72.52892	68.99769	69.499016	70.581825	67.566475	65.22	67.1076	67.054276	63.3206	62.78542	64.97418	63.390236	60.2218	62.25158	61.800987	64.731186	67.135315	69.73202	69.08815	70.981155	72.16101	73.87038	72.12275	72.97119	71.7514	68.45719	67.851494	68.76009	66.43657	63.54588	63.913406	64.06663	60.856	58.784966	60.230755	59.466866	55.930393	55.379257	57.077286	54.923843	51.61982	52.69159	53.61017	50.86277	49.16519	45.558064	45.33101	42.053246	44.250748	45.883198	42.6927	41.51954	38.493473	38.60282	38.980354	42.08183	40.33174	38.28518	40.02125	40.469673	38.64326	35.452488	35.606686	35.92772	33.03966	30.821978	32.08055	31.846981	28.20966	27.344376	29.442436	28.281107	31.975723	34.460354	38.25729	40.52398	44.3304	46.272778	50.03048	51.452606	52.04645	48.299988	48.09773	45.10773	46.506588	43.452732	39.6272	37.02834	34.85717	31.719635	32.730076	31.089312	27.550991	28.260622	30.22836	30.054295	33.804047	35.61816	38.240795	40.829304	39.75569	40.78698	43.683052	47.052856	45.610264	46.05438	43.26997	44.282024	42.832397	39.41237	40.128048	40.46583	44.19804	44.226604	43.56522	46.1246	49.251736	47.70321	46.26009	49.601753	51.176373	49.03309	49.854675	53.50781	54.614815	54.097622	56.827824	57.78474	60.4348	59.454277	62.03404	62.152588	61.69107	58.436066	55.349808	54.135998	50.530388	51.823704	53.51172	51.6653	53.284195	51.508965	48.041233	46.003418	42.62662	41.6239	38.696182	38.2998	36.00874	35.581135	34.682083	31.53335	32.13703	30.179745	29.594376	30.547392	33.694042	32.623756	30.332968	32.57801	33.80031	31.267712	32.016678	30.74053	32.53181	33.92558	36.325684	39.204197	40.505947	43.536583	47.30302	50.29831	51.85732	55.034977	55.178177	58.0273	56.757366	54.24997	50.455948	47.543804	44.916626	41.618538	38.070908	36.02774	32.77466	30.179476	29.751356	26.124493	24.208055	22.432686	19.648386	18.69438	21.713753	23.25768	25.606134	28.640238	31.263092	31.553444	33.39699	34.494503	36.895023	34.465534	31.340118	29.909403	27.686285	26.841305	23.996986	24.053759	21.360844	21.403503	22.105145	18.39924	17.94008	16.593893	18.36883	21.5265	23.495817	23.508312	27.010872	28.536394	28.758492	25.02038	24.236668	26.849564	25.280184	21.47035	21.404392	19.352192	21.464493	21.197636	19.708643	16.675049	15.727113	17.604044	15.806643	12.782355	12.758296	15.005947	13.153361	10.299532	13.256801	15.019204	15.688796	14.709441	18.476583	19.220339	16.896318	19.56752	22.405901	20.897045	20.362463	24.020096	25.15905	23.575098	25.357641	28.514658	27.90846	27.506798	30.74705	32.861282	31.656345	31.83426	30.389183	29.674929	26.556292	26.740776	26.049257	22.359566	20.172762	18.295038	16.186121	18.153566	17.172476	19.225332	17.192675	19.918455	19.934109	22.695246	24.405529	24.920137	26.94823	26.558527	29.203577	28.11509	30.129005	29.567331	31.42868	33.035065	34.208378	37.791637	39.213768	37.226257	36.12291	32.578796	29.696169	28.437716	26.224884	25.923916	27.520311	26.137094	28.303759	26.562805	28.836386	27.980867	29.661695	30.879301	30.008034	33.67679	33.37211	30.228464	31.907291	35.284065	33.82616
F-352-B	73.48377	74.102745	73.80909	70.42392	68.99644	70.62719	69.070206	65.570045	66.04805	67.051765	64.0287	61.702515	63.543716	63.43021	59.702293	59.177757	61.31325	59.690376	56.528275	58.55359	58.068768	60.97955	63.35853	65.97176	65.34544	67.27502	68.483635	70.23265	68.542114	69.41114	68.136604	64.8412	64.30707	65.21141	62.832275	59.970387	60.412632	60.529655	57.27595	55.274155	56.776543	55.95821	52.411343	51.96989	53.686428	51.464195	48.18881	49.385704	50.29117	47.469467	45.816807	42.19475	42.08621	38.74492	40.84207	42.60334	39.51077	38.402405	35.266014	35.3405	35.894436	38.991405	37.298588	35.071934	36.661667	36.961006	35.083256	31.976566	32.11243	32.287674	29.385149	27.251019	28.471525	28.114716	24.477728	23.716333	25.777594	24.525488	28.20219	30.657785	34.45451	36.730133	40.53682	42.511566	46.276886	47.73696	48.362366	44.629566	44.400925	41.375256	42.74074	39.669735	35.843388	33.24252	31.122784	27.944248	28.963545	27.401735	23.823406	24.507437	26.576017	26.484194	30.224571	32.038883	34.572105	37.24414	36.207638	37.1382	39.996124	43.39462	41.998455	42.450455	39.648617	40.77037	39.38156	35.924942	36.69167	37.205215	40.972122	41.085827	40.272972	42.74072	45.884422	44.323654	42.758316	46.072334	47.674618	45.47671	46.21351	49.882553	51.033596	50.46666	53.146366	54.093884	56.719868	55.741344	58.338573	58.44117	58.039146	54.793545	51.666527	50.429684	46.843575	48.213146	49.912273	48.130733	49.715645	47.860703	44.430325	42.41665	39.079483	38.122936	35.239563	34.863266	32.59621	32.067745	31.254938	28.078741	28.725893	26.955214	26.545519	27.748642	30.878185	30.075064	27.654745	29.829918	30.77971	28.140907	28.714737	27.294668	29.115385	30.361221	32.74906	35.546272	36.855156	39.831753	43.592613	46.560173	48.083027	51.244102	51.373447	54.2243	52.97147	50.472454	46.67763	43.78368	41.135517	37.860256	34.317295	32.29051	29.082008	26.538885	26.283619	22.678123	20.638739	18.711348	15.908132	14.890861	17.953403	19.640068	22.045671	25.106064	27.804323	28.288622	30.078201	31.403297	33.864346	31.639563	28.6495	27.555046	25.649075	25.266333	22.807766	23.425943	21.09776	21.806044	22.780928	19.252169	18.040794	16.798767	18.046286	21.483221	22.91019	22.335215	25.6151	26.875961	26.711481	22.916117	22.024467	24.280354	22.537338	18.779907	18.820272	17.294205	19.908484	20.141006	19.163954	15.735495	14.844772	17.404013	16.322397	12.878231	12.676148	14.047215	12.09931	8.787604	10.920994	12.628637	12.873894	12.347176	16.108807	17.043211	15.342857	18.373014	20.912115	19.515057	19.64698	23.23168	24.126087	22.999487	25.143248	27.988064	27.416874	27.53791	30.734755	32.54284	31.348354	31.073185	29.282156	28.124903	24.838318	24.68916	23.563938	19.790934	17.24616	15.461091	13.029792	15.079688	14.277926	15.949663	13.628131	16.321526	16.490486	19.468204	21.374914	22.278868	24.63184	24.667337	27.630547	27.012766	29.415709	29.330566	31.357176	33.350082	34.807373	38.28586	40.029934	38.24874	36.8432	33.446857	30.285852	29.002796	26.387293	25.586843	26.746086	24.891949	26.63694	24.48837	26.40539	25.178629	26.697613	27.649778	26.680346	30.385332	30.324104	27.247074	28.823906	32.290215	31.102764
V-353-B	72.06032	72.50587	72.169365	68.86978	67.351295	68.82608	67.29529	63.834827	64.15556	65.057434	62.10018	59.716457	61.385265	61.245926	57.55947	56.907875	58.911205	57.31429	54.08207	55.95465	55.314373	58.14716	60.5528	63.238766	62.76485	64.72008	66.079834	67.81343	66.22164	66.98313	65.58307	62.36391	61.87449	62.62465	60.170296	57.42148	57.84034	57.787094	54.537926	52.63591	54.036156	53.06242	49.57757	49.188503	50.751167	48.426094	45.23669	46.4228	47.157566	44.272472	42.482487	38.913033	38.931202	35.65743	37.86192	39.736084	36.716854	35.867847	32.746906	33.082985	33.9534	37.18404	35.781013	33.36246	34.882626	34.87323	33.123768	30.141014	29.952269	29.929977	27.220865	25.037275	25.8646	25.419725	21.923082	20.934576	22.696987	21.478203	25.209919	27.872185	31.67411	33.88552	37.693108	39.601	43.34674	44.638165	45.37203	41.64317	41.62168	38.668224	40.164845	37.14478	33.32208	30.847328	29.03183	25.653198	26.469044	25.246386	21.613783	21.831383	23.93566	24.276245	28.021254	30.08469	32.450905	35.26974	34.0771	34.724796	37.642395	41.00396	39.48178	39.69952	36.74333	37.79517	36.61876	33.066048	33.601894	34.096645	37.87186	37.82451	36.919373	39.480217	42.52875	40.85136	39.368835	42.755737	44.2349	42.022755	42.896988	46.56561	47.5982	47.0555	49.8157	50.786713	53.489796	52.58797	55.235092	55.487118	55.081158	51.75497	48.679817	47.327633	43.745953	45.078983	46.640175	44.738087	46.275436	44.52062	41.052734	38.953854	35.55971	34.562386	31.677277	31.403631	29.270536	28.96232	28.398634	25.407589	26.435162	25.007984	25.090387	26.337788	29.219797	28.489481	25.744083	27.565762	28.246367	25.36416	25.652645	24.042912	25.650568	26.92848	29.265627	32.17687	33.4997	36.58754	40.364723	43.37451	45.05591	48.29611	48.60174	51.577187	50.083454	47.46374	43.6812	40.677036	38.12363	34.754982	31.231014	29.10893	25.786873	23.16873	22.693447	19.093922	17.146152	15.522733	12.883572	12.429479	15.78169	18.030579	20.68331	23.695541	26.618097	27.545935	29.189358	30.935438	33.49428	31.6254	28.875603	28.25735	26.759905	26.877392	24.821363	25.878233	23.827944	24.908533	25.940958	22.512238	20.969452	19.889366	20.80733	24.340015	25.364647	24.315355	27.318117	28.221485	27.708364	23.929108	22.788408	24.537313	22.713081	19.126356	19.096613	18.270823	21.273397	22.08574	21.38319	17.71926	17.163317	20.144188	19.524195	15.9977255	15.713883	16.447	14.342651	11.059728	12.208363	13.465366	12.753875	12.296047	15.755135	17.327913	16.350641	19.36086	21.777264	20.822502	21.406174	24.767214	25.6851	25.055437	27.28078	29.90502	29.554796	30.02818	33.076744	34.743866	33.698105	33.09654	30.974344	29.417675	25.948664	25.295233	23.748808	19.974121	17.101532	15.743892	12.94754	14.967245	14.222268	14.992061	12.293674	14.985244	15.548584	18.9404	21.050291	22.572876	25.246298	25.825788	29.071455	28.90108	31.607454	31.884258	34.059578	36.267384	37.90801	41.32167	43.223667	41.522152	39.944042	36.623974	33.341476	32.115086	29.298481	28.162243	29.013792	26.782913	28.109938	25.55491	26.988707	25.267447	26.430939	26.866964	25.56089	29.244404	29.638062	26.586195	27.773075	31.400347	30.577877
D-354-B	68.652275	69.05821	68.64691	65.36914	63.878555	65.28819	63.706593	60.279613	60.604313	61.43228	58.455894	56.11074	57.758705	57.55377	53.868565	53.25717	55.224907	53.577904	50.369686	52.271957	51.63068	54.462536	56.83496	59.51851	59.025517	61.014988	62.37161	64.154236	62.607986	63.420197	61.9857	58.74765	58.335804	59.11941	56.616653	53.87658	54.396194	54.341873	51.03851	49.20156	50.70168	49.70056	46.188046	45.931957	47.560436	45.175774	42.005066	43.36417	44.13036	41.16748	39.488052	35.888157	36.03733	32.663445	34.685074	36.706024	33.820442	33.002125	29.737787	29.96018	31.00722	34.175797	32.803143	30.194159	31.512997	31.356253	29.521902	26.651217	26.492884	26.297785	23.546204	21.503859	22.3384	21.727032	18.210245	17.429968	19.193047	17.831728	21.533329	24.120806	27.922752	30.182447	33.993122	35.98255	39.74722	41.13769	41.9077	38.2032	38.09382	35.06271	36.464596	33.396866	29.573797	27.055868	25.276423	21.87018	22.761517	21.635866	17.952145	18.194443	20.498552	20.91787	24.613903	26.6043	28.833235	31.754463	30.67377	31.209496	34.03673	37.452076	36.043423	36.32677	33.377235	34.625908	33.511093	29.929787	30.59162	31.376785	35.186222	35.300667	34.17524	36.565964	39.648293	37.970898	36.280567	39.607704	41.146168	38.843536	39.557796	43.253983	44.37182	43.734947	46.39701	47.334232	49.976765	49.045887	51.696453	51.883266	51.55129	48.26146	45.11993	43.774704	40.215054	41.657837	43.278168	41.50537	43.01816	41.124363	37.7172	35.689877	32.378654	31.485003	28.69118	28.451227	26.354141	25.83888	25.38945	22.339777	23.364328	22.215576	22.49137	24.108727	26.959389	26.639133	23.829433	25.57456	25.862268	22.890203	22.918365	21.086592	22.758244	23.749147	26.051525	28.79814	30.107328	33.085667	36.85134	39.8202	41.406033	44.609108	44.85664	47.80425	46.413967	43.8295	40.04174	37.084232	34.463673	31.144327	27.612455	25.555393	22.321758	19.831491	19.707964	16.180058	13.948641	11.977655	9.226962	8.64411	12.08372	14.54574	17.188522	20.22204	23.171198	24.29734	25.834692	27.81151	30.416248	28.804638	26.249779	26.028708	24.915926	25.525118	23.946415	25.5142	23.906576	25.533112	26.80482	23.657366	21.558268	20.575626	20.960108	24.555658	25.03516	23.458447	26.113201	26.712515	25.804935	22.10115	20.886967	22.150606	20.185347	16.835752	16.940557	16.822395	20.190718	21.460539	21.307446	17.528223	17.058874	20.43338	20.453451	16.858952	16.50192	16.412203	14.529906	11.323721	11.236968	12.276733	11.089309	11.47276	14.532437	16.132174	15.974164	19.18763	21.085575	20.215216	21.460972	24.621027	25.183939	24.982061	27.51215	29.750587	29.374222	30.31963	33.288803	34.602264	33.535667	32.512108	30.13057	28.171032	24.663836	23.717813	21.700289	17.987604	14.768485	13.592896	10.534212	12.431516	12.015833	12.088904	9.036513	11.5539665	12.423603	15.988649	18.333015	20.283257	23.263048	24.274088	27.745275	28.054747	31.055487	31.76895	34.015068	36.54103	38.390953	41.65052	43.83129	42.357723	40.54203	37.412575	33.939426	32.679962	29.573423	28.033575	28.425781	25.816565	26.657269	23.757837	24.751623	22.643967	23.618458	23.73541	22.379862	26.071447	26.74506	23.867373	24.960857	28.62583	28.147137
Q-355-B	66.09831	66.36811	66.03482	62.825684	61.18801	62.539303	61.083977	57.643574	57.799896	58.667976	55.80416	53.327538	54.8678	54.78609	51.13924	50.342922	52.308838	50.815437	47.506927	49.283916	48.649597	51.51995	54.024937	56.657845	56.20731	58.086796	59.50116	61.16121	59.58123	60.258755	58.831123	55.653694	55.142105	55.824577	53.370296	50.64897	51.037384	50.944733	47.707687	45.815342	47.197964	46.210003	42.72498	42.36115	43.93561	41.604126	38.407402	39.665382	40.442703	37.543365	35.88085	32.25998	32.29824	28.94337	31.049192	32.994644	30.068104	29.31226	26.112862	26.53374	27.700012	30.991383	29.87455	27.248703	28.69357	28.431059	26.895172	23.996447	23.459883	23.379755	20.931646	18.57976	19.117323	18.820707	15.440475	14.138509	15.961216	15.104573	18.880941	21.764614	25.508425	27.978153	31.773827	33.937405	37.699303	39.004417	40.07127	36.444427	36.47838	33.392204	34.67864	31.51064	27.728481	25.110214	23.724432	20.139448	21.214945	20.678215	16.91824	16.761692	19.49691	20.465683	23.987986	25.956135	27.745703	30.948696	30.003166	30.101254	32.75581	36.22698	34.92292	35.043743	31.91929	33.338173	32.602356	28.905647	29.358736	30.391712	34.199524	34.162457	32.686607	35.07513	37.97952	36.03375	34.288784	37.685658	38.992405	36.472736	37.26711	41.015568	41.94102	41.09336	43.727848	44.47178	47.05662	46.002148	48.555744	48.772457	48.28561	44.97041	41.92689	40.675014	37.04891	38.310616	39.974567	38.180077	39.860115	38.06488	34.579445	32.70549	29.468756	28.868801	26.331648	26.522072	24.832975	24.506174	24.594555	21.788841	23.179983	22.646273	23.404795	25.325674	27.931377	27.94007	24.917404	26.251858	26.003553	22.7498	22.14724	19.775019	20.964863	21.544016	23.450745	26.147642	27.134115	30.168638	33.92297	37.046463	38.666744	41.983685	42.417023	45.433712	44.167946	41.43288	37.675175	34.582867	31.871214	28.435266	24.816761	23.006792	19.621244	17.464556	17.210817	13.973732	11.231038	9.767042	6.575671	7.425533	11.20565	14.276723	16.594172	19.753096	22.56494	23.880575	24.921936	27.188972	30.054438	28.859472	26.436827	26.70022	25.81945	26.879726	25.675909	27.634985	26.429316	28.307047	29.882145	26.874657	24.585909	23.344467	23.243587	26.679724	26.742018	24.769785	27.053833	27.121155	26.135405	22.614773	20.895945	21.68278	20.064907	17.030655	16.5988	17.080063	20.492165	22.383732	22.277061	18.46563	18.653002	22.2548	22.767635	19.376583	19.461414	19.175608	17.721642	14.430878	13.7236595	14.949728	13.634411	14.551403	17.189917	18.833326	19.17906	22.437433	24.02085	23.171017	24.760748	27.81316	28.121462	28.090132	30.804766	32.833145	32.340946	33.501892	36.48217	37.565105	36.374275	35.110535	32.651707	30.437737	26.996655	25.903646	23.4602	19.89411	16.373217	15.163274	11.734368	12.698252	11.78263	10.803342	8.195314	10.972379	12.871622	16.437698	19.241817	21.57974	24.881666	26.171194	29.760284	30.388662	33.512974	34.431683	36.54347	39.24519	41.051785	44.175373	46.51821	45.25277	43.435642	40.422245	36.88585	35.42511	32.20658	30.589865	30.611795	27.84981	28.280634	25.174019	25.794436	23.280201	24.197563	23.884907	22.56905	26.214802	27.34885	24.801107	25.713692	29.390528	29.394138
R-356-B	67.28426	67.40252	66.92661	63.81067	62.175858	63.317314	61.792362	58.454124	58.508194	59.15969	56.31678	53.887394	55.224705	54.97818	51.39056	50.557446	52.278446	50.688694	47.37449	48.987347	48.064556	50.741375	53.154037	55.96042	55.742775	57.76915	59.386547	61.132927	59.764122	60.382942	58.735275	55.646908	55.313545	55.818947	53.19417	50.670757	51.1425	50.780956	47.502785	45.857952	47.159847	45.877346	42.498882	42.340893	43.671246	41.103848	38.11495	39.44475	39.879787	36.805565	34.86104	31.380745	31.79128	28.579906	30.796041	33.024826	30.320347	30.025188	26.855907	27.587206	29.208027	32.54232	31.72611	28.852722	30.00853	29.27598	27.735718	25.197943	24.409557	23.815256	21.557926	19.51256	19.457546	18.653032	15.615806	14.352285	15.285631	14.0213	17.763025	20.764805	24.504826	26.594788	30.364847	32.20057	35.899925	36.95246	37.927933	34.252087	34.55045	31.693169	33.33855	30.41339	26.662779	24.46227	23.35945	19.674091	20.087275	19.74012	16.161112	15.30273	17.59848	18.95303	22.488127	24.902447	26.736841	29.860771	28.504381	28.478104	31.37256	34.663414	33.02916	32.852863	29.627611	30.723976	30.045996	26.321985	26.498579	27.245798	31.034407	30.828678	29.516018	32.079884	34.96052	33.054302	31.531395	34.99608	36.28825	33.959312	34.947018	38.634987	39.520893	38.93366	41.75091	42.734554	45.52203	44.740234	47.479576	47.945827	47.60722	44.17716	41.146294	39.58299	36.04624	37.41329	38.75774	36.750755	38.165565	36.470493	32.994175	30.792654	27.363068	26.383245	23.588346	23.579546	21.797012	21.766268	21.878622	19.320974	21.114182	20.720741	21.91576	23.506176	25.77022	25.583944	22.320356	23.305937	23.03933	19.659912	19.031145	16.766685	17.904484	18.935066	21.111712	24.102396	25.441679	28.64461	32.430843	35.473568	37.3666	40.707954	41.289555	44.4535	42.614864	39.81194	36.065517	32.90415	30.491936	27.00278	23.541828	21.290335	17.822893	15.174272	14.525121	11.020005	8.996237	8.011955	6.14111	7.563021	11.034502	14.406379	17.238829	19.913973	23.089705	24.927303	26.139866	28.721899	31.37407	30.373241	28.289913	28.739363	28.20402	29.371874	28.278215	30.208376	28.866587	30.733269	31.986683	28.922922	26.67133	25.856083	26.031162	29.61043	29.7432	27.770138	30.032585	30.18965	28.904537	25.412178	23.94871	24.454664	22.524864	19.708647	19.687843	20.435007	23.965322	25.779793	25.83633	22.02733	21.917437	25.471478	25.78497	22.228798	21.829308	21.365965	19.401337	16.492844	15.8074045	16.21518	14.080812	14.402259	16.538435	18.838095	19.506021	22.37893	24.065601	23.808435	25.404156	28.179937	28.81278	29.153252	31.638096	33.612152	33.529987	34.79089	37.533047	38.709534	37.858196	36.5193	33.81631	31.458378	27.862385	26.309118	23.86683	20.451744	17.154018	16.757408	13.777351	15.265103	14.983402	13.635181	10.619662	12.482477	13.921671	17.657963	20.059702	22.752262	25.953934	27.604479	31.265009	32.064526	35.30998	36.373234	38.748917	41.438515	43.451477	46.632385	48.93851	47.526955	45.55881	42.509666	38.966866	37.79804	34.566334	32.750484	32.855003	29.935034	30.288446	27.033218	27.351748	24.674925	25.041988	24.315388	22.45007	25.898289	27.30848	24.612001	24.979137	28.748161	28.871576
A-357-B	70.61999	70.73904	70.35807	67.23829	65.53437	66.72266	65.28175	61.90671	61.908657	62.640976	59.848087	57.34526	58.667458	58.515972	54.940636	54.014767	55.759407	54.259586	50.89627	52.430767	51.490505	54.157272	56.630177	59.437977	59.273476	61.242245	62.893032	64.55674	63.143433	63.662376	62.040314	58.999866	58.56274	58.987026	56.421936	53.91118	54.233364	53.84177	50.648476	48.930965	50.071644	48.804443	45.482403	45.14659	46.357956	43.86548	40.869675	41.954914	42.321884	39.35801	37.254295	33.833534	34.069164	31.016254	33.49376	35.525936	32.656345	32.365143	29.396778	30.326807	31.772049	35.22132	34.430164	31.760998	33.180843	32.596363	31.206396	28.520536	27.634235	27.272284	25.104036	22.832237	22.745123	22.212248	19.211466	17.634302	18.603388	17.625538	21.363127	24.469433	28.179134	30.222134	33.967445	35.70918	39.367092	40.255993	41.23801	37.555336	38.008156	35.257298	37.0125	34.144054	30.40869	28.254318	27.151974	23.474892	23.831615	23.413734	19.85832	18.990662	21.07329	22.373745	25.968994	28.481432	30.43072	33.478794	31.992678	32.031956	35.01723	38.24285	36.471767	36.167328	32.90402	33.757553	33.078754	29.375696	29.333757	29.724825	33.46006	32.99122	31.910423	34.706604	37.49168	35.532818	34.29938	37.849	39.00455	36.77137	37.997555	41.64141	42.36556	41.876534	44.819126	45.817856	48.67733	47.9285	50.6485	51.22344	50.76816	47.285023	44.370396	42.801964	39.241756	40.428562	41.67742	39.487026	40.946262	39.471725	35.91576	33.64282	30.127693	29.05121	26.189682	26.210093	24.464384	24.761963	24.80973	22.371462	24.224552	23.565117	24.61502	25.832304	28.10346	27.472925	24.189869	25.17888	25.308172	21.974543	21.58977	19.56531	20.520864	21.893713	24.031612	27.220737	28.519968	31.863737	35.64117	38.749302	40.78174	44.18446	44.88624	48.102306	46.12588	43.249844	39.53017	36.29162	33.975758	30.420118	26.98602	24.70123	21.134531	18.398643	17.22243	13.734034	12.160618	11.711027	9.841119	11.089733	14.619544	17.79892	20.676352	23.424524	26.600256	28.25661	29.547138	31.94729	34.620384	33.38909	31.084068	31.200146	30.303839	31.084087	29.573692	31.125408	29.417244	30.856173	31.935535	28.612932	26.798298	25.867369	26.440596	29.99839	30.563608	28.979555	31.558762	31.929836	30.997795	27.375599	25.873117	26.824352	25.033262	21.900812	21.677143	21.829428	25.132534	26.66648	26.220963	22.42102	22.348225	25.678205	25.520752	22.00274	21.712381	21.880737	19.70836	16.633734	16.805824	17.453497	15.607432	15.226499	17.806618	20.20703	20.21494	22.958857	25.144783	24.845453	25.913858	28.883516	29.855028	29.852865	32.092888	34.419456	34.37806	35.247387	38.06943	39.569324	38.737488	37.748108	35.235043	33.188812	29.565908	28.228098	26.148205	22.580627	19.453077	18.81481	15.812399	17.46822	16.774206	16.044008	13.211211	15.55049	16.788782	20.524975	22.825243	25.197395	28.216333	29.523806	33.05568	33.460316	36.4949	37.19557	39.52013	41.955383	43.78452	47.111786	49.1828	47.56993	45.81423	42.58335	39.191204	38.029846	35.02259	33.538742	34.0203	31.380407	32.144367	29.123682	29.836037	27.442478	28.013935	27.574184	25.741274	29.229769	30.407833	27.513367	27.961834	31.74364	31.562275
T-358-B	69.28008	69.314575	69.10636	66.032326	64.154076	65.372284	64.12629	60.699295	60.54143	61.421818	58.76958	56.09519	57.362225	57.435352	53.90025	52.75941	54.58549	53.321724	49.850243	51.265392	50.420944	53.176422	55.836754	58.52734	58.353565	60.12808	61.780354	63.24619	61.71095	62.061947	60.537594	57.562878	56.915928	57.252693	54.831577	52.2917	52.37549	52.017033	48.960793	47.078266	48.03396	46.886642	43.603218	42.99916	44.161224	41.847935	38.770447	39.589233	40.035923	37.26437	35.18824	31.746635	31.651958	28.687027	31.356283	33.10249	30.054068	29.71436	26.964958	28.133781	29.465601	33.04349	32.45882	29.996178	31.7354	31.256842	30.264471	27.434362	26.199818	26.208807	24.390715	21.693008	21.407162	21.46537	18.647375	16.421688	17.580948	17.392073	21.124279	24.495901	28.085714	30.40515	34.103966	36.071114	39.71124	40.52175	41.835014	38.2574	38.82783	36.004955	37.568947	34.569	30.900364	28.57201	27.772604	24.019382	24.695425	24.733969	21.122406	20.099688	22.591852	24.231867	27.662413	30.029806	31.596806	34.879833	33.612198	33.30979	36.073257	39.36991	37.762733	37.351284	33.94843	34.979134	34.65645	30.875446	30.637663	31.240583	34.942627	34.279655	32.872524	35.68727	38.246887	35.976006	34.737156	38.360466	39.215813	36.737545	38.086105	41.77376	42.235565	41.48211	44.384483	45.1047	47.86264	46.912453	49.452557	50.02784	49.30758	45.82081	43.074505	41.706146	38.053226	38.91903	40.26076	38.029156	39.772247	38.4841	34.815815	32.784893	29.38414	28.707241	26.192602	26.755953	25.498024	26.015547	26.559298	24.327032	26.384338	26.13281	27.381577	28.86594	31.056297	30.659594	27.29654	28.050259	27.810652	24.298649	23.395765	20.899246	21.287678	22.212395	23.807573	26.927288	27.748148	31.149883	34.879463	38.19155	40.230198	43.755966	44.651222	47.89938	46.182667	43.153496	39.488167	36.11375	33.67018	30.004301	26.480871	24.582054	20.872496	18.614035	17.171263	14.14447	12.080823	12.361427	10.121645	12.287011	15.959153	19.369291	21.807255	24.775251	27.685083	29.247503	30.078989	32.52376	35.471016	34.44717	32.069626	32.383846	31.416449	32.360455	30.949446	32.67362	31.200693	32.689224	34.088757	30.802954	28.96561	27.611555	27.843979	31.205662	31.57864	29.844978	32.24545	32.233696	31.502441	28.007343	26.023516	26.854704	25.539465	22.515696	21.671425	21.928978	25.050095	26.962772	26.277882	22.510592	23.06926	26.476147	26.59934	23.325775	23.604368	23.915506	22.18599	18.80459	18.826567	20.004995	18.482014	18.56307	21.200342	23.376926	23.43227	26.373278	28.420195	27.863176	29.04184	32.12374	32.86179	32.72496	35.143013	37.446026	37.149582	38.021633	40.990715	42.374916	41.303226	40.26876	37.85347	35.763447	32.238117	31.036957	28.73887	25.171103	21.793976	20.762133	17.387968	18.295174	16.922981	15.85371	13.732802	16.492077	18.450853	22.071983	24.78686	27.204893	30.438696	31.706028	35.25892	35.71067	38.724922	39.404133	41.49399	43.988297	45.62744	48.872997	51.008625	49.55794	47.9431	44.753906	41.36152	39.911434	36.897675	35.553272	35.843052	33.24722	33.866924	30.833208	31.504171	28.96567	29.750956	29.210384	27.616415	31.12648	32.506756	29.876123	30.399372	34.153584	34.229427
A-359-B	67.90244	67.78345	67.456894	64.47958	62.58893	63.61383	62.326073	58.991432	58.72613	59.42707	56.813633	54.166378	55.25221	55.20896	51.735413	50.544273	52.176167	50.86494	47.3844	48.660038	47.615543	50.238865	52.85017	55.641575	55.63255	57.493824	59.297424	60.814556	59.443745	59.74629	58.054203	55.15264	54.64646	54.849724	52.299297	49.91356	50.074223	49.51395	46.42312	44.740234	45.656532	44.28682	41.079395	40.6658	41.66703	39.16596	36.248653	37.182175	37.39229	34.467846	32.23987	28.882895	29.110115	26.214136	28.89611	30.907726	28.09951	28.150002	25.382122	26.772358	28.552923	32.128315	31.839045	29.121483	30.571241	29.663517	28.728844	26.231083	24.734333	24.332106	22.768755	20.297852	19.476223	19.218782	16.788166	14.509613	14.958531	14.69871	18.30523	21.792532	25.28871	27.407793	31.04141	32.85787	36.432568	37.072727	38.435135	34.887127	35.651474	32.962566	34.676945	31.821537	28.239614	26.1834	25.749308	21.94661	22.258995	22.689127	19.282402	17.685354	20.033682	22.117334	25.366907	27.930387	29.28922	32.601665	31.176146	30.596916	33.384235	36.562164	34.83339	34.19324	30.696592	31.636326	31.52785	27.728868	27.26307	27.87379	31.531672	30.76373	29.249367	32.095222	34.56674	32.23078	31.048058	34.701694	35.481506	33.027073	34.470833	38.131615	38.533916	37.852123	40.825195	41.63625	44.487892	43.68218	46.324165	47.053535	46.43261	42.878887	40.14386	38.585705	34.995823	35.930138	37.07708	34.744934	36.33511	35.09024	31.434778	29.25212	25.778666	24.986395	22.444359	23.076237	21.981176	22.722408	23.554688	21.64331	24.046907	24.216085	25.92131	27.396265	29.237955	28.9904	25.471546	25.813452	25.220284	21.576387	20.304459	17.616772	17.696846	18.628428	20.185606	23.417381	24.350185	27.83816	31.564722	34.843082	37.03922	40.589195	41.61861	44.96374	42.942146	39.84496	36.214314	32.78183	30.508068	26.807964	23.398447	21.333336	17.5814	15.228991	13.496029	10.588693	8.848232	9.933335	8.678658	11.532819	14.828617	18.48105	21.009285	23.634726	26.660349	28.644289	29.392597	32.170074	35.028164	34.34485	32.31719	33.007973	32.465607	33.75229	32.680267	34.65267	33.34991	35.09714	36.449223	33.271957	31.197744	30.103172	30.215294	33.661915	33.78198	31.771898	33.934307	33.761467	32.65912	29.2835	27.367233	27.712154	26.231556	23.555353	22.938887	23.760117	27.087145	29.214855	28.907066	25.116	25.574343	29.128424	29.462543	26.078215	26.082748	25.94717	24.094929	20.963385	20.495995	21.184439	19.126678	19.281965	21.357086	23.825394	24.427982	27.200872	29.017506	28.823694	30.30493	33.110676	33.834408	34.10685	36.53777	38.601204	38.5092	39.6698	42.459545	43.701077	42.801754	41.50582	38.839962	36.470215	32.891163	31.302649	28.771936	25.420885	22.068516	21.557535	18.368244	19.295868	18.37189	16.625029	14.340656	16.452175	18.447441	22.08438	24.692862	27.506435	30.814667	32.49845	36.17047	36.974045	40.18724	41.170494	43.422523	46.074333	47.927383	51.11388	53.380524	51.978104	50.15963	47.05577	43.56554	42.24935	39.086155	37.44	37.523743	34.665836	34.961742	31.691988	31.92459	29.085932	29.444145	28.431421	26.536562	29.836353	31.59598	29.084732	29.186852	32.94037	33.35176
I-360-B	71.26308	71.11383	70.69068	67.73823	65.89771	66.83336	65.4684	62.193573	61.92912	62.499035	59.862125	57.287144	58.291576	58.113495	54.66715	53.516094	54.996593	53.57907	50.136227	51.33906	50.098057	52.559616	55.055065	57.982533	58.128155	60.11781	62.03593	63.63926	62.41063	62.706352	60.877953	58.027626	57.652985	57.762897	55.103413	52.848614	53.078575	52.35375	49.242672	47.730286	48.596985	47.03905	43.92294	43.641	44.465347	41.822502	39.074448	40.018314	39.96955	36.958977	34.49487	31.311426	31.785255	29.066273	31.817644	33.962772	31.289906	31.572279	28.86218	30.34575	32.244114	35.806744	35.54143	32.749645	34.0567	32.996693	31.93601	29.588783	28.151438	27.482546	25.860685	23.645672	22.729351	22.097	19.750975	17.76963	17.791124	17.06734	20.545477	23.91905	27.404858	29.137741	32.725624	34.182842	37.677013	38.113388	39.25589	35.651924	36.590992	34.14512	36.19051	33.57879	30.020288	28.294832	27.824812	24.065348	23.887365	24.116632	20.872852	19.086779	20.842762	22.879541	26.206358	29.084312	30.70929	33.79881	31.999735	31.56853	34.61743	37.607986	35.55705	34.735714	31.259586	31.769274	31.525648	27.80008	27.130316	27.225842	30.81894	29.861998	28.772009	31.848713	34.33023	32.150814	31.310053	34.990707	35.812405	33.676117	35.311874	38.8578	39.25903	38.926136	42.078815	43.164383	46.20215	45.66842	48.468792	49.38976	48.90968	45.290287	42.568653	40.759315	37.28235	38.314312	39.175888	36.65852	37.970657	36.84006	33.23915	30.734621	27.091682	25.817635	22.94061	23.182558	21.834246	22.855528	23.411524	21.655384	24.180056	24.085703	25.828104	26.788729	28.453423	27.742002	24.146488	24.354595	24.153215	20.590635	19.707363	17.530468	17.72395	19.378164	21.313965	24.804968	26.139803	29.713797	33.425194	36.56036	38.96182	42.47165	43.545303	46.960857	44.442356	41.36127	37.7539	34.339134	32.37133	28.711918	25.504637	23.032402	19.35957	16.51141	14.412707	11.273018	10.7171135	11.782836	11.216632	13.483927	16.597853	20.100695	23.046444	25.404852	28.696268	30.8324	31.921743	34.70117	37.348583	36.51982	34.544884	35.044052	34.487396	35.54985	34.270786	35.970318	34.33391	35.841843	36.827873	33.503857	31.679756	30.889833	31.44367	35.016396	35.45989	33.70407	36.101505	36.24997	35.11351	31.61097	29.99053	30.522188	28.757946	25.934282	25.657398	26.23321	29.59597	31.391674	31.008928	27.199533	27.290834	30.689486	30.603294	27.086409	26.719341	26.74106	24.4315	21.541094	21.50296	21.769978	19.419579	18.834854	20.788479	23.650614	24.0645	26.463514	28.603111	28.774097	29.942015	32.6343	33.77167	34.101013	36.209568	38.420753	38.650654	39.6527	42.29331	43.789608	43.16541	42.03712	39.322884	37.073303	33.38436	31.646547	29.407673	26.06978	23.02104	22.876766	19.995455	21.51366	20.913874	19.515074	16.801756	18.685766	20.086111	23.83234	26.040665	28.80857	31.88047	33.55961	37.181087	37.83865	41.00057	41.871746	44.312256	46.797615	48.72805	52.047577	54.142677	52.498837	50.66466	47.439983	44.035297	42.981678	39.936546	38.313465	38.703228	35.901485	36.433273	33.22568	33.5524	30.859896	31.000336	30.017239	27.802176	31.008512	32.66342	29.872292	29.731194	33.523064	33.70954
L-361-B	73.83452	73.722534	73.43921	70.458565	68.54163	69.58316	68.32765	64.98424	64.69255	65.41045	62.81961	60.15227	61.202946	61.175125	57.72088	56.486355	58.072144	56.778374	53.285824	54.469093	53.316406	55.841496	58.433247	61.295086	61.408142	63.28592	65.16781	66.656624	65.31268	65.52635	63.79839	60.96654	60.429127	60.517933	57.977688	55.66835	55.724262	55.06327	52.051743	50.385235	51.12427	49.687637	46.59193	46.070316	46.86632	44.38734	41.563854	42.250008	42.26315	39.43482	36.94611	33.778793	33.943966	31.332026	34.264442	36.120464	33.23249	33.3676	30.842903	32.404076	34.01383	37.659657	37.347073	34.806465	36.42622	35.629227	34.702484	32.11788	30.663372	30.345541	28.726252	26.226925	25.470888	25.211102	22.735136	20.515142	20.897411	20.48804	24.038177	27.470663	30.967024	32.829876	36.424194	37.948696	41.440693	41.840866	43.04033	39.45269	40.414967	37.951675	39.945606	37.26866	33.687454	31.820059	31.24731	27.476664	27.510029	27.619053	24.251842	22.703764	24.547503	26.416935	29.83116	32.63917	34.337933	37.434948	35.68673	35.339172	38.37665	41.40329	39.37124	38.56164	35.084736	35.548508	35.290886	31.583311	30.868578	30.823837	34.365738	33.266556	32.28778	35.459133	37.850723	35.607876	34.91359	38.624428	39.321564	37.183094	38.935654	42.464	42.730034	42.36342	45.541355	46.530426	49.543526	48.92685	51.6297	52.55615	51.907204	48.285503	45.671623	43.982655	40.452007	41.27575	42.17597	39.586353	41.04889	40.080833	36.414913	34.00265	30.393639	29.228218	26.447826	26.810537	25.543945	26.655134	27.152004	25.345926	27.760508	27.428797	28.925728	29.767176	31.574429	30.618694	27.09708	27.449135	27.53881	24.06667	23.374092	21.317019	21.441452	23.10434	24.88187	28.376759	29.51856	33.129818	36.816036	40.04167	42.45357	46.012527	47.142574	50.55518	48.141705	45.015575	41.42574	37.967815	35.951935	32.252518	28.991583	26.672325	22.950335	20.245262	18.043184	15.045592	14.288943	15.238402	14.066017	16.153477	19.552944	22.960371	25.835032	28.435257	31.648575	33.5177	34.59904	37.17505	39.92848	38.883385	36.640026	36.859787	35.94118	36.697426	35.086975	36.507954	34.648388	35.809372	36.755543	33.263424	31.800114	30.784937	31.551985	35.02162	35.77062	34.315723	36.933617	37.189415	36.41641	32.828728	31.085752	31.999931	30.446598	27.358232	26.80259	26.89513	30.008335	31.624704	30.785732	27.043074	27.292822	30.485918	30.093168	26.725588	26.61463	27.173754	24.88925	21.81219	22.360876	23.007797	21.065807	20.213818	22.61273	25.344423	25.207642	27.620972	30.087723	30.044788	30.81823	33.733757	35.022167	34.975437	36.958984	39.45678	39.586163	40.245476	43.018944	44.738228	44.018425	43.18689	40.69804	38.72319	35.06027	33.61616	31.613379	28.105812	25.073454	24.54323	21.520191	22.99294	21.952204	21.024288	18.539127	20.930595	22.363495	26.11131	28.403265	30.876768	33.873577	35.206173	38.71653	39.03053	41.989048	42.529854	44.83085	47.108013	48.805767	52.213184	54.11906	52.364384	50.771072	47.41876	44.15679	43.011314	40.169144	38.88375	39.531002	36.99723	37.84778	34.851578	35.543396	33.077568	33.530224	32.858665	30.82347	34.160896	35.58499	32.68813	32.786465	36.58834	36.52792
A-362-B	71.76179	71.615265	71.49802	68.53808	66.48731	67.59604	66.51036	63.109543	62.716255	63.597965	61.116383	58.309258	59.362877	59.54974	56.11819	54.728077	56.436172	55.352158	51.78303	52.91679	51.921413	54.57037	57.332073	60.047787	60.08369	61.76804	63.592274	64.90394	63.41215	63.513195	61.921402	59.118523	58.375183	58.445324	56.0641	53.681896	53.53573	52.974422	50.08136	48.226387	48.8474	47.58582	44.493046	43.715588	44.542854	42.269558	39.328865	39.796383	39.972557	37.342976	34.973743	31.745615	31.549877	28.969063	32.00861	33.56901	30.501015	30.501057	28.160183	29.845057	31.280928	34.993294	34.802845	32.480804	34.38087	33.750423	33.141144	30.408	28.734516	28.794443	27.42671	24.58249	23.773903	24.05894	21.687208	19.010996	19.68398	19.942383	23.481493	27.070774	30.471636	32.65226	36.219658	38.028606	41.533127	41.97215	43.4652	39.97294	40.92367	38.316677	40.04534	37.191864	33.653126	31.545635	31.142447	27.34125	27.771267	28.181992	24.71839	23.216625	25.514406	27.545994	30.8508	33.430202	34.815937	38.13012	36.675636	36.090523	38.882504	42.02968	40.239647	39.456783	35.90019	36.651707	36.649223	32.870213	32.14084	32.43846	35.98792	34.859	33.506783	36.586254	38.83167	36.33217	35.49705	39.23304	39.719627	37.29873	39.047527	42.64099	42.734493	42.050674	45.11921	45.803818	48.661877	47.795464	50.298077	51.14104	50.247528	46.663445	44.174416	42.737106	39.11234	39.662106	40.73837	38.200268	39.972233	39.09818	35.34896	33.244923	29.802174	29.101103	26.696585	27.55349	26.682365	27.792402	28.665487	26.883728	29.332092	29.29653	30.849638	32.0685	33.94872	33.320694	29.78774	30.11054	29.8435	26.238031	25.11841	22.60305	22.37375	23.478853	24.756681	28.078262	28.736944	32.326687	35.96318	39.36782	41.687714	45.329815	46.559444	49.94908	47.926483	44.70664	41.15357	37.61714	35.40242	31.640556	28.26844	26.37665	22.579643	20.385218	18.187675	15.594551	14.183983	15.450056	13.821391	16.414577	19.953815	23.493505	25.956383	28.799215	31.738981	33.45029	34.135902	36.695145	39.691364	38.798107	36.465557	36.84081	35.849243	36.757664	35.260242	36.8713	35.274017	36.546955	37.844536	34.42739	32.85296	31.444172	31.837963	35.130226	35.65399	34.03711	36.47067	36.384594	35.784912	32.3252	30.188437	31.00292	29.863476	26.878387	25.821983	26.006845	28.95071	30.890505	29.90168	26.213158	26.985374	30.260254	30.188135	27.03188	27.419682	28.02231	26.178164	22.802124	23.128153	24.267746	22.642836	22.345083	24.899467	27.335632	27.27171	29.998272	32.26807	31.890965	32.852673	35.915752	36.89007	36.712498	38.95027	41.391422	41.215233	41.928246	44.873615	46.42494	45.428898	44.51649	42.119995	40.0861	36.520184	35.243404	33.007996	29.462996	26.158436	25.226091	21.8734	22.725266	21.162865	20.012362	18.117746	20.840532	22.85086	26.48787	29.16804	31.650665	34.86059	36.13886	39.67723	40.051464	43.008114	43.56122	45.6318	48.004852	49.538807	52.84492	54.854015	53.299103	51.81291	48.530033	45.234795	43.79194	40.90516	39.714348	40.13743	37.626476	38.324642	35.316696	35.986008	33.4093	34.107334	33.410908	31.665054	35.070263	36.61771	33.969265	34.248	38.025288	38.175884
Y-363-B	73.00361	73.025406	72.99075	69.92818	67.92546	69.218735	68.13582	64.65575	64.401245	65.43057	62.8828	60.084225	61.329857	61.586395	58.08495	56.79002	58.67715	57.591034	54.051735	55.355644	54.546955	57.320087	60.096493	62.731617	62.594456	64.23097	65.89804	67.200775	65.56698	65.75836	64.317604	61.42158	60.584286	60.81671	58.533092	55.996456	55.83481	55.477673	52.581036	50.56313	51.282204	50.22261	47.034065	46.141735	47.162773	45.03273	41.94345	42.390423	42.807034	40.271664	38.081818	34.751343	34.335888	31.630888	34.57153	35.961323	32.72167	32.341774	29.95069	31.34469	32.384693	36.04725	35.535194	33.41564	35.505047	35.247204	34.509907	31.515903	30.149498	30.500174	28.846844	25.89508	25.591421	26.027796	23.29599	20.788645	22.020538	22.18436	25.864616	29.327654	32.84942	35.194675	38.849438	40.794106	44.384933	45.03112	46.435047	42.887707	43.613804	40.86228	42.46115	39.472374	35.833508	33.4893	32.724613	28.97647	29.694859	29.72841	26.102589	25.095396	27.509172	29.134096	32.602608	35.006542	36.60589	39.877937	38.562725	38.260696	41.048237	44.314365	42.637154	42.102936	38.64513	39.508045	39.258766	35.48746	35.031853	35.368378	38.991966	38.04216	36.78136	39.794533	42.18934	39.798973	38.840317	42.538387	43.17505	40.73452	42.330284	45.969254	46.19542	45.45785	48.44832	49.085136	51.85956	50.87172	53.309753	53.97954	53.047794	49.5356	46.981693	45.69758	42.018967	42.590958	43.86768	41.4681	43.340866	42.342003	38.59874	36.606308	33.209232	32.56983	30.126774	30.839964	29.733593	30.5543	31.12678	29.011082	31.12635	30.713045	31.84819	33.08774	35.28918	34.56057	31.198347	31.926178	31.961637	28.482298	27.700254	25.336742	25.485252	26.582071	28.001554	31.224861	31.869404	35.365955	39.035797	42.44455	44.593075	48.193836	49.24694	52.536064	50.79408	47.665817	44.053658	40.591465	38.204876	34.482162	30.989183	29.181952	25.415834	23.218664	21.376698	18.531336	16.771822	17.345848	15.077867	17.081694	20.812347	24.098866	26.485538	29.570759	32.411747	33.755913	34.551567	36.797268	39.826653	38.61842	36.001163	36.02138	34.663555	35.23592	33.43578	34.78102	33.026802	34.030647	35.342857	31.857786	30.538109	28.92021	29.448887	32.624092	33.401325	32.081654	34.722336	34.82106	34.552658	31.018238	28.894587	30.147694	29.127928	25.881199	24.695728	24.348476	27.048414	28.714466	27.384487	23.788836	24.60158	27.65817	27.349615	24.350487	24.974415	25.995913	24.287996	20.784737	21.575045	23.09588	21.970358	21.612795	24.587833	26.718466	26.173721	29.004095	31.441534	30.743956	31.416737	34.692104	35.6671	35.119843	37.3199	39.95698	39.597847	40.037903	43.122856	44.79498	43.653015	42.990444	40.84028	39.08017	35.59576	34.675495	32.675014	28.989271	25.72985	24.391956	20.996082	21.850252	19.995049	19.495686	17.752432	20.866093	22.754074	26.312372	29.017916	31.123922	34.218353	35.11291	38.505066	38.552334	41.29894	41.565544	43.47919	45.683792	47.015686	50.363083	52.234703	50.63417	49.34115	45.995853	42.815735	41.27081	38.552258	37.651638	38.274376	36.031075	37.02683	34.26741	35.322666	33.047516	34.09648	33.82117	32.334393	35.902485	37.097874	34.35326	34.999943	38.758793	38.603306
L-364-B	70.47263	70.62581	70.67181	67.53447	65.56246	67.0141	65.95417	62.408203	62.264225	63.44063	60.855766	58.053856	59.47619	59.827633	56.27541	55.054417	57.133453	56.085697	52.577328	54.052235	53.48852	56.424168	59.244404	61.73877	61.38386	62.927406	64.40784	65.67766	63.886898	64.17549	62.910027	59.91671	58.977104	59.39836	57.231155	54.521954	54.358345	54.244278	51.34196	49.148384	50.01019	49.19357	45.886692	44.900608	46.187294	44.21957	40.954002	41.45474	42.19935	39.752316	37.872673	34.384407	33.739803	30.82899	33.564774	34.80277	31.436052	30.649858	28.158157	29.223467	29.932137	33.5145	32.750576	30.793535	33.034046	33.106346	32.339535	29.136642	27.988678	28.667488	26.873644	23.780453	23.911549	24.638865	21.695557	19.252506	21.07966	21.412594	25.121119	28.459543	31.996006	34.63124	38.322655	40.549213	44.216125	45.138363	46.594395	43.06805	43.51918	40.545933	41.83995	38.650158	34.982025	32.328457	31.3667	27.707693	28.883217	28.806385	25.073095	24.509872	27.276455	28.66182	32.114468	34.180546	35.714462	39.061283	38.084167	37.86112	40.450043	43.87747	42.493225	42.24199	38.869156	40.07461	39.75185	35.969078	35.82917	36.530476	40.236206	39.55967	38.079266	40.867912	43.36854	40.98601	39.703804	43.326065	44.06974	41.43732	42.7657	46.486412	46.84223	45.863094	48.658356	49.110527	51.695805	50.475666	52.778553	53.19142	52.196045	48.80185	46.178234	45.14437	41.40179	41.979225	43.56353	41.422802	43.4849	42.286507	38.566887	36.849632	33.61921	33.288383	31.019875	31.823372	30.70143	31.145405	31.69202	29.3108	31.134953	30.702543	31.593801	33.19656	35.658554	35.234802	32.020485	33.032345	32.938694	29.48969	28.657127	26.113592	26.45122	27.127777	28.432142	31.378487	31.804083	35.119656	38.78202	42.224785	44.098106	47.6516	48.527237	51.67578	50.43914	47.399906	43.757454	40.381493	37.721973	34.06395	30.435547	28.942635	25.257488	23.381662	22.03896	19.23121	16.809244	16.891144	13.9879465	15.764562	19.537888	22.648766	24.64988	27.982067	30.538918	31.553677	32.176346	34.217495	37.37343	36.110836	33.337147	33.320843	31.815989	32.410976	30.665155	32.132133	30.618525	31.755615	33.3912	30.052296	28.569424	26.637379	26.810127	29.832985	30.415255	29.00035	31.531834	31.472778	31.371647	27.914888	25.596498	26.932684	26.183613	22.941427	21.445835	21.00806	23.566166	25.374361	23.997683	20.4384	21.56903	24.683086	24.687134	21.859928	22.884296	23.87927	22.644741	18.94391	19.523869	21.526028	20.867538	21.078453	24.235245	25.90875	25.360857	28.502764	30.690994	29.58893	30.432716	33.837475	34.4498	33.743256	36.1991	38.743332	38.054604	38.554188	41.79	43.26466	41.850796	41.1278	39.11265	37.366848	34.02934	33.376316	31.272646	27.564661	24.154556	22.369225	18.78807	19.165648	16.910286	16.580135	15.327961	18.754261	20.926613	24.276785	27.23087	29.154146	32.3368	33.062424	36.40899	36.451298	39.153145	39.424385	41.128826	43.423485	44.64223	47.878483	49.86397	48.46707	47.224777	43.98439	40.762978	38.973946	36.202694	35.365383	35.79483	33.612587	34.53174	31.850311	32.999847	30.788668	32.156662	32.08301	30.974703	34.64129	35.713055	33.151295	34.141983	37.82427	37.68673
P-365-B	71.12073	71.45966	71.43194	68.18856	66.38663	67.94813	66.74388	63.18233	63.261852	64.435234	61.699844	59.034454	60.641502	60.880543	57.250282	56.260426	58.416832	57.200703	53.796745	55.490906	55.012775	57.98873	60.691303	63.19384	62.700222	64.34048	65.69103	67.09894	65.29007	65.78093	64.560135	61.44322	60.594303	61.21444	59.01181	56.20334	56.220577	56.242756	53.22713	51.03835	52.13357	51.379517	47.961823	47.11262	48.60085	46.59365	43.27319	43.99851	44.873466	42.328663	40.581356	37.007774	36.475807	33.374485	35.86986	37.23426	33.90797	32.90146	30.168991	30.820936	31.367735	34.78893	33.63318	31.641205	33.748337	34.003872	32.86532	29.591543	28.920057	29.541542	27.320858	24.454895	25.081282	25.533941	22.247818	20.347075	22.437899	22.273066	26.046238	29.115103	32.780712	35.39042	39.156788	41.377968	45.114094	46.26489	47.476368	43.868385	44.05524	41.00108	42.261936	39.04178	35.28513	32.547504	31.155264	27.621038	28.873663	28.298473	24.522366	24.44688	27.114513	28.008398	31.595627	33.532455	35.380836	38.562588	37.63283	37.78724	40.4396	43.91601	42.578465	42.60129	39.39972	40.64703	39.97165	36.25694	36.454617	37.154972	40.923344	40.528	39.221554	41.89845	44.63521	42.499847	41.071445	44.6072	45.643715	43.10381	44.207264	47.94521	48.574814	47.67913	50.413982	50.98677	53.555073	52.35675	54.726772	54.986214	54.15427	50.825	48.022003	46.97905	43.25611	44.084267	45.777294	43.794106	45.75209	44.30504	40.66436	38.896053	35.640457	35.156128	32.694153	33.135647	31.626965	31.705952	31.820688	29.110415	30.539082	29.68195	30.139084	31.703268	34.438152	33.9377	30.956123	32.380135	32.597973	29.36197	28.958828	26.70989	27.566837	28.378199	30.03738	32.91738	33.592598	36.787663	40.50254	43.820087	45.53409	48.96997	49.575947	52.611835	51.477554	48.61306	44.898315	41.67317	38.943283	35.394283	31.732233	30.113594	26.552538	24.480927	23.560915	20.418863	17.95188	17.238632	14.08895	14.944725	18.669285	21.382385	23.4473	26.830072	29.388012	30.147255	31.087585	32.854794	35.869446	34.271355	31.33876	30.96349	29.24161	29.52769	27.538416	28.774876	27.075186	28.080614	29.634974	26.26332	24.86808	22.96328	23.33385	26.41758	27.229593	26.057955	28.830446	29.12593	29.11109	25.524883	23.513512	25.233858	24.279558	20.790514	19.5826	18.692488	21.239698	22.633717	21.23478	17.64578	18.396477	21.396166	21.15545	18.237473	19.177145	20.35164	19.104843	15.395985	16.33616	18.48301	18.19763	18.346092	21.754332	23.139666	22.251335	25.43765	27.69267	26.394258	27.051855	30.553946	31.16896	30.264355	32.681255	35.31549	34.56132	34.924812	38.202534	39.747265	38.310013	37.736176	35.84774	34.2991	31.011034	30.590736	28.741941	24.971249	21.72019	19.74935	16.322065	17.023321	14.922007	15.340973	13.853824	17.338127	19.063782	22.32245	25.095798	26.678583	29.669659	30.125183	33.35113	33.16652	35.748386	35.873802	37.58619	39.789536	41.003445	44.29482	46.212185	44.74275	43.510693	40.234398	37.044025	35.30623	32.595028	31.84218	32.45435	30.412788	31.584866	29.08638	30.528511	28.622322	30.160675	30.46396	29.490135	33.23538	33.93511	31.239525	32.502716	36.131603	35.673183
Q-366-B	72.67866	73.08725	73.22591	69.95554	68.09311	69.79356	68.716446	65.09246	65.17011	66.52362	63.845787	61.104504	62.790077	63.202827	59.578484	58.529766	60.823044	59.74794	56.325474	58.03108	57.704124	60.76919	63.56586	65.95521	65.371994	66.86853	68.12541	69.40366	67.44676	67.88318	66.817276	63.70768	62.67867	63.330364	61.2876	58.397346	58.25085	58.403904	55.499584	53.137627	54.148487	53.58175	50.17717	49.09606	50.62383	48.8257	45.423344	45.934063	46.95162	44.61075	42.949306	39.384495	38.550175	35.5332	38.08074	39.137745	35.65758	34.43145	31.912682	32.533127	32.70456	36.08762	34.851173	33.21199	35.60319	36.170246	35.19578	31.755001	31.11333	32.096653	29.949116	26.903864	27.690054	28.49053	25.223398	23.19576	25.51268	25.630465	29.363056	32.431496	36.043217	38.79081	42.538116	44.873287	48.610973	49.785847	51.08291	47.50466	47.664974	44.555714	45.693985	42.394566	38.65736	35.785072	34.348763	30.88282	32.34545	31.749525	27.95803	28.040419	30.801666	31.611979	35.185673	36.98553	38.802002	42.00246	41.204865	41.38281	43.94872	47.473938	46.23262	46.304638	43.103832	44.40544	43.75295	40.03601	40.23109	40.93885	44.700596	44.24908	42.921036	45.622192	48.30642	46.093185	44.685863	48.23901	49.187626	46.576847	47.712105	51.46099	52.003136	51.00135	53.698933	54.129234	56.614132	55.278217	57.512035	57.70228	56.70252	53.424236	50.71662	49.85215	46.089874	46.73336	48.530014	46.569218	48.695396	47.335587	43.662914	42.045273	38.866142	38.54138	36.19638	36.777126	35.362625	35.473778	35.618885	32.885334	34.241272	33.30875	33.603752	35.17404	38.007713	37.45186	34.54797	36.057163	36.361454	33.14929	32.762657	30.4877	31.25679	31.98721	33.489082	36.317646	36.789524	39.9605	43.63078	47.022057	48.673973	52.13099	52.751926	55.740376	54.840126	51.95618	48.263634	45.024155	42.207577	38.656303	34.96111	33.535606	29.972	28.067453	27.093975	24.065292	21.518358	20.88058	17.599522	18.389482	22.05617	24.589125	26.398592	29.904827	32.24435	32.687397	33.497257	34.99328	38.091194	36.352276	33.20621	32.593884	30.517567	30.50675	28.268915	29.227041	27.47397	28.117939	29.77976	26.403385	25.389797	23.094606	23.486517	26.221802	27.257662	26.424755	29.278343	29.579092	30.046371	26.559225	24.39072	26.455845	25.902803	22.365461	20.772154	19.347387	21.323462	22.511557	20.516718	17.252735	18.410072	20.994247	20.553425	18.130203	19.637028	21.374344	20.504463	16.784046	18.163876	20.724407	20.964996	21.102327	24.689135	25.781748	24.504015	27.686804	30.029474	28.434475	28.792873	32.44	33.010757	31.711966	34.06653	36.862278	35.87157	35.91968	39.337273	40.970104	39.328518	39.023026	37.44997	36.186153	33.06946	33.00827	31.345133	27.566257	24.407433	22.069485	18.696934	19.062202	16.51297	17.417715	16.523102	20.17396	21.939035	24.94995	27.772537	29.01161	31.887007	31.962616	34.978676	34.47631	36.774097	36.562424	37.97421	39.96452	40.83431	44.112164	45.863472	44.408554	43.49016	40.181152	37.18008	35.225792	32.77461	32.45279	33.213257	31.538168	32.94463	30.757528	32.513577	30.870987	32.731915	33.305973	32.598003	36.382053	36.900036	34.257286	35.74746	39.307953	38.71644
E-367-B	75.163704	75.42235	75.544075	72.35315	70.40103	71.96673	70.93019	67.34408	67.266075	68.5331	65.92955	63.130436	64.63635	65.03277	61.460197	60.27187	62.41658	61.37611	57.882954	59.395832	58.8684	61.8143	64.63123	67.12234	66.7406	68.267204	69.702545	70.95027	69.09733	69.386475	68.18734	65.18567	64.17995	64.62569	62.51968	59.775475	59.54812	59.48614	56.62897	54.368576	55.182983	54.432217	51.14435	50.051506	51.318012	49.432377	46.156727	46.519295	47.26646	44.913383	42.97595	39.545135	38.79456	35.99016	38.79746	39.888813	36.44107	35.553383	33.19712	34.207382	34.641644	38.16978	37.238514	35.50791	37.87958	38.17331	37.34012	34.026836	33.066032	33.86386	31.924938	28.856585	29.195166	29.901518	26.830355	24.547493	26.425234	26.578339	30.327696	33.598038	37.19723	39.763172	43.48621	45.624985	49.302086	50.204597	51.534477	47.949123	48.39271	45.46019	46.844486	43.684097	39.96579	37.31852	36.125843	32.521393	33.64424	33.241093	29.488783	29.127533	31.679197	32.78497	36.380814	38.487446	40.299675	43.503407	42.42588	42.460857	45.181293	48.58919	47.10151	46.886555	43.563404	44.588158	44.070374	40.330677	40.19876	40.60926	44.29893	43.55204	42.366566	45.28672	47.828438	45.537395	44.42923	48.075768	48.85572	46.362473	47.777752	51.467567	51.822735	50.977566	53.85057	54.377197	57.013695	55.834045	58.142883	58.574436	57.548027	54.15275	51.557835	50.5204	46.780743	47.321804	48.867092	46.65194	48.692036	47.57071	43.8384	42.035534	38.732216	38.22871	35.8035	36.417263	35.104652	35.596603	35.85303	33.374237	35.047764	34.19224	34.756332	36.035408	38.633053	37.810047	34.732113	35.956066	36.336727	33.047874	32.628643	30.42374	30.935608	31.95518	33.45091	36.518776	37.07	40.42883	44.103886	47.52785	49.44031	52.984253	53.82464	56.96224	55.653214	52.638943	48.977608	45.613712	43.004982	39.35145	35.73675	34.1131	30.42268	28.322895	26.86807	23.86878	21.756893	21.63841	18.756168	19.967335	23.726463	26.541864	28.66895	32.027138	34.613136	35.370716	36.24075	37.96911	41.03118	39.394295	36.376278	35.859108	33.92009	33.93778	31.674273	32.545734	30.590963	31.086348	32.45781	28.927822	28.111288	26.072477	26.777756	29.612957	30.806469	30.03253	32.939796	33.288536	33.62955	30.09303	27.981342	29.903297	29.1953	25.672731	24.226257	22.98854	25.086718	26.257296	24.27056	21.009087	21.98921	24.518774	23.806246	21.276186	22.443556	24.22933	22.917175	19.331787	20.877205	23.030897	22.811577	22.445889	25.918821	27.461914	26.181704	29.10441	31.712282	30.47762	30.66886	34.22861	35.144466	33.969658	36.087864	39.00039	38.297882	38.2641	41.564102	43.39716	41.98331	41.746174	40.05843	38.772877	35.509327	35.200108	33.583755	29.79035	26.689363	24.721855	21.400387	22.0953	19.781319	20.327831	19.06578	22.57409	24.265945	27.524246	30.225603	31.6892	34.548058	34.796036	37.876945	37.38519	39.72234	39.486816	41.056538	42.946632	43.86954	47.242886	48.866085	47.22716	46.315685	42.900753	39.964695	38.20396	35.83007	35.488598	36.416134	34.688766	36.14193	33.858097	35.50599	33.743183	35.33738	35.68441	34.644207	38.372692	39.061256	36.26921	37.44823	41.108566	40.543568
L-368-B	76.51058	76.821976	76.77195	73.544205	71.73757	73.252075	72.03322	68.49321	68.537796	69.651474	66.92078	64.262436	65.79295	65.977905	62.36455	61.345608	63.398045	62.143635	58.722897	60.319107	59.670994	62.53116	65.19294	67.812294	67.46846	69.18261	70.64994	72.081825	70.356026	70.78157	69.46173	66.40413	65.59818	66.094475	63.83029	61.124973	61.11145	60.980106	57.98337	55.88361	56.849167	55.94598	52.61594	51.772644	53.054783	50.96405	47.756115	48.36212	48.99578	46.42798	44.404526	40.965126	40.535454	37.62871	40.340153	41.73661	38.426746	37.65212	35.056416	35.93995	36.57679	40.057602	38.992184	37.003872	39.091297	39.2283	38.068142	34.8741	34.13354	34.583954	32.37757	29.609173	30.019384	30.25406	27.039183	25.14137	26.837952	26.449144	30.242487	33.371338	37.07712	39.416317	43.182228	45.121037	48.808914	49.740658	50.8071	47.136703	47.5221	44.670837	46.2382	43.197796	39.425507	36.93614	35.54025	31.971806	32.823074	32.104584	28.412262	28.122505	30.35186	31.224197	34.919567	37.15431	39.259026	42.26837	40.99193	41.281242	44.18796	47.519047	45.87366	45.709736	42.488693	43.33742	42.558636	38.89538	38.87147	39.07629	42.764847	42.13199	41.224945	44.15534	46.85462	44.80155	43.734745	47.337498	48.338314	46.0513	47.407173	51.06154	51.609955	51.000942	53.940296	54.718403	57.473766	56.48633	58.976986	59.445137	58.650955	55.221584	52.47515	51.229275	47.548088	48.36142	49.800816	47.570744	49.36719	48.108242	44.435593	42.393085	38.95459	38.1129	35.4015	35.620316	33.966988	34.34791	34.250347	31.671883	33.202595	32.03452	32.431606	33.435497	36.059193	34.998	32.02521	33.4046	34.106075	30.994207	30.965414	29.124727	29.98765	31.356092	33.245842	36.4175	37.352196	40.71932	44.460526	47.740253	49.692356	53.15916	53.86962	57.00927	55.421963	52.51148	48.800045	45.51889	43.029697	39.429028	35.86846	33.916252	30.283474	27.816828	26.464842	23.161146	21.37173	20.904884	18.251804	18.973875	22.631062	25.275448	27.739424	30.916418	33.725502	34.584408	35.840096	37.563942	40.39405	38.584023	35.632347	34.93903	33.058563	32.910545	30.516659	31.190409	28.941332	29.331377	30.344118	26.6977	25.981136	24.348894	25.479153	28.550125	29.987257	29.375202	32.48828	33.21351	33.34624	29.664043	27.986715	30.003515	28.848902	25.205568	24.308876	23.000546	25.33461	26.147116	24.403833	21.049145	21.36079	23.833199	22.75341	19.909864	20.499168	22.279148	20.501923	17.156515	19.026913	20.771751	20.38481	19.539274	23.00867	24.692366	23.228113	25.927973	28.739227	27.721546	27.69948	31.187788	32.378036	31.26828	33.169666	36.167786	35.72007	35.62058	38.791946	40.791737	39.620426	39.470715	37.708748	36.502396	33.152115	32.750763	31.379774	27.59408	24.745874	23.080677	20.068787	21.397131	19.637297	20.407026	18.544863	21.776947	22.923796	26.267784	28.615892	30.015146	32.662895	32.91682	35.966183	35.3898	37.729084	37.474594	39.287697	41.097153	42.208244	45.697544	47.236256	45.39299	44.34891	40.851395	37.920433	36.460365	34.105904	33.65607	34.821358	33.068413	34.6956	32.43214	34.13746	32.508987	33.916073	34.345818	33.100704	36.792023	37.30935	34.295277	35.400253	39.06267	38.262985
L-369-B	76.287834	76.78597	76.75083	73.42664	71.73695	73.407936	72.13102	68.552574	68.78519	69.985855	67.16134	64.582954	66.31183	66.494484	62.822372	61.971294	64.16853	62.852577	59.51581	61.314808	60.847042	63.808277	66.427185	68.96881	68.43353	70.14136	71.43102	72.91102	71.0869	71.66941	70.47847	67.31083	66.49041	67.19188	64.98461	62.139374	62.20876	62.281906	59.23814	57.045933	58.19452	57.459824	54.024063	53.18874	54.701744	52.689922	49.371372	50.095142	50.958313	48.404102	46.59686	43.04988	42.546387	39.470295	41.96789	43.32512	39.975304	38.889595	36.16658	36.678047	37.028618	40.347004	38.941216	37.07353	39.166065	39.594345	38.236168	34.92336	34.564472	35.163116	32.689068	30.008127	30.883545	31.129826	27.690699	26.124088	28.194725	27.65785	31.445236	34.341892	38.08753	40.53674	44.336956	46.39972	50.145866	51.330933	52.28537	48.593517	48.697895	45.708942	47.0995	43.961216	40.152977	37.48544	35.75398	32.353294	33.459473	32.3977	28.690739	28.903349	31.201525	31.648996	35.373154	37.338062	39.58892	42.502716	41.431187	41.99096	44.818794	48.23679	46.769947	46.90289	43.837284	44.862522	43.85025	40.245277	40.55423	40.91846	44.65995	44.30437	43.397636	46.158756	49.023476	47.106945	45.822235	49.335476	50.53459	48.210247	49.32491	53.017776	53.765785	53.085014	55.89548	56.641552	59.289555	58.196445	60.644596	60.901604	60.153076	56.82523	53.964676	52.84834	49.15429	50.08357	51.7265	49.700108	51.541096	50.071785	46.454777	44.52551	41.161144	40.393013	37.677757	37.76215	35.91537	35.933502	35.582527	32.7196	33.85523	32.410294	32.380142	33.49892	36.406807	35.42845	32.724773	34.49083	35.333927	32.40035	32.598755	30.85748	32.05636	33.295723	35.290455	38.289772	39.234932	42.445675	46.194893	49.41994	51.14892	54.520073	54.9948	57.98941	56.720825	53.957603	50.205597	47.057728	44.409977	40.91423	37.29348	35.442455	31.935247	29.543032	28.612799	25.208986	23.145487	22.114288	19.15495	19.237255	22.741121	24.95475	27.206732	30.47669	33.088566	33.56838	34.93191	36.310448	39.075058	36.993786	33.855194	32.831116	30.666304	30.20167	27.583618	28.01153	25.67863	25.87853	26.957588	23.334486	22.77441	20.950508	22.162289	25.104788	26.739223	26.412516	29.669748	30.619606	30.995155	27.323967	25.819143	28.194935	27.099306	23.347406	22.502457	20.715057	22.774326	23.199772	21.290606	18.110294	18.258686	20.448084	19.155958	16.470135	17.272789	19.39873	17.91384	14.579697	16.841135	18.940208	19.198051	18.533068	22.228127	23.386448	21.552372	24.366795	27.120283	25.711401	25.507448	29.14081	30.167921	28.725819	30.664322	33.731007	33.03673	32.75722	36.05226	38.048687	36.701157	36.72369	35.21066	34.252457	31.07403	31.058643	29.910069	26.126532	23.431574	21.410288	18.581577	19.87171	18.071836	19.511583	17.868574	21.141655	22.045166	25.097532	27.363855	28.328386	30.791555	30.667166	33.51624	32.6722	34.803123	34.336918	35.990456	37.693806	38.664364	42.149643	43.630886	41.810055	40.876713	37.382317	34.516827	32.953	30.712902	30.485249	31.773184	30.276392	32.1314	30.15132	32.177013	30.890133	32.59692	33.42753	32.497803	36.242622	36.407833	33.419373	34.889874	38.42952	37.389675
G-370-B	79.62146	80.18746	80.201065	76.84639	75.1712	76.91343	75.65367	72.05359	72.3265	73.58477	70.75277	68.176704	69.95585	70.169846	66.48897	65.65498	67.89363	66.58773	63.260418	65.08001	64.63866	67.609505	70.23009	72.76484	72.20974	73.902596	75.16132	76.62495	74.75993	75.34299	74.19599	71.02292	70.15911	70.87699	68.70939	65.840744	65.86894	65.97622	62.96027	60.723915	61.84338	61.1511	57.724087	56.820847	58.32482	56.363213	53.0327	53.67407	54.54451	52.045094	50.208	46.685482	46.111958	43.09053	45.63727	46.90677	43.504707	42.366024	39.72447	40.22483	40.430225	43.716766	42.236134	40.507328	42.676113	43.224598	41.857254	38.496838	38.21156	38.88781	36.376465	33.696114	34.64329	34.91637	31.453999	29.913715	31.999218	31.438196	35.225117	38.093628	41.849743	44.265587	48.06933	50.08708	53.82932	55.000565	55.89058	52.178402	52.279503	49.321323	50.749878	47.63466	43.818554	41.162315	39.335037	35.987415	37.067245	35.866196	32.19652	32.491806	34.668	34.976807	38.727722	40.68978	43.064487	45.88165	44.768692	45.46222	48.34016	51.73261	50.21995	50.37263	47.345974	48.27135	47.162247	43.60346	43.90949	44.116062	47.824253	47.429108	46.68389	49.50542	52.37843	50.51155	49.324596	52.843628	54.053528	51.801865	52.964874	56.636684	57.37806	56.76337	59.61289	60.391415	63.063488	61.985413	64.43146	64.69574	63.922485	60.594048	57.752796	56.64255	52.94588	53.84396	55.471786	53.404102	55.245	53.822117	50.193424	48.229134	44.83291	43.99341	41.21809	41.22631	39.30873	39.362804	38.875713	35.998898	37.044113	35.388935	35.166073	36.07137	39.017487	37.810375	35.2458	37.112366	38.218407	35.413586	35.82028	34.257637	35.506264	36.89296	38.948742	42.00176	42.986946	46.221664	49.97374	53.195038	54.943295	58.310165	58.76828	61.752094	60.455814	57.707348	53.95127	50.81031	48.188644	44.695404	41.084167	39.189484	35.68086	33.215275	32.211094	28.771154	26.847313	25.813114	22.910019	22.83979	26.254072	28.28313	30.53507	33.766308	36.343258	36.662964	38.133186	39.30971	41.98935	39.708313	36.46561	35.14098	32.73254	31.877079	28.9576	28.91174	26.29801	25.944935	26.756075	23.075647	23.13854	21.307135	22.92704	25.596155	27.669699	27.843164	31.27085	32.478695	33.145645	29.524517	28.189476	30.855507	29.831139	26.035023	25.225	23.033915	24.692827	24.652128	22.387062	19.619152	19.628393	21.20887	19.350574	17.100962	17.960402	20.63164	19.192589	16.238323	19.036623	21.111425	21.667473	20.668192	24.382376	25.381142	23.08831	25.612888	28.57743	27.100521	26.38761	30.033245	31.25741	29.47449	31.090595	34.383392	33.681835	32.972183	36.260456	38.506718	37.175735	37.581463	36.355873	35.766186	32.72453	32.96732	32.183186	28.457445	26.057001	23.99448	21.459682	22.831707	21.055437	22.84652	21.308592	24.51867	25.174484	28.068886	30.131475	30.775099	32.9583	32.497684	35.08138	33.855682	35.65491	34.795338	36.30754	37.653667	38.370296	41.922626	43.09286	41.09011	40.437664	36.84409	34.263065	32.755272	30.896276	31.08109	32.731228	31.62405	33.82342	32.17805	34.493507	33.526283	35.347424	36.41959	35.555977	39.27941	39.209873	36.13736	37.704926	41.1732	39.877934
T-371-B	81.52581	81.941475	81.91095	78.63008	76.87967	78.47715	77.231895	73.67216	73.80365	74.95495	72.17818	69.55876	71.16534	71.336365	67.69807	66.747894	68.8335	67.53485	64.14624	65.794495	65.151596	68.001274	70.622086	73.26613	72.90592	74.65034	76.0849	77.544106	75.79671	76.25867	74.96582	71.88584	71.073494	71.605286	69.35357	66.6261	66.61255	66.51035	63.515594	61.396564	62.362667	61.479847	58.15135	57.279034	58.55476	56.483418	53.277187	53.832455	54.45016	51.90802	49.829464	46.427353	45.978474	43.122032	45.86559	47.213802	43.8664	43.03425	40.48528	41.30523	41.78288	45.211304	43.997097	42.129383	44.254	44.52617	43.25907	40.01726	39.451183	39.929493	37.584705	34.892414	35.454643	35.61028	32.30857	30.573135	32.28033	31.711529	35.504444	38.535896	42.28181	44.516865	48.295162	50.11804	53.79902	54.722404	55.622097	51.906094	52.26456	49.47935	51.143566	48.166862	44.36983	41.930595	40.33145	36.85226	37.61176	36.59589	32.968357	32.851658	34.825634	35.413654	39.172935	41.42742	43.78947	46.609386	45.225994	45.77978	48.803326	52.077644	50.329315	50.213543	47.085754	47.747063	46.754852	43.189228	43.202023	43.128	46.755688	46.105053	45.512215	48.51716	51.265476	49.35892	48.4427	52.028133	53.105057	50.984425	52.38387	55.990112	56.583	56.132504	59.136997	60.0271	62.843155	61.92902	64.46248	64.94913	64.18331	60.747467	57.988808	56.699703	53.03484	53.877346	55.26961	52.985924	54.714725	53.483685	49.820404	47.674976	44.17119	43.145687	40.28654	40.28341	38.436523	38.81937	38.41966	35.788544	37.129227	35.567894	35.632298	36.262604	38.952503	37.500134	34.764957	36.339706	37.512394	34.65447	35.044983	33.576424	34.620865	36.275276	38.350723	41.601856	42.689857	46.076138	49.8303	53.058537	55.04027	58.474697	59.122936	62.244823	60.546993	57.69071	53.964474	50.724052	48.30276	44.730465	41.20232	39.115143	35.517517	32.87212	31.486444	28.075777	26.552536	25.927538	23.377012	23.67298	27.169436	29.483767	32.03029	35.124878	37.94606	38.604683	40.116688	41.566067	44.2298	42.093956	39.00527	37.859966	35.66558	34.966732	32.138603	32.164494	29.466341	29.143816	29.70058	25.941025	26.021736	24.513243	26.276218	29.102169	31.155188	31.206036	34.61244	35.77515	36.225582	32.53965	31.186125	33.631668	32.442947	28.669	27.953806	26.072775	27.991169	28.133144	26.00839	23.086319	23.047075	24.799713	22.937681	20.487955	20.96372	23.4215	21.53978	18.688587	21.3797	23.023523	23.018925	21.590376	25.11759	26.616673	24.465796	26.723932	29.897148	28.854527	28.097095	31.588127	33.137188	31.607128	33.018925	36.34782	35.982784	35.308655	38.426292	40.813274	39.74868	40.119965	38.69852	37.991932	34.78002	34.690876	33.875534	30.149038	27.75177	26.079868	23.511711	25.12715	23.508213	24.87149	23.005527	26.121723	26.781845	29.94165	31.933205	32.88126	35.11046	34.92366	37.632847	36.536755	38.460773	37.700146	39.4189	40.75022	41.603176	45.215267	46.326935	44.181416	43.451927	39.800797	37.234894	35.95106	34.078278	34.10675	35.80714	34.53209	36.66027	34.82393	36.93757	35.76584	37.288372	38.07974	36.875416	40.53843	40.680565	37.48137	38.709984	42.279312	41.05803
S-372-B	83.96649	84.36066	84.19523	80.92369	79.247986	80.751396	79.389046	75.885185	76.04515	77.046776	74.21153	71.678986	73.22932	73.237656	69.59994	68.721954	70.67573	69.23716	65.88622	67.51438	66.706635	69.43431	71.9366	74.708405	74.45827	76.349815	77.875465	79.45663	77.848755	78.352715	76.92048	73.84901	73.194626	73.68185	71.29482	68.66007	68.77072	68.53529	65.466385	63.50873	64.50567	63.445656	60.14339	59.44719	60.631454	58.38892	55.29231	55.9614	56.395702	53.710022	51.480366	48.146435	47.952614	45.122055	47.87483	49.43581	46.20952	45.574127	42.93544	43.803734	44.50414	47.94386	46.754936	44.69004	46.610275	46.6769	45.2498	42.1572	41.625866	41.80691	39.38359	36.907333	37.355705	37.170483	33.896343	32.349457	33.762886	32.861103	36.61237	39.56776	43.331696	45.304226	49.061237	50.63578	54.26425	55.09047	55.788757	52.039253	52.465134	49.845684	51.732048	48.931637	45.145805	42.939438	41.30704	37.857494	38.279663	37.120888	33.633644	33.407227	35.00542	35.51076	39.278805	41.716515	44.268806	46.900635	45.264397	45.956142	49.15053	52.280983	50.324245	50.131447	47.074112	47.466427	46.329334	42.872795	42.833843	42.455475	45.991447	45.312595	45.030403	48.098686	50.879635	49.15649	48.41457	51.96253	53.132046	51.245945	52.701145	56.2207	56.88125	56.682423	59.786465	60.900883	63.85068	63.14797	65.8338	66.4406	65.83847	62.34679	59.53495	58.034355	54.44416	55.437805	56.64848	54.270775	55.774582	54.545464	50.93287	48.560654	44.94951	43.61526	40.55241	40.2559	38.216404	38.663883	38.02801	35.48213	36.803402	35.039856	35.0642	35.297844	37.850098	36.06952	33.42581	34.980762	36.470497	33.81194	34.521706	33.42709	34.614975	36.617825	38.942455	42.309906	43.69141	47.11596	50.883068	53.98998	56.088345	59.475822	60.10951	63.27336	61.209892	58.400692	54.678715	51.48045	49.253143	45.71846	42.303375	39.937813	36.398304	33.47657	32.016754	28.50704	27.430597	26.777155	24.617367	24.721947	28.04103	30.257277	33.092144	35.935062	38.959698	39.79856	41.58662	43.103886	45.558838	43.359833	40.408073	39.188667	37.12532	36.33072	33.452763	33.292587	30.34429	29.870983	29.965397	26.150528	26.434832	25.435982	27.599634	30.56217	32.80341	32.982246	36.489193	37.908005	38.153206	34.403385	33.375687	35.78694	34.264763	30.490168	30.185421	28.38058	30.470306	30.398827	28.503523	25.573563	25.057772	26.71168	24.56294	21.950586	21.812614	24.18132	21.828825	19.436176	22.297108	23.38101	23.07857	21.066252	24.356588	26.10264	23.825155	25.622257	29.034056	28.380968	27.327906	30.611055	32.55413	31.153473	32.1946	35.606506	35.6127	34.829033	37.715378	40.32442	39.596638	40.08461	38.584904	37.965324	34.68798	34.42966	33.878616	30.255743	28.175333	26.93151	24.708975	26.7941	25.635397	26.966516	24.688803	27.479067	27.718767	30.930008	32.559265	33.513763	35.51307	35.39506	38.04508	36.893208	38.790894	38.005497	39.965767	41.15599	42.17492	45.880116	46.84483	44.461826	43.63668	39.914528	37.435966	36.524345	34.747692	34.68574	36.622696	35.336727	37.583755	35.7627	37.841557	36.74857	38.00144	38.757584	37.291126	40.836105	40.902588	37.519783	38.53983	42.086563	40.689613
C-373-B	83.15835	83.463455	83.155594	79.933	78.29573	79.651146	78.194626	74.76466	74.89497	75.72332	72.86657	70.39926	71.83995	71.69626	68.08368	67.23351	69.028	67.4817	64.15477	65.721794	64.7422	67.34426	69.74838	72.63096	72.50704	74.52353	76.16171	77.84257	76.39104	76.90883	75.32225	72.28233	71.78945	72.20446	69.68018	67.16119	67.39181	67.00201	63.86818	62.090767	63.10937	61.85967	58.596634	58.09482	59.1808	56.761513	53.78907	54.594757	54.84632	52.011505	49.662933	46.395664	46.47523	43.664032	46.398296	48.19286	45.127987	44.73206	42.00067	42.955517	43.963768	47.427498	46.359795	44.045784	45.73389	45.51285	43.99853	41.103264	40.504253	40.363663	37.96043	35.679993	35.913105	35.418053	32.253952	30.825054	31.89646	30.747414	34.427498	37.34794	41.08961	42.835827	46.55173	47.927643	51.497807	52.218018	52.810425	49.056614	49.57939	47.10139	49.165226	46.51946	42.770878	40.792404	39.260147	35.79905	35.90537	34.783157	31.420256	30.958288	32.287937	32.888634	36.62453	39.253902	41.843594	44.392513	42.54858	43.21472	46.51816	49.526825	47.40875	47.09411	44.049065	44.262802	43.110508	39.704826	39.57465	39.031845	42.513466	41.803757	41.660564	44.76056	47.54313	45.91946	45.27837	48.79957	50.01367	48.2765	49.770344	53.223568	53.920837	53.89101	57.05841	58.33589	61.3841	60.85798	63.66809	64.390274	63.936096	60.398426	57.551765	55.861927	52.3503	53.474297	54.517006	52.07574	53.38191	52.147987	48.59169	46.04707	42.3699	40.815792	37.626736	37.147755	35.019985	35.55075	34.849003	32.436764	33.87176	32.13921	32.348362	32.3856	34.744015	32.848206	30.11506	31.512102	33.051403	30.43192	31.231976	30.32498	31.553257	33.774757	36.252876	39.693306	41.29256	44.737656	48.497555	51.501648	53.70472	57.05827	57.72047	60.9363	58.55819	55.764385	52.0638	48.88765	46.83397	43.330715	40.03234	37.4556	33.97167	30.861866	29.332222	25.791624	25.092527	24.516718	22.775896	22.908157	26.09587	28.39381	31.480598	34.09344	37.319317	38.467907	40.37744	42.125645	44.46621	42.408688	39.68295	38.66657	36.922764	36.368378	33.70378	33.764015	30.85505	30.689306	30.65812	26.854565	26.809088	26.19268	28.341206	31.582052	33.631447	33.537415	36.967255	38.36754	38.2357	34.43304	33.531185	35.659805	33.83932	30.153399	30.14627	28.730978	31.197489	31.304153	29.813484	26.637062	25.89325	27.868856	25.911695	22.915632	22.300617	24.181364	21.426022	19.171186	21.719635	22.284718	21.412277	19.10702	22.111292	24.282692	22.325365	23.942656	27.380833	27.159655	26.301382	29.379866	31.490774	30.50551	31.514551	34.789577	35.11138	34.608555	37.31026	39.87809	39.40695	39.663532	37.857834	36.99383	33.551693	32.90763	32.267643	28.710606	26.680717	25.89665	23.780525	26.173855	25.404638	26.377071	23.704063	26.185553	26.256758	29.622053	31.083889	32.32729	34.354527	34.58837	37.399734	36.526245	38.66987	38.188126	40.439697	41.809494	43.148933	46.86589	47.973515	45.568417	44.448864	40.757298	38.114895	37.427082	35.426117	34.975502	36.800114	35.20211	37.25332	35.18182	36.97182	35.676964	36.57766	37.067535	35.295322	38.729088	38.959064	35.49758	36.20815	39.797993	38.49131
Y-374-B	86.65424	86.89021	86.59629	83.41235	81.71928	83.02055	81.60257	78.18635	78.231766	79.03403	76.22674	73.72073	75.06871	74.93454	71.35643	70.42216	72.14151	70.63059	67.26835	68.717735	67.629074	70.151855	72.564064	75.4993	75.497635	77.51903	79.255615	80.90367	79.50096	79.92191	78.27316	75.306	74.806175	75.097	72.55754	70.12472	70.283134	69.776474	66.69493	64.96252	65.84381	64.505684	61.330624	60.790363	61.71084	59.273403	56.38643	57.062138	57.15362	54.35508	51.845425	48.700096	48.795612	46.15419	49.034657	50.792984	47.739403	47.49913	44.904873	46.055008	47.123432	50.65343	49.71945	47.428116	49.1616	48.85809	47.442207	44.58268	43.83397	43.660957	41.379684	39.061974	39.103294	38.616524	35.575066	34.009678	34.88421	33.801674	37.43612	40.432125	44.127605	45.748863	49.41489	50.641926	54.138577	54.66439	55.24806	51.5183	52.2266	49.899757	52.1122	49.577602	45.871197	44.033573	42.629364	39.13734	39.06807	38.04229	34.754208	34.081673	35.240276	35.969578	39.661076	42.434776	45.02292	47.52335	45.51411	46.122887	49.503784	52.401794	50.125755	49.626736	46.550644	46.527843	45.44596	42.097935	41.738102	40.913498	44.2616	43.322456	43.377724	46.617798	49.263283	47.635498	47.26427	50.80744	51.89552	50.298107	51.98824	55.355747	55.915024	56.02564	59.302593	60.649788	63.789005	63.373844	66.21565	67.092545	66.60952	63.013714	60.261944	58.48007	55.002342	56.03784	56.91206	54.31134	55.54998	54.501335	50.9341	48.28501	44.56228	42.882595	39.66777	39.181526	37.13504	37.93278	37.267433	35.07966	36.661823	34.946747	35.262142	35.020233	37.163414	35.009087	32.282036	33.458183	35.142597	32.60036	33.450172	32.695824	33.73841	36.157715	38.602966	42.156666	43.791813	47.32149	51.047905	54.047955	56.40776	59.795578	60.59102	63.88226	61.24486	58.38802	54.7345	51.50625	49.608677	46.07527	42.860897	40.19738	36.69113	33.515186	31.704006	28.283625	27.893543	27.620285	26.091002	26.414679	29.58101	31.944078	35.110588	37.63788	40.933216	42.17375	44.100563	45.898193	48.21511	46.16642	43.46802	42.42612	40.667194	40.028908	37.28664	37.18517	34.15396	33.75074	33.499245	29.693642	29.950691	29.42605	31.74701	34.89225	37.100258	37.155975	40.632557	42.08091	42.010162	38.2109	37.30597	39.459225	37.65631	33.968655	33.926582	32.46616	34.849598	34.88828	33.251484	30.172874	29.465508	31.273216	29.126772	26.292501	25.662634	27.681408	24.870176	22.798237	25.44629	25.894281	24.9398	22.409225	25.20193	27.500648	25.473736	26.75342	30.314358	30.295553	29.190136	32.11446	34.46309	33.456615	34.17238	37.531086	38.026062	37.325874	39.892414	42.641582	42.324455	42.753582	41.00802	40.267345	36.843903	36.15867	35.664467	32.181553	30.282537	29.623684	27.571749	29.987051	29.184366	30.103231	27.434887	29.896305	29.951727	33.33961	34.713585	35.963337	37.89286	38.10643	40.838688	39.85998	41.88798	41.26371	43.516304	44.690258	45.94646	49.703327	50.61091	48.05254	47.059486	43.315407	40.85779	40.299862	38.498463	38.189274	40.18121	38.69829	40.849747	38.84578	40.65618	39.393795	40.209892	40.646553	38.75065	42.110126	42.367817	38.84766	39.398125	42.973007	41.618835
E-375-B	85.63958	85.79605	85.64144	82.50067	80.661606	81.97624	80.71746	77.26327	77.170685	78.08237	75.391556	72.748024	74.03767	74.076126	70.53301	69.423164	71.19036	69.86233	66.411285	67.752396	66.715706	69.29293	71.85151	74.708496	74.72014	76.59379	78.34874	79.837395	78.34928	78.62271	77.040184	74.13865	73.478096	73.67933	71.250275	68.814316	68.7804	68.27802	65.31434	63.47253	64.188446	62.925552	59.80476	59.064217	59.91074	57.608967	54.692856	55.145954	55.25818	52.617764	50.099564	46.983475	46.85763	44.33813	47.36066	48.904266	45.75403	45.5144	43.122623	44.45248	45.438923	49.04296	48.269577	46.134693	48.08279	47.83779	46.69185	43.742107	42.758358	42.8059	40.745945	38.170746	38.071907	37.91395	34.971478	33.04879	33.983967	33.305817	36.975956	40.17503	43.82877	45.629105	49.292713	50.671593	54.17812	54.625965	55.46588	51.781406	52.606606	50.213753	52.328316	49.686653	45.98844	44.03077	42.82809	39.21947	39.327698	38.602497	35.186485	34.360382	35.817463	36.83939	40.517834	43.269764	45.6202	48.341713	46.44828	46.79201	50.066746	53.047604	50.85333	50.245956	47.012035	47.110687	46.300976	42.82318	42.29367	41.61686	45.001633	43.8806	43.677998	46.988453	49.47967	47.58888	47.23443	50.87346	51.728497	49.951313	51.769173	55.183872	55.53001	55.46269	58.73962	59.894432	62.979576	62.43298	65.14854	66.05321	65.36851	61.762417	59.151524	57.495304	53.957043	54.751987	55.657497	52.99733	54.42437	53.541084	49.88861	47.37921	43.71045	42.264828	39.245155	39.121445	37.384804	38.37114	38.066788	35.970516	37.785545	36.378136	36.927338	36.966633	39.095924	37.16292	34.219646	35.20135	36.54686	33.73093	34.1719	33.036076	33.723045	35.92439	38.06406	41.62603	42.973484	46.569603	50.27102	53.422184	55.820087	59.314053	60.275032	63.615467	61.123608	58.12761	54.499165	51.145874	49.17159	45.538498	42.260994	39.798088	36.16393	33.1987	31.168118	27.920282	27.32269	27.406778	25.69144	26.480043	29.885565	32.53196	35.542255	38.272118	41.479187	42.712452	44.34636	46.22312	48.770634	46.87112	44.095768	43.221004	41.410378	40.934063	38.26081	38.36248	35.52432	35.244934	35.35052	31.532528	31.641985	30.706036	32.712025	35.77692	37.817574	37.710777	41.08809	42.244904	42.30979	38.544044	37.27056	39.35817	37.84616	34.16652	33.717106	32.31404	34.618553	34.953644	33.10279	29.982052	29.752834	31.70903	29.806267	27.071753	26.92611	29.008326	26.485083	23.973555	26.442953	27.295238	26.396082	24.269753	27.237442	29.52474	27.676672	29.326254	32.753643	32.514965	31.671886	34.7671	36.86496	35.80708	36.808445	40.12833	40.380188	39.774483	42.5238	45.131943	44.57449	44.892365	43.151043	42.276352	38.834946	38.177723	37.385044	33.77941	31.533844	30.600872	28.157257	30.18606	28.960136	29.687159	27.30503	30.0669	30.593254	34.068626	35.807407	37.20671	39.41155	39.673733	42.529957	41.64824	43.749893	43.16388	45.246204	46.537354	47.652504	51.35664	52.364243	49.967392	49.07457	45.353794	42.829594	41.97216	40.08911	39.84259	41.638252	40.108013	42.123253	40.017178	41.780148	40.3285	41.288933	41.60962	39.811993	43.269127	43.737778	40.349613	40.937775	44.59836	43.484047
Y-376-B	83.56688	83.619255	83.36839	80.288734	78.449554	79.62903	78.326904	74.93561	74.78017	75.56066	72.88507	70.268715	71.44264	71.38895	67.88331	66.75483	68.390366	67.01666	63.569378	64.828575	63.659584	66.141556	68.65072	71.57666	71.696724	73.638725	75.49235	77.02855	75.65954	75.91365	74.21278	71.35551	70.80316	70.92428	68.40101	66.06734	66.10136	65.46761	62.473034	60.769398	61.47552	60.064667	56.989914	56.38618	57.13841	54.709103	51.89741	52.43856	52.401844	49.658333	47.048584	43.992176	44.069374	41.58527	44.60571	46.31812	43.306065	43.28488	40.85037	42.29296	43.549187	47.1788	46.562336	44.236843	46.014458	45.516514	44.37459	41.59681	40.483925	40.296207	38.3375	35.879147	35.53567	35.194027	32.409424	30.492762	31.120226	30.356035	33.94771	37.16785	40.768353	42.424423	46.038708	47.29866	50.75216	51.09247	51.930866	48.26645	49.20657	46.91287	49.133457	46.595722	42.9495	41.160656	40.13434	36.494503	36.385056	35.826145	32.501606	31.399796	32.729202	33.960625	37.57159	40.46421	42.729782	45.456192	43.442245	43.64806	46.9576	49.856003	47.5691	46.82272	43.54923	43.5564	42.84562	39.368275	38.703903	37.970978	41.32729	40.133423	39.9262	43.27023	45.716324	43.819138	43.528732	47.17099	47.996387	46.275055	48.147335	51.523872	51.84695	51.855682	55.17335	56.405685	59.54989	59.112736	61.898758	62.89974	62.298115	58.657085	56.047962	54.26551	50.784172	51.637787	52.413383	49.699238	51.004726	50.14498	46.52454	43.91361	40.21104	38.655415	35.595512	35.440926	33.74648	34.86502	34.65979	32.73323	34.741543	33.528008	34.356945	34.372696	36.304234	34.420097	31.31103	32.047253	33.2421	30.344198	30.665632	29.529512	30.108961	32.403927	34.56695	38.18018	39.62534	43.24637	46.928032	50.02817	52.515396	56.00359	57.032825	60.424553	57.72445	54.705467	51.108387	47.74378	45.894714	42.269245	39.084316	36.511745	32.901	29.85894	27.701881	24.508446	24.188314	24.49273	23.12874	24.133469	27.463356	30.27582	33.41402	35.989048	39.315556	40.825607	42.44065	44.55577	47.074314	45.38463	42.81038	42.209118	40.69615	40.528122	38.11225	38.524673	35.838535	35.929234	36.10386	32.31463	32.02103	31.249437	33.075233	36.3599	38.12334	37.67685	40.9169	41.930904	41.678974	37.900703	36.612675	38.386646	36.71341	33.156322	32.836304	31.841135	34.463745	35.08208	33.563038	30.202595	29.936659	32.251846	30.651659	27.608505	27.244656	28.88042	26.176294	23.621735	25.673449	26.235456	24.86802	22.754282	25.472383	28.087345	26.67119	28.335575	31.642258	31.677801	31.17996	34.14215	36.218887	35.535656	36.669548	39.799744	40.206825	39.939392	42.60065	45.059864	44.61589	44.637913	42.614216	41.439114	37.866425	36.872147	35.848324	32.289833	29.952204	29.327133	26.843315	28.958004	27.946226	28.251568	25.644684	28.1969	28.766525	32.374702	34.104736	35.828194	38.170277	38.785667	41.83363	41.277664	43.644505	43.385498	45.659367	47.197884	48.57058	52.249084	53.47111	51.152855	49.997864	46.335285	43.60369	42.811253	40.65892	40.05658	41.62851	39.78018	41.52464	39.14678	40.597755	38.88071	39.56816	39.58385	37.565758	40.934883	41.650684	38.287502	38.60564	42.315098	41.41655
F-377-B	85.67344	85.70454	85.31028	82.248726	80.495995	81.57403	80.15045	76.82958	76.70868	77.32863	74.59937	72.08752	73.20222	72.9751	69.48448	68.443184	69.93495	68.41664	65.03041	66.26915	64.93723	67.2783	69.64462	72.69109	72.92191	75.01326	76.95073	78.614044	77.39713	77.703384	75.8642	73.02264	72.64373	72.72825	70.072075	67.842476	68.017975	67.256355	64.19297	62.669468	63.421173	61.837673	58.802414	58.398964	59.068966	56.473736	53.794514	54.47357	54.260014	51.37892	48.652588	45.691864	46.047062	43.59691	46.56623	48.492798	45.64101	45.79709	43.275562	44.71819	46.172634	49.77339	49.165565	46.661892	48.216095	47.524105	46.221844	43.619625	42.571144	42.088	40.064762	37.862213	37.433853	36.74603	34.031487	32.36267	32.695534	31.589699	35.060123	38.13713	41.703526	43.06003	46.60945	47.590866	50.955692	51.190773	51.803413	48.13446	49.14138	47.048756	49.48492	47.159096	43.566853	42.04473	41.00235	37.445976	36.98724	36.30153	33.185688	31.981207	32.881855	34.02456	37.577377	40.63032	43.052753	45.55863	43.296432	43.62926	47.083546	49.80038	47.309288	46.477615	43.31026	43.020573	42.16858	38.849197	38.12471	37.055332	40.270203	39.051247	39.198975	42.57873	45.04056	43.371155	43.272697	46.835426	47.763107	46.318317	48.22438	51.47752	51.881996	52.16605	55.56038	57.02914	60.291977	60.0831	63.015728	64.12817	63.71271	60.04131	57.383717	55.39212	52.02109	53.042824	53.628674	50.854084	51.89914	51.030643	47.507042	44.68091	40.910633	39.03215	35.78646	35.2927	33.404816	34.583477	34.13034	32.35146	34.33058	32.955914	33.77928	33.37716	35.089447	32.883293	29.881102	30.519432	32.026024	29.38685	30.047049	29.359354	30.086824	32.728558	35.135063	38.809086	40.55935	44.164696	47.819427	50.75305	53.3353	56.741665	57.741707	61.152805	58.085472	55.141808	51.57786	48.293945	46.66961	43.131443	40.110497	37.280334	33.805424	30.530024	28.362366	25.15327	25.336008	25.582254	24.662907	25.433239	28.484478	31.141237	34.497093	36.77885	40.260002	41.940353	43.795624	45.966892	48.268013	46.551697	44.141083	43.50358	42.145477	41.928337	39.52118	39.816086	36.98074	37.006584	36.82956	33.06636	32.867813	32.520508	34.601696	37.984375	39.850197	39.476402	42.764996	43.97788	43.52934	39.724445	38.724728	40.444042	38.486305	34.975376	35.01581	34.09935	36.852097	37.30543	35.9952	32.632828	32.00137	34.248943	32.48068	29.326405	28.50463	29.983112	26.95472	24.821613	26.902813	26.95903	25.3091	22.748293	25.08246	27.923977	26.52651	27.717972	31.133564	31.581936	30.906483	33.583576	35.972237	35.49058	36.306736	39.417515	40.17712	39.885223	42.28911	44.882874	44.75915	44.828762	42.710064	41.57445	37.970467	36.7797	35.97621	32.5848	30.569443	30.366922	28.231537	30.703928	30.103977	30.389883	27.479507	29.672321	29.848309	33.437534	34.808323	36.54682	38.667995	39.385212	42.372524	41.82474	44.18539	43.96214	46.44702	47.896465	49.439453	53.165867	54.29507	51.809303	50.53565	46.857086	44.18729	43.716347	41.619	40.894463	42.611446	40.729156	42.520622	40.148567	41.51718	39.862446	40.268364	40.21896	37.956486	41.155308	41.820797	38.330334	38.40104	42.047924	41.02409
H-378-B	87.76225	87.651955	87.24916	84.27619	82.44319	83.394196	82.02276	78.75195	78.485596	79.02951	76.39133	73.83699	74.78163	74.551125	71.13666	69.970856	71.32042	69.858	66.43723	67.48615	65.99182	68.20012	70.56674	73.672676	74.08706	76.18019	78.26583	79.882484	78.766075	78.9338	76.98862	74.2694	73.911446	73.80995	71.12185	69.04446	69.14587	68.20059	65.21332	63.797253	64.370026	62.64148	59.75072	59.347767	59.781406	57.143272	54.62373	55.17296	54.720943	51.875828	48.96024	46.197014	46.63528	44.42782	47.531178	49.45231	46.699844	47.12144	44.77395	46.475376	48.09431	51.75335	51.3835	48.852776	50.39168	49.51201	48.366886	45.88783	44.604115	44.02075	42.224728	40.022488	39.279793	38.580395	36.115177	34.290154	34.296024	33.307068	36.636406	39.787403	43.22635	44.40771	47.842342	48.635902	51.868954	51.82878	52.485283	48.89603	50.169773	48.285362	50.878983	48.71345	45.22697	43.915676	43.134575	39.551846	38.867218	38.426273	35.439667	33.901573	34.62701	36.037865	39.46134	42.677345	44.975655	47.465157	45.03318	45.173283	48.661457	51.2224	48.568714	47.461205	44.238945	43.691734	43.041954	39.793915	38.732327	37.39075	40.410755	38.875923	39.16951	42.689167	44.91441	43.194294	43.423744	46.992878	47.708157	46.417164	48.566536	51.689148	51.885128	52.317013	55.819443	57.3505	60.70474	60.643402	63.601665	64.9227	64.48483	60.75727	58.24373	56.131474	52.841976	53.749355	54.09357	51.139072	52.07412	51.45192	47.953533	45.02445	41.24958	39.25431	36.05463	35.622234	33.948196	35.492783	35.221043	33.806873	36.044193	34.880325	35.983223	35.393707	36.77398	34.44511	31.361689	31.585632	33.034077	30.418236	30.950815	30.349443	30.734266	33.523693	35.798203	39.553295	41.3084	44.97752	48.54079	51.444695	54.219086	57.652794	58.85206	62.354652	58.967434	55.93805	52.473553	49.13479	47.73483	44.19089	41.329384	38.439896	34.992867	31.725586	29.22541	26.301277	26.878496	27.561754	26.976036	28.058105	31.042635	33.841187	37.248375	39.40364	42.95065	44.828606	46.615547	48.949482	51.255688	49.68916	47.389893	46.89835	45.6579	45.55107	43.216614	43.572254	40.754818	40.79735	40.57237	36.81661	36.626312	36.321175	38.384373	41.778877	43.60613	43.16028	46.401188	47.524014	47.007137	43.21367	42.132633	43.71183	41.76206	38.320824	38.310352	37.547115	40.35111	40.933926	39.61506	36.216183	35.688206	37.99529	36.265873	33.112354	32.294113	33.706116	30.633883	28.51978	30.474188	30.4193	28.555376	25.960571	28.036669	31.070305	29.857817	30.882513	34.270027	34.938946	34.297333	36.822052	39.309177	38.973064	39.693634	42.75638	43.663406	43.40291	45.69755	48.319992	48.315556	48.35174	46.150806	44.94176	41.3009	39.93323	39.075512	35.762264	33.750355	33.71651	31.550549	33.98102	33.36844	33.403286	30.490301	32.60794	32.87929	36.526386	37.888783	39.799458	41.955894	42.827892	45.861916	45.407326	47.816227	47.64595	50.18191	51.624973	53.194622	56.928284	58.028973	55.499664	54.220234	50.53605	47.89385	47.4822	45.3911	44.624596	46.321503	44.3727	46.085045	43.623657	44.849945	43.06383	43.301777	43.03698	40.60359	43.687943	44.54305	41.07281	40.880974	44.526104	43.635727
Q-379-B	91.444115	91.37141	90.982216	87.98581	86.16553	87.150894	85.773994	82.489426	82.25002	82.813034	80.15859	77.61046	78.581245	78.35072	74.92545	73.776794	75.138275	73.66378	70.25022	71.309845	69.809944	72.00469	74.353645	77.47415	77.89712	80.00163	82.085396	83.70729	82.58405	82.75194	80.81289	78.093285	77.724815	77.62223	74.94246	72.86226	72.94674	72.00398	69.02868	67.599205	68.15127	66.43044	63.55059	63.115353	63.529964	60.912506	58.396294	58.894577	58.429077	55.617878	52.675182	49.94403	50.344658	48.173923	51.30624	53.17911	50.389458	50.772427	48.45541	50.140358	51.67236	55.334435	54.901222	52.429688	54.019947	53.2152	52.03441	49.502487	48.283474	47.74648	45.88466	43.67147	43.015175	42.325443	39.793896	38.004116	38.08221	37.055984	40.398705	43.51095	46.966503	48.110954	51.540844	52.27385	55.483925	55.420418	55.990818	52.40374	53.674213	51.841904	54.479454	52.350952	48.859276	47.56057	46.684	43.136166	42.440136	41.86278	38.89495	37.465126	38.099377	39.361183	42.79889	46.008537	48.42159	50.814373	48.333046	48.600082	52.13367	54.650394	51.944912	50.852245	47.697998	47.040092	46.292126	43.13344	42.086926	40.590405	43.513012	41.95982	42.44831	45.97635	48.180294	46.55739	46.896023	50.423172	51.15181	49.972576	52.150085	55.216156	55.41152	55.935257	59.463764	61.04686	64.428024	64.41156	67.38282	68.72916	68.2937	64.561226	62.060154	59.931065	56.654377	57.553436	57.865784	54.87999	55.783115	55.202156	51.718327	48.75916	44.981518	42.924366	39.698986	39.174698	37.438385	38.97099	38.552696	37.131336	39.24844	37.89625	38.820568	38.025562	39.40195	36.858284	33.96453	34.27126	35.97267	33.554047	34.299828	33.89013	34.353096	37.22426	39.545666	43.305767	45.10215	48.768074	52.321476	55.196598	57.988174	61.403778	62.58617	66.08236	62.62407	59.622696	56.16838	52.855774	51.495815	47.97101	45.12483	42.203342	38.780136	35.478188	33.003902	30.066711	30.65393	31.22593	30.561466	31.47139	34.439728	37.102573	40.529224	42.677917	46.22522	48.00563	49.90119	52.117226	54.364273	52.646484	50.274197	49.58206	48.197567	47.85302	45.331696	45.406967	42.401455	42.128426	41.663986	37.90442	38.075787	37.8534	40.168358	43.44842	45.52906	45.357864	48.725285	50.028034	49.65339	45.843422	44.869503	46.642548	44.68971	41.16596	41.190804	40.18493	42.835663	43.171284	41.68862	38.441277	37.80898	39.845127	37.823837	34.842144	33.980385	35.644505	32.54514	30.632137	32.89125	32.82654	31.151037	28.34514	30.423481	33.33945	31.825306	32.587658	36.12262	36.8115	35.81281	38.271717	40.954697	40.444405	40.8723	44.070984	45.06412	44.518406	46.723354	49.54819	49.643707	49.941128	47.904793	46.94312	43.37972	42.15294	41.569286	38.295773	36.481464	36.41533	34.39134	36.909927	36.28738	36.57294	33.6795	35.83464	35.946724	39.5245	40.753933	42.461	44.42742	45.099995	47.97003	47.277073	49.482254	49.07582	51.574005	52.76712	54.217365	57.996277	58.860973	56.168266	55.04651	51.307983	48.880157	48.59519	46.750793	46.198673	48.140812	46.40954	48.344387	46.072514	47.48205	45.896816	46.19542	46.09963	43.69413	46.763435	47.43796	43.88575	43.75016	47.332836	46.23317
D-380-B	92.42543	92.29498	91.76314	88.81287	87.05993	87.91375	86.43492	83.23736	82.9978	83.38849	80.71075	78.25855	79.13492	78.740974	75.35646	74.26772	75.46359	73.87133	70.520195	71.52411	69.855225	71.89219	74.10151	77.32796	77.879715	80.11517	82.29554	84.025024	83.06752	83.26453	81.18098	78.502304	78.306786	78.1442	75.33878	73.38653	73.60109	72.514885	69.49112	68.25618	68.834236	66.93588	64.12	63.88688	64.20165	61.42748	59.066097	59.695515	59.04531	56.112915	53.071224	50.45995	51.136604	49.023113	52.09058	54.16552	51.561565	52.144146	49.76657	51.47895	53.233746	56.865364	56.496727	53.847942	55.21356	54.1857	52.90598	50.578587	49.364376	48.5433	46.69613	44.72037	43.92361	42.940308	40.552246	38.952698	38.718803	37.449364	40.617706	43.591908	46.953323	47.80321	51.12218	51.582355	54.665436	54.46559	54.854794	51.31206	52.680935	51.072548	53.895206	51.993755	48.604637	47.58666	46.78425	43.32965	42.307014	41.72059	38.990246	37.400547	37.6568	38.921932	42.2229	45.564682	48.02341	50.224888	47.531265	47.82757	51.444668	53.75669	50.876694	49.65879	46.607967	45.67048	44.872356	41.89279	40.737877	38.947014	41.675617	40.067753	40.85886	44.389435	46.543526	45.123096	45.65999	49.082	49.86133	48.947685	51.161896	54.07813	54.31742	55.091587	58.671043	60.4593	63.93489	64.141075	67.234314	68.69981	68.43925	64.6907	62.172367	59.849644	56.70467	57.742393	57.855297	54.823555	55.46987	54.903267	51.538975	48.40552	44.610207	42.286934	38.95745	38.167652	36.34376	37.97001	37.416805	36.23328	38.375103	37.016804	38.04336	36.920788	37.989647	35.24432	32.43774	32.51379	34.37029	32.196575	33.13799	33.097248	33.597305	36.71218	39.17413	42.941307	44.977707	48.598415	52.08343	54.784393	57.66508	60.9908	62.17567	65.6861	61.877274	58.944515	55.56114	52.33518	51.21547	47.797577	45.147465	42.036507	38.77911	35.34726	32.86229	30.030804	31.062485	31.672182	31.439484	32.261375	34.956024	37.526287	41.088493	42.94621	46.59981	48.585346	50.61756	52.944843	55.014603	53.374615	51.209972	50.603886	49.444767	49.18681	46.787415	46.903343	43.88682	43.713814	43.05765	39.36928	39.448685	39.54871	41.929432	45.324127	47.351437	47.101242	50.427277	51.7962	51.18038	47.37498	46.58372	48.196415	46.01917	42.601967	42.894814	42.08769	44.912346	45.247314	44.01648	40.699127	39.845135	41.95479	39.95825	36.828583	35.636204	37.02449	33.71691	32.076286	34.16614	33.69129	31.707375	28.700577	30.347515	33.465187	32.167973	32.581295	36.06021	37.13409	36.163605	38.317596	41.169544	40.953636	41.202454	44.265266	45.55721	45.13265	47.093884	49.92497	50.29099	50.502766	48.310432	47.26986	43.679707	42.199966	41.690956	38.60884	37.010464	37.33231	35.54453	38.272488	37.978664	38.105175	34.992947	36.818455	36.695877	40.250885	41.2202	43.036777	44.87984	45.749615	48.620327	48.06592	50.3479	50.095917	52.789852	54.011086	55.667084	59.446903	60.329624	57.56938	56.269627	52.56933	50.120853	50.07554	48.17781	47.415356	49.350384	47.491474	49.336502	46.98705	48.20798	46.579712	46.577503	46.316853	43.683754	46.55071	47.282413	43.698334	43.26949	46.772408	45.685104
D-381-B	90.082085	90.058624	89.46247	86.45004	84.80892	85.71895	84.13786	80.935524	80.83677	81.21461	78.43591	76.072624	77.06743	76.59503	73.154915	72.21709	73.47073	71.76426	68.475204	69.63967	68.047714	70.144066	72.28951	75.510185	75.94014	78.23902	80.320366	82.150185	81.1743	81.524086	79.47326	76.69062	76.56097	76.55399	73.71516	71.67343	72.02808	71.052124	67.92427	66.679886	67.45049	65.60505	62.67291	62.54297	63.04384	60.22807	57.78169	58.61004	58.104008	55.06632	52.15779	49.400223	50.138527	47.810253	50.71916	52.90949	50.303623	50.739445	48.161865	49.64662	51.37052	54.928894	54.3756	51.656025	52.91153	51.93792	50.459766	48.131042	47.13589	46.25398	44.205944	42.36085	41.774067	40.64202	38.103886	36.75081	36.642887	35.132324	38.344585	41.183918	44.624474	45.49704	48.881886	49.397934	52.56188	52.57519	52.841454	49.225983	50.37878	48.663303	51.427067	49.475292	46.028393	44.950966	43.9434	40.55771	39.571716	38.75389	36.025864	34.65129	34.873505	35.897408	39.26171	42.52741	45.128983	47.259792	44.618614	45.11121	48.745415	51.119556	48.309914	47.301735	44.337902	43.529297	42.504818	39.516212	38.640804	36.987217	39.857628	38.54677	39.3116	42.720543	45.1134	43.821968	44.10489	47.491966	48.517494	47.555473	49.545124	52.540382	53.016365	53.750946	57.25311	59.07611	62.510075	62.670643	65.80201	67.11562	66.96276	63.25709	60.581013	58.280052	55.111305	56.334366	56.593212	53.714115	54.351826	53.537975	50.195107	47.07055	43.254898	40.911484	37.466125	36.486023	34.39354	35.71314	34.916695	33.48783	35.41159	33.84777	34.67635	33.56573	34.811375	32.076347	29.348675	29.722189	31.718267	29.607431	30.773247	30.825891	31.68158	34.793785	37.468292	41.177814	43.335686	46.883686	50.436726	53.09154	55.82975	59.092667	60.083145	63.5158	59.855705	57.03324	53.57478	50.43499	49.205856	45.836582	43.122776	39.963398	36.75169	33.22992	31.039764	27.97672	28.896322	29.13806	28.862957	29.361588	31.951344	34.343597	37.934242	39.74569	43.397644	45.317005	47.4799	49.721645	51.69252	49.966198	47.81964	47.140694	46.011593	45.71798	43.339764	43.442467	40.42258	40.31484	39.610497	35.95951	35.95335	36.20194	38.615368	42.06221	44.07039	43.82291	47.15001	48.622093	47.925346	44.124214	43.50729	45.1389	42.833817	39.430664	39.921463	39.109318	41.983444	42.215023	41.152573	37.836624	36.77075	38.874134	36.882923	33.671383	32.282135	33.54518	30.159727	28.674341	30.750425	30.121794	28.134653	25.03389	26.65201	29.733803	28.407894	28.778305	32.260864	33.35734	32.392014	34.525288	37.37643	37.205814	37.467	40.496853	41.811832	41.450764	43.393562	46.18705	46.579147	46.75098	44.532692	43.49542	39.91388	38.444225	38.009	34.95767	33.473213	33.874752	32.257404	35.13306	35.047283	35.28999	32.06478	33.752438	33.41183	36.898144	37.73076	39.462032	41.213856	42.06498	44.90446	44.359455	46.656353	46.461666	49.21972	50.486042	52.241665	56.009388	56.954056	54.21632	52.80775	49.13768	46.62942	46.650787	44.69726	43.837555	45.765953	43.881966	45.73111	43.41003	44.642796	43.100574	43.08236	42.92137	40.31907	43.190315	43.786026	40.163376	39.819847	43.297935	42.10087
I-382-B	90.800224	90.90279	90.39862	87.30277	85.67253	86.73974	85.186714	81.90359	81.8933	82.416534	79.597	77.20532	78.351875	77.97315	74.467514	73.566956	74.98973	73.31606	70.01354	71.306595	69.88485	72.12574	74.33976	77.48014	77.75403	79.984535	81.93819	83.73312	82.611206	83.01208	81.097435	78.23252	77.98906	78.10474	75.35679	73.16825	73.47476	72.66854	69.53865	68.12502	68.953285	67.28055	64.24996	63.9858	64.64248	61.94631	59.33856	60.122616	59.822865	56.855175	54.07006	51.17063	51.691856	49.241035	52.14599	54.196266	51.415897	51.594475	48.98855	50.328167	51.796497	55.34471	54.602753	52.03363	53.45354	52.74227	51.225647	48.691982	47.845486	47.20226	45.002514	43.016407	42.70771	41.75912	38.988026	37.61717	37.880066	36.443302	39.8244	42.68496	46.243824	47.34644	50.842003	51.56757	54.84938	55.054836	55.35568	51.683174	52.651745	50.742435	53.346848	51.212868	47.659077	46.328606	45.098183	41.699898	41.006775	39.998306	37.090355	36.036118	36.508404	37.310078	40.81273	43.908382	46.607265	48.791965	46.332504	46.97667	50.565857	53.101627	50.44468	49.649902	46.696785	46.1065	44.963493	41.897533	41.248646	39.8053	42.813324	41.664387	42.295006	45.641964	48.152893	46.819435	46.904583	50.324543	51.42099	50.298786	52.17495	55.28256	55.825634	56.40068	59.83977	61.545834	64.89959	64.8902	67.94785	69.11099	68.87019	65.196106	62.46999	60.326035	57.050922	58.241333	58.70675	55.91527	56.733627	55.82467	52.40774	49.412304	45.605785	43.43554	40.01916	39.12388	36.963097	38.058586	37.179882	35.44469	37.15184	35.380363	35.891552	34.938763	36.52235	33.843876	31.2471	32.006874	34.079174	31.940184	33.16119	33.060555	34.07784	37.020573	39.689724	43.361835	45.397846	48.94252	52.570515	55.323513	57.931633	61.222153	62.10757	65.482925	62.135128	59.331142	55.79369	52.645664	51.198227	47.782066	44.892117	41.85564	38.54951	35.08752	33.058662	29.811588	30.299715	30.268492	29.542387	29.844933	32.604733	34.887066	38.372864	40.404076	43.951565	45.58742	47.771828	49.788467	51.814186	49.871895	47.508125	46.572933	45.16274	44.601276	41.992844	41.843723	38.689747	38.292263	37.540977	33.844948	34.150303	34.266033	36.832928	40.126747	42.359547	42.384045	45.839546	47.442863	47.00959	43.19684	42.59553	44.511272	42.32974	38.786648	39.177544	38.01985	40.66362	40.65926	39.359474	36.211403	35.137604	36.975563	34.746395	31.74055	30.492634	32.119995	28.861	27.371813	29.817322	29.470898	27.914782	24.817484	26.812464	29.572433	27.808504	28.272446	31.899363	32.66747	31.4055	33.74259	36.58284	36.040142	36.237663	39.468044	40.596985	39.94404	42.0163	44.936478	45.185596	45.60949	43.642216	42.86588	39.3819	38.253803	37.997395	34.835045	33.368248	33.439064	31.808455	34.634834	34.36654	34.983643	31.908358	33.837788	33.48282	36.89301	37.786366	39.222855	40.890022	41.407906	44.101364	43.262432	45.3437	44.86792	47.46439	48.541443	50.08869	53.88446	54.669865	51.875126	50.67476	46.946655	44.586582	44.539124	42.78736	42.21719	44.332726	42.71008	44.80295	42.707954	44.24291	42.932575	43.2114	43.366005	41.00705	44.033134	44.379906	40.7229	40.72106	44.192528	42.78421
G-383-B	93.675934	93.823814	93.228386	90.11468	88.57921	89.62725	87.97455	84.72795	84.79793	85.23982	82.356125	80.05967	81.22483	80.72834	77.21711	76.42431	77.791595	76.00212	72.767845	74.1031	72.62138	74.79028	76.88842	80.08993	80.388176	82.720345	84.68064	86.576225	85.52941	86.00782	84.03694	81.15326	81.01866	81.16449	78.34613	76.188065	76.60402	75.7692	72.58489	71.25868	72.158195	70.42123	67.389206	67.24306	67.90405	65.12897	62.572006	63.457283	63.1068	60.065334	57.259037	54.391903	55.044773	52.57493	55.411522	57.567947	54.85373	55.052784	52.370586	53.629475	55.13273	58.635006	57.810097	55.174263	56.47291	55.726707	54.06072	51.599632	50.888645	50.115246	47.807266	45.989723	45.749397	44.61127	41.82368	40.665085	40.865746	39.207237	42.508167	45.206875	48.74358	49.67095	53.116974	53.67317	56.890686	57.091553	57.178535	53.516586	54.441467	52.65627	55.35705	53.359898	49.84881	48.656796	47.315857	44.041214	43.190014	41.98643	39.24259	38.281193	38.473022	39.054794	42.49019	45.59329	48.450512	50.41149	47.83712	48.679016	52.33541	54.73987	51.991764	51.23528	48.443417	47.67507	46.34078	43.46007	42.88424	41.233616	44.096107	43.03349	43.956642	47.242477	49.792126	48.695175	48.86725	52.171818	53.39711	52.482056	54.305866	57.313023	57.969788	58.727825	62.175766	64.03852	67.440475	67.5633	70.70553	71.88917	71.78338	68.11704	65.333755	63.088554	59.88633	61.20914	61.603127	58.82414	59.484497	58.52272	55.19065	52.093754	48.277508	45.928734	42.41424	41.25637	38.922012	39.931385	38.782608	37.084892	38.599773	36.60276	36.921684	35.62944	37.102654	34.16444	31.867716	32.698288	35.09556	33.30175	34.860977	35.125477	36.334724	39.435516	42.268593	45.913067	48.136433	51.6205	55.223125	57.841644	60.44791	63.645832	64.43933	67.77757	64.25784	61.56396	58.05142	55.011692	53.680634	50.36266	47.569633	44.408688	41.234005	37.671104	35.76473	32.50786	33.178127	32.97182	32.396576	32.420677	34.958946	36.99433	40.54203	42.378563	45.95321	47.57822	49.964478	51.89571	53.723373	51.669086	49.378918	48.29373	46.9063	46.173733	43.500954	43.118057	39.818005	39.219326	38.11232	34.522453	35.07455	35.521736	38.33433	41.575367	43.973198	44.195625	47.708942	49.535248	49.059967	45.26678	44.930202	46.912334	44.572998	41.05596	41.692646	40.45438	43.06202	42.809242	41.59257	38.56621	37.210884	38.83194	36.392075	33.46427	31.924852	33.538857	30.162542	29.104084	31.663525	31.026056	29.494719	26.137741	27.835861	30.52267	28.621891	28.600769	32.273224	33.27818	31.707432	33.75327	36.846806	36.333286	36.136833	39.37073	40.759766	39.933693	41.74233	44.824997	45.34183	45.94623	44.051872	43.474506	40.088833	38.968327	39.04198	36.07558	34.969242	35.25436	33.959835	36.98892	36.967846	37.731327	34.549175	36.264923	35.58225	38.85582	39.431526	40.69902	42.071884	42.505363	45.00846	44.038548	45.960228	45.38047	48.064423	48.93259	50.52368	54.333324	54.928688	51.962795	50.763897	47.0458	44.872158	45.12161	43.562576	43.03203	45.349167	43.857426	46.084232	44.14695	45.730957	44.62036	44.779125	45.030853	42.60788	45.488007	45.647053	41.918324	41.84514	45.17382	43.54741
H-384-B	91.89392	92.04303	91.31364	88.213455	86.77948	87.75228	85.982544	82.80441	82.93692	83.2469	80.30699	78.125404	79.27524	78.62759	75.12782	74.450714	75.727005	73.806175	70.654175	72.02745	70.476845	72.56668	74.5354	77.79312	78.11244	80.55769	82.52895	84.54362	83.604904	84.17954	82.12984	79.22816	79.24821	79.43217	76.51684	74.40686	74.98582	74.11173	70.84826	69.65691	70.674324	68.8487	65.80852	65.85997	66.550835	63.65544	61.168667	62.251667	61.85654	58.686596	55.90464	53.0498	53.921562	51.38658	54.075596	56.42616	53.858818	54.128204	51.313206	52.475014	54.13137	57.559647	56.710434	53.91204	54.978786	54.08815	52.269245	49.978027	49.369312	48.360153	45.98901	44.420998	44.172184	42.7596	40.031475	39.13769	39.171917	37.2414	40.410004	42.92484	46.41046	47.148937	50.535713	50.946636	54.111732	54.34311	54.258537	50.60272	51.469135	49.77449	52.54771	50.681187	47.229603	46.206085	44.836018	41.678562	40.624165	39.3222	36.76798	35.799763	35.718845	36.187435	39.535	42.67425	45.603836	47.4032	44.729355	45.67092	49.368256	51.66504	48.85833	48.135086	45.46432	44.607723	43.13469	40.371918	39.889004	38.16438	40.97823	40.070023	41.13206	44.32075	46.96375	46.061752	46.19482	49.396805	50.785107	49.99928	51.704346	54.65231	55.466656	56.343044	59.759533	61.756577	65.178375	65.41391	68.64289	69.81626	69.88401	66.24372	63.374344	61.024174	57.909775	59.41856	59.762062	57.054756	57.54526	56.456013	53.23031	50.049435	46.23928	43.73658	40.12705	38.713306	36.198956	37.081707	35.731514	34.069542	35.48171	33.406754	33.71779	32.235806	33.585423	30.556849	28.349419	29.187075	31.723898	30.128567	31.912577	32.453804	33.869995	37.08006	40.087875	43.66994	46.093964	49.48378	53.056995	55.525867	58.098354	61.19216	61.88397	65.18013	61.531948	58.94852	55.45641	52.53219	51.302723	48.10037	45.422718	42.138393	39.12713	35.472435	33.74597	30.483042	31.379608	31.018854	30.74871	30.56847	32.82154	34.699993	38.331818	39.918335	43.550793	45.30952	47.824795	49.81795	51.474754	49.483936	47.38715	46.394043	45.242332	44.637947	42.142258	41.884064	38.655228	38.288692	37.105408	33.608727	33.901993	34.645504	37.417274	40.79717	43.04185	43.10845	46.533257	48.391678	47.652653	43.88665	43.74053	45.544113	42.98774	39.601814	40.521923	39.50974	42.302486	42.083874	41.196728	38.086266	36.509533	38.26721	35.971302	32.84925	30.98241	32.215904	28.664816	27.852697	30.155563	29.11954	27.304806	23.81329	25.126822	27.970156	26.322458	26.06076	29.640396	30.965784	29.541492	31.343979	34.507412	34.319206	34.0912	37.145607	38.754898	38.168972	39.80613	42.794765	43.500416	43.91841	41.830288	41.10864	37.685818	36.32941	36.422874	33.62266	32.701622	33.337475	32.28756	35.501816	35.83342	36.463722	33.09036	34.4639	33.533253	36.745495	37.081238	38.43654	39.71606	40.353065	42.888123	42.114548	44.17342	43.832767	46.7105	47.719353	49.56281	53.341236	54.07614	51.14379	49.691082	46.04734	43.744507	44.16167	42.441013	41.61787	43.82997	42.15423	44.232265	42.19467	43.578793	42.425488	42.330967	42.466476	39.894222	42.618607	42.791134	39.049473	38.78981	42.051952	40.431095
L-385-B	88.78282	89.00384	88.33885	85.18913	83.75377	84.82768	83.08533	79.851295	80.035965	80.45042	77.48902	75.279625	76.535736	75.96528	72.41853	71.76146	73.17037	71.285385	68.11715	69.59377	68.19423	70.419754	72.46186	75.63732	75.81386	78.19113	80.05413	82.03535	80.97952	81.59961	79.66043	76.6889	76.62497	76.916565	74.07071	71.8394	72.39842	71.66768	68.390945	67.07282	68.16394	66.478355	63.346264	63.322563	64.166016	61.35304	58.73237	59.83462	59.627342	56.48571	53.842934	50.845226	51.57948	48.906322	51.54363	53.827442	51.162003	51.24577	48.37053	49.402756	50.923607	54.327183	53.36547	50.63179	51.773876	51.035122	49.196877	46.785492	46.26594	45.401237	42.940166	41.28662	41.21535	39.91976	37.04002	36.1461	36.431053	34.550247	37.848717	40.39876	43.97952	44.94501	48.438698	49.08708	52.38299	52.80875	52.832798	49.116592	49.82163	47.900925	50.499336	48.435307	44.885735	43.630722	42.13802	38.93479	38.13456	36.766163	34.028973	33.254734	33.459846	33.854774	37.337772	40.349358	43.276993	45.221844	42.745197	43.708546	47.337826	49.82906	47.199657	46.65244	43.919636	43.36197	41.869057	38.937634	38.64899	37.255444	40.300858	39.553658	40.314823	43.44616	46.22216	45.193913	45.048264	48.32055	49.764946	48.73804	50.312897	53.413956	54.292328	54.947613	58.284035	60.134914	63.461815	63.511635	66.666176	67.684685	67.68037	64.07591	61.149204	58.94726	55.734974	57.234093	57.782913	55.18793	55.853275	54.637238	51.343155	48.298885	44.502453	42.194828	38.623474	37.341896	34.798405	35.479263	34.170048	32.21762	33.550056	31.444294	31.644619	30.511345	32.20287	29.432894	27.102543	28.229914	30.600264	28.768492	30.430449	30.682808	32.212936	35.218212	38.206417	41.745224	44.0449	47.424664	51.07066	53.64293	56.08353	59.21513	59.82695	63.080467	59.768093	57.174843	53.600513	50.647633	49.192066	45.937164	43.096664	39.934486	36.83352	33.243267	31.6726	28.24181	28.775759	28.210558	27.645514	27.372465	29.765478	31.65683	35.21433	36.995945	40.56215	42.17731	44.632244	46.54893	48.30979	46.266563	44.045223	43.018898	41.764652	41.161537	38.63926	38.44827	35.268406	34.985073	34.007584	30.43368	30.604223	31.168386	33.84748	37.24806	39.44342	39.468224	42.8986	44.71124	44.044735	40.264606	40.050858	41.9185	39.43906	35.99675	36.83861	35.76034	38.525425	38.329334	37.41822	34.290203	32.760532	34.569576	32.343037	29.182222	27.423275	28.711655	25.225742	24.224033	26.577408	25.74374	24.07887	20.701273	22.384148	25.124292	23.36565	23.486124	27.110628	28.133158	26.818827	28.927917	31.899317	31.565636	31.622942	34.745	36.097157	35.567688	37.452435	40.34884	40.81078	41.16547	39.100105	38.331894	34.872	33.65423	33.618134	30.64131	29.536676	29.942383	28.767782	31.918232	32.154137	32.891045	29.58312	31.095678	30.247883	33.47991	33.9812	35.28973	36.696453	37.25366	39.858093	39.072666	41.181828	40.847992	43.646927	44.77143	46.57233	50.34792	51.205776	48.390747	46.94242	43.283104	40.853077	41.069717	39.24182	38.431023	40.56482	38.8719	40.94976	38.898247	40.371227	39.2148	39.314312	39.56462	37.15798	40.055027	40.1852	36.460804	36.451057	39.802635	38.19603
A-386-B	90.786964	91.122635	90.53078	87.31142	85.89634	87.10274	85.37869	82.08403	82.35041	82.88075	79.884895	77.663345	79.04443	78.54376	74.94961	74.33135	75.87012	74.007324	70.83923	72.41477	71.14364	73.46851	75.55161	78.66719	78.72812	81.05556	82.81716	84.77358	83.60682	84.26833	82.43648	79.40539	79.25396	79.63949	76.86757	74.527794	75.046165	74.445015	71.17457	69.72785	70.85465	69.30203	66.105064	65.97115	66.92233	64.20769	61.473495	62.523525	62.462	59.38698	56.825073	53.74139	54.30319	51.561447	54.203526	56.362267	53.561348	53.443184	50.56658	51.48222	52.774662	56.158566	55.03066	52.443115	53.722992	53.214516	51.342693	48.76782	48.386852	47.72499	45.142895	43.386063	43.551056	42.41054	39.35803	38.458767	39.037357	37.228844	40.631783	43.175045	46.825775	47.946316	51.502262	52.28253	55.643074	56.196133	56.22015	52.478943	53.049164	51.013435	53.494934	51.317406	47.70689	46.272724	44.590637	41.41491	40.842308	39.30189	36.46203	35.970585	36.33741	36.518665	40.07057	42.919346	45.935165	47.872513	45.537464	46.649467	50.235203	52.81765	50.29977	49.915257	47.225372	46.789913	45.196365	42.258564	42.126167	40.835625	43.92311	43.269173	43.99346	47.07972	49.912	48.879025	48.64013	51.915627	53.40089	52.297726	53.805443	56.959854	57.877007	58.446392	61.74219	63.52113	66.79408	66.73441	69.834335	70.749115	70.68056	67.10273	64.149055	62.061363	58.781445	60.247475	60.933983	58.39225	59.178352	57.914974	54.57603	51.62117	47.838444	45.64333	42.102467	40.87542	38.300316	38.83551	37.44935	35.30412	36.427376	34.134087	34.019573	32.952606	34.8759	32.11616	30.0027	31.41141	33.877293	32.107353	33.832687	34.016846	35.637775	38.527008	41.494003	44.998028	47.206432	50.57628	54.262005	56.892467	59.239845	62.37887	62.90691	66.10635	63.011047	60.446705	56.829357	53.88606	52.29011	49.017002	46.065086	43.00229	39.85236	36.32579	34.86127	31.341547	31.568777	30.807873	29.884386	29.427155	31.91523	33.647602	37.07946	39.013252	42.458473	43.793224	46.289566	47.9637	49.72832	47.461155	45.052143	43.735767	42.20026	41.27043	38.492393	37.954292	34.5916	33.907795	32.75781	29.174994	29.802217	30.314018	33.23262	36.42539	38.91425	39.294926	42.863	44.860157	44.467903	40.701996	40.561047	42.724045	40.35865	36.80476	37.58088	36.132275	38.62141	38.114307	36.96143	34.06985	32.477974	33.91615	31.365412	28.489092	26.82215	28.521275	25.18349	24.318983	27.08586	26.498783	25.330439	21.96536	23.920994	26.248207	24.000431	24.063662	27.807985	28.532145	26.790867	29.010345	32.030796	31.28843	31.132874	34.468555	35.693913	34.77171	36.705467	39.7939	40.185387	40.880657	39.124924	38.706818	35.407322	34.56439	34.80769	31.80429	30.823105	30.932692	29.83274	32.93253	33.019688	34.147953	31.012955	32.711914	31.806463	34.89874	35.386124	36.34344	37.57336	37.751827	40.127342	38.986366	40.796986	40.114464	42.751186	43.589573	45.163563	48.973293	49.585876	46.6471	45.440475	41.71809	39.52664	39.76273	38.235386	37.772346	40.171436	38.81543	41.185146	39.430397	41.22153	40.358265	40.724438	41.29905	39.12745	42.109463	41.96415	38.222794	38.514004	41.79324	39.945972
E-387-B	92.490524	92.84684	92.117805	88.90304	87.60407	88.74434	86.892426	83.667885	84.011345	84.405785	81.34495	79.25092	80.61957	79.954346	76.373055	75.88171	77.317055	75.30883	72.233246	73.83804	72.47209	74.687546	76.61674	79.80946	79.91777	82.376686	84.16236	86.2481	85.20311	85.95588	84.032745	80.99369	81.002914	81.40961	78.53571	76.260544	76.932274	76.270805	72.93177	71.628975	72.84525	71.18668	68.00312	68.05215	68.9932	66.15921	63.51614	64.719315	64.5715	61.387066	58.800808	55.77127	56.541332	53.785854	56.322865	58.649433	55.97992	55.94376	52.972485	53.814964	55.2267	58.544617	57.374886	54.65881	55.730774	55.103855	53.067146	50.650497	50.392204	49.508163	46.84798	45.342564	45.51347	44.10259	41.10615	40.471573	40.88237	38.8026	42.055447	44.38944	47.974117	48.848732	52.317062	52.87671	56.141563	56.67937	56.458813	52.74575	53.275024	51.40458	54.00401	52.017784	48.49031	47.271168	45.52227	42.508762	41.693806	39.98522	37.394394	36.937714	36.93697	36.9145	40.338947	43.212627	46.36694	48.037643	45.55566	46.854088	50.503822	52.90808	50.283424	49.924343	47.4244	46.787777	44.998856	42.28282	42.225544	40.724358	43.645523	43.11156	44.133495	47.125805	50.0026	49.241116	49.079502	52.208885	53.847122	52.97905	54.409744	57.439865	58.497684	59.27505	62.56731	64.53279	67.856575	67.9663	71.171295	72.11739	72.232475	68.67021	65.65056	63.425823	60.255623	61.895344	62.47753	59.962284	60.537983	59.202095	55.984325	52.90824	49.127712	46.7216	43.078625	41.547577	38.78898	39.228527	37.559902	35.504265	36.43829	33.954468	33.69645	32.241924	33.979244	30.96573	29.170284	30.611406	33.386494	32.00358	34.075626	34.674004	36.492588	39.55193	42.697807	46.15086	48.588272	51.86853	55.504818	57.95477	60.299873	63.315487	63.7422	66.89604	63.580006	61.150887	57.57924	54.7753	53.34258	50.205837	47.405758	44.193134	41.23067	37.59981	36.27605	32.793026	33.302113	32.402874	31.782524	31.07207	33.230145	34.700794	38.208153	39.839687	43.32602	44.734756	47.438488	49.08825	50.60279	48.301395	46.072266	44.703873	43.32967	42.344883	39.63254	38.977688	35.55821	34.836876	33.34141	29.940084	30.633278	31.587564	34.654255	37.85168	40.370514	40.81732	44.35859	46.52845	45.960617	42.244717	42.398624	44.493122	41.90715	38.469376	39.56658	38.20268	40.75155	40.092495	39.181026	36.353947	34.461533	35.79812	33.18794	30.303726	28.24848	29.699148	26.207468	25.84409	28.507456	27.46776	26.159534	22.554977	23.99853	26.331108	24.141867	23.613441	27.312809	28.43614	26.510448	28.295477	31.577633	31.055285	30.511019	33.73274	35.321857	34.37996	35.960426	39.13873	39.88189	40.63215	38.83803	38.514645	35.29617	34.325832	34.859707	32.13874	31.562521	32.046154	31.34257	34.661545	35.11093	36.23619	32.944984	34.292408	33.029675	35.968163	36.073174	36.94869	37.879654	38.107147	40.328148	39.193073	40.933506	40.29683	43.105858	43.83356	45.57688	49.366962	49.884697	46.821434	45.483368	41.82503	39.741863	40.333504	38.89567	38.307636	40.806458	39.464638	41.84668	40.17107	41.874084	41.143276	41.262306	41.832943	39.528313	42.287586	42.01104	38.22338	38.33745	41.446915	39.434555
C-388-B	89.16461	89.54591	88.74472	85.525314	84.29994	85.421814	83.49821	80.30561	80.71394	81.053055	77.94702	75.928444	77.327225	76.584595	72.99747	72.600784	74.02367	71.93799	68.92171	70.5981	69.25331	71.46899	73.33374	76.52305	76.58054	79.08728	80.83004	82.98513	81.97056	82.81325	80.88328	77.80503	77.89311	78.37529	75.4652	73.17653	73.96171	73.33633	69.9389	68.685036	70.022	68.36398	65.1409	65.30817	66.33939	63.45996	60.818092	62.179733	62.085293	58.827053	56.33757	53.26362	54.135826	51.27878	53.66285	56.10085	53.51528	53.453026	50.3639	51.068714	52.540764	55.77682	54.54917	51.738018	52.652576	51.97676	49.81934	47.495167	47.356777	46.352474	43.613617	42.2788	42.52245	40.952747	37.951103	37.539577	37.93201	35.66971	38.85528	41.043697	44.61745	45.45313	48.91572	49.48263	52.76402	53.42323	53.13238	49.40444	49.803806	47.890453	50.448624	48.46896	44.950195	43.75379	41.929516	38.998737	38.149754	36.333805	33.81776	33.46104	33.383327	33.223877	36.63622	39.46571	42.66659	44.284565	41.831272	43.212368	46.849007	49.2663	46.695564	46.45468	44.022663	43.48255	41.584023	38.878986	39.00297	37.637596	40.6332	40.31134	41.265434	44.133762	47.13916	46.46006	46.11922	49.193027	50.97664	50.08231	51.34776	54.401752	55.60719	56.3549	59.57029	61.555443	64.836205	64.93806	68.16312	69.02446	69.23587	65.72012	62.616505	60.390373	57.250816	59.02282	59.663845	57.268864	57.799324	56.30794	53.151566	50.09469	46.347412	43.93773	40.267094	38.616566	35.72057	35.94234	34.14159	31.96408	32.75991	30.19973	29.872524	28.458311	30.290737	27.361217	25.574802	27.198105	29.977676	28.638672	30.816343	31.481106	33.51638	36.525574	39.77566	43.132328	45.64934	48.8329	52.465992	54.843098	57.088512	60.035255	60.346012	63.441303	60.203304	57.85743	54.27063	51.549995	50.087215	47.02806	44.2519	41.021774	38.166126	34.52481	33.445393	29.912003	30.41223	29.282347	28.778133	27.844414	29.803905	31.134666	34.663654	36.176704	39.672897	41.129185	43.89812	45.573265	47.00439	44.748463	42.628407	41.3472	40.14167	39.301514	36.755	36.28735	32.98439	32.565605	31.156862	27.796335	28.125916	29.239338	32.17894	35.52274	37.841328	38.090294	41.53785	43.68194	42.90929	39.21447	39.482018	41.429543	38.703163	35.365673	36.660625	35.488297	38.190315	37.60851	36.98638	34.069523	32.034103	33.548763	31.151426	28.062565	25.77991	26.874407	23.2553	23.014015	25.431154	24.12354	22.62423	18.95559	20.231434	22.661526	20.657091	20.12219	23.780264	25.045229	23.351967	25.103037	28.339207	28.06377	27.697361	30.786285	32.42755	31.783949	33.370747	36.38777	37.149338	37.65483	35.664318	35.145542	31.846819	30.715374	31.17109	28.493921	27.977612	28.662155	28.112556	31.54587	32.25544	33.294273	29.891169	30.996172	29.565496	32.454296	32.44079	33.387012	34.32395	34.715954	37.032837	36.099068	38.027798	37.645527	40.59328	41.55262	43.511395	47.26707	48.013275	45.073586	43.493446	39.89823	37.59054	38.193607	36.511242	35.634735	37.96267	36.412632	38.635406	36.835114	38.388943	37.59541	37.58885	38.10386	35.755302	38.473824	38.20172	34.41244	34.496117	37.607124	35.622124
H-389-B	88.13341	88.61512	87.93742	84.65038	83.39954	84.67574	82.82124	79.54188	80.0017	80.51047	77.39675	75.31591	76.84911	76.24484	72.604065	72.19964	73.80342	71.801636	68.74976	70.52769	69.37284	71.75253	73.730225	76.81028	76.70814	79.10185	80.7172	82.794334	81.612305	82.472885	80.6971	77.55249	77.49103	78.07861	75.285904	72.85011	73.54965	73.0974	69.72361	68.28102	69.64765	68.17886	64.86939	64.8725	66.04988	63.31483	60.510635	61.800697	61.918457	58.755283	56.398632	53.18937	53.819946	50.860455	53.246822	55.517258	52.764336	52.45663	49.368767	49.95173	51.1721	54.395847	53.01855	50.3754	51.477684	51.065006	48.933205	46.39642	46.35542	45.6279	42.797333	41.27567	41.761192	40.44286	37.24415	36.748142	37.50989	35.41892	38.77393	41.04	44.716465	45.85026	49.425713	50.273	53.68465	54.52126	54.37748	50.606228	50.858124	48.705048	51.049507	48.834293	45.208954	43.706364	41.728283	38.74445	38.26556	36.376522	33.61879	33.536476	33.8493	33.595226	37.149555	39.783573	42.971825	44.755272	42.561035	43.96687	47.501698	50.133377	47.772205	47.709396	45.209095	44.970615	43.089867	40.224693	40.505497	39.451164	42.631004	42.38886	43.057945	45.89871	48.970474	48.12499	47.568394	50.723804	52.494232	51.35242	52.53977	55.73846	56.94241	57.452663	60.59854	62.397034	65.57391	65.45697	68.56998	69.2778	69.35122	65.87009	62.748196	60.71772	57.45624	59.14123	60.00364	57.693333	58.45462	56.899704	53.64737	50.762695	47.040775	44.87816	41.296204	39.86484	37.024025	37.09778	35.396435	32.93723	33.63154	31.036947	30.50966	29.50078	31.716135	29.070988	27.245684	29.142752	31.73224	30.16571	32.156403	32.467274	34.520744	37.277866	40.423725	43.742336	46.051315	49.24501	52.946117	55.468323	57.586163	60.593937	60.848755	63.899376	61.050343	58.672993	55.011253	52.23879	50.52178	47.385773	44.414238	41.37322	38.388245	34.875412	33.895443	30.23483	30.258284	28.950083	27.960749	26.938568	29.135218	30.45063	33.813374	35.634315	38.988266	40.153706	42.839176	44.32183	45.89627	43.482086	41.111732	39.641663	38.14159	37.107456	34.35475	33.738316	30.353436	29.738798	28.44763	24.95585	25.486914	26.329683	29.338928	32.574574	35.04744	35.479385	39.03165	41.217503	40.71331	37.002346	37.190983	39.38485	36.844296	33.368076	34.48177	33.008465	35.503273	34.77648	33.927242	31.12914	29.15016	30.48922	27.93666	24.991755	22.922577	24.40398	20.959503	20.548464	23.319859	22.451365	21.45019	17.971983	19.859982	21.903582	19.4619	19.36498	23.131401	23.835993	21.980387	24.169361	27.211847	26.48294	26.294268	29.612513	30.8759	30.012753	31.915468	34.970554	35.41263	36.082672	34.323006	33.974754	30.73639	29.992943	30.450392	27.556604	26.872477	27.088295	26.391533	29.681965	30.13517	31.491804	28.29473	29.70476	28.40371	31.251926	31.457054	32.16715	33.16482	33.238945	35.49927	34.32156	36.112194	35.492336	38.238743	39.12722	40.870438	44.660927	45.364067	42.453312	41.061657	37.387432	35.106953	35.487106	33.893238	33.28394	35.709217	34.36031	36.772255	35.131077	36.975567	36.3282	36.694603	37.486534	35.441757	38.381622	37.958065	34.202396	34.690228	37.851265	35.793438
R-390-B	91.328926	91.89375	91.19975	87.874825	86.69272	88.01961	86.11964	82.840164	83.38458	83.900375	80.74042	78.714	80.31191	79.67404	76.017426	75.69218	77.31881	75.26633	72.2604	74.09902	72.96645	75.341896	77.268196	80.35276	80.21601	82.64135	84.21306	86.332344	85.14462	86.06451	84.30784	81.1328	81.09154	81.73368	78.9399	76.47914	77.215225	76.80175	73.40969	71.960655	73.37113	71.925156	68.59682	68.60914	69.82363	67.09391	64.2762	65.58167	65.724625	62.56012	60.21481	57.000248	57.621067	54.64436	57.009186	59.268867	56.493923	56.119976	53.01557	53.51941	54.64965	57.831642	56.343945	53.751064	54.851322	54.52632	52.314457	49.758175	49.844837	49.144047	46.227795	44.755802	45.363216	44.026974	40.779312	40.375744	41.20763	39.06237	42.3918	44.56134	48.22895	49.31739	52.870323	53.664543	57.048584	57.92282	57.654312	53.894314	54.07139	51.960823	54.30644	52.139328	48.536507	47.052948	44.948067	42.074055	41.598602	39.545994	36.8775	36.95374	37.160946	36.69892	40.197163	42.741295	46.039257	47.661926	45.471653	47.05454	50.59044	53.16143	50.80082	50.824497	48.450516	48.144463	46.122223	43.387985	43.75532	42.60663	45.692116	45.518295	46.350563	49.141136	52.23636	51.521393	51.000557	54.085735	55.930073	54.884487	56.028763	59.179153	60.4499	61.034744	64.17083	66.026924	69.20813	69.12381	72.25636	72.93729	73.054504	69.59135	66.438576	64.40146	61.159096	62.889187	63.75896	61.46725	62.191017	60.60651	57.38448	54.480537	50.762306	48.546646	44.934513	43.39595	40.475857	40.47324	38.606647	36.134663	36.62778	33.845936	33.059402	31.853256	34.05805	31.268154	29.779625	31.798084	34.606052	33.29375	35.480137	35.97105	38.11704	40.916294	44.11667	47.407063	49.76951	52.926052	56.61715	59.084816	61.16651	64.1192	64.290085	67.28851	64.43237	62.135433	58.48342	55.781807	54.086353	51.00571	48.05825	45.00135	42.076534	38.553963	37.641792	33.982563	34.011173	32.60053	31.569609	30.376453	32.460175	33.54558	36.83534	38.579517	41.85147	42.85874	45.664673	46.95474	48.38511	45.80111	43.40705	41.692005	40.06961	38.73805	35.828903	34.833622	31.279163	30.2571	28.572554	25.23796	26.270184	27.33453	30.6176	33.621098	36.357994	37.140884	40.763542	43.181915	42.8122	39.172703	39.571033	41.93868	39.39491	35.929947	37.13866	35.438187	37.713093	36.656956	35.730865	33.20154	31.046684	31.981625	29.128736	26.497938	24.329548	26.008451	22.683325	22.699635	25.683681	24.775953	24.089924	20.58077	22.293541	23.986597	21.251556	20.698925	24.449253	25.154259	22.81212	24.752094	27.983135	27.032568	26.355255	29.767008	31.155827	29.897758	31.580341	34.871193	35.49005	36.518433	35.033356	35.065823	32.056522	31.553114	32.41549	29.71876	29.378275	29.582537	29.160688	32.472805	32.980167	34.587357	31.473896	32.830643	31.33655	33.973118	33.953842	34.345432	35.009705	34.800865	36.741936	35.26209	36.714817	35.798504	38.485214	39.01395	40.637306	44.434124	44.827282	41.714127	40.482372	36.800426	34.84947	35.489155	34.265224	33.916187	36.63376	35.613007	38.2651	36.939255	38.971	38.63528	39.053482	40.06727	38.12224	40.9648	40.278015	36.51538	37.09481	40.075203	37.759495
Q-391-B	90.88117	91.44799	90.60057	87.295425	86.233246	87.471054	85.43819	82.244225	82.85929	83.22017	80.00096	78.11253	79.68571	78.87234	75.238495	75.0461	76.55775	74.35687	71.45445	73.323746	72.10319	74.369514	76.13611	79.286	79.18725	81.74245	83.332565	85.585045	84.52961	85.54909	83.69887	80.51757	80.65255	81.32266	78.42371	76.03326	76.94262	76.47175	73.00681	71.717804	73.23722	71.68559	68.37057	68.59386	69.81307	66.95914	64.24002	65.733795	65.80289	62.51918	60.18403	57.017605	57.86832	54.862545	57.080032	59.531178	56.922768	56.6439	53.429626	53.84694	55.138348	58.234344	56.731106	53.975513	54.818264	54.334423	51.956944	49.60441	49.80712	48.846565	45.871677	44.69227	45.284298	43.650795	40.493427	40.387005	41.023426	38.59533	41.74222	43.675724	47.256924	48.102936	51.55863	52.155796	55.447826	56.33965	55.846493	52.120598	52.226692	50.2562	52.688168	50.704533	47.19701	45.93248	43.78261	41.085354	40.365555	38.167892	35.769318	35.872932	35.725063	35.067272	38.42157	40.975372	44.37987	45.753006	43.442657	45.188255	48.76206	51.16984	48.738914	48.813503	46.62851	46.188747	43.98297	41.450726	41.93777	40.677547	43.63785	43.64447	44.67961	47.330837	50.49412	50.031796	49.509697	52.440895	54.45444	53.597054	54.61594	57.65873	59.09269	59.839077	62.936726	64.953964	68.15806	68.22252	71.44858	72.13644	72.44899	69.0191	65.79231	63.631798	60.508568	62.42921	63.21487	60.989246	61.50897	59.816986	56.732098	53.737507	50.04755	47.660618	43.973717	42.151794	39.05499	38.90037	36.77232	34.36165	34.6558	31.721539	30.81829	29.296057	31.349884	28.40292	27.198307	29.292864	32.321705	31.355585	33.83815	34.689106	37.05018	39.954662	43.319176	46.51764	49.094242	52.129967	55.760868	58.038715	60.086052	62.902515	62.957546	65.8965	62.868088	60.716335	57.112663	54.56483	53.014942	50.089516	47.302616	44.120094	41.41017	37.816074	37.102024	33.49489	33.781773	32.218388	31.538076	30.103672	31.806978	32.6369	35.99665	37.402782	40.717266	41.853313	44.839928	46.16382	47.345345	44.80465	42.65506	41.00112	39.65559	38.42025	35.71317	34.790485	31.306692	30.499075	28.610449	25.489925	26.281874	27.804033	31.064112	34.16696	36.749615	37.409218	40.91883	43.41333	42.750546	39.17355	39.840363	42.01347	39.21836	35.932888	37.489113	36.030724	38.470562	37.40993	36.860332	34.297688	31.881187	32.89967	30.200222	27.425306	24.841656	26.030674	22.518322	22.985102	25.646168	24.194696	23.222376	19.525995	20.634436	22.40689	19.915833	18.797403	22.444883	23.644163	21.32897	22.79992	26.246246	25.709234	24.7942	27.983345	29.765427	28.72565	30.065649	33.31673	34.282375	35.16633	33.48996	33.44606	30.450094	29.690632	30.729717	28.324928	28.348875	29.015034	28.978638	32.500313	33.43079	34.902992	31.607752	32.538475	30.704905	33.197754	32.804802	33.218555	33.653816	33.637558	35.52577	34.224564	35.764416	35.091873	38.02528	38.63308	40.55507	44.29727	44.77471	41.653614	40.136364	36.570267	34.55687	35.506386	34.17771	33.50227	36.153584	34.9774	37.492954	36.12155	37.937508	37.631153	37.731247	38.655758	36.5491	39.157093	38.40534	34.61994	34.98601	37.81727	35.41089
V-392-B	87.26988	87.887985	87.0452	83.713684	82.68631	83.971886	81.92466	78.71783	79.393105	79.788345	76.54088	74.67563	76.32287	75.52017	71.8633	71.72928	73.31017	71.099266	68.22348	70.18408	69.06789	71.408615	73.18454	76.27483	76.06721	78.597664	80.100136	82.36012	81.252174	82.33848	80.55391	77.32056	77.44375	78.21143	75.34362	72.882195	73.832924	73.464775	69.974884	68.64038	70.257645	68.79341	65.41844	65.656784	67.00433	64.188065	61.40533	62.98328	63.186333	59.899586	57.706676	54.457325	55.275944	52.15949	54.2507	56.705822	54.10142	53.701355	50.408848	50.667503	51.900433	54.91921	53.319637	50.564365	51.361217	50.949215	48.500587	46.135265	46.467842	45.53644	42.473396	41.350918	42.100735	40.461647	37.22918	37.266037	38.047108	35.567722	38.720303	40.56934	44.176884	45.13727	48.63451	49.379494	52.743	53.80841	53.353306	49.603382	49.544918	47.42059	49.707676	47.61192	44.066036	42.67263	40.40486	37.74944	37.184353	34.88268	32.430847	32.74469	32.734516	31.932095	35.34168	37.761814	41.178516	42.60935	40.458237	42.256367	45.75954	48.28899	46.01212	46.257473	44.08132	43.880417	41.626606	39.014515	39.711082	38.734203	41.842766	42.04058	42.852123	45.38899	48.665977	48.166447	47.39894	50.326004	52.42551	51.417004	52.27339	55.402294	56.933514	57.52935	60.52745	62.456512	65.56986	65.519485	68.698204	69.25135	69.56636	66.193306	62.90498	60.84158	57.691067	59.66246	60.593422	58.50449	59.10076	57.268707	54.192825	51.308395	47.672493	45.41847	41.777367	39.991955	36.844257	36.45143	34.298187	31.659	31.801716	28.815239	27.771318	26.533043	28.876366	26.194775	24.942053	27.30811	30.18578	29.116203	31.547432	32.251293	34.767483	37.482758	40.852184	43.94047	46.46248	49.417477	53.065685	55.35553	57.2634	60.05645	60.00646	62.8808	60.108105	57.998146	54.354042	51.84414	50.150524	47.25401	44.402718	41.313652	38.639404	35.12504	34.658436	30.988213	31.041162	29.218742	28.42216	26.76442	28.390099	29.09116	32.38245	33.83788	37.093807	38.1446	41.132286	42.40718	43.604332	41.046394	38.87222	37.231903	35.908936	34.74543	32.10637	31.330612	27.930609	27.368166	25.668821	22.49707	22.967613	24.502926	27.646708	30.86265	33.300117	33.82293	37.28846	39.751038	39.01562	35.442795	36.154102	38.28929	35.45973	32.204384	33.845695	32.447056	34.94324	33.92174	33.54267	30.937708	28.436632	29.574076	27.042328	24.120024	21.416393	22.41272	18.837776	19.35397	21.920158	20.408968	19.495266	15.833515	17.095911	18.761328	16.20625	15.329351	19.047892	20.091606	17.946344	19.679562	22.980623	22.469242	21.895493	25.090183	26.709156	25.901041	27.464228	30.554754	31.341164	32.025158	30.23265	30.037146	26.94846	26.209028	27.136063	24.633116	24.60955	25.237017	25.270132	28.818838	29.865877	31.382206	28.098112	28.94434	27.032495	29.464571	29.086224	29.473919	29.980576	29.988234	31.986523	30.785378	32.488647	31.97727	34.957397	35.804672	37.839016	41.571453	42.28774	39.326763	37.656147	34.10373	31.834417	32.64208	31.068483	30.212954	32.720127	31.4011	33.840073	32.39033	34.196625	33.870934	34.038406	35.029434	33.027607	35.723133	34.929005	31.15603	31.698055	34.58151	32.193287
L-393-B	88.27153	89.01582	88.26734	84.86553	83.85542	85.2923	83.28163	80.009415	80.76974	81.30679	78.0357	76.15125	77.93767	77.23244	73.53196	73.43128	75.16648	73.00362	70.12811	72.19438	71.24232	73.705795	75.54392	78.54417	78.193756	80.64409	82.02032	84.23405	82.98971	84.11756	82.469505	79.17399	79.18567	80.06275	77.29406	74.70759	75.603966	75.393166	71.921326	70.43499	72.09136	70.79116	67.347046	67.45603	68.93171	66.23878	63.32847	64.848694	65.22737	62.02385	59.939266	56.593327	57.214027	54.023167	56.10537	58.41241	55.67059	55.045193	51.760483	51.88315	52.859226	55.83537	54.060127	51.482113	52.430595	52.28258	49.82661	47.28678	47.761906	47.076294	43.914726	42.668427	43.66826	42.23675	38.845512	38.851494	39.952126	37.608154	40.862343	42.722507	46.386154	47.555027	51.113544	52.047253	55.48481	56.693714	56.298244	52.534065	52.335815	50.0579	52.1702	49.921783	46.321106	44.700832	42.263752	39.637558	39.37565	36.961533	34.380466	34.979065	35.228336	34.272907	37.734184	39.935394	43.368122	44.843674	42.91481	44.801544	48.20521	50.860004	48.755543	49.170116	47.005547	46.99436	44.709526	42.049103	42.879585	42.07874	45.262436	45.523792	46.204857	48.705723	52.02267	51.452194	50.55887	53.51239	55.61946	54.47411	55.262184	58.468872	60.016613	60.468494	63.407764	65.21623	68.24773	68.04395	71.13779	71.55956	71.78368	68.45182	65.144646	63.235962	60.00652	61.921017	63.022224	61.005627	61.761806	59.87986	56.748837	53.992462	50.384804	48.297462	44.721138	43.066303	39.95066	39.441257	37.316383	34.495457	34.48204	31.424288	30.118832	29.124044	31.715841	29.213043	28.09281	30.650293	33.45532	32.329338	34.676006	35.187195	37.71774	40.25941	43.55174	46.59413	48.968166	51.90922	55.59343	57.966522	59.75801	62.567314	62.437534	65.24478	62.77866	60.68486	56.999096	54.486412	52.614315	49.69165	46.711926	43.7771	41.038723	37.638462	37.255585	33.520023	33.223934	31.25588	30.064491	28.285946	30.0338	30.599867	33.671722	35.33232	38.392857	39.098373	42.059753	43.051903	44.28294	41.504055	39.110065	37.164192	35.510857	33.990284	31.076712	29.917322	26.336712	25.318024	23.449835	20.260372	21.276894	22.726011	26.11445	29.068682	31.811337	32.724644	36.312912	38.951324	38.53633	35.014267	35.785995	38.227386	35.576107	32.233704	33.764034	31.976173	34.138325	32.782207	32.170288	29.859558	27.296871	28.001186	25.14268	22.576387	19.996067	21.475534	18.198402	18.86213	21.849995	20.747004	20.513079	17.131725	18.798613	19.847633	16.763435	16.047869	19.741325	20.207504	17.597988	19.575312	22.758703	21.64757	20.91915	24.385973	25.705318	24.418093	26.144728	29.418062	30.010227	31.081736	29.695711	29.908531	27.055128	26.842287	28.005247	25.46494	25.495995	25.682945	25.752867	29.140602	29.988264	31.908138	28.885935	29.95319	28.07444	30.31728	30.00683	29.988167	30.339172	29.875275	31.60078	29.982536	31.328337	30.401297	33.15588	33.70824	35.477436	39.251682	39.74129	36.67487	35.265026	31.626179	29.584305	30.361198	29.108358	28.671516	31.45733	30.544498	33.29993	32.206024	34.37801	34.37492	34.901398	36.250393	34.584484	37.386795	36.328075	32.62343	33.55261	36.34739	33.783024
Q-394-B	90.74183	91.52175	90.65784	87.25832	86.36289	87.754	85.631775	82.42559	83.26675	83.692535	80.36541	78.603195	80.38876	79.542946	75.85944	75.87974	77.53049	75.24325	72.461205	74.55736	73.53418	75.90137	77.59881	80.65649	80.337975	82.89764	84.280975	86.60533	85.46156	86.67344	84.95823	81.65695	81.80241	82.70416	79.858536	77.32559	78.34819	78.09468	74.57292	73.20363	74.93099	73.5513	70.12384	70.375206	71.839935	69.059204	66.22585	67.856636	68.16466	64.88398	62.776363	59.48257	60.257725	57.07077	59.076954	61.502613	58.8614	58.300198	54.959896	55.029217	56.083202	58.99528	57.18317	54.526215	55.307713	55.077904	52.492527	50.093216	50.67535	49.82106	46.60966	45.5753	46.577232	44.942917	41.620293	41.828094	42.78771	40.251392	43.36085	45.03148	48.61526	49.56582	53.028076	53.76371	57.10039	58.30022	57.677727	53.956432	53.70574	51.586525	53.78526	51.72026	48.21652	46.7925	44.29584	41.849083	41.38415	38.82251	36.500828	37.139687	37.060337	35.903847	39.20352	41.381145	44.93002	46.123543	44.087154	46.16585	49.599773	52.073326	49.894653	50.354523	48.39157	48.201897	45.73418	43.308247	44.215607	43.232414	46.24036	46.615562	47.56147	49.962788	53.304478	52.97838	52.160164	54.96972	57.205086	56.270847	56.989292	60.073826	61.74161	62.37419	65.30208	67.267265	70.33439	70.27488	73.45027	73.89362	74.27204	70.96131	67.6062	65.58981	62.46038	64.51097	65.52322	63.52785	64.11056	62.17767	59.15406	56.30372	52.707043	50.450935	46.80503	44.907257	41.65722	41.067047	38.697784	35.977337	35.756706	32.52469	31.031744	29.652008	32.054585	29.334393	28.62806	31.229244	34.308125	33.574318	36.212894	37.080673	39.748566	42.42055	45.83866	48.829376	51.38122	54.239544	57.86905	60.080833	61.860603	64.54982	64.320244	67.0684	64.42766	62.470165	58.83783	56.46199	54.73661	51.945084	49.10681	46.06308	43.493187	40.02821	39.73959	36.06265	36.00298	33.97228	33.03411	31.098698	32.54723	32.85655	35.93549	37.293865	40.33545	41.062565	44.2012	45.118076	46.078854	43.25347	41.045444	39.015064	37.50432	35.879124	33.042145	31.689066	28.094542	26.944765	24.643684	21.82657	23.027384	24.931105	28.419168	31.232555	34.0123	35.059296	38.57692	41.386433	40.855724	37.448566	38.50681	40.891167	38.088768	34.903015	36.689552	34.96011	37.089954	35.56296	35.139214	32.981678	30.20724	30.715569	27.812342	25.406668	22.568922	23.796165	20.549675	21.731966	24.539585	23.054491	22.752401	19.282875	20.335938	21.251518	18.282383	16.78911	20.276398	21.160591	18.264713	19.564472	23.038406	22.119934	20.764809	24.07234	25.825996	24.393206	25.603659	29.03034	30.064259	31.3076	29.999308	30.44298	27.805513	27.550823	29.113647	26.966	27.469776	27.99725	28.460936	31.959564	33.08629	34.998142	31.909431	32.673805	30.503738	32.530514	31.828419	31.653046	31.61392	31.121521	32.55928	30.877403	32.014236	31.052258	33.92304	34.233326	36.116222	39.825428	40.11379	36.885895	35.40392	31.878544	30.097023	31.325138	30.310968	29.836334	32.7583	31.977903	34.764896	33.857647	35.960293	36.16461	36.467545	37.852882	36.114704	38.654938	37.411114	33.711525	34.495735	37.04307	34.267033
T-395-B	88.378555	89.16747	88.183975	84.80071	84.0093	85.33772	83.111206	79.97554	80.88608	81.19815	77.82365	76.180504	77.964516	76.98661	73.32242	73.46575	75.04553	72.64535	69.96093	72.108116	71.05918	73.36453	74.938835	78.015305	77.68523	80.32966	81.69307	84.11824	83.0623	84.37225	82.61044	79.29345	79.573204	80.52915	77.61931	75.12275	76.294685	76.03401	72.45577	71.20077	73.04546	71.619606	68.19138	68.615425	70.12768	67.273544	64.50442	66.311104	66.612274	63.250088	61.21852	57.944443	58.88371	55.646877	57.47579	60.04406	57.551743	57.027596	53.588352	53.532738	54.69825	57.500595	55.660175	52.877598	53.42526	53.086258	50.35711	48.137005	48.851715	47.80016	44.53324	43.76729	44.803875	42.940643	39.69368	40.19478	41.04371	38.28785	41.221573	42.65313	46.151554	46.95266	50.335316	50.978508	54.25908	55.54527	54.77167	51.083885	50.703575	48.63422	50.8249	48.866104	45.442116	44.148766	41.586235	39.319748	38.726044	36.02372	33.926792	34.67452	34.36954	32.994263	36.167694	38.274185	41.891056	42.903347	40.853836	43.074173	46.486713	48.874996	46.722595	47.300087	45.50078	45.32325	42.70552	40.41861	41.515663	40.595234	43.554996	44.161236	45.142517	47.363266	50.7902	50.638897	49.7074	52.38035	54.772255	53.914722	54.45805	57.485073	59.31377	59.99635	62.837086	64.87764	67.911095	67.91647	71.1332	71.52531	72.055016	68.804016	65.378624	63.314144	60.279457	62.490437	63.49346	61.616302	62.072582	60.00483	57.105976	54.25002	50.721928	48.4107	44.758224	42.677578	39.299473	38.48131	35.916542	33.16385	32.702805	29.349632	27.690798	26.196323	28.60452	25.925278	25.466934	28.248493	31.387314	30.896152	33.709	34.778503	37.65322	40.288494	43.80261	46.647545	49.32273	52.033287	55.60268	57.661667	59.3467	61.909897	61.548244	64.215	61.559387	59.73845	56.141438	53.91288	52.247486	49.606678	46.88669	43.808685	41.447	37.99854	37.977905	34.36346	34.403973	32.17414	31.48516	29.298254	30.373228	30.407875	33.481537	34.559834	37.591755	38.399834	41.666138	42.605404	43.366955	40.602768	38.61456	36.685127	35.4588	34.004436	31.426842	30.276768	26.850784	26.096699	23.796806	21.181562	21.895014	24.1635	27.479448	30.434261	32.93985	33.75177	37.11107	39.917698	39.08327	35.747993	37.021725	39.179768	36.16788	33.181515	35.273293	33.82328	36.12565	34.678383	34.658905	32.43623	29.472595	30.160463	27.552969	24.952095	21.774578	22.411734	19.027206	20.583715	22.966953	20.990755	20.457727	16.953974	17.458889	18.333218	15.635531	13.666091	17.032074	18.343458	15.611359	16.534296	20.148005	19.706491	18.339056	21.396517	23.457941	22.438206	23.442974	26.702452	27.961561	28.901815	27.308872	27.55585	24.871033	24.36131	26.014072	24.110325	24.91817	25.843102	26.658894	30.293629	31.80935	33.574276	30.375729	30.734821	28.278982	30.13349	29.121445	28.973932	28.778526	28.508507	29.977104	28.561588	29.906952	29.311823	32.434837	32.99897	35.222385	38.855644	39.39266	36.293816	34.454468	31.068647	29.053028	30.44197	29.155167	28.246447	30.970226	29.933268	32.507412	31.488752	33.354767	33.546173	33.58641	34.899464	33.075287	35.43792	34.13498	30.44119	31.115358	33.547745	30.717554
R-396-B	84.927536	85.76814	84.743515	81.34527	80.628944	81.9759	79.6974	76.582054	77.57509	77.8731	74.45842	72.88763	74.73548	73.71558	70.04492	70.291016	71.90068	69.45011	66.83562	69.078995	68.11258	70.45079	71.97916	75.0063	74.57852	77.23121	78.507935	80.97604	79.91042	81.314735	79.59485	76.23296	76.55422	77.613495	74.71207	72.174255	73.43664	73.261894	69.650345	68.40389	70.37148	69.00654	65.53864	66.03948	67.67224	64.83253	62.045532	63.98083	64.38892	61.008636	59.131588	55.81486	56.78378	53.455765	55.10085	57.712257	55.29176	54.67989	51.156906	50.91245	52.057533	54.73278	52.79767	49.98415	50.394604	50.084335	47.23994	45.09267	45.984837	44.8876	41.532894	40.941113	42.13408	40.185696	36.929737	37.684315	38.610104	35.744484	38.57525	39.809704	43.269073	44.099365	47.46423	48.19052	51.492363	52.957706	52.151855	48.47546	47.896843	45.726902	47.77612	45.775112	42.37056	41.02628	38.328896	36.209885	35.707283	32.848366	30.836994	31.842083	31.55321	29.931435	33.06151	34.98247	38.63333	39.59646	37.70036	40.03671	43.358383	45.804104	43.81024	44.591454	42.888256	42.917812	40.20473	37.935253	39.2886	38.634495	41.665714	42.517254	43.330887	45.367363	48.898777	48.791763	47.62424	50.219994	52.733383	51.79158	52.12741	55.18572	57.151104	57.7301	60.443012	62.43474	65.369896	65.30652	68.49052	68.74835	69.33851	66.16864	62.675148	60.680763	57.67358	59.98172	61.097473	59.386475	59.85341	57.627407	54.80003	52.047565	48.613422	46.4034	42.814568	40.70451	37.262547	36.151295	33.49556	30.557308	29.828655	26.383463	24.479658	23.204325	25.87266	23.493315	23.161615	26.23388	29.232784	28.789173	31.605732	32.635014	35.693615	38.12777	41.652786	44.320923	46.98298	49.546997	53.08644	55.082085	56.602657	59.08317	58.575375	61.142788	58.708008	56.98808	53.38589	51.263653	49.509827	46.97408	44.2673	41.278698	39.060287	35.72502	36.027348	32.440773	32.326405	29.817236	29.141823	26.661243	27.45294	27.193949	30.150373	31.123844	34.061325	34.795097	38.123283	38.994972	39.660534	36.888577	34.978294	33.075146	31.988152	30.640854	28.241158	27.275444	24.01358	23.634956	21.484667	18.99713	19.214514	21.69728	24.813335	27.86899	30.126635	30.748451	33.98167	36.776012	35.760727	32.492554	33.93105	35.962257	32.84327	30.006147	32.313	31.025917	33.39877	31.988647	32.29505	30.074448	26.962841	27.766573	25.446135	22.725004	19.315895	19.46834	16.058613	17.954803	19.992178	17.72064	17.231478	13.881878	14.139319	14.696478	12.038491	9.870274	13.222864	14.600282	12.021927	12.960989	16.544786	16.350067	15.267722	18.214733	20.27554	19.656788	20.76616	23.797144	24.997156	25.636023	23.82468	23.88158	21.115982	20.551868	22.223999	20.403452	21.404064	22.481392	23.595951	27.266558	29.06052	30.813042	27.640032	27.716125	25.048159	26.690556	25.502512	25.274097	25.003267	24.811928	26.347427	25.113617	26.67161	26.372795	29.642057	30.507572	32.96401	36.5403	37.371822	34.472893	32.36485	29.072176	26.755585	28.103556	26.512161	25.26024	27.779945	26.534006	28.962803	27.871372	29.642138	29.864738	29.856592	31.236572	29.503944	31.841938	30.429132	26.763075	27.580849	29.96996	27.095892
E-397-B	84.56227	85.26094	84.142815	80.825	80.08094	81.262886	78.95417	75.9098	76.80037	76.94756	73.56651	72.01003	73.69853	72.57845	68.95982	69.15898	70.59584	68.09942	65.48134	67.59762	66.44382	68.64063	70.10118	73.2313	72.97041	75.709145	77.131386	79.643654	78.72736	80.07506	78.20516	74.91845	75.35499	76.28415	73.27827	70.88278	72.19196	71.839424	68.21675	67.13467	69.04385	67.49898	64.115295	64.745415	66.22564	63.258003	60.61533	62.594086	62.803562	59.343933	57.340702	54.141163	55.315372	52.086178	53.75344	56.509586	54.232784	53.867577	50.359238	50.280067	51.69067	54.418274	52.685616	49.701725	49.96831	49.37366	46.558437	44.60023	45.31686	43.962917	40.736958	40.26694	41.17063	39.01023	35.9472	36.71335	37.28049	34.283974	36.98734	38.20794	41.593113	42.17305	45.45975	45.953995	49.16293	50.452812	49.566193	45.90722	45.496883	43.52089	45.78552	43.973736	40.639988	39.570866	37.080906	34.93366	34.067665	31.346092	29.507172	30.168674	29.548344	28.099483	31.150198	33.339436	36.974625	37.868435	35.689415	37.93202	41.37892	43.663155	41.45038	42.027534	40.322517	40.106163	37.410145	35.219364	36.4188	35.533016	38.45709	39.24391	40.239605	42.312683	45.79675	45.789234	44.781826	47.33865	49.845497	49.077366	49.49745	52.456913	54.40111	55.15708	57.942005	60.07615	63.108547	63.224274	66.50286	66.917076	67.60199	64.38391	60.921574	58.75218	55.836372	58.19653	59.113277	57.312874	57.598846	55.442368	52.678867	49.78044	46.317993	43.914364	40.256073	37.985886	34.503105	33.52474	30.808916	28.101704	27.538425	24.152346	22.554663	20.888565	23.220388	20.540262	20.123034	23.002556	26.155966	25.848682	28.809988	30.106834	33.14966	35.786846	39.393738	42.11053	44.93916	47.518494	51.01099	52.90949	54.5699	57.032177	56.62207	59.2694	56.466064	54.727234	51.176857	49.059135	47.521057	45.018032	42.466644	39.30399	37.167267	33.711582	33.914196	30.429312	30.71801	28.399168	28.170048	25.861425	26.512074	26.415005	29.609129	30.33638	33.492245	34.625404	37.96016	39.150253	39.78587	37.279408	35.616634	34.066486	33.325134	32.363766	30.24752	29.672121	26.615139	26.620169	24.695793	22.19433	21.985643	24.381027	27.24075	30.501421	32.48213	32.730335	35.833473	38.413525	37.109745	33.801136	35.121502	36.83844	33.576565	30.833809	33.19112	32.28467	34.960045	33.90076	34.346817	31.848469	28.88026	30.086372	28.036303	25.03021	21.65816	21.466394	17.854177	19.430208	21.053493	18.447899	17.178444	13.578728	13.223207	14.597518	12.750852	10.45923	13.6687355	15.779528	13.920485	14.495277	18.068312	18.565079	17.701756	20.221775	22.54701	22.414156	23.31915	26.096424	27.473515	27.714409	25.506508	25.100958	22.113476	20.901928	22.260878	20.520962	21.435724	22.991861	24.006735	27.790436	29.723185	31.041983	27.627792	27.493174	24.834099	26.688807	25.444578	25.704697	25.629778	25.986683	27.809647	27.043962	28.940868	29.037457	32.445362	33.553066	36.177753	39.693016	40.68963	37.888897	35.621143	32.425846	29.970285	31.288147	29.451792	27.876171	30.089373	28.458546	30.526701	29.058277	30.408266	30.253878	29.831709	30.774343	28.638258	30.82484	29.736708	25.999605	26.307018	28.788029	26.127394
K-398-B	82.52773	83.09319	82.0119	78.74669	77.877495	78.98305	76.75206	73.69524	74.438034	74.57733	71.26825	69.60716	71.181076	70.11555	66.51397	66.565605	67.95422	65.53552	62.82151	64.81734	63.58467	65.768845	67.31422	70.47478	70.31051	73.01603	74.54329	76.989044	76.0894	77.31871	75.39572	72.16573	72.56509	73.37454	70.35587	68.01402	69.24341	68.79428	65.20237	64.134415	65.93653	64.32358	60.981506	61.580235	62.955536	59.962692	57.353874	59.268776	59.38824	55.928326	53.83911	50.673477	51.871925	48.707005	50.46726	53.236515	50.974827	50.743404	47.286842	47.3827	48.93185	51.760548	50.21031	47.161568	47.46908	46.730484	44.048256	42.099594	42.585728	41.18156	38.088852	37.51783	38.19506	36.04197	33.051407	33.647938	34.05655	31.110956	33.870693	35.275223	38.700493	39.30002	42.636868	43.145554	46.393623	47.553886	46.827805	43.126595	42.907074	40.918682	43.276604	41.42329	38.03302	36.980236	34.70095	32.338963	31.37871	28.902405	26.919586	27.260235	26.701572	25.60429	28.788727	31.232075	34.74908	35.883636	33.586742	35.559452	39.08816	41.436607	39.118572	39.482807	37.557594	37.319767	34.822575	32.43419	33.422485	32.521183	35.555847	36.16033	37.045067	39.270172	42.701324	42.525867	41.57701	44.262157	46.64118	45.803036	46.36804	49.38003	51.19155	51.91779	54.783844	56.886703	59.97211	60.091377	63.37511	63.892624	64.50591	61.221687	57.81998	55.60909	52.65945	54.938354	55.784485	53.88462	54.192917	52.135456	49.307487	46.367867	42.852493	40.439922	36.76734	34.59251	31.186546	30.404596	27.880907	25.23753	25.049093	21.890312	20.768707	19.23965	21.507236	18.836475	17.800573	20.451744	23.442942	22.79074	25.585981	26.74501	29.66361	32.368587	35.948147	38.7773	41.584923	44.272263	47.796886	49.78358	51.574318	54.147823	53.91113	56.685055	53.756187	51.862385	48.28846	46.029175	44.51284	41.89371	39.31458	36.096344	33.843704	30.32013	30.347883	26.854258	27.263355	25.13571	25.051617	23.00338	23.822483	24.112722	27.514408	28.353481	31.711952	33.128677	36.307713	37.80552	38.67414	36.39742	34.7355	33.50931	32.880066	32.27341	30.286564	30.12838	27.223545	27.571936	26.107553	23.342701	22.728647	24.724443	27.312899	30.806776	32.563232	32.446503	35.51128	37.797348	36.389236	32.95489	33.94784	35.480457	32.240875	29.43058	31.613499	30.954023	33.87859	33.214634	33.625237	30.81817	28.12568	29.77003	27.97148	24.665907	21.519203	21.24255	17.47528	18.414404	19.818478	17.265676	15.411313	11.639905	11.4455595	13.680244	12.325577	10.864739	14.151644	16.24205	15.101129	16.138653	19.370111	20.048607	19.834282	22.277168	24.33746	24.550842	25.771938	28.301943	29.396774	29.29051	26.811232	25.93059	22.619028	21.043726	21.762558	19.668943	20.034113	21.643345	22.23164	26.020498	27.83883	28.818129	25.253775	25.208569	22.810057	25.051014	24.144138	24.921839	25.366467	26.11638	28.38295	27.959194	30.224865	30.565653	33.947395	35.369514	37.987118	41.518063	42.746243	40.11056	37.828495	34.594025	31.883726	32.841965	30.691046	28.9625	30.87655	28.897636	30.703138	28.817734	29.942837	29.325659	28.821009	29.40649	27.03191	29.383667	28.730234	24.935667	25.013897	27.83045	25.564163
I-399-B	84.672134	85.11151	84.08437	80.87138	79.867775	80.90461	78.76597	75.69491	76.27601	76.41556	73.192474	71.414276	72.854355	71.85463	68.28241	68.15612	69.47621	67.15215	64.33043	66.154755	64.793	66.92114	68.54633	71.767235	71.759796	74.43716	76.10769	78.47366	77.60377	78.67358	76.67745	73.53447	73.880165	74.5158	71.48411	69.22696	70.32509	69.73054	66.19853	65.14347	66.75799	65.04189	61.778584	62.29019	63.47457	60.455368	57.901928	59.648907	59.59771	56.16285	53.86775	50.785778	51.975895	48.959938	50.951744	53.68099	51.373188	51.31813	47.990273	48.37604	50.023293	53.019577	51.671204	48.626347	49.081615	48.2345	45.751133	43.75466	43.938343	42.55496	39.64796	38.85863	39.243973	37.194824	34.289024	34.5269	34.752506	31.98122	34.841457	36.531982	39.979046	40.54182	43.88872	44.303074	47.51921	48.40886	47.800068	44.093857	44.18935	42.325794	44.86461	43.057793	39.655262	38.683083	36.674454	34.087044	32.991566	30.83908	28.735714	28.634233	28.092905	27.458254	30.687366	33.406685	36.786335	38.06891	35.580647	37.276283	40.90383	43.19626	40.676376	40.708683	38.589096	38.10832	35.844925	33.370556	33.94597	32.73652	35.71402	35.936092	36.95133	39.44687	42.708454	42.4009	41.75657	44.572567	46.738064	45.968212	46.832767	49.81539	51.401554	52.228397	55.261257	57.397522	60.604763	60.806923	64.119835	64.834526	65.3537	61.962234	58.676987	56.37249	53.397087	55.52601	56.20261	54.080505	54.376	52.54989	49.631878	46.56843	42.944313	40.421448	36.694786	34.61461	31.3577	31.029593	28.747189	26.40706	26.707531	23.838224	23.218136	21.56346	23.450277	20.52772	19.094273	21.18661	24.189232	23.320139	25.968304	27.091017	29.684536	32.632584	36.152046	39.21104	42.008053	44.8889	48.435726	50.516827	52.54261	55.24282	55.24989	58.177902	54.95741	52.89028	49.33452	46.9074	45.516876	42.75011	40.172604	36.853626	34.413383	30.766895	30.33003	26.85009	27.516623	25.848545	25.837996	24.284582	25.473131	26.243675	29.795801	30.778748	34.276985	35.877167	38.902103	40.59556	41.65248	39.494965	37.76885	36.657585	35.949383	35.3921	33.29865	33.149227	30.149817	30.335339	28.918886	25.924805	25.53635	27.230515	29.888277	33.409946	35.28314	35.172474	38.332214	40.498196	39.204487	35.661797	36.357174	37.91511	34.80093	31.838055	33.727074	33.034496	36.002415	35.490444	35.599854	32.646618	30.21704	31.95709	30.027151	26.684622	23.817255	23.922653	20.12482	20.542698	22.182104	19.977272	17.969854	14.164165	14.368801	16.978525	15.641434	14.541036	17.881624	19.840694	18.651075	19.847607	23.089836	23.595617	23.338444	25.921057	27.927708	27.947498	29.2265	31.885689	32.93796	32.94526	30.527746	29.64831	26.28998	24.680737	25.18306	22.9113	22.893902	24.328922	24.449194	28.156023	29.635021	30.454031	26.834583	27.12101	25.094973	27.668476	27.082813	28.111614	28.80771	29.61004	31.978403	31.513262	33.755585	33.953552	37.2431	38.571156	41.029465	44.63357	45.74386	43.01253	40.907593	37.561573	34.945137	35.799126	33.73721	32.204933	34.1875	32.241917	34.08278	32.104294	33.232502	32.41116	31.929083	32.30379	29.775213	32.18856	31.827322	28.032656	27.887796	30.838547	28.79484
T-400-B	83.70732	83.98378	82.95619	79.82901	78.71602	79.62324	77.54677	74.50609	74.921486	74.99574	71.8616	70.009315	71.2814	70.29367	66.775894	66.50319	67.7036	65.44113	62.54984	64.20182	62.694366	64.73634	66.39921	69.67902	69.830925	72.50423	74.320755	76.63738	75.84634	76.78402	74.687035	71.639366	71.99617	72.46679	69.39372	67.25511	68.29123	67.535614	64.04592	63.07576	64.5529	62.704582	59.534855	60.06127	61.06942	57.987694	55.54273	57.224457	56.99407	53.54583	51.107136	48.13448	49.424206	46.546158	48.64295	51.418385	49.191444	49.36913	46.134956	46.76028	48.6152	51.702236	50.603912	47.476757	47.920242	46.849773	44.53057	42.634636	42.533825	41.029377	38.34392	37.508595	37.55078	35.466606	32.76553	32.810364	32.71685	30.012774	32.82571	34.676136	38.0727	38.527775	41.83978	42.143753	45.312115	45.97375	45.476303	41.778976	42.145966	40.399998	43.09923	41.371216	38.00227	37.186726	35.496452	32.756447	31.436558	29.634996	27.537027	26.959675	26.335869	26.160604	29.367352	32.363167	35.55838	36.983826	34.311028	35.691654	39.390816	41.621586	38.93258	38.65917	36.36284	35.71384	33.690784	31.121305	31.359125	29.97466	32.942287	32.896873	33.927803	36.599594	39.736397	39.31573	38.859142	41.762863	43.769615	43.04164	44.107746	47.06141	48.486046	49.38236	52.521862	54.691254	57.98483	58.278435	61.624477	62.507893	62.99741	59.53634	56.34463	53.933235	50.985786	53.038036	53.543747	51.279976	51.509285	49.839596	46.902092	43.738804	40.065067	37.44242	33.69142	31.654753	28.517136	28.52703	26.47472	24.42831	25.197601	22.698744	22.681408	21.025362	22.550587	19.600922	17.627298	19.168482	22.000675	20.874117	23.340244	24.44506	26.795542	29.914232	33.391983	36.57744	39.403603	42.385128	45.910957	48.017925	50.22726	53.004265	53.218178	56.27454	52.78551	50.582096	47.06109	44.520763	43.275425	40.436405	37.935863	34.519905	32.023018	28.299603	27.568228	24.19806	25.2155	23.948782	24.278313	23.165297	24.445383	25.62092	29.315155	30.272308	33.92308	35.849575	38.697113	40.70451	41.905697	40.03344	38.415623	37.65124	37.12816	36.913353	35.00721	35.206364	32.38758	32.8462	31.736504	28.647867	27.967676	29.387814	31.77533	35.425995	37.07038	36.63673	39.691624	41.570595	40.146275	36.562298	36.971798	38.277527	35.201332	32.278996	33.99467	33.606304	36.77895	36.65081	36.75574	33.564903	31.431007	33.525024	31.850883	28.332764	25.705204	25.687794	21.903488	21.81684	23.13738	21.013374	18.512997	14.886145	15.019748	18.182377	17.43839	16.785204	19.902424	21.933779	21.268152	22.537922	25.549513	26.288818	26.36295	28.78525	30.71316	31.007797	32.373024	34.84035	35.79489	35.527122	32.895634	31.659414	28.142529	26.201616	26.21803	23.846	23.427725	24.971956	24.723316	28.324278	29.687563	30.066021	26.352922	26.662622	24.956059	27.812666	27.4833	28.98682	30.04994	31.223223	33.876823	33.731037	36.2293	36.65284	39.939644	41.486565	43.971806	47.556046	48.829464	46.21622	44.070015	40.737194	37.969128	38.62549	36.35459	34.67856	36.39838	34.184547	35.745842	33.44484	34.284565	33.057865	32.396427	32.353794	29.56896	31.974937	32.06194	28.317877	27.81347	30.941418	29.308876
T-401-B	85.3597	85.54054	84.6265	81.53285	80.265	81.161705	79.22022	76.13283	76.39384	76.54268	73.50644	71.50413	72.68655	71.83581	68.33599	67.86679	69.070786	66.9584	63.943054	65.44799	63.893787	65.94457	67.74505	71.02672	71.27468	73.855	75.76472	77.951385	77.11904	77.88698	75.78466	72.81134	73.040855	73.3658	70.34084	68.236115	69.0862	68.249626	64.84946	63.81276	65.090256	63.21882	60.110992	60.46612	61.321884	58.288406	55.844555	57.299534	56.97177	53.61134	51.0128	48.091843	49.25722	46.521442	48.865017	51.507427	49.17295	49.446175	46.375023	47.263557	49.11526	52.359463	51.426037	48.384686	49.05599	47.98495	45.902283	43.880127	43.500324	42.14705	39.641846	38.505642	38.336533	36.497097	33.832405	33.455593	33.322884	30.930967	33.892216	36.06697	39.499535	40.061527	43.410397	43.75679	46.93157	47.381462	47.103115	43.41219	44.04239	42.317505	45.072376	43.285316	39.87949	39.00255	37.533344	34.565594	33.307533	31.823368	29.513475	28.634296	28.250017	28.496159	31.772486	34.8995	37.916763	39.56789	36.86832	37.959282	41.66794	43.93656	41.1757	40.646507	38.124958	37.391045	35.6741	32.95735	32.817566	31.29787	34.254734	33.79997	34.788013	37.722843	40.65505	39.9812	39.76433	42.83434	44.561787	43.78027	45.1398	48.113655	49.264545	50.140213	53.411865	55.50757	58.8676	59.14294	62.450737	63.47643	63.793182	60.243687	57.188744	54.78016	51.762104	53.592228	54.00973	51.547497	51.875095	50.448975	47.381355	44.188484	40.43625	37.844383	34.12821	32.36382	29.500378	29.950596	28.280008	26.4467	27.642561	25.462755	25.780306	24.284534	25.671946	22.762714	20.476723	21.554861	24.139175	22.659163	24.738804	25.547981	27.460482	30.65937	33.952427	37.34064	40.015095	43.192455	46.747612	49.01904	51.41128	54.342964	54.797153	57.98388	54.39427	51.995266	48.480797	45.746384	44.520435	41.50445	38.9339	35.54276	32.80466	29.07229	27.863478	24.521395	25.581284	24.78083	24.96886	24.363989	26.088537	27.698624	31.414436	32.640038	36.32998	38.291492	40.93992	43.050064	44.492176	42.673424	40.897243	40.172615	39.473316	39.247135	37.190144	37.370907	34.467545	34.760525	33.762886	30.46011	29.981287	31.05331	33.476257	37.10985	38.873547	38.48151	41.638348	43.399662	42.172874	38.49532	38.590313	39.9897	37.117493	34.023987	35.383984	34.88168	38.01314	38.00483	37.770138	34.49338	32.655342	34.792118	33.006233	29.518755	27.229853	27.614994	23.890478	23.328918	24.912971	23.243137	20.846615	17.331282	18.016272	21.215336	20.273052	19.984758	23.254114	24.987963	24.219566	25.787798	28.767757	29.2206	29.35074	31.982407	33.732513	33.821617	35.36936	37.95287	38.744583	38.609215	36.090496	34.903812	31.34698	29.535318	29.386637	26.774052	25.981173	27.180296	26.471094	29.898544	30.837477	31.153982	27.517246	28.2575	26.975477	30.085184	30.134409	31.748062	33.051254	34.145817	36.88005	36.618782	39.072933	39.312893	42.45996	43.93124	46.21432	49.871166	51.052395	48.386562	46.44689	42.994385	40.288784	40.76128	38.568386	37.12631	38.917946	36.783485	38.433887	36.100296	37.05209	35.70029	35.220684	35.112865	32.34821	34.90636	35.183704	31.467062	30.9807	34.237198	32.76469
N-402-B	86.54504	86.56686	85.633415	82.637184	81.28322	82.03431	80.141846	77.110405	77.21297	77.269615	74.32788	72.28099	73.27686	72.41224	68.992	68.39092	69.43643	67.37436	64.31984	65.62455	63.8887	65.796814	67.59228	70.94649	71.39282	73.98621	76.05885	78.206924	77.489876	78.12006	75.894966	73.0448	73.31124	73.44534	70.37125	68.42709	69.21866	68.18577	64.84792	63.935474	65.0462	63.01116	60.041878	60.42405	61.04882	57.946777	55.6659	57.02574	56.456066	53.099735	50.31264	47.575413	48.862514	46.341373	48.80719	51.481575	49.257263	49.80553	46.879047	48.032524	50.08176	53.398537	52.720333	49.62527	50.274475	48.982693	47.071255	45.18242	44.530922	43.05567	40.80305	39.652504	39.127743	37.265438	34.869793	34.30048	33.807575	31.533499	34.357758	36.63686	39.936924	40.30482	43.534634	43.671516	46.708683	46.854763	46.62494	43.009743	43.95165	42.45889	45.400066	43.789345	40.49826	39.859276	38.71837	35.693707	34.178135	33.033745	30.851398	29.530804	28.973824	29.61643	32.733856	36.06888	38.89816	40.564495	37.668118	38.485523	42.23284	44.328377	41.374035	40.505974	37.898132	36.86676	35.3987	32.739132	32.1859	30.339098	33.10222	32.289684	33.454098	36.563473	39.265926	38.549503	38.675056	41.76494	43.289158	42.67619	44.289524	47.134823	48.086105	49.12992	52.522392	54.70237	58.168354	58.607983	61.95946	63.20246	63.51454	59.901783	56.97851	54.427185	51.493103	53.231667	53.39879	50.758453	50.952103	49.75322	46.71263	43.39015	39.614727	36.866825	33.159378	31.420135	28.760656	29.647636	28.215473	26.84509	28.428423	26.60683	27.381523	25.739115	26.649239	23.658016	21.16939	21.585045	24.028288	22.510736	24.397594	25.295794	26.826162	30.224792	33.411346	36.90412	39.61513	42.86755	46.338886	48.575726	51.179058	54.14371	54.81438	58.109165	54.157066	51.659237	48.243317	45.442337	44.461025	41.43011	39.026207	35.54886	32.82707	29.0747	27.494833	24.424229	25.927885	25.638266	26.181059	26.019459	27.747147	29.616514	33.37775	34.494324	38.25662	40.469536	42.98666	45.31875	46.807343	45.20927	43.56086	43.06511	42.51072	42.47712	40.535816	40.87047	38.047527	38.427807	37.505314	34.1842	33.637486	34.614326	36.92631	40.595417	42.259254	41.714108	44.798424	46.39139	45.083084	41.408867	41.332714	42.548824	39.716446	36.69156	37.92477	37.623146	40.849728	41.06741	40.801327	37.413475	35.77675	38.0708	36.391792	32.861908	30.710382	31.04982	27.357584	26.596163	28.000439	26.364162	23.72952	20.3841	20.87042	24.275082	23.657837	23.388727	26.500532	28.382524	27.79582	29.24803	32.198128	32.8161	32.966484	35.49068	37.314724	37.502865	38.98144	41.513985	42.363728	42.122528	39.496304	38.156105	34.560635	32.536167	32.19276	29.643188	28.714634	30.02384	29.1328	32.439842	33.28115	33.267757	29.628046	30.36134	29.313005	32.53972	32.689728	34.574703	36.017002	37.332706	40.169964	40.07718	42.628834	42.972088	46.138645	47.66667	49.96861	53.617523	54.82652	52.169704	50.217995	46.77379	44.051914	44.4989	42.255165	40.754173	42.441826	40.18963	41.685436	39.19736	39.94577	38.368793	37.710392	37.293446	34.33498	36.76796	37.34909	33.71169	32.890915	36.15946	34.951992
C-403-B	84.54588	84.44762	83.58767	80.6532	79.16825	79.86547	78.08744	75.046425	74.99641	75.08269	72.2437	70.08323	70.97053	70.20792	66.82675	66.058205	67.07896	65.14777	62.00274	63.171085	61.398838	63.310863	65.22089	68.55762	69.077774	71.58457	73.7339	75.77128	75.03948	75.53124	73.29441	70.517334	70.7023	70.71497	67.67547	65.77909	66.44453	65.33805	62.07308	61.142494	62.110016	60.04582	57.13948	57.434742	57.94259	54.86638	52.617207	53.850346	53.20199	49.89901	47.029263	44.344994	45.593594	43.1871	45.774815	48.389957	46.170715	46.85223	44.053604	45.413292	47.551968	50.944008	50.47287	47.395237	48.128704	46.742924	45.04979	43.168816	42.252087	40.814774	38.789463	37.487076	36.703167	34.981186	32.742558	31.88892	31.236853	29.20784	32.0474	34.551147	37.820137	38.268112	41.503372	41.71429	44.76282	44.764965	44.788414	41.187744	42.333195	40.815125	43.75421	42.082214	38.792645	38.131004	37.26745	34.078434	32.582138	31.814358	29.51966	27.860123	27.51105	28.604637	31.72659	35.1633	37.735184	39.65332	36.784023	37.250767	40.952515	43.110725	40.15783	39.080532	36.241528	35.26269	34.13537	31.280407	30.432915	28.663864	31.514357	30.416327	31.32523	34.607033	37.161526	36.15402	36.352592	39.594704	40.88422	40.12802	41.92974	44.831017	45.56784	46.50722	49.962727	52.033	55.514065	55.905243	59.20624	60.53909	60.722263	57.061527	54.247864	51.713634	48.741344	50.31798	50.428463	47.67969	47.95778	46.915184	43.792416	40.486507	36.685974	34.01952	30.387144	28.930296	26.549372	27.767076	26.768154	25.579885	27.588972	26.207481	27.420532	26.12277	26.95034	24.27618	21.347322	21.35975	23.289324	21.301416	22.66725	23.179424	24.307865	27.676102	30.668304	34.26938	36.83248	40.200058	43.671535	46.034565	48.754486	51.83841	52.710438	56.10444	52.14115	49.47346	46.06841	43.111225	42.12927	38.97771	36.551327	33.130383	30.268625	26.572653	24.658405	21.709436	23.320457	23.478508	24.122194	24.45884	26.38512	28.641722	32.375237	33.62628	37.405025	39.76149	42.01908	44.550323	46.251526	44.87232	43.220848	42.984516	42.48836	42.71243	40.897842	41.52021	38.87804	39.4786	38.899998	35.49617	34.704037	35.353546	37.38233	41.103767	42.559643	41.756367	44.738083	46.0431	44.719883	41.03843	40.64642	41.68932	39.012543	36.0148	36.979366	36.883877	40.198204	40.75384	40.433643	36.896755	35.593937	38.153755	36.73207	33.126003	31.281565	31.579695	28.022528	26.800306	27.966337	26.596075	23.80721	20.820023	21.513723	25.071896	24.74417	24.974653	27.95763	29.645582	29.431131	31.117193	33.793518	34.436203	34.957733	37.43653	39.031387	39.404514	41.09678	43.460186	44.07848	43.635555	40.910103	39.322205	35.62661	33.5138	32.747562	30.033468	28.679111	29.8485	28.562504	31.62419	32.226234	31.877848	28.317211	29.206825	28.58459	32.00394	32.51371	34.701275	36.49797	37.996365	41.0563	41.160824	43.894207	44.371105	47.456142	49.186535	51.44718	55.0737	56.452755	53.94974	52.005306	48.560352	45.682297	45.856834	43.43063	41.87298	43.32601	40.90377	42.196777	39.489197	40.08776	38.206608	37.57606	36.908203	33.918736	36.446205	37.369015	33.848423	32.952507	36.376537	35.525257
Y-404-B	85.15572	85.057335	84.36068	81.4042	79.79351	80.58792	78.95183	75.81948	75.69625	75.951614	73.17621	70.8687	71.78593	71.21615	67.81128	66.90043	68.050896	66.284996	63.030827	64.16795	62.502148	64.53744	66.62297	69.87775	70.34941	72.70861	74.8314	76.72122	75.84296	76.22538	74.09479	71.32584	71.31354	71.29479	68.376175	66.400826	66.868866	65.827126	62.64797	61.533394	62.372597	60.429825	57.509823	57.556458	58.053635	55.123703	52.75796	53.761784	53.194656	50.03592	47.146233	44.403454	45.367035	42.99988	45.78096	48.166542	45.742016	46.32506	43.656925	45.13548	47.101013	50.60313	50.158627	47.25607	48.280655	47.07469	45.567284	43.452873	42.40261	41.269382	39.30707	37.66236	36.8954	35.53617	33.181717	31.96189	31.556978	29.892176	32.960007	35.735943	39.101418	39.847836	43.185566	43.638832	46.781517	46.785027	47.05936	43.44489	44.63007	42.945732	45.75012	43.867447	40.47854	39.54897	38.705452	35.338062	34.158978	33.512566	30.913551	29.292051	29.39018	30.62168	33.895653	37.25688	39.731716	41.893562	39.19915	39.537445	43.16539	45.502598	42.671318	41.59271	38.585873	37.800896	36.85915	33.81781	32.896713	31.32499	34.281166	33.019302	33.654827	37.041683	39.49277	38.19181	38.374413	41.765297	42.847446	41.860966	43.78992	46.801964	47.34576	48.07901	51.558136	53.42503	56.86369	57.075703	60.258343	61.577587	61.53399	57.839603	55.116837	52.736485	49.627373	50.97121	51.184177	48.35835	48.890125	47.98204	44.699074	41.522285	37.704063	35.28487	31.786701	30.727938	28.604343	29.946463	29.24369	27.930124	30.046482	28.751722	29.928192	28.95071	30.037058	27.530396	24.507513	24.631815	26.336605	24.039478	25.044752	25.06854	25.918486	29.080528	31.827892	35.518463	37.789875	41.293343	44.82677	47.410572	50.151207	53.37927	54.36833	57.80957	54.076405	51.26431	47.816757	44.700634	43.53761	40.215504	37.594936	34.35461	31.232777	27.65883	25.49961	22.486012	23.702856	24.055075	24.22844	24.856396	27.231586	29.735996	33.38004	34.999596	38.714417	40.90238	42.990887	45.46471	47.406204	45.954697	44.051945	43.728596	42.959846	43.07794	41.072487	41.62214	38.9108	39.33884	38.90507	35.34356	34.732693	35.034153	37.074993	40.71861	42.29907	41.599644	44.686653	45.923904	44.875656	41.129494	40.48043	41.715725	39.283657	36.10052	36.720055	36.397457	39.56988	40.153114	39.494293	35.96493	34.924114	37.437912	35.916824	32.418262	30.92018	31.60969	28.18841	26.597527	28.05412	27.166403	24.685007	21.817696	23.107658	26.5055	25.836649	26.42193	29.59084	30.879313	30.525595	32.57046	35.173244	35.451744	36.083595	38.79547	40.123444	40.282093	42.22524	44.68137	45.05435	44.768982	42.217484	40.747738	37.04421	35.20362	34.37388	31.392021	29.74682	30.46118	28.814049	31.676899	31.845827	31.622343	28.246336	29.608152	29.327396	32.877964	33.733482	35.842552	37.806248	39.085163	42.1669	42.076836	44.71971	44.976017	47.876602	49.531166	51.560093	55.236774	56.540787	54.033268	52.308887	48.7655	45.93939	45.889355	43.549755	42.255566	43.7885	41.510815	42.953545	40.30857	41.13919	39.270668	38.9712	38.451065	35.664864	38.435593	39.342716	35.827477	35.216946	38.753044	37.893764
K-405-B	84.07966	83.90848	83.35583	80.431145	78.67009	79.48851	78.01147	74.82742	74.5686	74.94413	72.2775	69.82027	70.68858	70.30014	66.91601	65.82202	67.035164	65.45571	62.094364	63.129135	61.519352	63.629337	65.88425	69.062744	69.5409	71.74862	73.89034	75.61835	74.64192	74.87586	72.812416	70.09835	69.91526	69.8083	66.99585	65.003944	65.27382	64.23604	61.164494	59.92666	60.6001	58.72734	55.84575	55.68367	56.107277	53.29986	50.88679	51.666878	51.1137	48.09469	45.16633	42.428543	43.174732	40.91397	43.87271	46.06072	43.522137	44.121384	41.633118	43.306698	45.210365	48.806316	48.515	45.748173	46.994957	45.847355	44.6031	42.371544	41.07912	40.168488	38.41058	36.47796	35.563057	34.53907	32.248005	30.63234	30.289314	29.045366	32.212864	35.25472	38.618416	39.59367	42.965275	43.615215	46.79987	46.732048	47.308357	43.72238	45.028236	43.235283	45.92465	43.89021	40.475372	39.37714	38.72368	35.195053	34.238827	33.90106	31.101372	29.33013	29.821644	31.372406	34.68189	38.009274	40.245083	42.67679	40.133068	40.19036	43.707767	46.172344	43.4467	42.267395	39.059467	38.447044	37.815643	34.58899	33.48589	32.125267	35.162586	33.683464	33.97478	37.466698	39.75447	38.114822	38.302235	41.837772	42.653492	41.43243	43.519646	46.616543	46.91962	47.44191	50.941326	52.596794	55.99218	56.05294	59.113174	60.463062	60.20059	56.4754	53.885357	51.63105	48.429314	49.521843	49.77444	46.86031	47.609646	46.876087	43.464844	40.41624	36.61328	34.4447	31.13367	30.520973	28.759195	30.325727	30.060001	28.793217	31.165556	30.190544	31.570068	30.97271	32.140762	29.931654	26.684711	26.671326	27.945143	25.27301	25.750578	25.2457	25.667494	28.593967	31.014307	34.767826	36.729668	40.3497	43.89276	46.673042	49.468163	52.835358	54.004593	57.511192	53.94873	50.967815	47.521942	44.24156	42.966747	39.498432	36.76769	33.723774	30.400303	27.014635	24.546331	21.65212	22.630667	23.392694	23.330116	24.456045	27.16138	29.996275	33.502087	35.389755	39.026653	41.183067	42.98865	45.53281	47.727345	46.38742	44.36268	44.163292	43.29472	43.525898	41.527214	42.226444	39.633358	40.120552	39.994514	36.349354	35.66866	35.57433	37.397335	40.991287	42.474754	41.6608	44.701725	45.696472	44.79612	41.049065	40.054134	41.265053	39.101067	35.87636	36.112717	35.81052	38.92514	39.751755	38.882687	35.297688	34.648457	37.287815	35.918865	32.479076	31.396795	32.240505	29.047483	27.004179	28.413975	27.971853	25.617579	23.123766	24.782026	28.105185	27.462551	28.495388	31.618513	32.580647	32.39596	34.720406	37.08972	37.207893	38.118404	40.883945	41.927914	42.10284	44.285458	46.658333	46.760628	46.42354	43.91504	42.36109	38.62966	36.89286	35.784748	32.611313	30.582352	30.952127	28.886253	31.414436	31.171848	30.79218	27.64795	29.358614	29.555834	33.23278	34.48944	36.714752	38.96256	40.22852	43.43094	43.370384	46.062435	46.295937	49.028923	50.77031	52.645313	56.307953	57.685074	55.295982	53.691452	50.12446	47.2384	46.896603	44.496548	43.30612	44.70845	42.414616	43.787113	41.060547	41.908127	39.87407	39.775166	39.18689	36.53156	39.45906	40.552326	37.152115	36.659916	40.307323	39.661896
F-406-B	81.89378	81.801476	81.36919	78.38471	76.583954	77.5426	76.139206	72.86798	72.64319	73.184425	70.51543	67.98409	68.97662	68.73135	65.29205	64.17639	65.57268	64.083755	60.675785	61.811745	60.400414	62.690063	65.069885	68.13214	68.44275	70.5321	72.547516	74.19425	73.047424	73.296	71.38629	68.60137	68.26456	68.26393	65.56775	63.42007	63.602417	62.742977	59.68808	58.250313	58.959766	57.283916	54.29917	53.966373	54.554794	51.893402	49.292145	50.00926	49.69704	46.76672	43.995182	41.079018	41.557823	39.155243	42.126675	44.149788	41.418713	41.76836	39.26367	40.843964	42.531174	46.148167	45.748466	43.12042	44.56253	43.64694	42.45577	40.01086	38.75839	38.125225	36.303055	34.143074	33.4243	32.679943	30.190052	28.41661	28.457457	27.430145	30.81102	33.974476	37.457176	38.771652	42.272724	43.244144	46.57731	46.719727	47.465298	43.833412	44.96622	42.902355	45.354927	43.060455	39.52873	38.102627	37.332115	33.71403	33.144558	32.786118	29.718288	28.173225	29.11833	30.62186	34.078068	37.220345	39.409294	42.041283	39.765656	39.81803	43.22189	45.920174	43.42536	42.44306	39.159622	38.911762	38.295372	34.88883	33.994404	33.04037	36.29599	34.98018	34.90719	38.31688	40.702206	38.88668	38.76898	42.38224	43.20532	41.678684	43.641808	46.91026	47.23319	47.462177	50.864433	52.300037	55.569466	55.37744	58.3142	59.489723	59.07879	55.388077	52.769337	50.73174	47.386856	48.389076	48.90286	46.09779	47.11973	46.290634	42.767036	39.928463	36.15987	34.30851	31.115702	30.770895	29.065104	30.41455	30.264986	28.674248	30.956245	29.985386	31.224398	31.04458	32.577526	30.66095	27.365572	27.669842	28.740704	25.8273	26.090548	25.14502	25.60942	28.192276	30.485102	34.1859	35.89795	39.532475	43.160812	46.110477	48.75651	52.194862	53.305973	56.769146	53.63734	50.621044	47.08946	43.74945	42.178574	38.614998	35.650757	32.824085	29.331516	26.096603	23.75142	20.673138	21.037554	21.662638	21.071543	22.273668	25.291994	28.229076	31.583145	33.786728	37.303036	39.24532	40.910362	43.348328	45.72184	44.317947	42.098812	41.849308	40.797016	41.004623	38.946262	39.693024	37.176525	37.685555	37.816334	34.129147	33.39675	32.984833	34.654716	38.184338	39.628834	38.801636	41.84718	42.745106	42.023922	38.270035	37.09183	38.417175	36.450447	33.131763	33.12319	32.693993	35.709255	36.60004	35.57821	31.99713	31.558496	34.227863	32.946823	29.572266	28.79889	29.798977	26.826218	24.454159	25.920015	25.89619	23.826862	21.635971	23.761925	26.854345	26.072327	27.540932	30.648357	31.197538	31.096163	33.727016	35.85199	35.73211	36.903683	39.74145	40.464672	40.614994	43.044624	45.33761	45.153465	44.82024	42.42465	40.88861	37.179188	35.677753	34.43657	31.064827	28.769588	28.738829	26.398697	28.710371	28.164928	27.899185	24.939442	26.987417	27.448805	31.159883	32.70976	34.85292	37.26201	38.372505	41.608116	41.478626	44.150227	44.312977	46.873707	48.667618	50.39899	54.03702	55.47577	53.20767	51.70589	48.136326	45.20301	44.60863	42.176476	41.105976	42.434937	40.199684	41.59556	38.900234	39.893253	37.868244	38.070663	37.64093	35.24151	38.385803	39.423347	36.082016	35.91887	39.64009	39.006496
K-407-B	81.68108	81.528694	81.26185	78.30915	76.35655	77.35771	76.130135	72.8061	72.44953	73.13343	70.584274	67.902374	68.85645	68.813736	65.404686	64.10528	65.57889	64.295845	60.7927	61.826546	60.49649	62.861977	65.40914	68.37302	68.67803	70.59507	72.61126	74.07806	72.81685	72.90975	71.09265	68.37057	67.83886	67.75393	65.194336	63.024574	62.98229	62.14835	59.22852	57.644085	58.168785	56.59876	53.666023	53.08214	53.598427	51.107872	48.454144	48.897957	48.625923	45.89048	43.10919	40.21598	40.402622	38.13852	41.29118	43.040894	40.167946	40.49115	38.223637	39.99668	41.5477	45.24691	44.992966	42.57085	44.281094	43.482227	42.58416	40.004646	38.52286	38.184387	36.585217	34.116924	33.29155	32.962383	30.552454	28.370457	28.5462	28.017925	31.446688	34.824123	38.261383	39.80401	43.301617	44.46207	47.80534	47.882633	48.903683	45.331917	46.560097	44.411755	46.72448	44.29825	40.77515	39.180904	38.579674	34.86123	34.548317	34.461018	31.248486	29.63632	30.939213	32.669647	36.10805	39.162815	41.121567	43.96662	41.857243	41.67635	44.942726	47.736946	45.362988	44.30761	40.885155	40.789055	40.441635	36.925934	35.888298	35.112816	38.378906	36.884014	36.53429	39.99475	42.19776	40.097595	39.9981	43.701027	44.26047	42.530087	44.627422	47.942787	48.025505	48.044464	51.437393	52.643524	55.842037	55.48663	58.27021	59.462696	58.81217	55.113216	52.65378	50.778812	47.356033	48.07117	48.638615	45.765793	47.02521	46.389866	42.762344	40.103268	36.407135	34.855705	31.917131	32.012466	30.675135	32.193966	32.413795	30.885952	33.321377	32.601925	33.95147	34.05221	35.636127	33.927303	30.533636	30.739635	31.509634	28.384407	28.237871	26.874159	26.940039	29.219341	31.126919	34.815826	36.16607	39.870205	43.46835	46.595654	49.265835	52.818195	54.095184	57.595272	54.667065	51.510414	48.008778	44.54037	42.86306	39.193096	36.14441	33.581467	29.94704	26.998356	24.425394	21.579311	21.610437	22.605314	21.699694	23.349987	26.629631	29.787466	32.924343	35.373734	38.749973	40.594147	41.969975	44.413136	47.016655	45.6955	43.34457	43.167843	41.975883	42.23363	40.154022	40.97664	38.567703	39.054127	39.446407	35.720997	35.01485	34.213432	35.68699	39.08477	40.472397	39.604465	42.600826	43.272522	42.76711	39.050976	37.53223	38.877823	37.23955	33.897827	33.461758	32.980522	35.835354	36.921017	35.622227	32.070675	32.0647	34.758755	33.591957	30.38829	30.07646	31.288742	28.611261	25.882944	27.349644	27.79227	25.966784	24.137365	26.533428	29.45797	28.635286	30.40847	33.46634	33.713974	33.681786	36.519016	38.4533	38.140118	39.493137	42.387314	42.8536	42.951023	45.570736	47.814	47.389763	47.071198	44.77889	43.237717	39.560192	38.214043	36.7969	33.30198	30.728539	30.329504	27.640781	29.54962	28.533117	28.185905	25.588287	27.999338	28.916945	32.65521	34.553505	36.716923	39.325485	40.35231	43.629887	43.46856	46.113102	46.192997	48.551556	50.362015	51.894337	55.504536	56.95751	54.789314	53.45472	49.87318	46.949726	46.088963	43.67509	42.775867	44.018013	41.847076	43.21544	40.519775	41.57319	39.462486	39.89228	39.45449	37.235096	40.491474	41.64391	38.43156	38.404163	42.172115	41.687534
I-408-B	78.105965	77.925354	77.71624	74.77995	72.77116	73.78667	72.626434	69.28322	68.87974	69.62391	67.12103	64.38054	65.33437	65.37986	61.97813	60.614502	62.14584	60.951523	57.412323	58.440147	57.1979	59.64366	62.27758	65.16323	65.407585	67.236275	69.21396	70.60982	69.281296	69.34398	67.589066	64.86352	64.25355	64.18333	61.684242	59.467934	59.365967	58.591393	55.699093	54.03559	54.550964	53.061565	50.101532	49.44125	50.014233	47.592842	44.867603	45.28309	45.11646	42.425774	39.73746	36.762848	36.828865	34.5125	37.670036	39.348446	36.425068	36.701828	34.4581	36.26657	37.811604	41.526684	41.350636	38.964146	40.740208	39.96023	39.20114	36.59398	34.99169	34.768967	33.300808	30.702688	29.807568	29.68201	27.337927	24.953114	25.206408	24.962284	28.415087	31.901863	35.312096	37.05033	40.56286	41.925903	45.314785	45.46581	46.682858	43.14105	44.33079	42.0456	44.185932	41.628067	38.108368	36.370323	35.89443	32.1243	32.019913	32.16148	28.863304	27.20167	28.83025	30.744766	34.13884	37.075886	38.810646	41.839245	39.92608	39.552696	42.667316	45.57304	43.37277	42.354527	38.846043	39.01498	38.8424	35.210224	34.204403	33.77611	37.14683	35.7101	34.990456	38.369034	40.55245	38.26346	37.95541	41.701893	42.185463	40.211857	42.248814	45.65908	45.695396	45.47807	48.78813	49.81274	52.912937	52.396152	55.084084	56.19612	55.444767	51.769287	49.330727	47.587185	44.099606	44.72435	45.423	42.61867	44.051014	43.38653	39.702892	37.210392	33.58093	32.30274	29.542927	29.9432	28.816267	30.28739	30.796925	29.233046	31.757576	31.32788	32.82374	33.315403	34.970062	33.642292	30.131044	30.30737	30.666147	27.30711	26.755316	24.953945	24.828646	26.752182	28.421707	32.033596	33.143333	36.843365	40.449192	43.686092	46.281006	49.884254	51.193638	54.68086	52.0163	48.80519	45.294716	41.77299	39.943054	36.221558	33.08106	30.726067	27.012348	24.293823	21.72247	18.978115	18.647987	19.854984	18.795816	20.82747	24.21596	27.563122	30.502882	33.078964	36.331844	38.174633	39.296577	41.817905	44.570446	43.427574	41.094685	41.140385	40.03327	40.543575	38.6727	39.795982	37.670033	38.45168	39.182365	35.53741	34.502026	33.468384	34.55848	37.944035	39.022556	37.870564	40.673008	41.05983	40.51224	36.87491	35.116623	36.259933	34.794106	31.571709	30.909018	30.674316	33.578266	34.989956	33.782173	30.153608	30.442915	33.373802	32.59548	29.376911	29.322206	30.32322	27.907763	24.899767	25.968754	26.649437	24.830858	23.516785	25.98016	28.803566	28.280672	30.420168	33.214214	33.26184	33.610455	36.545044	38.14633	37.90217	39.592297	42.3308	42.57596	42.91218	45.661545	47.65828	47.029423	46.47985	44.12233	42.374725	38.706047	37.346153	35.603954	32.07023	29.205853	28.642704	25.689123	27.250885	26.039513	25.384636	22.997368	25.515377	26.826199	30.57303	32.759888	35.084324	37.936085	39.08707	42.489338	42.53949	45.323338	45.587395	47.856117	49.886303	51.426956	54.939354	56.604385	54.6553	53.25939	49.77175	46.694584	45.613274	43.009056	41.992405	42.93598	40.61796	41.737278	38.89898	39.79625	37.48405	37.982857	37.409687	35.31449	38.623688	39.963833	36.940937	36.977554	40.775967	40.55081
K-409-B	77.05789	76.872154	76.84403	73.912964	71.78071	72.89266	71.902405	68.49242	68.010544	68.93844	66.534515	63.661022	64.643776	64.90875	61.521664	60.020893	61.691845	60.70024	57.09339	58.090797	57.017593	59.590515	62.387306	65.12672	65.281784	66.917534	68.82188	70.040596	68.54959	68.50646	66.90567	64.20378	63.37613	63.29971	60.974525	58.674854	58.36237	57.705288	54.940536	53.074734	53.468258	52.174034	49.221134	48.28519	48.890045	46.69783	43.856018	44.024662	44.026463	41.561867	38.990234	35.975468	35.658207	33.4026	36.662224	38.00932	34.896088	35.001656	32.972343	34.863094	36.15787	39.91465	39.803185	37.683628	39.757214	39.20063	38.711277	35.928394	34.18731	34.352566	33.05799	30.14868	29.29245	29.65604	27.340431	24.612473	25.182165	25.460985	28.938559	32.547203	35.904613	37.937714	41.44809	43.073654	46.491535	46.69578	48.159397	44.682472	45.839725	43.40646	45.310955	42.576527	39.066517	37.084454	36.684574	32.883984	33.150375	33.46757	30.03683	28.487495	30.512247	32.500008	35.865646	38.603867	40.130493	43.34455	41.689285	41.16713	44.090855	47.127018	45.137917	44.17379	40.596657	41.019	41.022408	37.310184	36.324448	36.17933	39.585106	38.132065	37.110443	40.425266	42.503494	39.994564	39.56598	43.344437	43.65341	41.433083	43.468582	46.943764	46.829353	46.331127	49.546577	50.292248	53.248074	52.49286	54.984524	56.00977	55.014954	51.382614	49.068207	47.574062	43.99733	44.355656	45.22472	42.46587	44.19372	43.6262	39.86504	37.654957	34.171234	33.2947	30.841454	31.643824	30.8066	32.24894	33.021248	31.401554	33.918102	33.650642	35.12241	35.931454	37.727634	36.638935	33.118267	33.354992	33.47801	29.992987	29.14457	26.973404	26.620213	28.111158	29.394526	32.867516	33.56193	37.24126	40.805943	44.20655	46.70948	50.386868	51.770267	55.22855	52.938744	49.64868	46.16036	42.570705	40.5488	36.77128	33.51828	31.52613	27.739218	25.411112	22.862358	20.357218	19.480684	20.824528	19.309164	21.621336	25.192379	28.623178	31.243671	34.078594	37.104416	38.743572	39.562897	42.001892	44.97167	43.87979	41.39727	41.481182	40.21093	40.75209	38.880882	40.07855	38.114002	38.89371	39.918865	36.300884	35.264187	33.834576	34.66795	37.865208	38.844727	37.6557	40.36714	40.515343	40.21851	36.66903	34.580338	35.760937	34.678143	31.470284	30.356556	30.04291	32.71476	34.310993	32.84633	29.31151	30.059387	32.976124	32.37377	29.390339	29.823809	30.999855	28.964073	25.663296	26.694828	27.866388	26.396496	25.49122	28.20996	30.758265	30.172394	32.61163	35.310158	35.005154	35.429688	38.559456	39.915035	39.458477	41.349865	44.111744	44.055283	44.350956	47.29222	49.19605	48.29412	47.753708	45.53683	43.81055	40.226707	39.08637	37.2023	33.57999	30.486515	29.504791	26.263557	27.34643	25.640911	24.9763	23.083866	25.954601	27.694223	31.361425	33.87662	36.131683	39.141216	40.15303	43.55011	43.556488	46.28261	46.466022	48.494465	50.547974	51.87791	55.323368	57.0231	55.221554	53.989597	50.531178	47.466057	46.098923	43.516174	42.675823	43.49988	41.278442	42.360867	39.574734	40.557846	38.22259	39.007435	38.506805	36.690628	40.10863	41.480793	38.621094	38.884033	42.68259	42.56137
D-410-B	78.15502	77.79177	77.796394	74.98561	72.73058	73.703964	72.82363	69.47024	68.789474	69.66678	67.4085	64.458015	65.23419	65.55288	62.274136	60.588017	62.11712	61.25402	57.596706	58.350628	57.133904	59.58303	62.428524	65.18629	65.52993	67.10628	69.162384	70.27213	68.861084	68.62226	66.93886	64.39691	63.538933	63.234642	60.922688	58.791885	58.33468	57.48466	54.853855	53.073563	53.212437	51.793102	49.028744	48.026154	48.34084	46.160263	43.495895	43.436234	43.180447	40.826015	38.05258	35.28158	34.969845	33.0648	36.51126	37.76414	34.764145	35.203938	33.482677	35.72701	37.192726	40.988377	41.21772	39.131157	41.208748	40.45051	40.230873	37.612816	35.55273	35.65853	34.71977	31.801172	30.53666	30.981167	29.04468	26.100906	26.267277	26.815716	30.064749	33.761494	36.91697	38.81119	42.16733	43.65667	46.925297	46.834156	48.44644	45.088654	46.53472	44.290054	46.29093	43.698578	40.335705	38.55503	38.500546	34.694096	34.773067	35.42734	32.14891	30.239119	32.143864	34.452023	37.647915	40.506607	41.818874	45.061176	43.299377	42.503944	45.39337	48.289085	46.197506	44.94475	41.281147	41.52394	41.827312	38.15974	36.812214	36.510868	39.73612	37.95084	36.91563	40.349236	42.128025	39.453465	39.32222	43.12413	43.122932	40.96068	43.26922	46.625893	46.21681	45.76623	49.066696	49.777016	52.784184	52.11804	54.572144	55.815044	54.72044	51.03965	48.94253	47.383217	43.886024	44.020554	44.646255	41.6871	43.386295	43.144558	39.390575	37.158276	33.72545	32.86537	30.59241	31.637096	31.167273	33.007435	34.0862	32.85251	35.650032	35.668285	37.43888	38.154198	39.659695	38.54835	34.919376	34.765354	34.711136	31.185629	30.074137	27.857885	27.02251	28.52	29.497118	33.00803	33.563484	37.30191	40.73036	44.144722	46.840073	50.567528	52.2093	55.75852	53.231438	49.8174	46.459156	42.787865	40.975803	37.18864	34.11939	32.176846	28.432932	26.253784	23.312498	21.275955	20.80082	22.710127	21.609207	24.26528	27.699602	31.260351	33.862	36.562508	39.59792	41.426334	42.095665	44.703514	47.700993	46.81469	44.46179	44.736317	43.601	44.287003	42.522385	43.81046	41.897045	42.71757	43.73578	40.114357	39.062084	37.653885	38.441895	41.634235	42.53758	41.250553	43.865227	43.86524	43.504562	40.016228	37.81909	38.80129	37.785355	34.7123	33.519115	33.405327	36.086662	37.842503	36.387646	32.861996	33.73397	36.69763	36.16439	33.197052	33.634663	34.74025	32.668728	29.394732	30.298983	31.361048	29.695114	28.763157	31.27065	33.99175	33.578163	35.91324	38.590305	38.456142	38.940174	41.974735	43.38753	43.059513	44.91609	47.638084	47.677532	48.02862	50.91216	52.81536	51.97961	51.37572	49.073204	47.247654	43.627113	42.324745	40.343422	36.792576	33.68153	32.85421	29.599447	30.589493	28.880634	27.915749	26.105251	28.840906	30.704205	34.387848	36.91942	39.353382	42.424393	43.596115	47.05186	47.172894	49.963413	50.217266	52.275814	54.357742	55.706257	59.146004	60.856335	59.051502	57.81047	54.349735	51.280083	49.92647	47.324387	46.436535	47.20307	44.9055	45.875492	42.99303	43.8107	41.322746	41.953266	41.21258	39.264282	42.56306	44.16281	41.371895	41.39484	45.19176	45.256775
G-411-B	81.596115	81.273	81.21098	78.37147	76.182785	77.14917	76.18587	72.84483	72.227684	73.04207	70.71901	67.83302	68.62516	68.8426	65.54113	63.93635	65.41513	64.44261	60.8198	61.602192	60.29794	62.675552	65.42962	68.275604	68.67071	70.35036	72.440445	73.63779	72.293434	72.103546	70.35488	67.80003	67.03207	66.73039	64.345055	62.24887	61.873978	60.97233	58.292076	56.593147	56.770798	55.267128	52.509342	51.60679	51.888435	49.61865	47.0145	47.023907	46.67228	44.242023	41.37999	38.665077	38.510193	36.609425	40.028664	41.395844	38.44703	38.911224	37.103737	39.270077	40.74913	44.533764	44.64433	42.489185	44.488644	43.71226	43.306828	40.694447	38.785427	38.75213	37.62398	34.832222	33.670708	33.86439	31.792004	29.067122	29.181087	29.373995	32.67132	36.285625	39.520714	41.235252	44.614273	45.914093	49.16683	49.022964	50.431908	47.016624	48.48883	46.354492	48.536495	46.05219	42.64912	40.987793	40.777676	36.98406	36.861538	37.269848	34.023605	32.158886	33.777603	35.9169	39.20229	42.196106	43.753994	46.837948	44.87743	44.281372	47.344795	50.15675	47.88715	46.60861	43.010895	43.006386	43.122036	39.534706	38.169563	37.540413	40.701847	38.86747	38.18661	41.717983	43.549023	41.06051	41.115337	44.895065	44.99653	43.06891	45.428303	48.713924	48.37627	48.1678	51.560963	52.470684	55.58775	55.08654	57.655243	58.96885	57.994167	54.284325	52.13556	50.430912	46.985676	47.24987	47.755684	44.734375	46.24697	45.99947	42.291603	39.864437	36.329327	35.161366	32.654053	33.367664	32.64644	34.52222	35.310345	34.069916	36.799465	36.533985	38.17526	38.548824	40.013725	38.55645	35.00723	34.892067	35.213318	31.8634	31.129358	29.301634	28.689932	30.576674	31.85812	35.485695	36.32868	40.091602	43.54689	46.85712	49.627403	53.310986	54.903248	58.472218	55.678417	52.3171	48.94151	45.313934	43.63408	39.877407	36.863857	34.667423	30.957928	28.473755	25.524279	23.259377	23.113295	24.781984	23.784315	26.09227	29.502838	32.9343	35.773216	38.38576	41.577316	43.41826	44.359726	46.90358	49.768288	48.691395	46.301956	46.35581	45.130043	45.575974	43.599426	44.61284	42.422794	42.977974	43.69416	39.981327	39.21756	38.010204	39.158886	42.390366	43.5927	42.56767	45.39222	45.680416	45.351334	41.753212	39.786613	40.984035	39.76907	36.5399	35.579285	35.2192	37.894287	39.3377	37.794113	34.300648	34.879	37.65098	36.74747	33.759678	33.96248	35.266933	32.93874	29.872128	31.145807	32.005035	30.311037	28.921127	31.40923	34.24156	33.560627	35.60419	38.526653	38.561203	38.713894	41.682873	43.394108	42.998962	44.566635	47.439095	47.673355	47.809185	50.588562	52.720406	52.0653	51.67184	49.42089	47.77707	44.127766	42.833405	41.135166	37.585087	34.705708	34.019733	30.969023	32.32574	30.804419	30.143896	28.05366	30.729486	32.227413	35.957516	38.24042	40.543255	43.41127	44.473442	47.834923	47.759064	50.43433	50.518486	52.66836	54.55401	55.89887	59.44085	60.957222	58.943825	57.75758	54.20038	51.262264	50.10565	47.667606	46.883305	47.931705	45.75744	46.969223	44.201942	45.176903	42.86563	43.437664	42.82916	40.747116	44.03034	45.454453	42.460106	42.433006	46.23042	46.04807
S-412-B	81.4022	80.99229	80.77584	77.99546	75.86102	76.667015	75.602234	72.35394	71.71107	72.332016	69.99343	67.192795	67.8602	67.90678	64.64853	63.08045	64.36988	63.281666	59.700565	60.400917	58.894707	61.11004	63.74345	66.71281	67.260895	69.07762	71.29334	72.5987	71.43671	71.26164	69.34087	66.833824	66.2529	65.8659	63.33017	61.380672	61.14318	60.06019	57.31888	55.842155	56.037262	54.3096	51.619976	50.952454	51.102856	48.6283	46.200558	46.366875	45.775467	43.17603	40.157246	37.566246	37.768734	35.934193	39.310444	40.94949	38.234226	38.98921	37.101162	39.340042	41.139942	44.90032	45.124886	42.731655	44.45692	43.37609	42.884254	40.520363	38.56103	38.168274	37.096916	34.563656	33.159103	33.00279	31.129313	28.569036	28.232218	28.174995	31.301191	34.844162	37.99092	39.408855	42.69463	43.734337	46.882286	46.569405	47.86903	44.478615	46.10493	44.174892	46.55899	44.28552	40.972694	39.607265	39.54784	35.795918	35.307587	35.808468	32.775265	30.625175	31.905691	34.18848	37.35063	40.522728	42.068207	45.03324	42.85731	42.19352	45.344604	47.98014	45.530464	44.071873	40.491817	40.24119	40.405533	36.910072	35.355213	34.49251	37.533195	35.57152	35.05937	38.66207	40.428608	38.02627	38.275513	42.02706	42.126106	40.39931	42.8556	46.036644	45.698532	45.71368	49.19763	50.3071	53.54823	53.273922	55.985886	57.450397	56.65042	52.894173	50.725826	48.791542	45.46306	45.86804	46.13995	43.024323	44.27498	44.060917	40.43421	37.784657	34.17515	32.71731	30.079754	30.617382	29.890331	31.97046	32.767452	31.801304	34.689636	34.5439	36.41133	36.576084	37.74629	36.210056	32.608547	32.191856	32.480972	29.194408	28.46057	26.84035	26.12214	28.277006	29.676172	33.391758	34.484886	38.265434	41.67986	44.853313	47.76423	51.39893	53.0427	56.66537	53.49059	50.144207	46.821163	43.223198	41.78907	38.090603	35.266407	32.839752	29.238575	26.58246	23.463385	21.320692	21.756151	23.633263	23.204626	25.544687	28.701054	32.14495	35.153114	37.477314	40.809666	42.92826	43.97404	46.702267	49.417583	48.47732	46.320644	46.532986	45.5809	46.18567	44.37175	45.49815	43.321976	44.04446	44.624325	40.944637	40.01568	39.105686	40.288994	43.68688	44.791904	43.618637	46.383434	46.69997	46.070312	42.46515	40.66285	41.63112	40.16151	37.056038	36.385372	36.311966	39.233746	40.729847	39.494503	35.87794	36.21716	39.135075	38.292267	35.087574	34.945095	35.932472	33.370323	30.501484	31.547503	31.991217	29.90336	28.367233	30.475376	33.571857	33.18572	35.012867	37.86198	38.244904	38.52689	41.26414	43.08238	43.004063	44.497513	47.229275	47.714195	48.035526	50.63358	52.728817	52.2935	51.74743	49.290684	47.48765	43.766647	42.174995	40.436974	37.033085	34.272312	33.99439	31.122509	32.70199	31.554647	30.628447	28.24782	30.55513	31.871973	35.64201	37.72311	40.23262	43.062897	44.392876	47.825058	47.95257	50.771927	51.0646	53.423874	55.404083	56.97999	60.53005	62.12204	60.06925	58.67495	55.145744	52.1244	51.16406	48.606594	47.563213	48.552124	46.182163	47.249	44.330875	45.059715	42.61892	42.860195	42.00423	39.656147	42.76165	44.341095	41.33237	40.983273	44.75596	44.68329
F-413-B	81.80254	81.47378	81.09988	78.26793	76.28757	77.07576	75.8304	72.61677	72.122826	72.61894	70.14364	67.48772	68.220116	68.068985	64.76022	63.384926	64.62195	63.31912	59.824127	60.652485	59.07859	61.23966	63.71262	66.78464	67.320526	69.314186	71.517334	73.00953	71.9438	71.939156	69.93641	67.34514	66.95073	66.670265	63.997055	62.0432	62.03511	60.94858	58.054848	56.702198	57.10442	55.285946	52.51486	52.091473	52.34728	49.699	47.29003	47.746162	47.14606	44.334152	41.332764	38.67607	39.162525	37.135944	40.334988	42.255386	39.64113	40.37155	38.20398	40.222664	42.1263	45.82577	45.860153	43.265293	44.75696	43.595036	42.788788	40.508675	38.796833	38.136593	36.798187	34.529728	33.272404	32.712025	30.692043	28.511963	28.098305	27.52818	30.675665	34.041637	37.281567	38.500393	41.8271	42.695747	45.863697	45.63291	46.650917	43.17141	44.696125	42.826954	45.357647	43.18834	39.83178	38.599422	38.34128	34.655415	33.936382	34.15274	31.214535	29.13612	30.09698	32.164417	35.38066	38.650063	40.445568	43.21847	40.875683	40.455624	43.76439	46.329376	43.75128	42.371605	38.910217	38.508194	38.389202	34.97351	33.557545	32.498455	35.56078	33.7635	33.545025	37.133316	39.11349	36.99527	37.22176	40.911636	41.298306	39.770237	42.09373	45.25353	45.17593	45.407234	48.915745	50.266884	53.59037	53.47109	56.34833	57.78077	57.221603	53.46509	51.11013	49.01391	45.737507	46.449776	46.694447	43.64869	44.66915	44.231827	40.686176	37.83616	34.115147	32.328133	29.378202	29.450232	28.316559	30.243027	30.66863	29.619196	32.37596	31.974476	33.73277	33.632675	34.766773	33.016277	29.492952	29.16183	29.75324	26.639858	26.305351	25.080019	24.769304	27.277058	29.113623	32.88662	34.36951	38.109203	41.591694	44.60643	47.49391	51.02931	52.49393	56.087105	52.7159	49.503296	46.122322	42.63658	41.281693	37.66091	34.877136	32.15863	28.647675	25.650213	22.726408	20.257074	20.999071	22.510338	22.315468	24.249651	27.231543	30.49586	33.729385	35.861683	39.34292	41.53577	42.87461	45.58261	48.093967	47.03906	44.969223	45.07685	44.212463	44.733932	42.896626	43.921234	41.6164	42.32037	42.65714	38.992897	38.079926	37.49517	38.885475	42.401836	43.601635	42.50191	45.351208	45.906258	45.10938	41.4418	39.95082	40.956135	39.178738	36.045338	35.755905	35.670197	38.734375	40.020435	38.988785	35.33318	35.278652	38.15944	37.16714	33.812504	33.28339	34.139545	31.317198	28.734283	29.835785	29.904453	27.629263	25.770433	27.67334	30.907495	30.520185	32.083412	34.993233	35.62355	35.81179	38.38108	40.378956	40.4382	41.75549	44.459923	45.166286	45.49958	47.935772	50.09745	49.872513	49.345535	46.818436	45.048122	41.299778	39.593548	38.033253	34.719727	32.201057	32.2207	29.636095	31.597609	30.84456	30.047905	27.309418	29.347042	30.251274	34.021862	35.79789	38.26963	40.915455	42.289955	45.67547	45.79581	48.618702	48.950954	51.482525	53.422543	55.15735	58.745846	60.30051	58.13882	56.6172	53.084503	50.07181	49.347923	46.796627	45.633163	46.732845	44.330624	45.4605	42.56039	43.274464	40.932243	40.99314	40.17576	37.665054	40.693405	42.14472	38.995235	38.541454	42.283493	42.0479
I-414-B	79.56713	79.25517	78.74129	75.90576	74.034996	74.76102	73.3833	70.225006	69.81179	70.17928	67.625404	65.08432	65.82348	65.51242	62.19158	60.946682	62.110428	60.65558	57.231323	58.129475	56.494644	58.605232	60.95892	64.097046	64.63107	66.75176	68.95583	70.58572	69.61667	69.73529	67.65492	65.015	64.78436	64.57239	61.784603	59.851723	60.03715	58.929497	55.9189	54.696278	55.264565	53.356766	50.53616	50.343845	50.67602	47.874783	45.507656	46.231434	45.615036	42.61761	39.65723	36.9551	37.716316	35.545364	38.560497	40.743763	38.286324	39.07078	36.694206	38.57074	40.65696	44.275364	44.25604	41.457848	42.686478	41.361534	40.36637	38.25691	36.661163	35.720665	34.28941	32.2881	31.016703	30.116001	28.134657	26.246298	25.621119	24.70167	27.765858	30.993671	34.235077	35.29432	38.617596	39.382763	42.556156	42.39098	43.267303	39.744133	41.205017	39.367588	41.97175	39.88477	36.541183	35.44856	35.172546	31.550644	30.62463	30.793148	27.992426	25.82953	26.57856	28.640936	31.810236	35.14453	36.986164	39.669952	37.243717	36.871094	40.235264	42.749454	40.122208	38.774452	35.363525	34.93512	34.7107	31.312225	29.976667	28.921467	32.04884	30.409737	30.225962	33.759575	35.89802	33.92277	34.033607	37.686573	38.27222	36.808704	38.99806	42.168365	42.285603	42.60531	46.09698	47.588295	50.944935	50.91899	53.908142	55.304756	54.93669	51.19281	48.699413	46.48639	43.26382	44.216476	44.44591	41.487648	42.341137	41.706486	38.234734	35.26562	31.48902	29.51256	26.379269	26.18583	24.833548	26.659576	26.96517	25.925539	28.693476	28.327532	30.189716	30.059948	31.099428	29.419249	25.847414	25.455011	25.989674	22.870872	22.598398	21.501549	21.386969	24.05936	26.154367	29.933498	31.673084	35.358376	38.871544	41.76687	44.621887	48.081318	49.431736	53.001713	49.52477	46.39896	42.988354	39.581768	38.283337	34.73271	32.013023	29.112923	25.701736	22.517324	19.727325	17.125628	18.187527	19.59168	19.802298	21.60174	24.32367	27.524288	30.857231	32.768322	36.325935	38.68052	40.123028	42.923363	45.29375	44.326466	42.44624	42.68114	42.060184	42.7419	41.102962	42.282135	40.08627	41.031456	41.348774	37.78998	36.61249	36.254337	37.55736	41.19072	42.21514	40.94	43.68105	44.244396	43.176186	39.541073	38.2238	39.023823	37.02766	34.038277	34.032047	34.211807	37.474453	38.80959	38.124054	34.391895	34.12415	37.146717	36.320927	32.797497	31.998522	32.473362	29.550205	27.138308	27.91287	27.645576	25.070084	23.243118	24.824203	28.198103	28.149824	29.647491	32.37345	33.20915	33.63826	36.031677	37.97475	38.320522	39.69593	42.202152	43.02676	43.60703	45.925667	47.945244	47.830524	47.101513	44.402138	42.45933	38.68305	36.75931	35.11134	31.92908	29.488457	29.826351	27.42295	29.5387	29.15431	28.167883	25.202353	26.874853	27.595272	31.344004	32.955235	35.573784	38.1999	39.79704	43.23942	43.5786	46.54207	47.111057	49.78621	51.87185	53.816654	57.35743	59.050774	56.947823	55.21239	51.765514	48.635536	48.025047	45.31876	43.887913	44.844643	42.255646	43.203705	40.18077	40.672615	38.23766	38.058643	37.08229	34.421837	37.33438	38.867405	35.73765	35.10822	38.82735	38.68356
T-415-B	80.84914	80.59892	79.92807	77.06606	75.34677	76.03235	74.4869	71.38732	71.10391	71.33145	68.66693	66.28121	67.054054	66.54306	63.20415	62.143826	63.221912	61.56587	58.249958	59.238808	57.51719	59.53016	61.699837	64.93609	65.48852	67.77948	69.9849	71.78809	70.938614	71.20276	69.03332	66.346115	66.30631	66.16813	63.256424	61.359562	61.755833	60.619827	57.49642	56.424168	57.155777	55.149986	52.302696	52.345352	52.730785	49.784477	47.490543	48.451897	47.789074	44.6363	41.693745	39.012096	40.036182	37.772404	40.599003	43.008133	40.69115	41.4826	38.918446	40.59922	42.769665	46.294056	46.124146	43.16842	44.151836	42.739758	41.460575	39.486797	38.137726	36.929565	35.279984	33.597908	32.463814	31.164091	29.118801	27.669899	26.936861	25.510918	28.468304	31.419094	34.670437	35.447533	38.738297	39.256615	42.383312	42.25642	42.805584	39.237507	40.61523	38.916824	41.691235	39.784412	36.461617	35.582043	35.123795	31.64914	30.426857	30.283	27.691395	25.622149	25.901077	27.681005	30.833836	34.268276	36.37033	38.779045	36.14222	36.042336	39.561867	41.93125	39.143707	37.851974	34.623314	33.956688	33.41984	30.192678	28.986761	27.631964	30.688934	29.216423	29.444014	32.927208	35.23737	33.621952	33.780735	37.30196	38.164185	36.985516	39.044674	42.11811	42.47895	43.06514	46.56483	48.31177	51.74057	51.907146	55.044228	56.437607	56.312004	52.590252	49.961777	47.583717	44.47097	45.699165	45.84961	42.9622	43.548275	42.74571	39.41651	36.269436	32.455013	30.142555	26.756493	26.024761	24.248747	25.906113	25.748207	24.699072	27.281918	26.61036	28.346275	27.807507	28.718666	26.718096	23.274942	22.923117	23.884865	21.08684	21.374718	20.89199	21.245636	24.286472	26.791777	30.540869	32.66536	36.240204	39.74445	42.419617	45.25117	48.569035	49.749756	53.271954	49.546253	46.583958	43.169758	39.924866	38.781143	35.379944	32.795925	29.630955	26.435999	22.979845	20.4919	17.724577	19.169533	20.124228	20.654924	21.915926	24.299822	27.194315	30.72976	32.34946	36.034325	38.46657	40.218594	42.977745	45.08982	44.016636	42.26764	42.389427	41.88099	42.460068	40.809265	41.849205	39.52064	40.414898	40.42996	36.927605	35.80757	35.83924	37.37349	41.085033	42.21631	41.048473	43.853638	44.66847	43.435658	39.778362	38.812786	39.638393	37.34096	34.375027	34.77696	34.93674	38.285126	39.375908	38.893513	35.189472	34.51644	37.434746	36.44013	32.824963	31.602015	31.92601	28.736286	26.742172	27.570902	26.831299	24.054575	21.819895	23.025974	26.558136	26.52717	27.60838	30.3846	31.571754	31.864655	33.99142	36.171177	36.700367	37.81778	40.27105	41.388145	41.969524	44.05788	46.160152	46.319374	45.62614	42.85623	40.968456	37.18874	35.117447	33.71708	30.708212	28.630642	29.354738	27.360643	29.864815	29.92013	29.090693	25.828072	27.130278	27.340252	31.006773	32.20731	34.75456	37.11767	38.76381	42.115513	42.44345	45.383354	45.988033	48.84696	50.857765	52.965267	56.533127	58.158356	55.929455	54.06914	50.633213	47.549023	47.22585	44.564587	43.01728	44.105602	41.50837	42.523067	39.5522	40.01161	37.714603	37.30058	36.35748	33.507885	36.263924	37.645645	34.37425	33.572964	37.21225	36.877724
L-416-B	79.7419	79.652916	78.921974	75.96171	74.38399	75.174286	73.505005	70.38048	70.29348	70.53424	67.73139	65.45285	66.4062	65.812004	62.388275	61.529488	62.711155	60.91241	57.67589	58.89259	57.295887	59.399734	61.490395	64.70855	65.08713	67.44908	69.510185	71.43283	70.53589	70.99539	68.89179	66.06535	66.08494	66.158104	63.226955	61.196045	61.751705	60.783573	57.540485	56.424473	57.39721	55.49544	52.49665	52.63305	53.270596	50.31297	47.89192	49.072506	48.626842	45.385395	42.644756	39.778816	40.81597	38.277966	40.892754	43.395042	41.037422	41.572784	38.761116	40.106915	42.16074	45.590046	45.12945	42.12154	43.005653	41.731705	40.1641	38.130936	37.122646	35.885216	33.901237	32.36845	31.606657	30.127401	27.78824	26.70624	26.25721	24.462004	27.534891	30.286055	33.689316	34.528397	37.932995	38.542957	41.79008	41.975166	42.329826	38.659664	39.707638	37.845684	40.53324	38.534634	35.098633	34.09139	33.269344	29.873907	28.740763	28.176786	25.52997	23.850897	24.096582	25.447086	28.763374	32.094124	34.468765	36.773968	34.2053	34.448605	38.017086	40.49214	37.799732	36.83742	33.75576	33.26911	32.353374	29.126772	28.380556	27.21177	30.44111	29.422718	29.67134	32.945248	35.578457	34.189198	34.007256	37.44429	38.65122	37.43544	39.168385	42.32819	43.010887	43.55201	46.93193	48.716885	52.07561	52.1722	55.340458	56.522797	56.519386	52.865574	50.0391	47.717262	44.569675	46.025875	46.389534	43.719467	44.311325	43.190693	39.90157	36.80158	32.99324	30.686127	27.16885	26.141804	23.931477	25.058926	24.45568	22.95288	25.15753	24.080688	25.465084	24.919498	26.149065	24.105915	20.78656	20.970037	22.237394	19.567274	20.308163	20.015673	21.020828	24.030674	26.858696	30.49101	32.767803	36.220963	39.813324	42.422737	45.04024	48.266792	49.16716	52.575146	49.069576	46.27072	42.75265	39.639675	38.32413	34.99497	32.29715	29.077768	25.946108	22.35441	20.402899	17.215076	18.368578	18.612566	18.977526	19.65613	21.939648	24.56622	28.191254	29.794228	33.506363	35.807507	37.78618	40.38889	42.37588	41.11373	39.33102	39.28135	38.746166	39.205147	37.5151	38.467712	36.089046	36.991165	36.910942	33.464073	32.307293	32.522053	34.14387	37.888905	39.06444	37.97668	40.832996	41.83653	40.557095	36.8794	36.162586	37.098022	34.627167	31.621231	32.291393	32.353016	35.721855	36.606644	36.27698	32.617947	31.65381	34.496284	33.441944	29.774813	28.311768	28.526745	25.233265	23.455141	24.320295	23.37583	20.595736	18.172966	19.383347	22.89654	22.785255	23.818419	26.630093	27.830038	28.084864	30.197813	32.399067	32.937305	34.033684	36.477467	37.619473	38.214104	40.275204	42.37348	42.568157	41.892704	39.133675	37.307144	33.536114	31.514503	30.25835	27.247812	25.330122	26.14288	24.387062	27.145094	27.471886	26.900515	23.45921	24.611053	24.463879	28.065521	29.068964	31.459574	33.680668	35.2475	38.537163	38.808853	41.72103	42.329903	45.2461	47.245937	49.425964	52.98769	54.6179	52.380287	50.448986	47.040524	43.944717	43.71654	41.05195	39.44723	40.58862	38.01423	39.104298	36.21048	36.757927	34.623882	34.231876	33.49422	30.69111	33.504818	34.636993	31.250761	30.614752	34.24782	33.68701
R-417-B	80.6897	80.71113	79.8498	76.83965	75.43065	76.23413	74.403915	71.32135	71.40501	71.55418	68.629364	66.51217	67.5577	66.79454	63.3401	62.694344	63.852478	61.86621	58.754658	60.116737	58.517445	60.57672	62.496937	65.761536	66.08342	68.58191	70.578636	72.6612	71.83104	72.4645	70.333694	67.432465	67.60429	67.80793	64.79845	62.749878	63.5041	62.58464	59.237793	58.210503	59.37448	57.456547	54.401756	54.722775	55.48119	52.443493	50.039154	51.438103	51.040627	47.69238	45.04946	42.15816	43.35012	40.686382	43.090107	45.742897	43.4733	43.917297	40.9292	42.01616	44.054966	47.358845	46.6882	43.588413	44.264793	43.004776	41.14498	39.202564	38.51207	37.104866	34.865925	33.63437	33.12614	31.34337	28.893068	28.27225	27.875957	25.657007	28.617386	31.029482	34.436954	35.083652	38.459274	38.916134	42.1368	42.472397	42.50059	38.800045	39.63356	37.83408	40.579613	38.703293	35.28477	34.397377	33.29037	30.10886	28.818262	27.825308	25.387344	24.020796	23.869764	24.731737	28.034575	31.331724	34.007915	36.009117	33.337284	33.960415	37.62246	39.99916	37.254837	36.495644	33.670033	33.080456	31.762867	28.743187	28.320059	27.019175	30.18675	29.510246	30.080141	33.16591	36.009556	34.9942	34.724194	37.978157	39.50021	38.491276	39.987675	43.07196	44.04143	44.749043	48.05972	50.022705	53.38144	53.584705	56.84586	57.940983	58.14761	54.55477	51.583633	49.188435	46.128613	47.837727	48.222137	45.694904	46.108223	44.774296	41.627373	38.462147	34.684944	32.196705	28.539915	27.057955	24.436121	25.174936	24.012724	22.332382	24.114347	22.566463	23.594587	22.650732	23.921568	21.55298	18.518778	19.067806	20.892862	18.697344	20.124237	20.428474	22.001028	25.146177	28.291006	31.779392	34.328445	37.611187	41.184055	43.58864	46.082664	49.14511	49.806053	53.107174	49.535267	46.94501	43.4191	40.5101	39.254696	36.105774	33.50305	30.145365	27.26382	23.551119	22.072266	18.78712	20.016134	19.666874	20.155968	20.152966	22.034254	24.189423	27.922577	29.253822	33.010925	35.268154	37.56821	40.02781	41.735252	40.304367	38.620564	38.385624	37.918987	38.215015	36.49831	37.26366	34.761375	35.58952	35.19368	31.854946	30.772758	31.405758	33.256233	37.023926	38.312363	37.38031	40.288918	41.5722	40.173904	36.51236	36.189575	37.19634	34.460102	31.496147	32.578995	32.559643	35.933186	36.514034	36.391735	32.84089	31.452824	34.112988	32.891197	29.202724	27.304718	27.360424	23.846172	22.602283	23.540976	22.111227	19.25221	16.382875	17.183039	20.752409	20.57619	21.127295	24.000132	25.528353	25.596006	27.430433	29.867313	30.555016	31.375126	33.767628	35.182846	35.757477	37.587677	39.765404	40.2197	39.609055	36.824436	35.110577	31.37723	29.283848	28.365896	25.555504	24.099169	25.260992	24.016418	27.130375	27.894753	27.585596	23.957989	24.735088	24.009039	27.414663	27.951385	30.143837	32.024754	33.556763	36.69467	36.905178	39.746384	40.36324	43.438564	45.341537	47.667908	51.235832	52.789692	50.443542	48.396786	45.020863	41.989304	42.0537	39.46252	37.76467	39.051884	36.523144	37.714134	34.946766	35.52155	33.622463	33.06208	32.47748	29.589808	32.257793	33.10935	29.58006	28.895924	32.406105	31.54839
S-418-B	80.07888	80.27681	79.43576	76.31858	75.00671	75.97023	74.08489	70.942795	71.20277	71.45134	68.42312	66.35896	67.6088	66.85807	63.32003	62.822758	64.150276	62.107704	59.04646	60.62468	59.22095	61.423397	63.33754	66.523094	66.635796	69.121666	70.9421	73.067345	72.11674	72.89882	70.900505	67.8713	68.00505	68.413124	65.45994	63.24312	64.05933	63.351406	59.944485	58.78534	60.12521	58.38659	55.191475	55.479637	56.48228	53.527874	50.95577	52.446857	52.30768	48.97057	46.535355	43.46452	44.513042	41.63093	43.89663	46.49816	44.10668	44.23773	41.098602	41.882877	43.682743	46.905003	45.93755	42.90674	43.61696	42.61957	40.56148	38.457596	38.088833	36.832935	34.29476	33.075478	32.997704	31.252645	28.478527	28.088488	28.138584	25.79319	28.901087	31.171942	34.716705	35.57032	39.058014	39.72651	43.07255	43.72745	43.678238	39.919216	40.41023	38.381905	40.920444	38.866516	35.33341	34.1814	32.682785	29.579182	28.596346	27.184765	24.598322	23.791441	23.836575	24.194681	27.670656	30.713348	33.615387	35.57477	33.123516	34.075096	37.68623	40.231693	37.698944	37.315205	34.622757	34.328213	32.725727	29.699467	29.736242	28.752468	32.051884	31.752043	32.20122	35.07165	38.126514	37.199547	36.603	39.79485	41.528004	40.383244	41.60434	44.789352	45.967915	46.52175	49.69394	51.575554	54.81606	54.857285	58.0671	58.932835	59.148716	55.632565	52.5294	50.29027	47.155636	48.95875	49.6034	47.2721	47.815334	46.251965	43.09764	40.083042	36.358578	34.044235	30.41188	28.89417	26.071026	26.31017	24.856356	22.669176	23.955732	21.96706	22.426653	21.63566	23.436771	21.14076	18.407879	19.699114	21.722456	19.676397	21.355894	21.607689	23.603506	26.490194	29.72378	33.060593	35.558517	38.734592	42.375645	44.796017	47.05396	50.0628	50.48256	53.655197	50.46478	47.999607	44.386467	41.57287	40.06758	36.958652	34.18979	30.947956	28.078575	24.426594	23.405312	19.86083	20.51682	19.515285	19.517805	18.924833	20.823038	22.651867	26.344963	27.818645	31.496737	33.45117	35.92097	38.115776	39.769997	38.065163	36.216953	35.69767	35.044746	35.103016	33.228527	33.80947	31.194656	31.918413	31.441868	28.10634	27.096416	27.826069	29.819237	33.564915	34.98769	34.241825	37.26106	38.756264	37.46062	33.77156	33.649967	34.897923	32.103657	29.026417	30.263737	29.981277	33.25323	33.558914	33.455708	30.017954	28.382982	30.869762	29.506031	25.843813	23.781706	23.903873	20.318354	19.268776	20.451275	18.981152	16.38318	13.245624	14.38224	17.744019	17.169355	17.771809	20.839201	22.174488	22.047695	24.045038	26.507774	26.996391	27.808956	30.328556	31.653202	32.109825	34.024136	36.26468	36.65223	36.170155	33.50886	31.974033	28.271557	26.427301	25.737553	22.821327	21.5069	22.525105	21.482006	24.78053	25.659414	25.778614	22.132639	22.943285	21.91476	25.204615	25.624634	27.4932	29.21839	30.48689	33.51649	33.522232	36.254803	36.74445	39.80037	41.632927	43.93278	47.518776	49.02968	46.66209	44.638218	41.245853	38.23665	38.326862	35.7939	34.1691	35.589024	33.19379	34.582172	31.989052	32.8205	31.189278	30.848398	30.643137	27.983051	30.802177	31.28289	27.64659	27.361567	30.851667	29.670286
R-419-B	79.89187	80.227875	79.280464	76.10443	74.96879	75.97998	73.94839	70.83987	71.292046	71.4872	68.33974	66.4376	67.81659	66.92989	63.359264	63.087326	64.43827	62.233437	59.308327	61.065483	59.731438	61.935204	63.701965	66.88077	66.87489	69.45651	71.159325	73.42251	72.4954	73.46714	71.49381	68.374565	68.626625	69.20578	66.215645	63.943462	64.9458	64.34578	60.848526	59.733875	61.28449	59.593765	56.326336	56.765873	57.939423	54.956245	52.36582	54.067875	54.047016	50.639954	48.370506	45.24543	46.38188	43.354893	45.376385	48.078934	45.76204	45.74418	42.441685	42.918724	44.64781	47.702045	46.498676	43.421227	43.931816	43.009808	40.672493	38.648346	38.63737	37.278603	34.491306	33.571255	33.807346	31.839012	28.961212	29.039	29.224773	26.557228	29.526815	31.42814	34.95082	35.7079	39.161697	39.786407	43.1234	44.01368	43.699364	39.93685	40.121838	38.071445	40.539314	38.540485	35.03453	33.91191	32.0869	29.252802	28.25918	26.396393	24.018263	23.675213	23.468456	23.236664	26.665678	29.516502	32.682842	34.35897	31.955933	33.30613	36.91024	39.41664	36.96901	36.898506	34.48656	34.260525	32.28191	29.455976	29.92458	29.034798	32.295395	32.415375	32.990303	35.582596	38.838196	38.212395	37.40732	40.404247	42.433357	41.3819	42.299942	45.444023	46.910175	47.51079	50.54763	52.515335	55.68721	55.74873	58.99465	59.70329	60.093098	56.67303	53.426495	51.197327	48.13248	50.159412	50.90501	48.775913	49.22181	47.41621	44.39814	41.4184	37.780407	35.43022	31.766706	29.948963	26.830235	26.580252	24.654486	22.195265	22.903416	20.428001	20.335567	19.331642	21.384546	18.985435	16.72615	18.63076	21.026642	19.465216	21.64193	22.268314	24.746996	27.546923	30.969484	34.082943	36.732426	39.69656	43.304928	45.5487	47.60286	50.439663	50.582268	53.601387	50.53149	48.29202	44.672703	42.079796	40.546455	37.63336	34.92801	31.675787	29.068947	25.444653	24.950228	21.389874	21.932388	20.34933	20.371725	19.081284	20.497683	21.729025	25.390188	26.61211	30.229568	32.040005	34.79722	36.780785	38.151917	36.26514	34.508244	33.79157	33.210175	33.11492	31.263815	31.69034	29.028868	29.754429	29.019613	25.874495	24.839088	26.010262	28.140509	31.868282	33.325077	32.704075	35.712524	37.46268	36.047222	32.4323	32.728825	34.022312	31.001926	28.034348	29.689339	29.353273	32.580185	32.58842	32.764633	29.499977	27.446535	29.730543	28.302254	24.672243	22.169163	22.00975	18.286585	17.9034	19.038784	17.049564	14.492705	10.975387	11.636539	14.892527	14.233744	14.357858	17.457115	19.064999	18.811985	20.552532	23.171776	23.820488	24.444105	26.872597	28.405296	28.911652	30.633568	32.880875	33.468246	33.000507	30.314566	28.880142	25.238014	23.381433	23.04728	20.352066	19.56207	20.897793	20.464495	24.031408	25.367899	25.759909	22.05865	22.447632	20.831268	23.793526	23.726452	25.308834	26.663528	27.859835	30.719198	30.681784	33.35472	33.896072	37.093685	38.88215	41.343956	44.89691	46.39231	43.987373	41.815536	38.499134	35.511333	35.86057	33.359356	31.598164	33.10057	30.743446	32.19896	29.758432	30.624012	29.27382	28.82337	28.84897	26.23075	28.91994	29.042316	25.309898	25.126926	28.4551	26.940855
W-420-B	81.10086	81.58226	80.72331	77.457954	76.3508	77.52995	75.519196	72.33323	72.89282	73.23607	70.04358	68.127	69.66991	68.874535	65.24292	65.02307	66.54618	64.37402	61.45082	63.339806	62.182865	64.521255	66.34501	69.43508	69.27122	71.78147	73.34659	75.57621	74.50456	75.534225	73.70224	70.50431	70.64446	71.35067	68.45726	66.04156	66.996216	66.56867	63.077618	61.794838	63.399914	61.88431	58.52838	58.828983	60.1508	57.293427	54.55058	56.19515	56.369305	53.043274	50.883915	47.637543	48.54992	45.420544	47.446896	49.993996	47.49971	47.217762	43.893127	44.209763	45.65223	48.6852	47.257496	44.349716	45.035324	44.418507	42.031532	39.77867	39.958088	38.877014	35.918465	34.845406	35.411266	33.66994	30.537651	30.591702	31.202719	28.666786	31.799366	33.709408	37.32512	38.323124	41.856155	42.685112	46.10429	47.167236	46.882114	43.10434	43.10656	40.88847	43.163715	40.994762	37.41093	36.013844	33.92689	31.12442	30.501398	28.414782	25.856918	25.943974	26.046738	25.524273	29.041979	31.618792	34.87762	36.56603	34.407658	35.937885	39.44467	42.086735	39.828445	39.98384	37.625664	37.59665	35.528046	32.692146	33.35228	32.632523	35.937347	36.14659	36.633286	39.16911	42.46991	41.803173	40.8742	43.879326	45.933784	44.75791	45.591457	48.80797	50.307384	50.77024	53.742737	55.594204	58.68179	58.58526	61.74874	62.31238	62.614227	59.234173	55.95342	53.887352	50.73077	52.707592	53.643833	51.590405	52.20778	50.341717	47.260803	44.4154	40.80185	38.62984	35.032368	33.347477	30.251083	29.837366	27.884058	25.17638	25.591208	22.895573	22.310167	21.49603	23.921276	21.615198	19.715141	21.975788	24.413502	22.90914	25.056839	25.494135	28.010736	30.611164	33.957256	37.021664	39.513577	42.46554	46.12298	48.45342	50.37329	53.220146	53.253582	56.192543	53.449257	51.24649	47.577972	44.99598	43.259945	40.319595	37.45409	34.36853	31.677343	28.171623	27.783041	24.10446	24.167963	22.334808	21.767063	20.21398	21.838512	22.853073	26.328352	27.817158	31.256609	32.66013	35.478912	37.13811	38.53432	36.331554	34.295757	33.18526	32.227455	31.724236	29.528185	29.57067	26.639036	26.989021	26.075764	22.816063	22.167782	23.352789	25.811068	29.430096	31.223742	30.985617	34.20853	36.211155	35.097694	31.444593	31.85359	33.539406	30.620827	27.454376	29.070261	28.262697	31.229586	30.86406	30.821817	27.750694	25.522676	27.460163	25.670292	22.192852	19.621832	19.906895	16.149382	15.95696	17.739412	16.0271	14.213631	10.523605	11.929304	14.500198	12.882549	13.024301	16.544224	17.691494	16.829964	18.906698	21.658829	21.77109	22.233381	25.022728	26.39188	26.486975	28.369743	30.861078	31.331596	31.225525	28.854708	27.825558	24.30284	22.968916	23.01941	20.18679	19.53534	20.407145	20.065382	23.655714	24.833956	25.777388	22.252487	22.941952	21.232622	24.03332	23.974838	25.054764	26.203115	26.888067	29.521988	29.038347	31.43102	31.602446	34.690475	36.24527	38.53533	42.169907	43.481167	40.955074	38.96005	35.532402	32.68146	33.03739	30.755411	29.305397	31.13016	29.109087	30.956734	28.847996	30.166113	29.200144	29.152151	29.661316	27.41038	30.25813	29.979431	26.215614	26.535126	29.769867	27.91005
F-421-B	81.485435	82.1354	81.24995	77.90799	76.941216	78.23493	76.140114	72.94857	73.69349	74.07417	70.788155	68.98259	70.69149	69.85297	66.18218	66.14304	67.76379	65.50748	62.689396	64.75811	63.74327	66.14338	67.8927	70.920975	70.595345	73.124504	74.53368	76.83291	75.70641	76.892426	75.15474	71.86524	72.029144	72.91412	70.05333	67.53608	68.590706	68.32397	64.78679	63.455967	65.22546	63.8337	60.398167	60.732906	62.237545	59.431957	56.61459	58.367836	58.714146	55.392025	53.40409	50.07848	50.941433	47.684856	49.53923	52.068165	49.556778	49.055584	45.63341	45.665123	46.91475	49.797516	48.110302	45.275257	45.899906	45.487385	42.909023	40.62401	41.13618	40.12963	36.959126	36.029346	36.949257	35.190468	31.922083	32.26809	33.14544	30.507196	33.578144	35.2321	38.833862	39.8806	43.39859	44.300312	47.731873	49.029484	48.598507	44.83716	44.549168	42.245037	44.350212	42.146667	38.57956	37.07873	34.675987	32.11355	31.681082	29.235725	26.782873	27.371363	27.470802	26.451193	29.901905	32.15699	35.580223	37.07014	35.110996	36.966045	40.37126	43.03652	40.961704	41.43457	39.29924	39.424137	37.106445	34.416653	35.427162	34.8714	38.151627	38.657745	39.153114	41.472374	44.898804	44.39172	43.26962	46.142612	48.381924	47.19958	47.793835	51.008064	52.699596	53.114025	55.95273	57.789932	60.77657	60.61089	63.744152	64.12666	64.49882	61.215576	57.835682	55.86772	52.726223	54.816032	55.909245	54.03455	54.67183	52.625305	49.615524	46.873722	43.34696	41.253986	37.694683	35.91201	32.686756	31.911234	29.70518	26.766575	26.674995	23.648563	22.458824	21.667295	24.392912	22.186712	20.83599	23.556616	26.133654	24.95195	27.302794	27.844309	30.614622	33.038776	36.4274	39.304634	41.79486	44.58548	48.22287	50.47073	52.179337	54.90472	54.7008	57.481426	55.006966	52.98007	49.303257	46.88407	45.038776	42.232994	39.35581	36.37675	33.839306	30.452446	30.425303	26.739601	26.540367	24.304838	23.517664	21.46842	22.813025	23.28377	26.531204	27.948118	31.174849	32.232025	35.241276	36.553936	37.741993	35.26308	33.170284	31.708988	30.611296	29.76508	27.424904	27.119183	24.029709	24.162277	22.924923	19.806744	19.373634	20.957664	23.679089	27.165195	29.146322	29.222618	32.507202	34.820072	33.7872	30.227358	31.014154	32.9081	29.924284	26.805996	28.683434	27.614069	30.352875	29.564137	29.640537	26.870317	24.258959	25.79796	23.797573	20.516972	17.577097	17.858402	14.094735	14.679012	16.70388	14.808066	13.637569	9.935689	11.26277	13.0032425	10.690035	10.3531275	14.078485	15.080169	13.667917	15.731921	18.662218	18.542017	18.73611	21.67071	23.087242	22.969822	24.797321	27.427408	27.976606	28.097628	25.91987	25.236103	21.894775	20.92496	21.498112	18.850288	18.726542	19.537712	19.742266	23.4088	24.815092	26.198828	22.834072	23.346697	21.23623	23.605776	23.191624	23.727745	24.435312	24.735807	27.055693	26.271221	28.426325	28.4224	31.548279	32.93452	35.257957	38.89821	40.103832	37.495613	35.47439	32.05687	29.299896	29.873028	27.750412	26.372957	28.437607	26.667377	28.775564	27.014793	28.599827	28.086155	28.187407	29.125847	27.163029	29.946709	29.196598	25.435183	26.116377	29.111418	26.85825
S-422-B	82.526085	83.311104	82.524376	79.10791	78.16142	79.61566	77.55886	74.29927	75.1359	75.66636	72.356026	70.53222	72.38865	71.65312	67.938736	67.93605	69.71882	67.51483	64.700485	66.87855	66.036964	68.56184	70.37332	73.30479	72.83086	75.27424	76.54975	78.79938	77.53067	78.76	77.16646	73.81422	73.860664	74.859764	72.10516	69.4586	70.45439	70.35269	66.83809	65.34772	67.15536	65.936676	62.43226	62.627907	64.26407	61.590885	58.64189	60.328556	60.856613	57.626408	55.7487	52.327335	52.977634	49.648777	51.49842	53.864727	51.205204	50.463493	47.05277	46.939674	47.907726	50.746044	48.864765	46.223793	47.017063	46.896664	44.312508	41.83323	42.50302	41.77213	38.497147	37.42548	38.621456	37.101627	33.662773	33.96292	35.193703	32.72332	35.899563	37.566525	41.217	42.483715	46.054325	47.14841	50.6444	52.08188	51.71046	47.94707	47.519207	45.06786	46.98401	44.627617	41.01494	39.27312	36.690495	34.170715	34.07779	31.520712	28.936441	29.83827	30.22301	29.044891	32.523987	34.523483	37.95161	39.47619	37.763657	39.71091	42.996693	45.78006	43.890594	44.535263	42.42351	42.72991	40.38894	37.670696	38.800915	38.401695	41.731884	42.282272	42.666584	44.953247	48.402245	47.826397	46.59762	49.49075	51.72627	50.415066	50.94779	54.229877	55.929016	56.20183	58.97913	60.691193	63.59112	63.269127	66.31032	66.557976	66.83373	63.596176	60.202843	58.399063	55.179504	57.20256	58.46914	56.666584	57.46874	55.381107	52.317093	49.710686	46.21757	44.29815	40.813988	39.17543	36.00383	35.133522	32.972652	29.879978	29.625067	26.543226	25.063515	24.516817	27.462597	25.424055	24.261354	27.130028	29.645075	28.431314	30.682713	31.026941	33.776424	36.021496	39.311504	42.140118	44.465454	47.240005	50.90685	53.23833	54.825546	57.56302	57.277103	59.981792	57.82839	55.822895	52.112797	49.69572	47.670994	44.84297	41.836967	39.031902	36.428062	33.17515	33.21088	29.472385	28.901821	26.538628	25.294191	23.128603	24.62689	24.938276	27.911537	29.564901	32.553482	33.204094	36.18769	37.17151	38.394035	35.652164	33.29936	31.468374	29.977282	28.703451	26.01653	25.267115	21.91443	21.56365	20.13021	16.89671	17.014778	18.569944	21.638666	24.909624	27.255186	27.772755	31.23376	33.772755	33.09373	29.566153	30.439495	32.702496	29.907303	26.666662	28.433039	26.895866	29.277027	28.09173	27.924234	25.450489	22.708208	23.78195	21.38928	18.411905	15.482759	16.34629	12.809962	13.648808	16.298595	14.912037	14.687891	11.410871	13.2753	14.11631	10.995322	10.835527	14.583138	14.8342905	12.734837	15.186461	18.044268	17.183392	17.217773	20.536818	21.629702	20.985113	23.043541	25.903345	26.238628	26.786104	25.044447	24.837763	21.750221	21.430237	22.323576	19.636786	19.60126	19.849224	20.109957	23.60376	24.781748	26.66134	23.600628	24.389622	22.320671	24.452873	24.11317	24.137835	24.643724	24.366413	26.379013	25.094097	26.87345	26.414497	29.343935	30.449991	32.53476	36.25064	37.252365	34.531326	32.739964	29.201939	26.616869	27.155962	25.318735	24.362165	26.770182	25.438446	27.944822	26.592604	28.628847	28.50772	29.036633	30.405653	28.844774	31.734142	30.667347	26.996233	28.126593	30.991156	28.525335
F-423-B	79.907234	80.81576	80.011795	76.54571	75.707924	77.24862	75.136215	71.87818	72.859024	73.42572	70.05334	68.31904	70.312	69.55718	65.82036	65.96472	67.8404	65.5888	62.868538	65.20404	64.521385	67.12103	68.8878	71.72765	71.08626	73.514015	74.63516	76.92429	75.596725	76.960846	75.46852	72.04028	72.09955	73.266464	70.55894	67.819145	68.90668	68.96703	65.42149	63.8883	65.85834	64.77301	61.200844	61.441555	63.26611	60.657547	57.647087	59.46228	60.17688	56.960873	55.30314	51.8096	52.422924	48.968975	50.592495	52.948776	50.326336	49.38881	45.885372	45.48017	46.306015	48.96386	46.878983	44.282314	44.970654	45.008045	42.273624	39.808086	40.772343	40.094658	36.667786	35.763783	37.269444	35.7374	32.22843	32.83432	34.29184	31.755707	34.827457	36.245285	39.852104	41.221928	44.773335	46.017647	49.541306	51.228245	50.82046	47.08827	46.380676	43.782078	45.46062	43.015526	39.42563	37.540485	34.721874	32.416042	32.569073	29.781942	27.265646	28.613073	29.117916	27.583763	30.991114	32.649162	36.107216	37.565243	36.137302	38.25693	41.375416	44.245407	42.612232	43.553326	41.58844	42.174118	39.716415	37.047832	38.50462	38.435074	41.81484	42.6507	42.84805	44.900085	48.45467	47.934513	46.425663	49.212536	51.584938	50.163956	50.435246	53.752094	55.612522	55.738884	58.34291	59.96674	62.721775	62.2783	65.250565	65.2949	65.61667	62.495884	59.019604	57.353188	54.150013	56.26711	57.71839	56.13698	56.993877	54.71294	51.727486	49.28761	45.92636	44.175842	40.800636	39.166935	35.95288	34.72036	32.473335	29.148958	28.515896	25.340982	23.48171	23.307384	26.561377	24.943615	24.027363	27.199055	29.52539	28.39852	30.61391	30.865856	33.80295	35.749508	39.006714	41.597122	43.85087	46.434475	50.06297	52.33311	53.680965	56.311268	55.81652	58.36605	56.577442	54.713642	50.999912	48.724743	46.547813	43.852154	40.831787	38.20235	35.765156	32.71113	33.153305	29.464106	28.590622	25.85095	24.457767	21.869272	23.04937	22.903465	25.58965	27.214409	29.96642	30.329659	33.384155	34.122047	35.23053	32.347786	29.966223	27.974232	26.45674	25.088652	22.442572	21.688503	18.406294	18.291975	16.945189	13.868269	13.587392	15.443631	18.42816	21.713207	23.929417	24.440714	27.83498	30.493979	29.755966	26.327782	27.48185	29.768562	26.914198	23.805964	25.822325	24.267496	26.559082	25.200512	25.360342	23.065498	20.031105	20.997435	18.796076	15.844722	12.553137	12.998644	9.503477	11.073567	13.535284	11.991865	12.373734	9.613777	11.502848	11.439732	7.908752	8.099638	11.640722	11.337756	9.219244	12.0746355	14.600715	13.587322	14.010613	17.30307	18.125042	17.684772	19.960604	22.613735	22.751087	23.166203	21.424942	21.236925	18.209215	18.19199	19.212717	16.58571	16.802746	16.93999	17.64934	21.1141	22.57507	24.679605	21.802164	22.32873	19.993296	21.725483	21.203856	20.864788	21.189922	20.703136	22.640476	21.31791	23.148191	22.806223	25.790941	27.087885	29.317686	32.97954	34.188923	31.637487	29.664814	26.214739	23.41237	23.907383	21.867819	20.707365	23.038305	21.678158	24.214664	22.984844	25.14029	25.26025	25.94684	27.607542	26.359058	29.250778	27.909868	24.347248	25.853943	28.57669	25.99626
M-424-B	81.44778	82.51068	81.71618	78.191086	77.4642	79.12016	76.96659	73.70446	74.834175	75.46002	72.033165	70.38224	72.51315	71.755196	68.002556	68.277275	70.24282	67.95695	65.32373	67.785515	67.22985	69.877594	71.597755	74.369644	73.5979	76.0122	76.99708	79.31384	77.92411	79.39622	78.00318	74.51617	74.56434	75.866455	73.21432	70.39471	71.52581	71.72211	68.16985	66.57901	68.64578	67.67717	64.06093	64.28669	66.23575	63.697945	60.63188	62.478832	63.322765	60.144184	58.600964	55.065556	55.601955	52.09031	53.61751	55.907936	53.253784	52.14272	48.62236	48.025047	48.64774	51.175293	48.892056	46.43177	47.12182	47.36603	44.54332	42.043003	43.239304	42.683735	39.157307	38.31848	40.066147	38.60091	35.04144	35.77616	37.41862	34.902973	37.9161	39.177544	42.735928	44.145714	47.65705	48.949905	52.45648	54.283783	53.786617	50.09123	49.201775	46.568172	48.10522	45.65045	42.11204	40.15714	37.154327	35.056217	35.368614	32.405163	30.005033	31.642427	32.155254	30.353981	33.635265	35.0189	38.52514	39.814938	38.568985	40.88721	43.887207	46.74208	45.25871	46.40256	44.600285	45.26292	42.67174	40.128475	41.76123	41.752914	45.08283	46.059322	46.289368	48.22512	51.827827	51.400566	49.80875	52.509716	54.972828	53.55661	53.697166	56.997128	58.95763	59.05272	61.56794	63.166706	65.84307	65.34079	68.26898	68.18204	68.52744	65.48593	61.966537	60.39364	57.20381	59.35985	60.919743	59.449554	60.337933	57.96719	55.0256	52.666958	49.367287	47.676357	44.337887	42.67127	39.41669	38.024544	35.66394	32.27504	31.360302	28.057455	25.84973	25.671253	28.992134	27.44129	26.906385	30.236258	32.644226	31.722876	34.02942	34.340874	37.35803	39.211628	42.456112	44.93631	47.15409	49.635483	53.23359	55.45423	56.65593	59.197094	58.543648	60.961697	59.39507	57.65748	53.959816	51.79842	49.55547	46.955765	43.939106	41.414253	39.069305	36.117165	36.705563	33.039795	32.033237	29.164286	27.625803	24.874739	25.899338	25.409763	27.782162	29.345203	31.806711	31.796343	34.913776	35.268982	36.185486	33.056496	30.611275	28.229826	26.48081	24.631	21.766973	20.409967	16.902346	16.201412	14.262208	11.428335	11.903371	14.230412	17.580956	20.447647	22.995934	24.039444	27.467478	30.449324	29.94812	26.726776	28.205746	30.729906	27.982279	24.99604	27.092503	25.212618	27.075539	25.214159	25.358637	23.561558	20.278954	20.562605	18.031021	15.671979	12.260991	12.976603	10.151003	12.463537	15.065099	13.763213	14.896336	12.662127	14.251591	13.357946	9.61609	9.249046	12.244319	11.446706	8.386519	11.072586	13.572617	11.835938	11.676889	15.290607	15.982918	14.90567	17.187588	20.132107	20.282656	21.221	19.990425	20.459051	17.92494	18.564957	20.164621	17.922215	18.617023	18.526625	19.62563	22.864685	24.330263	26.799541	24.233973	24.708073	22.243656	23.503508	22.740368	21.78795	21.584892	20.494774	21.849594	19.978699	21.2608	20.45194	23.348278	24.256416	26.393158	30.0909	31.051363	28.326933	26.44622	22.943792	20.384901	21.170464	19.542206	18.741434	21.509008	20.716196	23.63872	23.001152	25.499485	26.16927	27.077751	29.142399	28.244764	30.999313	29.253304	25.850552	27.654665	30.054337	27.183409
N-425-B	79.45195	80.65229	79.920364	76.339005	75.67498	77.46943	75.32901	72.03577	73.28579	74.02862	70.57651	68.96023	71.2441	70.55629	66.78438	67.149216	69.2621	67.009	64.43686	67.035835	66.68806	69.450874	71.19264	73.83018	72.871956	75.198975	76.00971	78.2955	76.78305	78.34413	77.10795	73.55672	73.53094	74.9908	72.448685	69.50856	70.64482	71.03669	67.50265	65.79522	67.96682	67.19014	63.51452	63.68068	65.81044	63.408764	60.247684	62.12251	63.18424	60.09103	58.763702	55.154663	55.542213	51.94222	53.30837	55.479576	52.793747	51.4384	47.903214	47.048313	47.421097	49.781013	47.290386	44.995113	45.711033	46.217876	43.34859	40.77372	42.215496	41.865788	38.25251	37.440006	39.49925	38.197723	34.57184	35.443737	37.38751	34.9873	37.946854	39.06728	42.57973	44.188137	47.68966	49.20209	52.745743	54.78449	54.35263	50.699608	49.590706	46.783928	48.038746	45.438496	41.920155	39.742138	36.566826	34.6346	35.30771	32.251396	29.839281	31.84926	32.628525	30.636438	33.841576	34.861916	38.284237	39.601646	38.708187	41.083954	43.86695	46.84401	45.649548	47.03184	45.300705	46.2575	43.665398	41.111908	42.954372	43.26136	46.653587	47.78633	47.78477	49.567078	53.21056	52.732788	50.91054	53.56482	56.064762	54.48176	54.44037	57.797363	59.824734	59.718033	62.077267	63.51524	66.031235	65.34703	68.15196	67.86084	68.158775	65.23144	61.681915	60.310707	57.09947	59.245342	61.015762	59.73394	60.761406	58.269257	55.356583	53.207703	50.037354	48.58298	45.39545	43.86409	40.676155	39.060673	36.76832	33.21805	32.085785	28.852018	26.43203	26.710464	30.243418	29.115316	28.671179	32.1244	34.272835	33.29871	35.426735	35.512394	38.557053	40.094025	43.205574	45.49065	47.527157	49.865646	53.42883	55.66268	56.64276	59.12592	58.32429	60.599564	59.479046	57.824314	54.126953	52.047237	49.611534	47.088943	44.01251	41.738583	39.47428	36.77086	37.616386	34.01535	32.646507	29.56965	27.749702	24.8037	25.698853	24.904531	26.842716	28.524502	30.628584	30.1916	33.22795	33.237816	34.140797	30.835524	28.224512	25.573273	23.5637	21.421638	18.405296	16.793232	13.220863	12.443758	10.587622	7.790042	8.215653	10.7914295	14.187613	16.864222	19.472506	20.751627	24.175875	27.311756	26.999134	23.931025	25.606255	28.304169	25.718554	22.843023	24.962042	22.863567	24.392738	22.222454	22.504099	21.078732	17.603313	17.490355	15.010242	13.019558	9.516276	10.208636	8.213302	11.06069	13.542386	12.704866	14.727202	13.407845	15.15154	13.418747	9.704608	10.074163	12.213633	10.316991	7.3770742	10.513337	12.066141	9.54244	10.023191	13.642651	13.516537	12.333718	15.174279	17.869469	17.464184	18.484415	17.591505	18.31273	16.094343	17.414759	19.05692	16.89343	17.644865	17.053196	18.384863	21.27735	22.729542	25.524109	23.36906	23.817472	21.371054	22.18495	21.466751	20.017326	19.663816	18.05565	19.158941	16.964169	18.054565	17.052666	19.79427	20.800148	22.88882	26.587439	27.706627	25.159826	23.264551	19.76538	16.99684	17.537355	15.80582	15.121453	17.988129	17.473597	20.623793	20.343817	23.1704	24.193087	25.502441	27.935835	27.520088	30.315508	28.330456	25.182003	27.439966	29.675076	26.79774
P-426-B	80.33982	81.64427	80.79006	77.19537	76.712715	78.50445	76.22906	73.01674	74.424805	75.07458	71.54572	70.109856	72.45889	71.624016	67.873245	68.43777	70.50869	68.11656	65.699684	68.40081	68.06961	70.769104	72.345856	74.98028	73.96376	76.380424	77.109474	79.517426	78.07559	79.787	78.54491	74.959496	75.07099	76.63856	74.05602	71.1303	72.432175	72.86438	69.28003	67.67161	69.98362	69.199394	65.52129	65.8456	68.04616	65.60022	62.496387	64.52823	65.604324	62.45491	61.207687	57.62747	58.143497	54.509827	55.70062	57.97081	55.411987	54.045326	50.441883	49.417717	49.80423	51.99513	49.397038	47.066654	47.551296	48.04399	44.999447	42.61077	44.27985	43.784378	40.096615	39.588974	41.75035	40.25323	36.716267	37.896187	39.759895	37.169876	39.91629	40.732388	44.11333	45.542473	48.917355	50.30507	53.74968	55.900475	55.238503	51.65542	50.355316	47.638668	48.84506	46.397907	43.01699	40.988403	37.671246	36.058056	36.626358	33.35025	31.28183	33.489033	33.981792	31.652624	34.616096	35.419556	38.94157	39.916157	39.081875	41.725857	44.42796	47.253735	46.135864	47.714615	46.257828	47.184914	44.37542	42.075863	44.136642	44.43487	47.6904	49.056313	49.195824	50.777046	54.48734	54.251606	52.36765	54.83552	57.512398	56.06983	55.83964	59.093212	61.30543	61.29178	63.549194	65.08459	67.554085	66.94589	69.78429	69.41043	69.87824	67.039894	63.41701	62.01605	58.921207	61.23251	62.999767	61.844624	62.73422	60.110832	57.344154	55.189945	52.096706	50.56468	47.367287	45.624153	42.306538	40.46915	37.92604	34.39044	32.89502	29.48101	26.706656	26.791782	30.273287	29.186327	29.2401	32.85344	35.14131	34.553383	36.915756	37.283936	40.513214	42.04719	45.249096	47.37772	49.54108	51.70656	55.1845	57.227524	58.074272	60.377293	59.372932	61.496765	60.4099	58.966278	55.33296	53.463634	51.106747	48.78677	45.859795	43.5718	41.551357	38.879574	39.953625	36.434933	35.2002	31.978725	30.393686	27.227364	27.682684	26.451853	28.213634	29.49526	31.40204	30.82793	34.05174	33.820324	34.31103	30.902956	28.555756	25.730118	23.934591	21.60778	18.83237	16.910404	13.539787	12.674885	10.047689	8.530195	9.097225	12.463132	15.640444	17.864609	20.336637	21.788927	24.93915	28.293533	27.821257	25.077103	27.219326	29.776981	27.063171	24.566849	27.027918	25.075777	26.448002	24.057253	24.716581	23.637577	19.984562	19.538004	17.256985	15.727291	12.191753	12.180399	10.701746	14.085761	15.975212	14.649037	16.626493	15.436729	16.37521	14.1789665	10.831591	10.147	11.498694	9.822242	6.282244	8.314385	9.936695	7.2233624	6.6272926	10.388667	10.626235	9.104652	11.578382	14.526431	14.584672	15.904812	15.24422	16.506266	14.812234	16.422453	18.740503	17.285973	18.794374	18.626055	20.569408	23.430128	25.253794	28.010397	25.910791	25.913103	23.119211	23.44986	22.164673	20.308245	19.245005	17.39729	17.869732	15.44763	16.122093	15.066549	18.074375	18.836927	21.247284	24.837008	25.852076	23.19777	21.003645	17.682093	15.075859	16.376696	14.940276	14.07373	17.133518	16.921227	20.114159	20.283937	23.04508	24.51681	25.61875	28.239264	27.94201	30.383347	28.027325	25.021927	27.317648	29.137945	25.960625
W-427-B	79.875656	81.31489	80.577515	76.927956	76.46646	78.42034	76.20849	72.944466	74.43894	75.25133	71.728035	70.28001	72.77194	72.06364	68.29784	68.894356	71.12988	68.82368	66.43033	69.22957	69.10209	71.92628	73.570435	76.06819	74.88591	77.17977	77.75052	80.080956	78.487144	80.238174	79.1686	75.537155	75.51965	77.21016	74.765114	71.71718	72.95488	73.57314	70.03892	68.275246	70.627174	70.04318	66.31932	66.51035	68.85134	66.56764	63.355717	65.32898	66.604	63.57345	62.486084	58.838585	59.148033	55.46676	56.5912	58.682064	56.032898	54.42861	50.87191	49.672874	49.76719	51.838306	49.064213	46.970726	47.589455	48.38012	45.378956	42.854046	44.67646	44.464703	40.752205	40.144794	42.551193	41.3127	37.709393	38.858665	41.017113	38.636543	41.40441	42.2073	45.56896	47.22272	50.609276	52.21432	55.702637	57.98913	57.443413	53.888943	52.465813	49.59639	50.56553	47.962936	44.58433	42.32383	38.916443	37.377502	38.29444	35.036327	32.87857	35.305073	36.097927	33.740936	36.675976	37.21628	40.60948	41.67325	41.137363	43.753197	46.271687	49.217987	48.33041	50.047672	48.584953	49.734974	46.98929	44.630013	46.768898	47.277603	50.6018	51.995636	51.945312	53.481884	57.191124	56.845177	54.824627	57.309826	59.951843	58.34305	58.036602	61.357044	63.557007	63.35452	65.51367	66.87795	69.21855	68.42424	71.130165	70.595116	70.95386	68.199104	64.58797	63.390575	60.243336	62.469986	64.42345	63.383453	64.4465	61.780262	58.98948	57.01876	54.007874	52.69415	49.621826	48.0614	44.847767	42.939125	40.532154	36.902058	35.360855	32.070515	29.25179	29.684906	33.277756	32.442757	32.450287	36.07619	38.1739	37.449696	39.617287	39.737152	42.898552	44.20469	47.25595	49.28628	51.242058	53.346703	56.812458	58.92741	59.62142	61.920803	60.844276	62.868244	62.181816	60.757275	57.11895	55.2619	52.723583	50.411236	47.39269	45.33523	43.29493	40.820744	41.975597	38.48281	36.928505	33.65089	31.74229	28.576067	29.107615	27.79188	29.166683	30.658058	32.22446	31.225739	34.261482	33.674046	34.2257	30.656101	28.079136	24.951624	22.746452	19.981712	16.928526	14.442355	10.94853	9.386367	6.3827696	5.401533	6.8699512	10.182998	13.402742	15.034233	17.78602	19.753729	22.915606	26.433107	26.378363	23.851107	26.062443	28.8894	26.515738	24.093798	26.35229	24.049269	24.90377	22.120272	22.670359	22.120968	18.465883	17.361715	14.967131	14.208557	11.118198	11.505552	11.186041	14.439896	16.368029	15.78195	18.398531	17.797966	19.08007	16.557386	13.321776	13.329755	14.210813	11.763673	8.854188	10.917407	11.40198	7.854557	7.839907	11.199577	10.197789	7.9835196	11.153896	13.850184	13.078696	14.87258	14.995346	16.734873	15.601395	17.904907	20.124557	18.703682	20.036001	19.24957	21.12558	23.51516	25.067158	28.151346	26.50679	26.696213	24.127094	24.157667	23.101604	20.835737	19.712927	17.252449	17.28143	14.301037	14.349538	12.597943	15.149878	15.680693	17.787842	21.470568	22.443926	19.837778	17.859146	14.38444	11.735912	12.783674	11.639705	11.465516	14.895504	15.404586	18.944935	19.676592	22.837547	24.665571	26.249601	29.18552	29.350592	31.856504	29.359037	26.637177	29.29151	30.990147	27.884909
T-428-B	82.34349	83.72658	83.09821	79.45076	78.854485	80.83024	78.72661	75.39634	76.77561	77.671585	74.206505	72.61768	75.06232	74.470695	70.68772	71.12385	73.388664	71.187485	68.66765	71.37385	71.206566	74.063835	75.83022	78.35572	77.24267	79.47944	80.12689	82.36407	80.71527	82.33861	81.26854	77.66825	77.5342	79.12407	76.70815	73.654045	74.73905	75.30884	71.81921	69.96993	72.1779	71.58471	67.8688	67.90393	70.15456	67.899666	64.640076	66.43879	67.668274	64.68368	63.462936	59.799725	59.991165	56.36408	57.710545	59.701374	56.90224	55.31824	51.849644	50.847668	50.899334	53.144806	50.45739	48.440712	49.307674	50.12826	47.29067	44.588875	46.189224	46.115494	42.476597	41.569374	43.84949	42.783592	39.100864	39.913033	42.10408	39.881332	42.863678	43.96225	47.447807	49.189133	52.678078	54.304928	57.85471	59.99553	59.572403	55.948517	54.724434	51.8534	52.944775	50.276764	46.79088	44.471497	41.19098	39.38028	40.28871	37.19418	34.788	36.96889	37.883026	35.804077	38.931114	39.719986	43.096333	44.34963	43.663776	46.123734	48.770844	51.77146	50.733875	52.25145	50.590412	51.630264	49.00177	46.490498	48.397625	48.74438	52.127266	53.281944	53.27221	55.033417	58.6838	58.192654	56.32958	58.97386	61.47762	59.83741	59.749268	63.12587	65.166115	64.97487	67.27376	68.618866	71.048355	70.24171	72.9514	72.526825	72.7489	69.893745	66.35086	65.13616	61.890118	63.97005	65.87948	64.6691	65.81875	63.30429	60.372456	58.336018	55.205494	53.864876	50.729965	49.278168	46.12423	44.47898	42.19728	38.616436	37.38165	34.133312	31.55673	31.857668	35.39402	34.28023	34.021984	37.516262	39.715076	38.789925	40.908657	40.934208	43.940914	45.39567	48.428005	50.671066	52.579502	54.882923	58.43598	60.705856	61.567547	64.02078	63.124718	65.28806	64.46088	62.865723	59.176014	57.13667	54.591076	52.09128	48.95838	46.835754	44.55288	41.958954	42.800472	39.19383	37.639732	34.574688	32.494114	29.602726	30.576412	29.676992	31.269703	33.034595	34.793495	33.914444	36.826973	36.38618	37.202328	33.675232	30.910173	27.837013	25.395714	22.606497	19.266466	16.693115	12.966186	10.707737	7.8653436	5.757254	8.532608	10.859918	14.5222845	16.101017	19.310755	21.50265	24.913992	28.33628	28.611814	25.90017	27.712225	30.765926	28.587942	25.839514	27.704254	25.104683	25.87607	23.08169	23.005598	22.396326	18.987318	17.755861	14.744071	14.094056	11.400292	12.90426	12.279569	14.879159	17.512241	17.349731	19.840502	18.822805	20.584963	18.583023	15.001119	15.130509	16.756927	14.561281	11.459717	13.812646	14.851746	11.480871	11.171368	14.714392	13.941938	11.431801	14.326335	17.280859	16.534155	18.561497	18.784067	20.447733	19.098475	21.16628	23.159096	21.34391	22.232862	21.198862	22.524378	24.925995	26.022045	29.198824	27.51032	28.16888	25.898169	26.36101	25.67867	23.69908	22.949774	20.606634	20.857546	17.872808	17.82726	15.733364	17.807995	17.896065	19.387342	23.181076	23.727682	20.859236	19.490091	15.769627	13.667379	14.388302	13.776632	14.349378	17.855782	18.507002	22.11176	22.707811	25.950785	27.539022	29.229305	32.030262	32.033764	34.735012	32.452965	29.57278	32.09395	34.036594	31.00692
K-429-B	84.42691	85.71179	84.972916	81.36804	80.77342	82.61365	80.44122	77.16227	78.483376	79.23077	75.752304	74.19029	76.51523	75.79854	72.03022	72.45279	74.565445	72.27461	69.74408	72.364174	72.0029	74.73497	76.4248	79.083916	78.12638	80.48619	81.274796	83.59285	82.08666	83.682686	82.45416	78.89444	78.8837	80.364105	77.81949	74.878975	76.024704	76.42153	72.88496	71.17975	73.346954	72.56426	68.892334	69.045334	71.15726	68.74835	65.589775	67.42916	68.46139	65.36491	63.968987	60.37263	60.753605	57.18067	58.61625	60.76753	58.03595	56.673504	53.171394	52.34412	52.647488	55.006844	52.467278	50.25462	51.01222	51.57551	48.696392	46.114098	47.57699	47.250893	43.63498	42.808933	44.856422	43.556614	39.933525	40.745556	42.652496	40.238014	43.213017	44.33592	47.838554	49.345	52.81422	54.20297	57.695625	59.68952	59.123077	55.476196	54.379356	51.687138	53.023506	50.530403	47.055195	44.97665	41.778404	39.91166	40.468243	37.353344	35.05127	36.99847	37.589874	35.542854	38.67726	39.71928	43.229244	44.34843	43.361187	45.87486	48.702705	51.55233	50.275436	51.652466	50.01983	50.789936	48.078197	45.659023	47.465115	47.53295	50.816166	51.91837	52.164936	53.992207	57.63565	57.27723	55.594734	58.218567	60.75792	59.31653	59.324257	62.618904	64.66947	64.696465	67.10658	68.63923	71.206635	70.596344	73.441444	73.17861	73.5096	70.571014	67.01831	65.599045	62.40518	64.563545	66.28101	64.93942	65.91204	63.454113	60.540813	58.30422	55.07518	53.48963	50.207954	48.556057	45.28869	43.752865	41.3153	37.86309	36.68116	33.29306	30.756311	30.611767	33.96653	32.506348	32.35104	35.80341	38.27543	37.53068	39.8894	40.207966	43.268345	45.002216	48.196587	50.565075	52.690845	55.069794	58.636913	60.832443	61.853386	64.303154	63.469624	65.71983	64.48446	62.883923	59.205692	57.160408	54.810024	52.302345	49.262665	46.897987	44.6197	41.804348	42.51085	38.860275	37.65528	34.68781	32.912777	30.063562	31.00383	30.201487	32.149086	33.698032	35.745506	35.21652	38.31181	38.130726	38.834423	35.410187	32.860783	29.97035	27.847237	25.303377	22.158754	19.847486	16.173656	14.29419	11.351896	9.348297	11.490952	14.076726	17.731857	19.64276	22.693262	24.601765	27.993734	31.358805	31.331116	28.490412	30.299786	33.160065	30.707579	27.912794	29.945969	27.596146	28.737946	26.189646	26.170238	25.19489	21.78897	20.985447	18.011692	16.837683	13.812033	15.033708	13.511065	16.170818	18.849932	18.075335	19.956957	18.280178	19.713634	18.12917	14.479034	13.821899	15.887611	14.5095825	10.939687	12.848278	14.810394	12.023209	10.857053	14.59238	14.81061	12.396889	14.595151	17.957478	17.997698	19.954634	19.796413	21.333084	19.734493	21.297768	23.492027	21.755276	22.852339	22.36754	23.748695	26.554173	27.855219	30.769413	28.67617	29.201025	26.735527	27.451279	26.527302	24.839481	24.016369	22.077173	22.475754	19.763285	19.94301	18.173622	20.630547	20.660236	22.405153	26.131804	26.522099	23.453249	21.93264	18.321722	16.444836	17.696041	17.078556	17.211018	20.628695	20.919538	24.34269	24.64804	27.598608	28.992723	30.259232	32.816372	32.416485	34.999954	32.791183	29.686083	31.850418	33.82498	30.67443
E-430-B	84.391174	85.57021	84.9475	81.361885	80.59188	82.42657	80.385544	77.035576	78.197296	79.026634	75.62795	73.89443	76.14346	75.564	71.78334	72.00792	74.14593	71.98912	69.31075	71.815735	71.419815	74.195755	76.03773	78.70946	77.82675	80.10541	80.98555	83.18554	81.62223	83.0628	81.8301	78.314674	78.17493	79.534325	77.02551	74.086395	75.06444	75.40426	71.92422	70.13354	72.14453	71.35457	67.70007	67.69568	69.7123	67.34262	64.14353	65.80951	66.80136	63.76428	62.26245	58.657467	58.91629	55.403973	57.037254	59.085815	56.23	54.903976	51.49453	50.86924	51.16664	53.700134	51.289707	49.121998	50.110027	50.671597	47.98089	45.234917	46.448105	46.255264	42.74126	41.616467	43.5208	42.411755	38.734436	39.210983	41.15273	38.936234	42.10644	43.532204	47.145695	48.789253	52.363792	53.83476	57.403316	59.258842	58.89645	55.18902	54.30011	51.557785	52.969364	50.362873	46.773888	44.593235	41.557487	39.39583	40.003838	37.11694	34.527046	36.23049	37.04307	35.336983	38.67255	39.941044	43.3601	44.768917	43.69152	45.956455	48.87371	51.833675	50.454628	51.61986	49.735	50.48298	47.976143	45.34038	46.904156	46.92165	50.305984	51.155582	51.31457	53.353695	56.91513	56.336834	54.76074	57.560547	59.918293	58.374695	58.592342	61.966763	63.825172	63.794228	66.31961	67.777374	70.40549	69.74576	72.56658	72.407845	72.576485	69.54448	66.0766	64.66766	61.371243	63.35933	65.04971	63.55964	64.64936	62.34618	59.293144	57.039814	53.726463	52.18685	48.903805	47.443745	44.30615	43.027863	40.82264	37.40546	36.58537	33.362835	31.166725	31.114918	34.46204	32.90296	32.313152	35.578495	37.96425	36.887074	39.047535	39.138527	41.99293	43.77536	46.883854	49.425335	51.442104	54.001385	57.643204	60.014782	61.18851	63.80967	63.185215	65.58693	64.270294	62.466747	58.738228	56.490585	54.098534	51.397205	48.234486	45.862816	43.347485	40.4825	40.908894	37.19043	35.918507	33.166348	31.20671	28.654392	30.02783	29.67037	31.793203	33.66807	35.90125	35.521835	38.441994	38.487926	39.54277	36.22347	33.469814	30.744352	28.456451	26.075089	22.753029	20.688658	16.903254	15.045982	12.7711735	9.838026	11.966313	13.706015	17.47205	19.658548	22.839024	24.62432	28.226145	31.37426	31.516172	28.421272	29.776096	32.749855	30.448559	27.339447	29.000546	26.515589	27.753105	25.42021	24.95247	23.693851	20.575354	20.020542	16.805817	15.353544	12.667182	14.604409	12.784713	14.660339	17.837648	17.516346	19.280428	17.41273	19.45312	18.376036	14.569662	14.553668	17.191483	15.76574	12.543107	15.120734	17.125841	14.442472	13.952985	17.73472	17.764376	15.643828	18.149982	21.35044	21.079151	22.797855	22.426039	23.5665	21.56304	22.879063	24.579342	22.32352	22.812317	22.022017	22.804438	25.58951	26.476263	29.378008	27.243582	28.210758	26.10846	27.270702	26.825422	25.508184	25.236383	23.506561	24.377857	21.837812	22.339693	20.624912	22.883852	23.095709	24.544754	28.348398	28.787453	25.807356	24.582092	20.847164	18.867805	19.486532	18.673962	18.967577	22.230797	22.298994	25.674887	25.626928	28.60262	29.615932	31.018839	33.384937	32.84786	35.70626	33.825214	30.59223	32.672825	34.990574	32.07839
V-431-B	83.3624	84.38462	83.7501	80.220375	79.33629	81.05401	79.05129	75.70199	76.711975	77.47958	74.13213	72.31155	74.41927	73.84006	70.071846	70.16174	72.205864	70.08017	67.30929	69.68217	69.14701	71.86886	73.75643	76.50667	75.766045	78.06498	79.09202	81.267204	79.77043	81.09709	79.7562	76.30135	76.17295	77.387054	74.8169	71.9614	72.88985	73.08236	69.60853	67.87525	69.77778	68.86107	65.25235	65.254585	67.132805	64.68722	61.54316	63.16156	64.00987	60.934803	59.29421	55.73342	56.06271	52.61607	54.375427	56.484802	53.642345	52.49572	49.107906	48.696426	49.19393	51.881214	49.669197	47.365356	48.372192	48.730995	46.12968	43.40062	44.373135	44.06863	40.649693	39.435577	41.094757	39.93313	36.29374	36.60884	38.373497	36.152943	39.398674	40.997795	44.665077	46.259895	49.87398	51.27799	54.856922	56.554287	56.267345	52.52342	51.82955	49.141296	50.71265	48.128475	44.488197	42.38533	39.527645	37.15702	37.599438	34.88006	32.17868	33.58913	34.380512	32.93476	36.386738	37.930096	41.31945	42.87219	41.595913	43.68272	46.729866	49.68845	48.140408	49.09354	47.054844	47.69019	45.306347	42.565453	43.93385	43.84249	47.253597	47.939796	48.10912	50.28233	53.784595	53.123367	51.666782	54.55353	56.813526	55.288147	55.65935	59.040115	60.788563	60.812202	63.442955	64.940346	67.66225	67.07607	69.94996	69.9396	70.083206	66.960335	63.53977	62.024548	58.712086	60.65374	62.2201	60.595535	61.648613	59.454067	56.349106	53.99713	50.607903	48.98955	45.6577	44.225533	41.130264	40.04288	37.941	34.61304	34.068985	30.949669	29.06176	28.944725	32.200916	30.512362	29.609486	32.707424	35.06787	33.822975	35.91748	35.975185	38.72879	40.636257	43.75929	46.434162	48.493046	51.172592	54.848988	57.27277	58.611164	61.325863	60.868256	63.408905	61.83655	59.90457	56.161606	53.795483	51.48386	48.678547	45.51131	43.022217	40.398396	37.4162	37.650204	33.900417	32.773323	30.18642	28.337965	25.97878	27.54838	27.530563	29.958855	31.89942	34.419456	34.391575	37.27833	37.688625	38.922768	35.80692	33.09504	30.69954	28.605356	26.642246	23.46352	21.951042	18.267754	17.0306	15.303748	11.971991	13.20733	14.64019	18.203796	20.927387	23.83983	25.125164	28.766588	31.646946	31.561289	28.217077	29.269754	32.06438	29.640772	26.36046	27.944084	25.70686	27.378956	25.504826	25.007425	23.203163	20.272192	20.405645	17.413126	15.227237	12.483376	14.307123	11.720069	13.023448	16.307003	15.835671	17.051445	14.761679	17.039118	16.600782	12.848278	13.090703	16.259193	15.236208	12.40911	15.273052	17.5704	15.459524	15.37817	19.100798	19.417435	17.902925	20.403824	23.460722	23.289177	24.517883	23.597069	24.166609	21.656607	22.412853	23.705936	21.113092	21.22796	20.61045	21.030659	24.050076	24.894016	27.503859	25.065773	26.145432	24.169949	25.77763	25.536556	24.737507	24.899775	23.68321	25.101665	23.024817	24.096712	22.858427	25.333462	25.968267	27.596922	31.394478	32.093304	29.258743	27.874859	24.176441	21.886515	22.283562	20.97527	20.815226	23.729794	23.216778	26.302557	25.697596	28.402199	28.934647	30.134308	32.152435	31.278753	34.259335	32.72308	29.311617	31.116686	33.720078	31.017504
E-432-B	79.9893	81.009834	80.46032	76.921844	75.975174	77.747154	75.82082	72.42467	73.40692	74.27097	70.95764	69.06695	71.21071	70.74027	66.96029	66.996056	69.13269	67.09949	64.28944	66.68258	66.26076	69.07822	71.059975	73.72436	72.90539	75.10451	76.07543	78.169685	76.57824	77.87856	76.62464	73.1568	72.92785	74.175545	71.68631	68.76365	69.623245	69.90459	66.46679	64.63121	66.53331	65.72888	62.091618	62.001324	63.955414	61.60872	58.3909	59.972256	60.947105	57.94665	56.42286	52.806385	53.0005	49.510635	51.226353	53.233257	50.339874	49.067905	45.693077	45.207584	45.59128	48.258026	46.009094	43.783535	44.887684	45.36834	42.835384	39.999336	40.98443	40.847927	37.434982	36.102707	37.877457	36.89909	33.198566	33.45944	35.435078	33.381603	36.677494	38.330154	42.017452	43.83013	47.49053	49.109486	52.75723	54.539368	54.434223	50.69493	49.954285	47.1009	48.5005	45.744835	42.0591	39.746403	36.88903	34.454678	35.17643	32.552174	29.670706	31.195938	32.328434	30.966154	34.478256	35.901306	39.143887	40.917435	39.848423	41.79004	44.719376	47.838882	46.456146	47.45944	45.319214	46.20114	43.96041	41.071198	42.47625	42.66322	46.19607	46.891064	46.769943	48.911236	52.401623	51.569077	49.952686	52.892807	55.082767	53.352634	53.6768	57.148468	58.848846	58.667835	61.226635	62.554855	65.18093	64.434654	67.20644	67.10489	67.14092	64.05423	60.653522	59.28356	55.910538	57.769886	59.473583	57.92864	59.136917	56.91712	53.773426	51.58046	48.261356	46.865547	43.66887	42.455273	39.49442	38.34749	36.45774	33.017223	32.534588	29.61877	27.836334	28.197071	31.618784	30.289946	29.14	32.218243	34.23058	32.713413	34.502888	34.2166	36.887573	38.53117	41.497658	44.090183	45.952778	48.604343	52.287292	54.807156	56.058388	58.821014	58.37749	60.903778	59.611588	57.624687	53.858364	51.444187	48.96674	46.120655	42.851414	40.55076	37.87743	35.07421	35.404346	31.683973	30.224487	27.560331	25.426987	23.062307	24.768559	24.825659	27.084183	29.29703	31.71517	31.57148	34.273735	34.68519	36.149067	33.076424	30.192513	27.879519	25.657276	23.838999	20.638954	19.45386	15.90205	15.088489	14.158271	10.487686	11.031544	11.826932	15.159917	18.148285	20.887907	21.933403	25.616297	28.321167	28.301313	24.863216	25.696877	28.540466	26.253784	22.864939	24.26944	21.975563	23.68961	21.969093	21.444159	19.474657	16.618494	17.02973	14.23242	11.6929245	9.070977	11.140651	8.657638	9.436531	12.920525	13.021187	14.621936	12.907395	15.735438	15.12805	11.473139	12.807978	15.741495	14.118482	12.004136	15.451312	17.110027	14.93334	15.778743	19.332138	19.097712	18.009043	20.968458	23.60652	22.92869	23.79456	22.753227	22.989733	20.3307	21.17139	21.987488	19.068686	18.702923	17.609362	17.724241	20.553255	21.205942	23.922224	21.66289	22.943872	21.21663	22.868279	23.012339	22.284594	22.844765	21.65038	23.375908	21.475798	22.845999	21.813238	24.149147	25.203234	26.791382	30.556318	31.610014	29.10648	27.688587	24.031456	21.365265	21.180805	19.428724	19.14908	21.735863	20.992369	23.955845	23.145567	25.904951	26.260317	27.731094	29.763927	29.084341	32.27132	30.872438	27.569958	29.587349	32.331696	29.877768
Y-433-B	80.044945	80.89102	80.34488	76.874825	75.79233	77.43812	75.571724	72.177505	72.978546	73.784515	70.54337	68.54561	70.52201	70.068085	66.31093	66.176285	68.20572	66.22602	63.30443	65.52834	64.94235	67.69404	69.73757	72.49056	71.84394	74.05487	75.197754	77.24838	75.726944	76.880295	75.50827	72.120384	71.887665	72.954475	70.40597	67.58394	68.36107	68.46686	65.05151	63.272026	65.02054	64.07078	60.49674	60.385963	62.158337	59.73391	56.57947	58.0669	58.861973	55.832096	54.118725	50.56036	50.813576	47.42378	49.331066	51.382694	48.482483	47.430733	44.11567	43.9249	44.52879	47.39001	45.39568	43.04745	44.21066	44.462467	42.077282	39.25354	39.91075	39.66974	36.409973	34.927593	36.367596	35.367268	31.729925	31.716717	33.46451	31.455397	34.863514	36.769794	40.51709	42.270256	45.97193	47.50015	51.149975	52.715164	52.70783	48.931217	48.452557	45.684822	47.285984	44.569805	40.83492	38.627686	36.023502	33.327145	33.836468	31.46616	28.451792	29.550556	30.661312	29.67826	33.312126	35.079174	38.25837	40.19359	38.87773	40.584187	43.66465	46.760605	45.164204	45.885696	43.553043	44.267696	42.196117	39.185535	40.3064	40.320328	43.870255	44.32268	44.235397	46.57062	49.967453	49.020508	47.58818	50.64683	52.69325	50.99276	51.538258	55.01202	56.553596	56.447662	59.15026	60.52462	63.271683	62.615128	65.4452	65.534065	65.521286	62.319763	58.99371	57.49842	54.10061	55.87528	57.418823	55.685154	56.860455	54.802788	51.580647	49.259758	45.833687	44.33616	41.074715	39.917168	37.031567	36.178585	34.445774	31.159824	31.067596	28.316837	26.962446	27.19647	30.432081	28.91299	27.382446	30.187525	32.176632	30.441238	32.128895	31.789383	34.28453	36.110992	39.079998	41.869015	43.769577	46.594048	50.32074	52.918186	54.387814	57.271976	57.047287	59.74232	58.13244	55.982025	52.205574	49.634792	47.26595	44.278072	41.000473	38.55472	35.71553	32.75598	32.76963	29.001213	27.736599	25.363018	23.352968	21.351202	23.38376	23.947147	26.566113	28.850773	31.586187	31.853548	34.46814	35.283985	36.937405	34.12008	31.315662	29.381481	27.38158	25.993883	22.999332	22.292494	18.944822	18.514254	17.857239	14.168636	14.2763405	14.73725	17.691238	20.94176	23.408295	24.006979	27.643381	30.021442	29.823692	26.201532	26.642382	29.261953	26.924736	23.393595	24.599281	22.603102	24.71706	23.528233	22.874872	20.398779	17.958033	19.02003	16.51207	13.518544	11.28484	13.102402	10.088045	9.808186	13.206954	13.199156	13.936061	11.687183	14.782295	15.101404	11.801778	13.283239	16.6091	15.571604	13.911437	17.270512	19.207376	17.598547	18.509405	21.949099	22.038395	21.282284	24.08449	26.686348	26.182112	26.753183	25.330616	25.127277	22.105078	22.35861	22.753416	19.565111	18.744095	17.876993	17.438623	20.445118	20.926037	23.22397	20.626186	22.12374	20.663439	22.87184	23.286633	23.17733	24.173243	23.517725	25.667564	24.183565	25.918152	25.198126	27.638247	28.87281	30.520609	34.265423	35.396667	32.92542	31.474543	27.835691	25.109112	24.859219	22.920858	22.398468	24.697315	23.537704	26.178164	24.88011	27.303595	27.145893	28.366056	29.966791	28.897108	32.17886	31.192509	27.738337	29.383478	32.40814	30.206911
I-434-B	80.80319	81.499306	80.86218	77.465866	76.340324	77.81882	75.92352	72.58709	73.27105	73.92708	70.71507	68.71057	70.51754	69.96703	66.247856	66.04199	67.89604	65.87124	62.91453	64.9958	64.193954	66.80828	68.806244	71.68781	71.23161	73.5373	74.85341	76.94711	75.57534	76.65204	75.11066	71.79749	71.671585	72.58159	69.91273	67.234886	68.038765	67.93724	64.50285	62.880573	64.54127	63.38201	59.88554	59.88383	61.47006	58.893448	55.87149	57.371647	57.929962	54.80178	52.89	49.433224	49.891388	46.603825	48.61936	50.828728	48.03106	47.268547	43.964687	44.016167	44.92805	47.906837	46.146458	43.59727	44.645126	44.58095	42.230125	39.56571	39.99018	39.475075	36.334198	34.918137	36.00793	34.783882	31.291609	31.206728	32.563828	30.408503	33.794376	35.789204	39.53149	41.050762	44.7252	46.022144	49.610786	50.966724	50.900036	47.10596	46.84174	44.25764	46.1198	43.571907	39.856697	37.910374	35.51259	32.701866	32.820717	30.584173	27.649164	28.341185	29.157118	28.400602	32.052887	34.155357	37.362904	39.264446	37.62782	39.23611	42.494255	45.45296	43.596817	44.07771	41.683304	42.12566	40.092068	37.09764	38.003	37.74014	41.22341	41.52712	41.63054	44.091805	47.43525	46.53715	45.315414	48.3994	50.40706	48.872196	49.575108	52.97697	54.45902	54.54809	57.380768	58.913967	61.80365	61.339565	64.28955	64.57615	64.6401	61.34603	58.05153	56.3483	53.006443	54.814987	56.132996	54.239082	55.244263	53.29381	50.07979	47.55816	44.03193	42.29912	38.907745	37.61256	34.681335	34.048138	32.286865	29.20032	29.356068	26.636215	25.586197	25.464178	28.435612	26.613949	24.899824	27.49108	29.62701	27.900377	29.702698	29.571697	32.023285	34.145226	37.235058	40.180958	42.270893	45.197964	48.927715	51.47658	53.14806	56.061455	55.973988	58.791878	56.751125	54.53703	50.783134	48.15849	46.003586	42.97829	39.80705	37.120243	34.256058	31.07116	30.853733	27.067064	26.238043	24.103188	22.523275	20.750599	22.792273	23.633818	26.63139	28.70981	31.753546	32.459976	35.13728	36.30107	37.918526	35.32269	32.75773	31.134048	29.489328	28.438128	25.708132	25.291462	22.069693	21.908445	21.134342	17.563906	17.420868	18.12977	20.904318	24.317514	26.553154	26.82814	30.345587	32.561565	32.04876	28.362993	28.716965	31.016146	28.475136	25.000103	26.294378	24.721066	27.193947	26.363628	25.858442	23.088009	20.801533	22.257626	20.005623	16.79083	14.485163	15.742973	12.307656	11.903929	14.776887	14.142486	13.862269	10.88616	13.668794	14.882044	12.0299	13.08125	16.691559	16.467285	15.0222845	17.99795	20.346096	19.350866	20.055292	23.348001	23.947441	23.459352	25.934357	28.568874	28.44038	28.794619	27.011955	26.505537	23.237398	22.89485	23.147657	19.982868	19.130873	18.862926	18.330244	21.608734	22.265436	24.053951	21.050291	22.38384	20.893358	23.444502	23.76426	24.141104	25.25567	25.104065	27.479908	26.348173	28.339666	27.92179	30.60849	31.936827	33.79706	37.52489	38.686813	36.158527	34.543037	30.946455	28.1968	28.17546	26.12967	25.285666	27.436111	25.944202	28.31369	26.676744	28.714842	28.2161	28.997322	30.19139	28.666407	31.856335	31.153048	27.538963	28.717047	31.876776	29.793652
V-435-B	77.58968	78.22776	77.519905	74.15665	73.04519	74.443726	72.50772	69.21074	69.876945	70.45029	67.23288	65.26083	67.0205	66.40337	62.69767	62.51318	64.30583	62.236275	59.29958	61.375862	60.535984	63.119495	65.079285	67.97857	67.541336	69.887146	71.22865	73.364136	72.05459	73.15454	71.560905	68.252144	68.20365	69.11017	66.389534	63.749138	64.63166	64.49376	61.023617	59.48218	61.1972	59.983852	56.490532	56.60603	58.202564	55.56218	52.587467	54.209316	54.74568	51.551804	49.68568	46.236942	46.82515	43.500626	45.40164	47.734093	45.05774	44.370262	40.988167	41.00163	42.076492	45.017033	43.31643	40.615356	41.49205	41.27358	38.86267	36.32766	36.75433	36.062344	32.916412	31.655577	32.69121	31.291037	27.850351	27.938334	29.178719	26.866085	30.17835	32.08959	35.815025	37.2905	40.955437	42.251377	45.843887	47.24058	47.17611	43.384525	43.08493	40.47665	42.330612	39.790516	36.080578	34.17853	31.811905	28.999588	29.047537	26.822742	23.90588	24.579563	25.376438	24.631546	28.29959	30.436905	33.61397	35.561832	33.921722	35.47601	38.728935	41.706745	39.87271	40.371094	37.971634	38.502556	36.485256	33.456066	34.439827	34.331154	37.865444	38.279602	38.2579	40.626747	44.012253	43.127308	41.784065	44.834064	46.894325	45.32681	45.93648	49.348038	50.892113	50.952213	53.735676	55.2771	58.145897	57.69852	60.66987	60.94218	61.07764	57.801765	54.46999	52.73407	49.430573	51.326374	52.63991	50.814293	51.763287	49.731213	46.572395	44.0603	40.574257	38.851284	35.478504	34.144077	31.180548	30.416992	28.661772	25.509823	25.666761	23.03324	22.112862	22.201435	25.22048	23.639284	21.758581	24.36417	26.285484	24.471552	26.197803	26.015163	28.571468	30.604637	33.732063	36.595245	38.73506	41.592873	45.305424	47.801353	49.436623	52.31798	52.204647	55.018852	52.972885	50.780285	47.02719	44.43729	42.2867	39.307423	36.174988	33.46823	30.690414	27.515942	27.490442	23.722221	22.905996	20.604769	19.21777	17.285498	19.164404	20.024544	23.148268	25.144024	28.298748	29.220345	31.900486	33.272045	34.89706	32.490055	30.088419	28.773151	27.454414	26.825613	24.459969	24.563652	21.691729	22.182837	21.764336	18.365723	17.425102	18.159967	20.444302	24.101486	25.855776	25.621347	28.930546	30.922935	30.054325	26.348211	26.67075	28.630646	25.90543	22.549305	24.022163	22.912107	25.742426	25.290506	25.192326	22.158493	19.905754	21.874231	20.19834	16.642984	14.236454	14.688972	11.061995	10.42993	12.556686	11.488586	10.542523	7.449977	10.379562	12.02861	9.816263	11.390593	14.766823	14.743101	14.13047	17.066391	19.140047	18.694616	19.874954	22.797674	23.418316	23.537672	25.996197	28.26441	28.11785	27.970606	25.795755	24.792	21.291958	20.531586	20.350285	17.072598	15.975764	16.022545	15.456667	18.915583	19.893278	21.319204	18.070034	19.113447	17.53977	20.247778	20.599586	21.360506	22.755507	23.064499	25.781548	25.141768	27.552832	27.63391	30.472706	32.208767	34.328186	37.946457	39.445816	37.157143	35.258457	31.819597	28.77098	28.659946	26.199982	24.865593	26.573442	24.608337	26.568071	24.531317	26.209242	25.369905	25.925972	26.858215	25.169538	28.384264	27.9002	24.281088	25.32849	28.616352	26.767906
S-436-B	77.60253	78.05793	77.325745	74.054214	72.83233	74.07363	72.18322	68.92413	69.41118	69.88798	66.75302	64.7085	66.274475	65.64204	61.98834	61.650272	63.292046	61.262012	58.244843	60.130116	59.096916	61.572044	63.55818	66.55278	66.31101	68.684	70.206825	72.3129	71.11135	72.07108	70.338615	67.130104	67.116394	67.830505	65.03591	62.53456	63.36292	63.02186	59.578304	58.146076	59.709106	58.31701	54.918297	55.064354	56.45052	53.707184	50.849625	52.405853	52.716515	49.47642	47.408012	44.06359	44.784184	41.59789	43.65875	46.07651	43.470436	43.073082	39.771847	40.09538	41.448715	44.532803	43.129547	40.29511	41.15046	40.639065	38.390194	35.97297	36.0522	35.177406	32.260532	30.94241	31.547165	30.056896	26.812563	26.65507	27.50065	25.20221	28.529613	30.657478	34.371742	35.69891	39.34915	40.487595	44.035557	45.175606	45.18889	41.386864	41.3841	38.924324	41.00692	38.57718	34.882286	33.186886	31.162264	28.146881	27.86949	25.992844	23.071203	23.16375	23.821583	23.562317	27.251389	29.757107	32.803085	34.86336	32.947876	34.215736	37.603172	40.49088	38.42202	38.590534	36.01288	36.321926	34.50702	31.388172	32.02821	31.700205	35.221275	35.37022	35.406124	37.97143	41.243195	40.265182	39.13936	42.28823	44.20182	42.706684	43.546333	46.925453	48.311253	48.485508	51.412422	53.030544	56.02675	55.712097	58.754147	59.23673	59.360844	55.98278	52.73668	50.84203	47.55983	49.392876	50.495926	48.4812	49.338783	47.476997	44.278145	41.609043	38.023594	36.14623	32.69543	31.376354	28.493315	28.084011	26.514442	23.63393	24.277052	21.934355	21.609955	21.521032	24.173391	22.424698	20.09239	22.251146	24.091877	22.040861	23.63879	23.452633	25.798204	28.07774	31.222258	34.281292	36.503582	39.51372	43.2344	45.76076	47.62817	50.600292	50.711617	53.68328	51.2661	48.92836	45.198505	42.477116	40.503323	37.420994	34.355125	31.47056	28.579912	25.22539	24.83538	21.067036	20.651222	18.782816	17.803886	16.415653	18.477867	19.878117	23.293047	25.20099	28.609505	29.973871	32.51629	34.27684	36.006744	33.91996	31.704622	30.787764	29.74625	29.49644	27.376972	27.803802	25.120352	25.809183	25.514494	22.126476	21.045336	21.626719	23.653282	27.377369	28.905928	28.349636	31.515139	33.20727	32.15737	28.423826	28.447275	30.08395	27.35685	24.069801	25.366228	24.655447	27.738905	27.728561	27.61094	24.31707	22.440554	24.764708	23.333136	19.678587	17.568573	17.842337	14.293077	13.190285	14.772262	13.626793	11.770543	8.645697	11.065686	13.658076	12.320261	13.711013	16.936289	17.43277	17.215504	19.83645	21.970436	21.94398	23.117706	25.846483	26.673414	27.011396	29.318155	31.506895	31.49172	31.127	28.710915	27.386475	23.743282	22.489613	21.920166	18.657303	17.242	17.635174	16.658245	20.049444	20.91422	21.730417	18.245312	19.30568	18.069555	21.175724	21.717405	23.064121	24.760595	25.541403	28.492575	28.198841	30.818321	31.123266	34.015156	35.867123	38.04083	41.630127	43.19565	40.937706	38.994328	35.583817	32.49951	32.36529	29.806013	28.326426	29.814674	27.596558	29.242989	26.877024	28.167753	26.884995	27.114445	27.536377	25.451164	28.61579	28.600498	24.963406	25.51295	28.98273	27.482096
T-437-B	75.35617	75.69644	74.87183	71.671616	70.44413	71.542244	69.615326	66.425606	66.84155	67.18364	64.07122	62.055733	63.498943	62.773197	59.16252	58.807518	60.312656	58.2355	55.2279	57.034363	55.87404	58.255005	60.187305	63.246136	63.106155	65.5459	67.16329	69.314865	68.23315	69.174576	67.32926	64.1671	64.2648	64.90423	62.02115	59.624275	60.52843	60.065224	56.594036	55.308475	56.87348	55.34525	51.997578	52.29722	53.603367	50.74464	48.003452	49.669724	49.85216	46.519978	44.412067	41.13934	42.076904	38.926357	40.915127	43.50529	41.081318	40.892197	37.55955	37.960327	39.588833	42.65601	41.429283	38.40688	39.04754	38.251865	36.000587	33.812473	33.76896	32.60628	29.800783	28.68046	29.028818	27.275393	24.232397	24.197515	24.676914	22.176994	25.369398	27.455175	31.114885	32.272957	35.88266	36.90573	40.41897	41.486374	41.490826	37.689785	37.774006	35.388195	37.583874	35.25352	31.599485	30.09848	28.265505	25.216429	24.649187	22.93724	20.129385	19.894228	20.358484	20.32767	23.989546	26.700624	29.66342	31.756771	29.691368	30.804401	34.252068	37.079056	34.91166	34.95571	32.32704	32.589436	30.845901	27.686876	28.263302	27.95871	31.507221	31.676268	31.657598	34.202477	37.48226	36.523453	35.37995	38.515972	40.449802	38.993393	39.82547	43.18114	44.58804	44.818825	47.75806	49.44927	52.486088	52.27146	55.378555	55.936897	56.155647	52.76125	49.507946	47.494335	44.283257	46.202957	47.193222	45.172817	45.898346	44.01642	40.880013	38.13102	34.544235	32.565018	29.074137	27.65583	24.730732	24.332426	22.801172	20.00548	20.867725	18.751863	18.862564	18.833082	21.280926	19.690247	17.022663	18.953346	20.55579	18.34835	19.866367	19.710531	22.118433	24.46672	27.700201	30.75292	33.10976	36.095932	39.788826	42.239777	44.168777	47.12257	47.28372	50.3049	47.692436	45.340103	41.63059	38.9142	37.056263	34.00627	31.049875	28.035456	25.231604	21.781464	21.450039	17.72583	17.635126	15.815099	15.421195	14.152081	15.954775	17.556831	21.17134	22.835243	26.418453	28.174574	30.662098	32.74055	34.44362	32.675617	30.75199	30.257391	29.64087	29.85129	28.154192	29.02456	26.691618	27.838142	27.746193	24.555855	23.003565	23.625435	25.23353	29.044907	30.146091	29.145428	32.02873	33.44486	32.0354	28.373987	28.322908	29.500889	26.639513	23.612926	25.0161	24.876835	28.24221	28.633873	28.854301	25.400904	23.675772	26.359547	25.399225	21.627789	19.5512	19.20646	15.7702675	14.601356	15.274446	13.747251	11.025944	8.243569	9.894098	13.132829	12.878134	14.315807	17.041395	17.93104	18.410715	20.707258	22.619652	23.153276	24.552214	26.880116	27.82138	28.632574	30.794645	32.67881	32.743195	31.962715	29.217476	27.448092	23.691813	21.926281	20.89919	17.753191	16.146193	17.062023	16.041662	19.412718	20.554289	20.747175	17.048977	17.680359	16.494999	19.766058	20.310963	22.194107	24.132362	25.457232	28.651396	28.8568	31.78493	32.5167	35.517845	37.64953	40.02459	43.498444	45.295994	43.20782	41.049423	37.789043	34.53838	34.39485	31.579535	29.728748	30.825129	28.231989	29.42192	26.698095	27.49179	25.799135	25.629768	25.573803	23.158443	26.221317	26.600502	23.014532	23.155079	26.74301	25.612898
N-438-B	76.16503	76.334915	75.57722	72.46263	71.069466	72.06732	70.26645	67.07744	67.282234	67.62022	64.63496	62.480927	63.745087	63.109703	59.556236	58.9758	60.391495	58.451595	55.322502	56.90768	55.608635	57.927437	59.96725	63.07091	63.107933	65.48942	67.26885	69.30666	68.25972	69.00189	67.07968	64.03444	64.062836	64.49064	61.60671	59.31944	60.060562	59.42674	56.042446	54.777134	56.11158	54.46865	51.22743	51.424885	52.501133	49.62235	46.956642	48.42421	48.408928	45.115387	42.782917	39.61102	40.539604	37.57833	39.831528	42.371502	39.923916	39.979893	36.828934	37.606773	39.39164	42.63523	41.71306	38.698833	39.48643	38.52166	36.568317	34.385326	33.920788	32.7728	30.289442	28.920376	28.826233	27.230543	24.404648	23.870638	24.043547	21.848701	25.110126	27.559063	31.184381	32.31558	35.906513	36.8576	40.324802	41.08211	41.29574	37.51483	37.96862	35.709084	38.062862	35.781734	32.158577	30.766878	29.353765	26.07328	25.3532	24.16575	21.296314	20.423536	20.958569	21.594042	25.195171	28.171871	30.857376	33.14342	30.920242	31.623873	35.113613	37.878765	35.539154	35.194622	32.31372	32.3782	31.001196	27.711134	27.780802	27.251741	30.775494	30.498377	30.457676	33.29973	36.359806	35.15608	34.30292	37.61178	39.253708	37.791576	38.96552	42.311417	43.42841	43.69958	46.80604	48.47946	51.626328	51.470848	54.581905	55.356796	55.445942	51.940178	48.842815	46.747414	43.50873	45.225506	46.03033	43.76586	44.51099	42.90262	39.65587	36.802486	33.10787	31.068998	27.566708	26.37668	23.731424	23.910685	22.823465	20.454296	21.95449	20.345268	21.077976	20.984686	22.988783	21.31048	18.23704	19.469242	20.823666	18.240717	19.336407	18.939508	20.820036	23.375288	26.453745	29.76837	32.047203	35.257816	38.96024	41.540718	43.7295	46.835518	47.30061	50.491295	47.608685	45.040684	41.367874	38.445217	36.718555	33.49512	30.55245	27.47403	24.437208	20.899414	19.927513	16.25075	16.50468	15.483219	15.29873	14.962521	17.163683	19.380318	23.013708	24.7664	28.415012	30.402746	32.609577	34.939682	36.84487	35.31682	33.411102	33.152027	32.55019	32.92083	31.24449	32.223236	29.924318	31.017887	31.045479	27.721964	26.281353	26.599085	28.124249	31.915033	32.99509	31.89401	34.74932	35.917618	34.582623	30.898851	30.464952	31.526928	28.88	25.832026	26.83119	26.807047	30.205694	30.894178	30.855677	27.259136	25.95434	28.788515	27.860655	24.10858	22.417091	22.33766	19.041235	17.40286	18.11128	17.011026	14.277529	11.877066	13.448233	16.78646	16.645348	18.074207	20.792276	21.698717	22.165758	24.47109	26.406704	26.90125	28.27978	30.656424	31.58177	32.327755	34.524063	36.451225	36.477768	35.705242	32.9608	31.123854	27.354427	25.505606	24.25778	21.09868	19.183466	19.937628	18.410267	21.442562	22.135307	21.93851	18.322891	19.300636	18.727924	22.239632	23.14006	25.310705	27.487114	28.928856	32.214054	32.47733	35.42712	36.120308	39.036232	41.15931	43.42022	46.91969	48.690353	46.590458	44.544792	41.225105	38.00445	37.73046	34.937946	33.201756	34.25367	31.644094	32.749565	29.909044	30.589342	28.635647	28.433372	28.058401	25.507444	28.546152	29.310463	25.83828	25.6919	29.359577	28.54725
T-439-B	75.418045	75.43134	74.57177	71.56394	70.1506	70.95732	69.13235	66.04281	66.131386	66.29664	63.368523	61.243683	62.3172	61.573833	58.102364	57.467896	58.676544	56.700905	53.58162	55.00614	53.49718	55.648174	57.615063	60.819874	61.043713	63.50639	65.441986	67.517815	66.64252	67.31941	65.2354	62.288013	62.450233	62.729427	59.73604	57.624897	58.422832	57.584698	54.200333	53.141823	54.407406	52.555256	49.43084	49.797523	50.687954	47.660316	45.192135	46.724476	46.463642	43.075977	40.60257	37.596577	38.810646	35.998688	38.238834	40.961773	38.751144	39.138004	36.043396	37.01116	39.12248	42.355145	41.697556	38.517902	39.08482	37.766388	35.890305	34.01267	33.32854	31.849907	29.617525	28.465479	27.950048	26.086735	23.6562	23.155754	22.734522	20.413317	23.40023	25.826046	29.289968	30.103788	33.571156	34.2604	37.610485	38.138184	38.328465	34.57951	35.27721	33.241146	35.820717	33.766243	30.274523	29.245274	28.189672	24.92595	23.743002	22.898857	20.33325	18.875263	19.0062	20.078287	23.471014	26.728653	29.241547	31.487307	29.003683	29.45263	33.022186	35.598045	33.04528	32.405254	29.452232	29.26469	28.053026	24.778286	24.544712	23.800062	27.265991	26.827318	26.868383	29.81075	32.793606	31.611732	30.932394	34.24742	35.836094	34.524937	35.826878	39.082165	40.142273	40.586452	43.78013	45.596977	48.849663	48.89089	52.100327	53.05358	53.249496	49.699657	46.65234	44.35702	41.23949	43.011322	43.57053	41.205185	41.732418	40.210537	37.04226	34.011585	30.278257	27.997753	24.3995	23.059046	20.424185	20.90153	19.950224	18.001804	19.940603	18.744368	20.08471	19.822046	21.296019	19.640049	16.242287	16.839972	17.947407	15.204026	16.158947	15.930521	17.663155	20.519049	23.683266	27.08052	29.558624	32.78878	36.420288	38.891422	41.252296	44.342007	44.94504	48.224274	44.949673	42.33688	38.73542	35.797966	34.33863	31.155445	28.438179	25.15486	22.236391	18.552378	17.36114	13.893266	14.945602	14.422348	15.140824	15.22718	17.022676	19.405468	23.104769	24.481596	28.233858	30.623653	32.73505	35.363983	37.18878	35.9992	34.42082	34.52975	34.30343	35.00934	33.654316	34.893776	32.807613	34.14391	34.209087	31.016233	29.360085	29.779097	31.094048	34.91346	35.731987	34.355694	36.98215	37.94264	36.32999	32.75802	32.27898	32.9358	30.221571	27.466244	28.521177	28.947994	32.500324	33.464973	33.648544	29.986338	28.79296	31.805983	31.135712	27.346762	25.633492	25.20048	21.966927	20.424192	20.619528	19.247581	16.078508	13.981508	14.737638	18.350317	18.884066	20.088232	22.446285	23.739418	24.549543	26.505417	28.38039	29.29296	30.682953	32.77057	33.880978	34.911263	36.91436	38.6715	38.852413	37.81997	34.848408	32.730156	28.943737	26.690077	25.190002	22.309078	20.419437	21.620441	20.161474	23.05458	23.926205	23.172993	19.531239	20.086784	19.61895	23.115616	23.930162	26.492756	28.748632	30.603167	33.991077	34.608482	37.73304	38.71137	41.72854	43.997265	46.41327	49.837833	51.728878	49.700157	47.500103	44.27898	40.987133	40.783188	37.86472	35.886612	36.70629	33.86756	34.640156	31.58172	31.833029	29.583187	28.964365	28.102348	25.220251	27.992962	29.162777	25.818363	25.140837	28.798855	28.356838
V-440-B	75.48785	75.32466	74.53844	71.631256	70.05242	70.75298	69.06837	65.99262	65.86277	66.026726	63.246044	60.987015	61.872356	61.23292	57.839542	56.973576	58.089622	56.27569	53.047817	54.236614	52.60607	54.692223	56.77304	59.994637	60.388004	62.766823	64.8529	66.79583	65.95284	66.42284	64.275215	61.459805	61.545647	61.610157	58.6347	56.643593	57.270042	56.265594	52.990368	51.957874	52.982594	51.0262	48.03095	48.29503	48.94622	45.91709	43.547432	44.873055	44.410103	41.083504	38.402496	35.530006	36.738407	34.15683	36.633884	39.28866	37.10052	37.755993	34.886143	36.22625	38.49303	41.851963	41.521797	38.37665	39.06278	37.57701	36.036125	34.208378	33.105625	31.656607	29.812403	28.450369	27.47612	25.818104	23.71157	22.725613	21.954512	20.060673	22.992567	25.738869	29.076979	29.878885	33.269733	33.917294	37.186333	37.396454	37.857224	34.183617	35.251953	33.340668	36.00238	33.997135	30.597586	29.670996	29.074907	25.659227	24.401142	24.141308	21.585436	19.56951	19.845045	21.56145	24.77195	28.15717	30.296202	32.736656	30.206768	30.190989	33.697277	36.204872	33.566235	32.546955	29.35439	29.034775	28.298876	24.9269	24.147121	23.278576	26.668104	25.735205	25.629374	28.842533	31.527002	30.025328	29.6312	33.11021	34.336483	32.97378	34.62574	37.860508	38.584446	39.017662	42.350082	44.100285	47.430244	47.50641	50.686398	51.846275	51.896313	48.256977	45.39463	43.04755	39.921997	41.45839	41.830685	39.23564	39.798325	38.574757	35.312084	32.221542	28.424862	26.149094	22.629559	21.655323	19.48873	20.617836	20.295437	18.881287	21.388346	20.800734	22.641987	22.491405	23.585447	22.068857	18.459822	18.346457	18.952599	15.876079	16.110903	15.461858	16.395521	19.330164	22.18386	25.792706	28.108511	31.53064	35.125294	37.724373	40.32381	43.55398	44.473755	47.898533	44.427338	41.599335	38.070454	34.937466	33.61025	30.284246	27.62485	24.375542	21.279667	17.666834	15.753423	12.581506	14.040725	14.510727	15.462605	16.445498	18.464285	21.29072	24.851309	26.30072	30.00662	32.55951	34.345882	37.185425	39.200386	38.267433	36.7213	37.073967	36.88247	37.771687	36.487873	37.878986	35.89017	37.25773	37.49792	34.229046	32.573418	32.71695	33.87574	37.66392	38.38731	36.86981	39.412594	40.10271	38.54042	34.99616	34.170464	34.667187	32.18718	29.483908	30.170835	30.755188	34.309776	35.574444	35.590523	31.840487	31.03442	34.189716	33.64172	29.889864	28.510862	28.211033	25.140802	23.242697	23.373476	22.349386	19.236736	17.475718	18.334103	21.902048	22.518028	23.865479	26.167425	27.367657	28.256733	30.2813	32.072342	32.948284	34.42495	36.520752	37.54241	38.57915	40.657013	42.38349	42.469467	41.387375	38.407726	36.193592	32.406532	30.121725	28.387224	25.488285	23.321657	24.33488	22.489882	25.007689	25.500765	24.370573	20.94451	21.742546	21.835516	25.43802	26.583427	29.363419	31.847036	33.799873	37.280895	37.9876	41.16114	42.152283	45.07801	47.396362	49.722466	53.14227	55.06625	53.08533	50.96152	47.716415	44.407852	44.04354	41.095665	39.17807	39.890106	37.007473	37.65606	34.484844	34.615337	32.13011	31.516834	30.380636	27.47432	30.202694	31.721897	28.564451	27.711683	31.387836	31.27944
V-441-B	78.08958	77.827576	76.94168	74.11595	72.556	73.10552	71.377846	68.40029	68.20545	68.20881	65.4648	63.26835	63.999084	63.23746	59.92806	59.05213	59.964615	58.093643	54.914963	55.95528	54.108574	55.984013	57.940334	61.27418	61.867805	64.345665	66.57578	68.5717	67.90654	68.32509	66.02313	63.3131	63.53653	63.457928	60.384766	58.579716	59.255924	58.050907	54.798515	53.972813	54.907604	52.750114	49.90254	50.306396	50.74262	47.592842	45.44657	46.771084	46.033375	42.66288	39.799625	37.168007	38.614475	36.257374	38.754025	41.511646	39.517376	40.441483	37.67674	39.163425	41.604927	44.94458	44.76205	41.54754	42.088818	40.391678	38.873993	37.26581	36.07845	34.411465	32.716717	31.546473	30.34522	28.503424	26.685741	25.78217	24.627228	22.661043	25.262007	27.850815	30.969955	31.367464	34.55026	34.803753	37.857025	37.770535	38.0596	34.47127	35.79251	34.24271	37.17214	35.49764	32.290504	31.762587	31.354895	28.091906	26.422216	26.245459	24.06422	21.809607	21.527042	23.307163	26.24892	29.811422	31.941442	34.130955	31.300812	31.246244	34.846275	37.042984	34.131252	32.828526	29.726128	28.917965	28.220358	25.099375	23.974855	22.524656	25.61354	24.39817	24.770655	28.128366	30.650848	29.335825	29.373436	32.762978	33.92822	32.942062	34.78815	37.79584	38.445095	39.223076	42.67377	44.65579	48.122307	48.481815	51.772106	53.146698	53.325146	49.65542	46.877197	44.308243	41.36128	42.933598	42.99028	40.252953	40.520077	39.467796	36.342754	33.03581	29.234095	26.60489	22.997948	21.732275	19.577967	21.08275	20.672108	19.800474	22.428827	21.889029	23.903824	23.215605	23.787199	21.893877	18.34564	17.690521	18.542645	15.817698	16.308905	16.303984	17.034462	20.373108	23.263927	26.899897	29.43948	32.827904	36.27597	38.67932	41.463806	44.611824	45.63696	49.108707	45.14419	42.343185	38.9491	35.884487	34.93522	31.741037	29.402016	25.977758	23.134209	19.483986	17.370214	14.688069	16.817179	17.55194	18.92603	19.873367	21.558504	24.205296	27.815231	28.92516	32.681293	35.407623	37.287243	40.19705	42.034096	41.172417	39.80877	40.185844	40.124443	40.989143	39.71649	41.00755	38.91609	40.18523	40.17846	36.922413	35.404175	35.785934	37.12519	40.932182	41.748135	40.30389	42.863235	43.641804	41.98564	38.464603	37.77254	38.21082	35.622032	32.999634	33.827923	34.438477	38.005047	39.185776	39.228966	35.501904	34.569653	37.64053	36.94493	33.185997	31.607386	31.298723	28.059294	26.435753	26.658693	25.345575	22.104708	20.028872	20.435978	24.150295	24.805826	25.675087	28.00979	29.59898	30.325949	32.04925	34.099922	35.153896	36.336563	38.38671	39.713215	40.7156	42.557014	44.386402	44.74466	43.705498	40.66025	38.477642	34.706753	32.2337	30.687096	28.026981	26.17678	27.50111	25.911125	28.555262	29.203047	28.046904	24.581707	25.154238	25.02901	28.522074	29.37147	32.16206	34.444424	36.491528	39.894478	40.617844	43.761883	44.765293	47.8201	50.0465	52.46147	55.9115	57.74278	55.63298	53.45741	50.20002	46.970303	46.826767	43.956688	41.997173	42.81794	39.940834	40.607258	37.46075	37.489315	35.04148	34.15974	32.884247	29.757444	32.20035	33.768425	30.591854	29.375572	32.91759	32.80204
L-442-B	77.95937	77.51656	76.59655	73.90216	72.26664	72.63543	70.96166	68.077446	67.70936	67.59114	64.97009	62.752243	63.260704	62.47345	59.283558	58.2749	58.988426	57.179806	53.990097	54.794933	52.751675	54.44979	56.385548	59.778694	60.58688	63.069103	65.46692	67.41807	66.89657	67.1725	64.73799	62.179058	62.46454	62.18024	59.05733	57.45316	58.087788	56.66441	53.492443	52.842045	53.605244	51.261593	48.595924	49.075634	49.252403	46.02326	44.107483	45.365036	44.345467	40.977425	37.937626	35.56321	37.210167	35.13502	37.68105	40.4935	38.724407	39.99119	37.421284	39.165516	41.843147	45.17336	45.29701	42.04055	42.478455	40.510456	39.210464	37.8509	36.381138	34.5482	33.22096	32.1388	30.517195	28.645708	27.291416	26.257122	24.61012	22.849148	25.083628	27.68001	30.509636	30.64283	33.60161	33.613007	36.461887	36.021435	36.416138	32.966236	34.648205	33.3794	36.456234	35.01566	32.033432	31.824675	31.85915	28.655813	26.715958	27.009165	25.11488	22.403728	21.919401	24.148031	26.737429	30.404043	32.19733	34.380432	31.428616	30.987871	34.519173	36.490067	33.440636	31.749407	28.560898	27.472178	27.185041	24.16138	22.5053	20.791176	23.63619	21.964794	22.37206	25.914984	28.123142	26.67997	27.086126	30.496267	31.385757	30.55048	32.679104	35.53509	35.940647	36.870872	40.429066	42.481216	46.03921	46.577335	49.899536	51.50233	51.693893	47.98528	45.369133	42.64901	39.842457	41.31951	41.078686	38.177105	38.265167	37.46255	34.414223	30.982893	27.207302	24.412462	20.883823	19.720034	17.983084	20.080873	20.13798	19.950142	22.970577	22.982363	25.446342	24.745768	24.816278	23.097277	19.49146	18.098394	18.446737	15.699804	15.642183	15.624705	15.643216	19.10177	21.732035	25.400303	27.946783	31.350363	34.63678	36.962673	39.961002	43.114822	44.3847	47.947258	43.63018	40.729385	37.487423	34.37671	33.73938	30.595705	28.546747	25.107073	22.425144	18.93824	16.419756	14.4484415	17.16383	18.55316	20.397625	21.773464	23.246132	26.00933	29.484308	30.387587	34.086533	37.04131	38.71299	41.82605	43.666153	43.099903	41.93915	42.594322	42.738655	43.83415	42.75448	44.227505	42.28357	43.689514	43.773808	40.557842	38.923717	39.255394	40.432697	44.237568	44.88337	43.25447	45.65546	46.226463	44.45243	41.025887	40.199158	40.367104	37.854877	35.429897	36.155117	37.03528	40.650135	42.062668	42.167248	38.399033	37.645676	40.84047	40.318893	36.55752	35.076607	34.64459	31.49812	29.803663	29.786633	28.484299	25.136286	23.31791	23.486391	27.209194	28.156345	29.011805	31.138428	32.82742	33.744972	35.34146	37.300156	38.527065	39.762722	41.664196	43.027935	44.177692	45.95659	47.67268	48.06153	46.868797	43.719173	41.36991	37.619133	34.97198	33.234154	30.73251	28.824623	30.255917	28.59816	31.019424	31.624252	30.104647	26.78359	27.21712	27.323566	30.762745	31.67041	34.679897	37.058098	39.321964	42.789013	43.719986	46.961575	48.11547	51.180923	53.50543	55.967693	59.37179	61.286133	59.24032	57.00907	53.799145	50.521313	50.34777	47.398544	45.338894	45.996944	42.997414	43.44789	40.172104	39.942696	37.287647	36.2095	34.599182	31.358967	33.576317	35.471863	32.50339	30.970015	34.42582	34.651295
