	I-379-C	I-380-C	A-381-C	T-382-C	D-383-C	N-384-C	V-385-C	L-386-C	F-387-C	T-388-C	P-389-C	R-390-C	D-391-C	K-392-C	L-393-C	T-394-C	V-395-C	E-396-C	E-397-C	L-398-C	E-399-C	Q-400-C	F-401-C	Q-402-C	S-403-C	K-404-C	K-405-C	F-406-C	T-407-C	L-408-C	G-409-C	K-410-C	I-411-C	P-412-C	L-413-C	K-414-C	P-415-C	P-416-C	P-417-C	L-418-C	E-419-C	L-420-C	L-421-C	N-422-C	V-423-C	I-379-D	I-380-D	A-381-D	T-382-D	D-383-D	N-384-D	V-385-D	L-386-D	F-387-D	T-388-D	P-389-D	R-390-D	D-391-D	K-392-D	L-393-D	T-394-D	V-395-D	E-396-D	E-397-D	L-398-D	E-399-D	Q-400-D	F-401-D	Q-402-D	S-403-D	K-404-D	K-405-D	F-406-D	T-407-D	L-408-D	G-409-D	K-410-D	I-411-D	P-412-D	L-413-D	K-414-D	P-415-D	P-416-D	P-417-D	L-418-D	E-419-D	L-420-D	L-421-D	N-422-D	V-423-D
D-384-B	20.142914	16.348934	14.815084	14.472801	15.177796	18.204792	19.590172	21.578136	22.059694	20.084843	22.70265	23.72974	23.18486	19.912207	18.56204	17.72534	20.568247	18.484627	17.909143	21.492992	23.09191	21.392368	22.841724	26.154423	26.699787	28.98684	26.571693	22.814785	21.313599	19.769573	16.094885	15.603892	16.266766	14.864207	12.464842	14.563265	18.039095	20.964645	23.354208	26.844944	28.74334	27.784235	28.489374	32.038063	31.401287	39.15787	39.988785	37.71697	37.16922	34.965748	32.503136	31.243967	32.205673	31.393435	31.330145	28.765139	30.234282	29.619547	31.225382	34.332737	37.439556	38.935513	42.025047	40.327663	37.9438	40.9904	42.538986	39.739746	39.8242	43.61311	45.384274	47.71082	47.342476	49.469887	51.7247	51.142784	47.778805	45.446533	42.101753	41.70052	37.906494	36.65221	35.688698	32.11859	30.095577	30.914658	34.663845	35.256382	37.05096	38.457108
I-385-B	17.345078	13.575195	11.510392	11.015611	11.499517	14.691755	16.126308	18.424961	19.020676	17.008478	19.634174	21.055845	20.457481	17.132832	16.165499	16.014183	19.25524	17.674631	16.580675	19.894224	22.03405	20.520956	21.421225	24.796328	25.83838	28.197147	26.162264	22.522207	21.602345	20.51954	17.09824	15.920406	15.858506	13.702033	10.84599	12.105504	15.567328	18.657398	20.72463	24.074873	26.214863	25.632381	26.27442	29.939909	29.665655	35.83066	36.523094	34.164597	33.501007	31.22309	28.744852	27.440159	28.424116	27.6314	27.575378	25.092909	26.713827	26.19907	27.694128	30.775866	33.97358	35.584602	38.574356	36.766956	34.484005	37.607952	39.02774	36.217995	36.464924	40.25259	42.05234	44.26275	43.786404	45.893257	48.072876	47.45188	44.125267	41.751167	38.39222	37.930984	34.13599	32.88474	32.002213	28.476105	26.536634	27.530773	31.239107	31.80391	33.769688	35.18079
T-386-B	16.349321	12.675526	11.237542	10.047866	11.043871	13.713647	15.630129	17.500734	18.701195	17.40149	20.528881	22.205597	22.183228	19.179281	17.930075	18.10666	21.197254	19.319096	17.687347	21.053019	23.112408	21.06519	21.668476	25.289536	26.138527	28.059572	25.842438	22.239216	21.556347	20.056805	16.787945	16.140163	15.528961	13.828026	10.472286	12.097819	15.014409	18.462196	20.91597	24.06053	26.498793	25.678915	25.776293	29.490435	29.39841	36.02455	36.9226	34.757652	33.864883	31.644653	28.83346	27.646969	28.28816	27.824957	28.274988	26.132404	27.97322	27.926582	29.351889	32.234497	35.61989	37.275978	40.06882	37.96713	35.73849	38.82348	39.969784	36.93415	37.270252	40.99451	42.505688	44.72818	44.34639	46.66575	48.748146	48.256214	45.06237	42.4399	39.19016	38.58747	34.800354	33.222954	32.41173	28.98303	26.730757	27.971622	31.591696	31.710827	33.61901	35.413548
M-387-B	16.981041	13.337809	12.795407	12.450222	14.200036	17.004337	19.230934	21.154356	22.490772	21.189165	24.252155	25.879553	25.681612	22.520157	21.358227	21.221685	24.237917	22.187368	20.92221	24.423344	26.258797	24.163834	25.066208	28.658337	29.26122	31.136435	28.669823	24.988297	23.90993	22.002176	18.533035	18.460726	18.332941	17.060858	13.920218	15.839743	18.758537	22.184834	24.70523	27.866854	30.276083	29.370087	29.451618	33.13599	32.934433	39.74962	40.564884	38.308727	37.298973	34.920746	32.066704	30.626923	31.017248	30.302204	30.815195	28.4733	29.955658	29.976866	31.761375	34.5162	37.799503	39.155857	42.066032	40.063114	37.577965	40.460964	41.789665	38.701466	38.699017	42.405094	43.793854	46.257763	46.152153	48.591553	50.86212	50.57776	47.315475	44.713768	41.57803	41.228935	37.444256	35.714256	34.582375	31.038057	28.544397	29.397285	33.0815	33.255573	34.799976	36.58237
Q-388-B	14.687388	10.982031	10.409827	11.099744	13.216022	16.531271	18.93619	21.440449	22.775131	21.163273	23.918545	25.79226	25.12335	21.71112	21.18766	21.310738	24.638702	23.0958	21.920292	25.197046	27.396156	25.727797	26.471058	29.961823	30.96564	33.113926	30.936203	27.282274	26.33373	24.802376	21.308504	20.71596	20.559181	18.687153	15.491428	16.671427	19.74486	23.1629	25.206491	28.296986	30.788591	30.336428	30.606789	34.36342	34.36577	39.30187	39.764698	37.230045	36.090862	33.44918	30.715273	28.909407	29.239756	28.11859	28.44796	25.841547	26.9943	26.97958	29.041096	31.699572	34.860325	36.00265	39.01037	37.149456	34.496315	37.27214	38.78665	35.76527	35.55772	39.277462	40.74743	43.307465	43.294743	45.70383	48.127876	47.93151	44.575924	42.092644	39.004333	38.922806	35.150177	33.44617	32.043987	28.3887	25.912695	26.434492	30.18556	30.638367	32.05953	33.609146
W-389-B	11.775542	8.054467	7.487646	7.6527205	10.200947	13.282471	16.073673	18.561586	20.34194	19.160261	22.1279	24.407297	24.039494	20.855757	20.457079	21.210989	24.648672	23.300089	21.5474	24.59371	27.078642	25.298594	25.501534	29.097725	30.338484	32.291027	30.32369	26.824936	26.397272	25.015226	21.807926	21.011187	20.158083	18.066723	14.511699	15.173718	17.782433	21.399069	23.34137	26.13834	28.941767	28.65481	28.579866	32.395546	32.769062	36.682564	37.15687	34.68965	33.326965	30.678318	27.736376	25.973816	26.095465	25.216272	25.892097	23.609322	25.063684	25.444834	27.318449	29.821857	33.17613	34.47372	37.249084	35.100742	32.602253	35.434906	36.638683	33.46722	33.49507	37.171936	38.489784	40.932323	40.859158	43.3742	45.651146	45.48113	42.25157	39.57484	36.53776	36.293182	32.53255	30.629414	29.365269	25.82396	23.216423	24.099604	27.750277	27.866032	29.435793	31.258278
Y-390-B	13.288724	9.992698	10.4881315	10.234825	12.929813	15.411744	18.353106	20.325783	22.381624	21.625471	24.870892	27.064404	27.045225	24.017698	23.225117	23.786467	27.004404	25.235104	23.42779	26.667007	28.850752	26.663431	26.966505	30.682293	31.55136	33.181328	30.906073	27.392372	26.83697	24.969482	21.791983	21.644508	20.805792	19.335436	15.762752	17.044937	19.370642	23.078438	25.424746	28.175436	31.023577	30.382244	29.991392	33.762432	34.064312	39.14307	39.830788	37.547897	36.10448	33.552204	30.420609	28.78334	28.646145	27.992119	28.999294	26.916046	28.399427	29.006052	30.884155	33.26398	36.663795	37.907955	40.59774	38.32981	35.81653	38.54205	39.62922	36.325874	36.296463	39.89112	40.952084	43.476086	43.563248	46.241142	48.492947	48.45777	45.31422	42.501053	39.578503	39.284912	35.55918	33.43831	32.17431	28.719952	25.873621	26.78434	30.335354	30.13369	31.491337	33.583084
Q-391-B	13.354732	10.24916	11.421326	12.355245	15.400752	18.247553	21.28543	23.589151	25.573668	24.53906	27.555645	29.756926	29.353405	26.079536	25.599556	25.999386	29.314665	27.65184	26.177254	29.448921	31.64779	29.661531	30.165728	33.810772	34.70886	36.512867	34.20148	30.606604	29.79205	27.877443	24.505676	24.407581	23.946814	22.407728	18.953028	20.178549	22.749313	26.405584	28.58006	31.387774	34.19292	33.70016	33.489807	37.278374	37.53899	41.956203	42.40098	39.903603	38.368046	35.587273	32.55223	30.561321	30.273087	29.188572	30.06974	27.682236	28.680626	29.263062	31.538975	33.779434	36.990982	37.876785	40.714783	38.64633	35.852665	38.3427	39.69964	36.435925	36.00727	39.5772	40.60314	43.3679	43.721622	46.443752	48.929993	49.08934	45.839787	43.148582	40.34063	40.39732	36.699123	34.5359	32.886	29.303814	26.345829	26.717775	30.327724	30.375372	31.348225	33.24307
Q-392-B	9.739334	6.689764	8.355167	10.082566	13.512404	16.448666	19.706984	22.364721	24.508844	23.480904	26.310648	28.846283	28.266298	24.996616	25.025534	25.895105	29.427448	28.21347	26.539185	29.514927	32.081158	30.352297	30.492508	34.085335	35.379963	37.28764	35.30076	31.807116	31.33222	29.775574	26.508093	25.9338	25.145844	23.119148	19.53816	20.050817	22.46105	26.124098	27.877445	30.451954	33.4288	33.35073	33.12473	36.95904	37.54074	40.00956	40.183674	37.527916	35.7863	32.819534	29.802977	27.554705	27.086514	25.798388	26.728914	24.33709	25.206877	26.011894	28.391174	30.427809	33.628597	34.422626	37.187656	35.073185	32.241684	34.664825	35.985935	32.695366	32.23285	35.785538	36.79139	39.562748	39.952553	42.70473	45.224472	45.46519	42.22124	39.523975	36.796227	36.980873	33.323696	31.07683	29.279436	25.691303	22.66826	22.94462	26.542355	26.62699	27.572865	29.432796
L-393-B	8.937977	6.622847	9.032375	9.834415	13.464251	15.673123	19.221653	21.47883	24.082333	23.640963	26.742493	29.469217	29.326344	26.3475	26.195824	27.3475	30.797823	29.473705	27.40464	30.308662	32.874775	30.857897	30.68196	34.379444	35.619804	37.19299	35.20523	31.849426	31.67173	29.986277	26.967201	26.5858	25.36186	23.545475	19.8112	20.296295	22.16872	25.943241	27.829168	30.127151	33.323093	33.154076	32.492332	36.302464	37.112186	39.519566	39.848484	37.393253	35.44943	32.58139	29.302845	27.220554	26.417479	25.531918	26.967278	25.033466	26.202948	27.433947	29.584229	31.424059	34.78908	35.708286	38.198586	35.779552	33.122623	35.52553	36.479046	33.005054	32.74608	36.177273	36.878815	39.564384	39.983112	42.90838	45.255524	45.584778	42.525864	39.589367	36.986	36.972637	33.375946	30.847946	29.217442	25.843395	22.601768	23.257172	26.633247	26.173023	27.117916	29.41009
Q-394-B	12.227707	10.1901245	12.618546	13.455218	16.951466	19.175533	22.632034	24.698862	27.235226	26.763685	29.948948	32.476322	32.348244	29.27905	28.884983	29.668512	33.002384	31.364128	29.51795	32.661037	34.958393	32.76363	32.89918	36.638813	37.56626	39.056183	36.777145	33.327366	32.821987	30.769356	27.636003	27.727522	26.830776	25.421381	21.783556	22.806988	24.822878	28.604557	30.769424	33.218544	36.31521	35.877983	35.20935	38.989582	39.584015	43.11344	43.538586	41.1239	39.225918	36.38219	33.09844	31.028393	30.182512	29.25513	30.678638	28.646988	29.631855	30.788845	33.090782	34.929867	38.209763	38.966885	41.54065	39.218067	36.431805	38.69553	39.77108	36.30173	35.817703	39.19639	39.785065	42.6223	43.23198	46.2173	48.658714	49.102303	46.023357	43.116222	40.582134	40.671856	37.092186	34.530487	32.780926	29.38987	26.081427	26.482775	29.835848	29.39465	30.041058	32.31668
D-395-B	11.973061	10.266208	12.993307	14.809187	18.437187	21.038313	24.501287	26.96125	29.366152	28.574894	31.491182	34.064285	33.54022	30.268646	30.252213	31.003006	34.472233	33.062283	31.45281	34.54817	36.969273	35.049305	35.27966	38.93979	40.029007	41.759907	39.560246	36.041473	35.40655	33.480015	30.181671	30.084427	29.418236	27.751204	24.163746	24.973452	27.23937	30.971193	32.87686	35.36763	38.429245	38.23597	37.797455	41.616367	42.222534	44.724564	44.859646	42.208237	40.241432	37.17535	34.05032	31.63678	30.71402	29.33325	30.556286	28.238464	28.740644	29.857973	32.50257	34.185528	37.250404	37.66498	40.35999	38.257828	35.230503	37.26194	38.603695	35.223408	34.36607	37.710567	38.315735	41.35321	42.182537	45.159775	47.820976	48.4229	45.24172	42.49642	40.07003	40.509254	36.979393	34.44316	32.335278	28.846172	25.523743	25.378618	28.76046	28.644358	28.94923	30.940012
A-396-B	8.619366	7.7960744	11.185832	13.169637	16.965841	19.262691	22.90688	25.438225	28.092817	27.538141	30.380491	33.253582	32.781017	29.66749	29.948051	31.153633	34.730774	33.617203	31.706326	34.53488	37.223717	35.396473	35.228096	38.86889	40.242615	41.92567	39.991833	36.61236	36.35691	34.675186	31.546907	31.141947	30.06899	28.119772	24.415438	24.699213	26.627014	30.357855	31.974571	34.157387	37.407604	37.501728	36.894115	40.713028	41.65192	42.57864	42.560368	39.88444	37.684143	34.535007	31.34616	28.814571	27.600164	26.231615	27.713154	25.62776	26.15639	27.650276	30.23871	31.652626	34.77006	35.181263	37.670254	35.390045	32.435883	34.404877	35.529465	32.04965	31.275932	34.545914	34.99745	37.98614	38.84218	41.914516	44.51063	45.20642	42.12338	39.269955	36.970722	37.41875	33.969433	31.253925	29.10887	25.739826	22.28005	22.22137	25.465677	25.119368	25.396664	27.569056
S-397-B	10.764053	10.41414	13.83524	15.065291	18.817032	20.592237	24.329977	26.42969	29.356405	29.217672	32.305054	35.1971	35.075027	32.13397	32.128895	33.35128	36.80942	35.45467	33.35792	36.249123	38.799717	36.672123	36.41862	40.148865	41.323204	42.704067	40.638412	37.33518	37.155613	35.22333	32.249664	32.191784	30.95192	29.349497	25.603355	26.122547	27.72884	31.519445	33.375908	35.42646	38.774094	38.651676	37.711372	41.47795	42.476803	44.00654	44.186337	41.717506	39.41524	36.399605	33.018353	30.688004	29.239758	28.2349	30.08162	28.332108	29.069502	30.791666	33.21335	34.52434	37.73483	38.217842	40.519222	38.046455	35.219765	37.13239	37.994904	34.399227	33.735508	36.859222	37.010326	39.95398	40.891796	44.10753	46.571354	47.365677	44.443787	41.41836	39.24396	39.5377	36.15589	33.238914	31.240608	28.076317	24.488781	24.68406	27.691454	26.890131	27.056854	29.572954
M-398-B	13.565974	13.064582	16.399525	18.040024	21.800312	23.90364	27.57353	29.796179	32.55874	32.168705	35.192627	37.949875	37.62106	34.489296	34.487118	35.422348	38.876423	37.418186	35.606335	38.65641	41.087532	38.989727	39.02667	42.751205	43.795303	45.278473	43.04685	39.622734	39.131584	37.03266	33.882088	34.017704	33.1357	31.64717	27.979284	28.759674	30.660501	34.449493	36.3836	38.62088	41.863487	41.667976	40.892525	44.677547	45.493515	47.440754	47.5538	44.979782	42.72814	39.62588	36.344143	33.87128	32.46257	31.190403	32.8408	30.82973	31.224375	32.79001	35.470997	36.769577	39.8073	40.026318	42.48008	40.224697	37.191097	38.91608	40.038906	36.532055	35.52809	38.61042	38.74763	41.88656	43.038933	46.24849	48.895535	49.811607	46.802307	43.91516	41.803314	42.334873	38.968098	36.107086	33.87401	30.620886	27.051996	26.808569	29.84301	29.306728	29.14144	31.417055
Q-399-B	12.047598	12.299877	15.851891	18.094006	21.899021	24.085947	27.781246	30.303558	33.056442	32.54764	35.316826	38.24189	37.658833	34.494095	34.911907	36.06804	39.663647	38.542904	36.73202	39.590782	42.2592	40.423485	40.308426	43.956116	45.28771	46.938377	44.927494	41.525234	41.161705	39.31937	36.136127	35.926792	34.974503	33.13007	29.438318	29.792677	31.699497	35.435432	37.020176	39.12563	42.420628	42.562973	41.888287	45.696365	46.692413	47.026665	46.83872	44.086887	41.688473	38.40441	35.249634	32.49123	30.908714	29.312775	30.91284	28.841679	28.878454	30.597055	33.461723	34.481224	37.351864	37.309513	39.71937	37.55518	34.407646	35.902714	37.10372	33.64614	32.404453	35.394344	35.46704	38.715954	40.039463	43.267982	46.035515	47.10933	44.088062	41.291542	39.34155	40.14035	36.88386	33.987568	31.486612	28.269505	24.686111	24.054342	26.978035	26.59092	26.131937	28.242567
C-400-B	11.905092	12.9106045	16.663292	18.419912	22.201078	23.837692	27.639301	29.877388	32.927834	32.84436	35.72971	38.822006	38.53196	35.59861	35.965103	37.38988	40.953964	39.83418	37.718388	40.45772	43.178444	41.193344	40.785107	44.469654	45.828915	47.238964	45.307617	42.052643	41.97102	40.11988	37.149445	36.98069	35.680836	33.908764	30.143698	30.357687	31.846704	35.593372	37.16762	38.99119	42.445217	42.601795	41.60235	45.353516	46.58374	46.428406	46.304955	43.711876	41.119526	37.914623	34.59685	31.95524	30.048824	28.772474	30.794764	29.14932	29.417994	31.507017	34.151432	34.959415	37.94521	38.011806	40.13262	37.698048	34.743816	36.19465	37.020844	33.42342	32.386562	35.211918	34.96548	38.100002	39.457912	42.83806	45.426186	46.601913	43.7818	40.783054	38.995026	39.64114	36.493454	33.35846	30.99896	28.043222	24.323563	24.01416	26.640991	25.725948	25.213127	27.730093
V-401-B	15.539417	16.135677	19.788807	21.342228	25.121368	26.76104	30.55158	32.60214	35.66003	35.620922	38.65576	41.62171	41.427193	38.447002	38.566406	39.75785	43.233757	41.847446	39.823586	42.747673	45.267483	43.092693	42.8722	46.617107	47.72259	49.012928	46.855347	43.555798	43.2811	41.14858	38.15732	38.350735	37.21442	35.759678	32.029636	32.62261	34.164963	37.95584	39.79127	41.72507	45.138523	45.048653	43.980034	47.71369	48.796925	49.702656	49.72427	47.211174	44.665806	41.527363	38.155674	35.61288	33.725082	32.54175	34.578213	32.906994	33.1727	35.178516	37.85799	38.728203	41.69751	41.717262	43.877766	41.483334	38.493107	39.880802	40.74584	37.161514	36.036373	38.794346	38.442123	41.630108	43.097565	46.51045	49.113228	50.351723	47.55264	44.552822	42.800976	43.440403	40.294403	37.144936	34.803204	31.860645	28.139246	27.794785	30.384914	29.435009	28.785027	31.30076
L-402-B	16.466846	17.282333	20.940908	23.04882	26.860826	28.783447	32.547718	34.89512	37.82648	37.52611	40.352467	43.337765	42.837044	39.7157	40.11162	41.270447	44.839977	43.624767	41.779926	44.67518	47.289112	45.323097	45.18586	48.877277	50.11081	51.606472	49.502323	46.127926	45.74514	43.706562	40.568653	40.61334	39.649174	37.996628	34.28778	34.750946	36.50386	40.268055	41.917778	43.90306	47.27895	47.37571	46.50661	50.281734	51.359795	51.467255	51.243275	48.537067	45.951996	42.64469	39.43826	36.630722	34.70404	33.14022	34.977993	33.098663	32.9255	34.893642	37.830605	38.523827	41.25293	40.935505	43.162395	40.995804	37.816113	38.927483	40.02345	36.56621	35.070145	37.724243	37.344273	40.71527	42.41954	45.807724	48.607418	50.01067	47.14495	44.323505	42.710323	43.67642	40.615837	37.519165	34.873005	31.90575	28.240574	27.380249	29.896902	29.25664	28.22562	30.418041
T-403-B	14.82448	16.422573	20.155867	22.403126	26.151464	27.873245	31.641409	34.076508	37.090237	36.884457	39.544506	42.717228	42.169834	39.16558	39.852253	41.321617	44.971508	44.03833	42.036713	44.701492	47.53009	45.71676	45.307404	48.938126	50.42946	51.95594	50.093647	46.81548	46.691555	44.893703	41.837486	41.58307	40.379707	38.461044	34.713707	34.76502	36.324146	40.02415	41.377434	43.12224	46.58809	46.965816	46.047436	49.800465	51.124626	49.725853	49.301456	46.547142	43.790867	40.41115	37.261036	34.32525	32.163177	30.520662	32.486694	30.79325	30.496725	32.73936	35.64846	36.040043	38.699493	38.283928	40.315937	38.080196	34.95241	35.900013	36.846798	33.37534	31.850882	34.36276	33.81269	37.174343	38.97165	42.42068	45.198845	46.72784	43.955326	41.113373	39.68254	40.74918	37.834396	34.638687	31.89832	29.110846	25.430626	24.466343	26.729221	25.96059	24.72302	26.972382
F-404-B	17.321785	19.126905	22.912844	24.77523	28.488525	29.841064	33.653008	35.80317	39.015965	39.123295	41.914608	45.14791	44.837505	41.97043	42.524612	44.075966	47.671284	46.62836	44.46276	47.12243	49.903095	47.910374	47.377693	51.05439	52.458443	53.76235	51.863632	48.67465	48.662144	46.739017	43.819645	43.74667	42.38273	40.646458	36.86988	36.9839	38.28075	41.995197	43.441345	45.02283	48.578773	48.86925	47.689007	51.381676	52.817406	51.44532	51.116158	48.518776	45.63464	42.350777	39.08141	36.28096	33.88174	32.52027	34.789333	33.40793	33.257812	35.7172	38.4786	38.721878	41.425743	41.045208	42.855682	40.45841	37.476944	38.318676	38.987526	35.454914	34.032806	36.323383	35.433327	38.71011	40.61674	44.186264	46.82158	48.489635	45.91265	42.939224	41.69605	42.66382	39.873425	36.50546	33.884666	31.347595	27.61595	26.86202	28.819914	27.634518	26.246769	28.768663
E-405-B	19.993105	21.316008	25.06266	27.027548	30.813328	32.423534	36.233387	38.41609	41.530506	41.4755	44.327927	47.423836	47.03467	44.015923	44.442993	45.727314	49.292004	48.0728	46.10336	48.948044	51.582172	49.528015	49.25281	52.966064	54.192757	55.532036	53.437294	50.14136	49.86669	47.751163	44.715435	44.86918	43.76942	42.20192	38.46233	38.878807	40.403297	44.166813	45.79427	47.585167	51.062325	51.188023	50.10559	53.83134	55.068092	54.603157	54.3315	51.694576	48.913498	45.61165	42.36181	39.544167	37.289383	35.82177	37.91789	36.3071	36.03455	38.28371	41.194813	41.566956	44.20186	43.711166	45.69017	43.45679	40.338863	41.137386	42.027477	38.56966	36.961792	39.277134	38.46031	41.84602	43.836487	47.35976	50.109737	51.792877	49.12782	46.25478	44.966038	46.022438	43.172737	39.890427	37.190044	34.51707	30.81496	29.878012	31.97041	31.021822	29.564743	31.877611
G-406-B	23.36658	24.905466	28.673763	30.57198	34.334057	35.78278	39.60383	41.68559	44.892612	44.969513	47.8336	50.980732	50.64674	47.676685	48.11646	49.448135	53.005814	51.76958	49.749653	52.578854	55.20914	53.098568	52.765724	56.490913	57.69465	58.93807	56.831333	53.577873	53.34091	51.158722	48.177017	48.422688	47.273167	45.776493	42.02945	42.44632	43.85441	47.613388	49.238266	50.923264	54.45024	54.58143	53.376442	57.066315	58.38431	57.61347	57.309082	54.71605	51.821075	48.52779	45.269623	42.449287	40.005447	38.588646	40.816353	39.35794	38.996582	41.391052	44.296944	44.465015	47.009743	46.381584	48.203133	45.961544	42.88266	43.449272	44.223736	40.803185	39.09942	41.158478	40.04689	43.431923	45.629524	49.220272	51.93904	53.820786	51.298294	48.421417	47.36473	48.4982	45.80327	42.425358	39.68916	37.216858	33.528114	32.51685	34.31999	33.210556	31.46384	33.794735
L-407-B	22.646915	24.47141	28.255997	29.81478	33.48441	34.549084	38.368706	40.22003	43.587482	43.96484	46.889374	50.132107	50.027996	47.251137	47.642212	49.178772	52.702015	51.487694	49.234882	51.94623	54.616364	52.418022	51.84951	55.574215	56.81368	57.877323	55.870686	52.75519	52.76174	50.629036	47.828495	48.04645	46.62292	45.155052	41.38408	41.670475	42.766785	46.489727	48.083313	49.546345	53.158726	53.304153	51.872528	55.488533	56.979008	55.87278	55.64497	53.207886	50.213722	47.032295	43.67857	41.012165	38.403023	37.28039	39.781384	38.646458	38.539524	41.150135	43.833008	43.91712	46.59062	46.147293	47.758488	45.28487	42.408794	43.047302	43.503963	39.981544	38.550884	40.538395	39.25931	42.47258	44.580795	48.249622	50.768185	52.643127	50.2833	47.24021	46.249825	47.18615	44.562634	41.057266	38.518112	36.244427	32.518467	31.84519	33.469448	31.969128	30.329123	32.979744
T-408-B	23.487663	24.831165	28.564129	29.84394	33.520172	34.59088	38.40516	40.068233	43.426357	43.85346	46.965206	50.07074	50.12442	47.33313	47.42282	48.76527	52.182907	50.710667	48.494415	51.360348	53.833378	51.444782	51.024323	54.800133	55.79709	56.733784	54.539536	51.41108	51.289658	48.950752	46.1883	46.68891	45.35723	44.173313	40.44602	41.054165	42.173923	45.932186	47.79769	49.392223	52.952946	52.824577	51.33616	54.935825	56.25701	56.540024	56.554173	54.22686	51.36471	48.293484	44.830425	42.34405	39.908165	38.966488	41.457954	40.25787	40.390553	42.84567	45.47047	45.831947	48.6631	48.418407	50.16153	47.636127	44.76983	45.64971	46.14158	42.55269	41.27385	43.45007	42.336178	45.509773	47.44786	51.093735	53.567024	55.276947	52.853596	49.74303	48.546383	49.287888	46.507935	43.040783	40.66326	38.23924	34.468872	34.034096	35.911358	34.404457	33.06713	35.810387
N-409-B	25.81196	26.975422	30.703238	32.259342	36.00988	37.3661	41.18415	43.008663	46.255665	46.464687	49.534225	52.56623	52.441975	49.49366	49.61549	50.776604	54.214924	52.69815	50.680656	53.657085	56.077297	53.735435	53.5189	57.30016	58.23755	59.29037	56.987846	53.75227	53.410072	50.984283	48.081303	48.667072	47.579765	46.41797	42.71738	43.46307	44.82286	48.610153	50.515366	52.273827	55.77323	55.619587	54.28529	57.933125	59.120125	59.649044	59.591843	57.147842	54.330437	51.16576	47.77743	45.157265	42.791927	41.61674	43.925373	42.498608	42.383984	44.702915	47.52138	47.888454	50.581383	50.13054	52.000942	49.668472	46.640118	47.37749	48.097603	44.604134	43.058773	45.203247	44.117653	47.437397	49.531704	53.141197	55.7736	57.566544	55.056816	52.08205	50.91363	51.850967	49.062943	45.664513	43.103447	40.57894	36.83767	36.08977	38.0187	36.777317	35.24001	37.73028
S-410-B	28.535137	30.014284	33.78144	35.340965	39.063232	40.25529	44.07982	45.852985	49.18989	49.522858	52.554367	55.678238	55.580647	52.69717	52.911694	54.195408	57.657227	56.2075	54.107273	57.009583	59.49108	57.149986	56.81166	60.585823	61.58106	62.568832	60.32815	57.1527	56.914246	54.508686	51.6662	52.230793	51.038467	49.848705	46.12712	46.75708	47.98049	51.746784	53.565475	55.173943	58.73628	58.66749	57.223457	60.83389	62.15659	62.00839	61.86946	59.45286	56.501076	53.33161	49.960125	47.312176	44.743675	43.59488	46.03102	44.773994	44.557976	47.05154	49.85503	49.982517	52.577896	51.99201	53.678043	51.328583	48.35744	48.86187	49.444016	45.995285	44.37504	46.258415	44.888092	48.17953	50.460075	54.12508	56.71054	58.698757	56.34567	53.372787	52.450417	53.472534	50.860207	47.371532	44.77113	42.46525	38.751373	37.92478	39.55149	38.15748	36.351223	38.84897
K-411-B	32.219723	33.694244	37.4544	38.905807	42.60517	43.695633	47.512104	49.15772	52.543213	52.980305	56.06911	59.1828	59.17184	56.320007	56.45349	57.70959	61.129745	59.59069	57.471096	60.403973	62.81638	60.380436	60.047775	63.836823	64.73519	65.606895	63.30397	60.16793	59.916702	57.40596	54.627808	55.344444	54.151386	53.102066	49.402462	50.124493	51.272343	55.03292	56.92651	58.494854	62.068775	61.91884	60.37064	63.937023	65.26335	65.32604	65.240166	62.896126	59.90736	56.785522	53.382755	50.794098	48.15472	47.097996	49.614597	48.44269	48.24019	50.782475	53.5624	53.634464	56.21441	55.597588	57.20923	54.839497	51.907352	52.326687	52.8325	49.39963	47.77117	49.526745	48.005287	51.25983	53.622917	57.315968	59.84983	61.92657	59.668457	56.677544	55.860977	56.87226	54.328773	50.79346	48.22736	46.01908	42.311737	41.511005	43.019917	41.52266	39.631145	42.155437
D-412-B	32.93038	34.78176	38.56392	40.02556	43.668663	44.56576	48.371056	49.99961	53.468826	54.032555	57.031578	60.274246	60.277733	57.52943	57.82673	59.295406	62.764503	61.38728	59.134434	61.920403	64.46887	62.097076	61.559315	65.31866	66.37492	67.22099	65.07445	62.01651	61.958767	59.5779	56.86315	57.417107	56.03903	54.84722	51.108448	51.588154	52.565445	56.283722	57.99882	59.36376	63.010464	63.033707	61.39168	64.919014	66.4442	65.42649	65.21631	62.896027	59.765984	56.645878	53.289352	50.675774	47.836166	46.815807	49.459785	48.503857	48.23299	50.97343	53.684746	53.496914	55.98759	55.282978	56.66897	54.254112	51.431988	51.652733	51.968796	48.584892	46.955284	48.458042	46.67971	49.84906	52.333572	56.06119	58.506687	60.740986	58.658974	55.665745	55.090294	56.158073	53.810246	50.202488	47.633255	45.67652	42.028797	41.202427	42.3897	40.72237	38.629852	41.177467
S-413-B	34.032303	36.014435	39.761234	40.939594	44.473106	45.055565	48.81614	50.20683	53.781967	54.603745	57.652912	60.94091	61.151157	58.56921	58.79349	60.39311	63.807083	62.415653	59.991863	62.690357	65.22995	62.764805	62.05472	65.80129	66.84122	67.499084	65.415596	62.493515	62.61722	60.24602	57.703896	58.289677	56.714127	55.604362	51.879467	52.300026	53.014668	56.677452	58.391	59.566116	63.258183	63.256027	61.40813	64.83805	66.48833	65.32489	65.2035	63.05104	59.855534	56.867058	53.451393	51.00643	48.051952	47.300697	50.147385	49.46035	49.387695	52.27508	54.800293	54.54551	57.120068	56.556038	57.759945	55.17432	52.534187	52.791138	52.84294	49.41041	48.000233	49.40523	47.471184	50.466896	52.884197	56.655273	58.906204	61.146442	59.236717	56.12475	55.634777	56.5318	54.2765	50.588272	48.209442	46.446148	42.812077	42.248875	43.268936	41.304893	39.29819	42.05674
Q-414-B	31.639515	33.907185	37.634163	38.866913	42.34138	42.829647	46.566433	48.024376	51.616615	52.46246	55.391754	58.77443	58.938698	56.42792	56.82937	58.606045	62.07193	60.870773	58.36643	60.920525	63.604237	61.26365	60.39515	64.0967	65.32437	66.04747	64.13406	61.25021	61.528904	59.340702	56.808964	57.16028	55.45046	54.136845	50.384342	50.551132	51.18152	54.800606	56.317165	57.360226	61.089417	61.278553	59.440804	62.86548	64.66014	62.522682	62.27072	60.089993	56.819347	53.807236	50.453506	47.960037	44.90631	44.13489	47.02567	46.46204	46.34817	49.348064	51.813522	51.405003	53.927895	53.34075	54.41806	51.80228	49.237083	49.420414	49.364223	45.95416	44.578926	45.887104	43.87001	46.811695	49.24158	53.019535	55.228767	57.51065	55.66797	52.558346	52.16847	53.099297	50.944775	47.237423	44.851147	43.224964	39.644894	39.07483	39.9191	37.875664	35.79714	38.576317
A-415-B	28.620317	30.70876	34.468845	35.819626	39.381947	40.09321	43.874054	45.470608	48.98788	49.65919	52.606453	55.930058	55.996883	53.37183	53.748993	55.410847	58.89492	57.659306	55.261177	57.899612	60.55959	58.25062	57.51857	61.24083	62.44526	63.286587	61.307217	58.325787	58.475754	56.271805	53.633	53.977573	52.396046	51.05715	47.296017	47.547382	48.363415	52.034584	53.610275	54.828648	58.516422	58.663498	56.97133	60.47424	62.138134	60.502106	60.26973	57.989487	54.819702	51.73642	48.36938	45.80444	42.908237	41.999287	44.749996	43.95905	43.83347	46.686726	49.253902	49.031075	51.60746	51.054073	52.34353	49.78824	47.085526	47.422417	47.574837	44.11687	42.68973	44.24689	42.48782	45.559822	47.900276	51.65159	53.996788	56.144356	54.09831	51.01216	50.40146	51.34882	49.0111	45.36701	42.904606	41.02633	37.375675	36.745064	37.880493	36.03892	34.08616	36.818504
K-416-B	29.235338	31.068092	34.779186	35.78416	39.295124	39.848022	43.60571	44.94321	48.508865	49.34823	52.46279	55.706764	55.99786	53.446415	53.56127	55.14749	58.522316	57.090916	54.632057	57.33641	59.843994	57.348625	56.636814	60.388058	61.40306	62.053303	59.96963	57.053066	57.20562	54.862823	52.350533	52.91282	51.294273	50.20542	46.489098	46.939457	47.63441	51.30147	53.07901	54.302593	57.97481	57.90117	56.063652	59.50673	61.103596	60.483196	60.488453	58.370876	55.273727	52.333866	48.84106	46.49263	43.677105	43.035778	45.883053	45.161846	45.328377	48.136887	50.574165	50.550232	53.31107	52.996513	54.322716	51.631863	49.010075	49.58536	49.651783	46.092922	44.897953	46.604206	44.93765	47.913345	50.063507	53.824955	56.053474	58.049225	56.00868	52.79757	52.030876	52.732563	50.28916	46.628727	44.37975	42.44766	38.74418	38.432804	39.723335	37.734856	36.085964	39.017998
K-417-B	30.082933	32.20344	35.844883	36.656513	40.016914	40.236053	43.9226	45.088276	48.748493	49.82525	52.893642	56.229137	56.658543	54.293552	54.46517	56.260715	59.6138	58.28917	55.65261	58.18992	60.769722	58.276566	57.327126	61.030807	62.13966	62.66202	60.735004	57.966072	58.358242	56.129795	53.776443	54.236042	52.38468	51.252083	47.546776	47.792953	48.208115	51.78717	53.43408	54.40177	58.13029	58.1557	56.143017	59.486763	61.283512	59.887142	59.87614	57.88939	54.680576	51.842934	48.354084	46.12007	43.130623	42.7038	45.7443	45.336636	45.607613	48.606453	50.858147	50.649704	53.410694	53.158443	54.234516	51.4087	48.990097	49.496674	49.275723	45.72309	44.703495	46.213272	44.329967	47.11788	49.25392	53.046314	55.081596	57.141727	55.314526	52.027237	51.43977	52.041885	49.775005	46.039394	43.94126	42.293617	38.663456	38.536476	39.52899	37.250427	35.588463	38.668694
I-418-B	26.748613	29.0789	32.709435	33.625458	36.967144	37.196754	40.884865	42.188828	45.832684	46.84714	49.806656	53.2088	53.54335	51.190784	51.525616	53.43683	56.84903	55.693058	53.034096	55.472267	58.18054	55.826374	54.792492	58.46234	59.742447	60.3896	58.594067	55.81312	56.287315	54.228867	51.832676	52.062256	50.149155	48.804512	45.07046	45.106655	45.530956	49.093445	50.574272	51.4994	55.246952	55.44126	53.51223	56.892616	58.765797	56.651276	56.518604	54.450153	51.21059	48.30849	44.86761	42.545578	39.525597	39.014812	42.040493	41.648872	41.879494	44.921246	47.16144	46.891693	49.63079	49.374187	50.428093	47.598988	45.188915	45.700745	45.471207	41.913605	40.91106	42.44791	40.609715	43.40349	45.505184	49.29323	51.353844	53.390724	51.52909	48.251484	47.6535	48.295944	46.035355	42.303886	40.161564	38.527058	34.910038	34.761475	35.720406	33.446426	31.78601	34.879135
K-419-B	24.758427	26.723833	30.369917	31.199507	34.61707	34.994408	38.725468	40.020233	43.620617	44.551792	47.638817	50.93318	51.297787	48.861404	49.011158	50.752632	54.123966	52.806705	50.222023	52.799065	55.391495	52.95008	52.076134	55.793964	56.93171	57.586662	55.64877	52.796753	53.13163	50.959766	48.52033	48.884655	47.085125	45.869297	42.143074	42.40012	42.952995	46.57886	48.2537	49.372658	53.07148	53.084064	51.21662	54.64811	56.34279	55.373207	55.39954	53.322937	50.23216	47.341064	43.817112	41.548225	38.74755	38.245193	41.16917	40.574047	40.95057	43.804623	46.081047	46.11406	48.997585	48.89397	50.182346	47.358433	44.853283	45.63474	45.57903	41.93977	40.99804	42.846233	41.31372	44.178455	46.09897	49.84937	51.981728	53.810673	51.75729	48.454063	47.55859	48.089912	45.591965	41.927982	39.828224	37.905376	34.196667	34.157524	35.502083	33.37736	32.014645	35.1321
M-420-B	26.88647	28.696846	32.21518	32.64064	35.90949	35.99109	39.636868	40.592346	44.260277	45.45055	48.66004	51.900425	52.52821	50.244934	50.172832	51.913128	55.157696	53.698326	50.999966	53.565258	56.02723	53.411743	52.466904	56.18123	57.164066	57.5718	55.595512	52.877514	53.30631	51.041153	48.80043	49.34862	47.43227	46.458572	42.802784	43.17624	43.49094	47.05683	48.86787	49.876377	53.569782	53.408108	51.32529	54.641827	56.35214	56.022114	56.2595	54.39896	51.3351	48.63355	45.02101	43.01175	40.22154	40.049606	43.115616	42.716003	43.360237	46.235104	48.321922	48.432823	51.438473	51.53347	52.737057	49.77273	47.426983	48.338	48.098583	44.414604	43.7125	45.556915	43.98824	46.688404	48.4702	52.224922	54.174305	55.92115	53.983093	50.568863	49.64732	49.93988	47.455276	43.767303	41.92085	40.100605	36.419163	36.698402	38.01229	35.6718	34.528275	37.814697
D-421-B	27.020851	29.208494	32.63969	32.98022	36.08682	35.87202	39.43592	40.309483	44.04603	45.415104	48.5033	51.86093	52.54724	50.4377	50.522648	52.506107	55.761055	54.496265	51.64472	54.00033	56.59374	54.066883	52.867653	56.51033	57.670105	58.029163	56.268665	53.683434	54.361042	52.288906	50.16614	50.504898	48.367138	47.24121	43.593838	43.665295	43.73376	47.196545	48.78271	49.521175	53.271748	53.30316	51.10559	54.339596	56.281025	54.761173	54.90014	53.117016	49.920555	47.2789	43.71292	41.756695	38.770702	38.7448	41.974953	41.87874	42.55552	45.62629	47.550026	47.42514	50.3823	50.490276	51.436676	48.371845	46.217545	47.01749	46.51241	42.860676	42.297382	43.927082	42.151054	44.67603	46.459824	50.234085	52.017334	53.844143	52.107773	48.64812	47.92958	48.17754	45.893616	42.14081	40.400196	38.88277	35.30153	35.699596	36.67705	34.082336	32.88547	36.2752
L-422-B	23.229887	25.482439	28.89735	29.285395	32.403175	32.249542	35.84411	36.856674	40.5695	41.843334	44.882626	48.267826	48.87205	46.736656	46.90658	48.936058	52.23563	51.07021	48.226746	50.54485	53.220722	50.795025	49.57984	53.213894	54.48636	54.97829	53.2856	50.65327	51.350693	49.399647	47.213387	47.378376	45.227455	43.94014	40.2638	40.21369	40.34476	43.82491	45.3283	46.110237	49.867058	49.99196	47.904995	51.206795	53.149364	51.39774	51.481712	49.60592	46.4368	43.727303	40.16258	38.136547	35.208504	35.10871	38.289818	38.126328	38.836212	41.87049	43.794724	43.741535	46.74252	46.914436	47.939888	44.87367	42.688816	43.61346	43.174374	39.4829	38.97021	40.761345	39.168118	41.723904	43.3912	47.141476	48.982193	50.69574	48.839867	45.378567	44.516785	44.755154	42.36828	38.64337	36.88025	35.248413	31.636358	32.081867	33.195293	30.661737	29.618816	33.035427
Q-423-B	22.996706	24.750023	28.116138	28.25864	31.398926	31.304218	34.905807	35.769733	39.455826	40.73443	43.9593	47.199158	47.92967	45.75499	45.637478	47.46829	50.674088	49.268604	46.470543	48.946365	51.438225	48.84129	47.784336	51.474228	52.519726	52.918434	51.040188	48.376747	48.946617	46.814415	44.65411	45.060688	42.997753	41.96273	38.321632	38.581142	38.767326	42.297024	44.077118	45.033382	48.730854	48.58162	46.475075	49.78636	51.534798	51.28641	51.61268	49.81028	46.81422	44.191307	40.527855	38.6545	35.974743	35.984344	39.079716	38.761135	39.67755	42.50818	44.4169	44.686012	47.839943	48.195244	49.422005	46.349102	44.11668	45.306103	44.99714	41.246964	40.82923	42.879757	41.54639	44.124428	45.609985	49.30973	51.16763	52.676563	50.684834	47.19355	46.058773	46.13168	43.53459	39.8922	38.24786	36.37309	32.708286	33.324356	34.78995	32.380005	31.654955	35.081196
K-424-B	25.874414	27.693823	30.897778	30.72748	33.64363	33.172802	36.62929	37.16491	40.91704	42.49035	45.72966	48.970234	49.92945	47.96575	47.759003	49.692978	52.790916	51.36937	48.426434	50.782154	53.218704	50.5316	49.300423	52.936005	53.930603	54.09063	52.287926	49.81463	50.573414	48.45444	46.52464	46.99521	44.751328	43.855953	40.30251	40.513683	40.383423	43.787865	45.556618	46.27424	49.98033	49.785145	47.44186	50.59494	52.471203	52.11538	52.553085	50.972404	47.929207	45.497047	41.813427	40.174217	37.397945	37.724327	40.99405	40.978325	42.063614	45.00521	46.70439	46.88055	50.063213	50.529232	51.54876	48.346607	46.325626	47.49976	46.927216	43.188766	42.974174	44.863987	43.359463	45.73412	47.16037	50.86902	52.506878	54.028015	52.248684	48.672802	47.665478	47.56131	45.112957	41.429398	40.01792	38.4058	34.84058	35.692795	36.920635	34.244923	33.58613	37.14099
A-425-B	24.813204	26.999773	30.07991	29.864206	32.60492	31.875542	35.244457	35.76532	39.559456	41.25457	44.335625	47.69626	48.662453	46.85569	46.849453	49.029568	52.153465	50.972378	47.904366	50.034775	52.633026	50.09286	48.61686	52.168358	53.38861	53.57186	52.014217	49.64874	50.643757	48.77168	46.91975	47.10735	44.666435	43.54621	40.002544	39.861534	39.52821	42.826324	44.323353	44.791847	48.549507	48.595478	46.200943	49.29878	51.401596	49.723034	50.03097	48.48434	45.321587	42.921333	39.293503	37.680832	34.738857	35.183857	38.583424	38.838554	39.96006	43.061737	44.600506	44.573784	47.71322	48.211536	49.01374	45.72672	43.885124	44.99689	44.198914	40.49164	40.434826	42.175335	40.556564	42.761513	44.132713	47.83772	49.33405	50.88211	49.25261	45.640934	44.77521	44.62344	42.336838	38.611347	37.304237	35.952988	32.497307	33.483753	34.430756	31.545727	30.916433	34.557674
A-426-B	21.438248	23.4391	26.45311	26.135313	28.889206	28.229156	31.644161	32.229282	36.00435	37.614296	40.746857	44.072865	45.02	43.16505	43.104046	45.238224	48.36603	47.16648	44.123257	46.296574	48.893303	46.36679	44.94871	48.527542	49.752884	50.026325	48.44182	46.00828	46.962395	45.12144	43.217514	43.34725	40.929794	39.766907	36.204624	36.08675	35.836224	39.186783	40.740696	41.341534	45.0882	45.093964	42.796055	45.97898	47.991383	46.820843	47.191223	45.57974	42.52512	40.09172	36.40834	34.797417	32.037003	32.4633	35.770874	35.8815	37.13572	40.098686	41.632145	41.83208	45.082684	45.72256	46.700745	43.420277	41.52221	42.872787	42.21195	38.448833	38.475544	40.487217	39.170654	41.419415	42.601116	46.250725	47.819847	49.16625	47.35212	43.73552	42.59961	42.36678	39.873764	36.218796	34.944744	33.35894	29.85244	30.971321	32.221554	29.47231	29.151554	32.79732
T-427-B	22.982658	24.478237	27.309994	26.589178	29.211037	28.42522	31.733925	31.98302	35.73668	37.49342	40.80652	43.96495	45.15087	43.37079	42.97282	44.947514	47.91253	46.46672	43.404842	45.668663	48.041172	45.300426	43.956963	47.555614	48.520042	48.574482	46.842514	44.48125	45.406475	43.395912	41.648163	42.052334	39.63179	38.80627	35.344482	35.521828	35.16079	38.48045	40.3112	40.969822	44.64292	44.33955	41.906696	45.010193	46.880623	47.22574	47.896004	46.472965	43.591984	41.35323	37.59362	36.261383	33.737362	34.40384	37.666016	37.75583	39.26299	42.055443	43.474255	43.939	47.322075	48.171238	49.245235	45.92759	44.08201	45.65335	45.012337	41.228718	41.410862	43.57201	42.41806	44.601585	45.600918	49.18918	50.679268	51.839664	49.99799	46.342426	45.01597	44.556377	41.94718	38.38724	37.333237	35.64567	32.173477	33.520355	34.979298	32.27401	32.244125	35.902943
I-428-B	26.305992	27.90295	30.591972	29.66305	32.05231	30.929895	34.049496	33.984707	37.759663	39.78782	43.06632	46.21268	47.598732	46.033096	45.580444	47.652405	50.503677	49.069183	45.889988	48.009647	50.32486	47.52701	46.010845	49.52424	50.446564	50.26422	48.63294	46.48336	47.59543	45.62139	44.108982	44.560955	41.98507	41.28728	37.94335	38.051506	37.384445	40.538704	42.31744	42.713173	46.370148	46.04452	43.38733	46.299484	48.306087	48.41001	49.169384	47.974686	45.047695	43.008404	39.270874	38.165024	35.542545	36.490852	39.897743	40.28159	41.897232	44.797832	46.027348	46.36392	49.735622	50.654053	51.51183	48.09292	46.4515	47.96324	47.07239	43.326786	43.67113	45.64193	44.30179	46.290188	47.256123	50.8435	52.117847	53.309765	51.69463	47.979774	46.81516	46.209045	43.784367	40.20037	39.357075	37.954662	34.60674	36.114616	37.306416	34.372135	34.34694	38.08826
P-429-B	24.992416	26.710468	29.115309	27.946178	30.03698	28.569878	31.517767	31.302425	35.09553	37.300827	40.46381	43.66182	45.142475	43.784695	43.41908	45.693844	48.50153	47.256474	43.946686	45.83742	48.24912	45.561043	43.80519	47.221394	48.313393	48.107616	46.712307	44.704945	46.067867	44.34586	42.97159	43.16753	40.381947	39.532597	36.258175	36.062675	35.131695	38.140903	39.710484	39.86501	43.542183	43.37226	40.634922	43.469383	45.663544	44.95819	45.714527	44.624516	41.67357	39.757328	36.04409	35.11148	32.478447	33.67885	37.16459	37.807877	39.611233	42.554558	43.540497	43.833252	47.232937	48.321392	49.031197	45.52004	44.096275	45.706936	44.62469	40.91165	41.530453	43.480473	42.204018	43.974525	44.720924	48.235508	49.3343	50.395027	48.87907	45.121273	43.942318	43.149315	40.79938	37.254932	36.65899	35.445347	32.258076	34.05605	35.113785	32.040302	32.299053	36.098503
V-430-B	23.434658	24.685028	26.930016	25.505014	27.550713	26.140379	29.080786	28.771029	32.52211	34.685276	37.99995	41.065517	42.621754	41.219845	40.625156	42.73802	45.473667	44.06114	40.791786	42.80576	45.08872	42.290043	40.667946	44.139526	45.079582	44.859703	43.321556	41.25633	42.525696	40.70867	39.34206	39.658443	36.925613	36.231724	32.9867	33.012123	32.143074	35.20839	37.010258	37.367764	40.991566	40.600235	37.904415	40.80241	42.803143	43.48867	44.440136	43.351933	40.60248	38.725155	34.9445	34.112373	31.787708	33.007965	36.334118	36.77342	38.74593	41.457176	42.43584	43.053253	46.576443	47.826656	48.76326	45.291004	43.794174	45.663635	44.767986	41.02098	41.69484	43.924232	42.960438	44.793407	45.364033	48.80271	49.979733	50.81981	49.108852	45.368824	43.88358	42.97956	40.391922	36.97461	36.44571	34.94847	31.736294	33.653988	35.076107	32.2152	32.77223	36.514507
S-431-B	26.751423	27.78691	30.066763	28.580736	30.631311	29.261812	32.127247	31.619589	35.302135	37.523045	40.93752	43.860615	45.546734	44.159504	43.339977	45.28058	47.89368	46.26233	43.037537	45.15178	47.221073	44.243557	42.738384	46.20926	46.885994	46.45404	44.754314	42.75883	43.937977	41.907665	40.660915	41.297768	38.647186	38.2854	35.140205	35.465286	34.5768	37.598003	39.616013	40.018387	43.55104	42.907074	40.109478	42.891945	44.75655	46.53629	47.65876	46.705536	44.041245	42.277252	38.493965	37.776527	35.51933	36.788357	40.092796	40.492786	42.476616	45.134792	46.13319	46.817013	50.354805	51.606277	52.571453	49.10538	47.58859	49.446655	48.56688	44.817146	45.446106	47.65475	46.628437	48.48456	49.107525	52.562626	53.717606	54.57853	52.9031	49.156578	47.687107	46.74857	44.168247	40.767654	40.262157	38.747875	35.518364	37.389027	38.84221	35.9898	36.46129	40.203354
Q-432-B	28.694101	29.93391	32.008583	30.334625	32.076637	30.310106	32.929234	32.14012	35.82058	38.319103	41.600822	44.547894	46.4051	45.291466	44.524982	46.662704	49.176144	47.696083	44.326035	46.179863	48.276672	45.35611	43.57741	46.90508	47.671925	47.06133	45.605267	43.864075	45.330734	43.503864	42.502155	42.993374	40.123127	39.732758	36.72157	36.785854	35.537277	38.328823	40.14217	40.18781	43.70665	43.170254	40.17205	42.741867	44.83475	45.79288	46.954556	46.23253	43.515934	41.97076	38.25132	37.781208	35.437218	37.01605	40.45293	41.205956	43.324177	46.095432	46.839073	47.36897	50.8834	52.244568	52.95638	49.383537	48.13108	49.961338	48.79855	45.1133	45.979103	48.00968	46.86301	48.462097	48.964233	52.371883	53.272625	54.104126	52.66624	48.87271	47.54721	46.425312	44.0533	40.666435	40.42822	39.242672	36.20029	38.28986	39.451653	36.378193	36.955147	40.760708
I-433-B	26.850254	27.897364	29.629414	27.650854	29.095974	27.1011	29.536224	28.560532	32.205547	34.81055	38.071327	40.969524	42.933556	41.959606	41.13683	43.332417	45.76481	44.349815	40.91405	42.64926	44.74899	41.867233	39.97782	43.253956	44.077015	43.455032	42.111965	40.44784	42.05862	40.3947	39.50272	39.84183	36.845745	36.415226	33.495945	33.437695	32.014877	34.705276	36.477833	36.45079	39.94724	39.40984	36.380245	38.930233	41.059692	42.19731	43.46909	42.82313	40.22182	38.79884	35.079468	34.80878	32.668636	34.433487	37.799725	38.616795	40.95142	43.597225	44.154633	44.838875	48.42349	49.991123	50.729355	47.136135	46.000607	48.040375	46.864273	43.206726	44.288002	46.456528	45.5493	47.03053	47.27402	50.566963	51.395325	51.99752	50.511757	46.720337	45.20515	43.892227	41.443096	38.18762	38.16942	36.962444	34.056446	36.397667	37.663437	34.652016	35.592953	39.365013
S-434-B	29.896368	30.626038	32.188274	29.968843	31.22232	29.139723	31.340126	30.012548	33.505833	36.242195	39.572285	42.24758	44.44075	43.603516	42.48614	44.520794	46.729195	45.11626	41.69381	43.433285	45.26263	42.209633	40.371334	43.57239	44.108128	43.188972	41.759857	40.283947	41.91119	40.13403	39.50801	40.113213	37.12501	37.0732	34.3728	34.56778	32.991024	35.51283	37.489685	37.44016	40.774498	39.93361	36.761093	39.10193	41.088417	43.648586	45.19678	44.786564	42.379135	41.19172	37.50409	37.499107	35.570698	37.49561	40.784195	41.607563	44.08495	46.5967	47.045956	47.889557	51.52454	53.22599	53.995308	50.396427	49.327175	51.477993	50.296345	46.661495	47.833256	50.051	49.212666	50.632748	50.77028	54.002464	54.74242	55.221924	53.76688	49.97707	48.376427	46.90169	44.435688	41.294765	41.443615	40.22085	37.38769	39.826756	41.175083	38.204727	39.263733	43.019085
T-435-B	31.327694	32.288185	33.66618	31.348227	32.312412	29.886341	31.829409	30.29372	33.748867	36.713936	39.84659	42.560043	44.867577	44.29877	43.307575	45.563084	47.69609	46.30388	42.75947	44.202	46.10579	43.186783	41.061073	44.089523	44.78851	43.75831	42.635952	41.40553	43.321354	41.815613	41.38389	41.75559	38.570824	38.393703	35.82038	35.68084	33.78373	36.054817	37.7392	37.30769	40.620228	39.96981	36.64495	38.767372	41.01994	42.392693	43.93463	43.740555	41.279526	40.307148	36.724003	36.95051	34.949223	37.149334	40.53357	41.699226	44.275875	46.888237	47.088135	47.759434	51.341835	53.135864	53.650684	49.971443	49.16843	51.279644	49.833046	46.289497	47.686607	49.724804	48.795628	49.954834	49.958977	53.117004	53.607574	54.044624	52.823338	49.01448	47.55995	45.918114	43.677265	40.579483	40.987885	40.09866	37.480724	40.103195	41.158676	38.014915	39.180054	42.95264
I-436-B	34.11338	35.026833	36.129124	33.597866	34.203327	31.489017	33.05824	31.1675	34.444656	37.633274	40.618645	43.1969	45.71992	45.457058	44.392124	46.712532	48.632835	47.316433	43.706425	44.894	46.684288	43.801712	41.486603	44.300198	44.96263	43.679344	42.77813	41.87228	44.02576	42.705624	42.590397	42.90473	39.588104	39.522873	37.208904	36.944744	34.721653	36.65974	38.21121	37.466217	40.623642	39.94848	36.452866	38.24618	40.607105	41.92576	43.637974	43.768566	41.428513	40.790703	37.345867	37.929157	36.058323	38.55099	41.912075	43.32554	46.06932	48.63864	48.5654	49.22574	52.789017	54.752804	55.10452	51.3818	50.83273	53.00413	51.37192	47.934002	49.570377	51.523148	50.618454	51.530556	51.330868	54.360214	54.6027	54.890804	53.85593	50.05907	48.635876	46.75571	44.673702	41.72578	42.450012	41.79116	39.411118	42.2334	43.142242	39.939777	41.295822	45.03633
A-437-B	33.302708	34.501762	35.51363	33.05085	33.518566	30.62655	32.098396	30.270763	33.567604	36.81851	39.589207	42.31092	44.76502	44.624187	43.83153	46.394726	48.38589	47.357002	43.67157	44.636673	46.642685	43.9805	41.443344	44.167515	45.13378	43.983982	43.357136	42.49495	44.823215	43.766617	43.610428	43.595726	40.157112	39.770454	37.432243	36.783848	34.441486	36.28253	37.479248	36.470047	39.692554	39.36109	35.875916	37.640923	40.2774	39.751022	41.279217	41.434303	38.95241	38.35727	35.004517	35.63287	33.62417	36.240017	39.67697	41.344593	44.08047	46.766315	46.549095	46.997784	50.475746	52.44218	52.584568	48.82371	48.456978	50.544	48.722015	45.369793	47.14108	48.931114	47.954895	48.679626	48.405663	51.381977	51.47361	51.77218	50.898594	47.10524	45.832256	43.904778	42.015663	39.07377	39.928566	39.544846	37.336594	40.240147	40.880898	37.566734	38.970264	42.68599
G-438-B	30.460714	31.824867	32.747494	30.361279	30.764088	27.810427	29.295862	27.647072	31.009968	34.210197	36.86019	39.73751	42.047974	41.893093	41.340008	44.06884	46.18852	45.37759	41.666252	42.539703	44.769115	42.29296	39.65629	42.39263	43.636124	42.736588	42.248955	41.278862	43.655663	42.7793	42.468395	42.164036	38.679527	37.964535	35.53399	34.5945	32.277668	34.157722	35.113968	34.043644	37.3825	37.33989	33.968224	35.885845	38.677025	36.823475	38.151207	38.15633	35.54511	34.83651	31.479597	32.026592	29.932243	32.557774	36.023636	37.774593	40.49528	43.230255	42.974503	43.33385	46.781574	48.740524	48.834232	45.067688	44.744026	46.824516	44.96861	41.63826	43.46721	45.247013	44.321114	44.999634	44.669342	47.626057	47.727806	48.013336	47.117447	43.32371	42.052525	40.144905	38.271206	35.311985	36.184753	35.874935	33.742348	36.69636	37.254593	33.931396	35.42665	39.109245
S-439-B	31.877121	33.606632	34.77226	32.671356	33.268654	30.412346	32.03897	30.623316	34.034805	37.161903	39.704006	42.71127	44.88053	44.675858	44.337883	47.164833	49.397568	48.69473	44.987564	45.838955	48.187378	45.79473	43.12938	45.859734	47.217163	46.388542	45.949936	44.942554	47.300785	46.420864	46.005688	45.656933	42.19485	41.344284	38.8063	37.764244	35.538353	37.46868	38.26599	37.1193	40.50276	40.658707	37.33544	39.243084	42.139954	38.980053	40.054935	40.004715	37.18626	36.38562	33.110054	33.47462	31.063522	33.591373	37.192684	39.07748	41.594273	44.54264	44.35064	44.400475	47.718586	49.4898	49.38305	45.596127	45.314255	47.130054	45.114853	41.822037	43.569187	45.07818	43.84932	44.46811	44.322063	47.352192	47.380657	47.90473	47.205967	43.405983	42.455887	40.69642	39.062954	35.972473	36.732967	36.6678	34.529694	37.325	37.565735	34.067238	35.260895	38.977325
K-440-B	30.892223	32.596443	34.09693	32.15561	33.142445	30.587097	32.575344	31.376837	34.935734	37.89506	40.67252	43.716595	45.779686	45.284424	44.858227	47.520668	49.876945	48.957607	45.322643	46.478237	48.791317	46.236378	43.808918	46.742634	47.951134	47.191177	46.451305	45.212482	47.323647	46.158154	45.552433	45.43794	42.12257	41.37445	38.649754	37.90194	35.95802	38.184017	39.27314	38.470818	41.94042	41.917908	38.667828	40.799725	43.492188	41.3761	42.43568	42.15235	39.30093	38.226208	34.787174	34.839664	32.347153	34.57328	38.194828	39.76958	42.135944	45.105232	45.22041	45.34888	48.721146	50.32758	50.4308	46.68383	46.099842	47.86645	46.070465	42.63602	44.09392	45.71108	44.42038	45.345333	45.4578	48.648445	48.944523	49.63275	48.73706	44.915516	43.91494	42.38923	40.556847	37.309116	37.72206	37.353714	34.90009	37.467503	37.92146	34.472996	35.405483	39.20093
L-441-B	27.591621	29.119371	30.50779	28.466593	29.429628	26.900656	28.948973	27.811077	31.41652	34.303574	37.162754	40.214138	42.235016	41.653572	41.19242	43.817425	46.21485	45.27512	41.65982	42.888744	45.235325	42.6843	40.31942	43.331654	44.5691	43.945183	43.143456	41.778492	43.830925	42.676342	41.977264	41.800167	38.505886	37.68893	34.915337	34.176804	32.31302	34.64081	35.803467	35.165615	38.687607	38.635483	35.47807	37.786304	40.398346	38.790844	39.88529	39.45633	36.67061	35.48469	31.939522	31.938894	29.591627	31.767618	35.310196	36.71968	39.169388	42.016914	42.17335	42.50223	45.96777	47.650997	47.94731	44.228325	43.534573	45.480705	43.859524	40.36233	41.82101	43.677444	42.633873	43.67531	43.694897	46.869778	47.31682	47.87174	46.7478	42.926525	41.671738	40.13653	38.069614	34.854095	35.231274	34.61676	32.099186	34.737793	35.457455	32.153088	33.29006	37.067932
K-442-B	26.534454	28.449842	29.826488	28.01808	28.94865	26.388224	28.434359	27.556831	31.170893	33.98235	36.605507	39.830933	41.664337	41.108215	40.99089	43.82836	46.35082	45.70053	42.072502	43.136543	45.718044	43.41159	40.912384	43.861427	45.399757	44.986546	44.3951	42.999374	45.12842	44.188576	43.372406	42.891186	39.5623	38.39638	35.56116	34.464428	32.62532	34.918636	35.72205	34.921703	38.5143	38.83786	35.80278	38.149734	40.963768	37.39482	38.17641	37.628937	34.63194	33.33854	29.879623	29.738983	27.133581	29.29637	32.94298	34.560387	36.89542	39.91107	40.01636	40.066383	43.417637	45.011612	45.111732	41.367283	40.785454	42.578674	40.795643	37.356895	38.868046	40.54107	39.372658	40.293594	40.331234	43.51255	43.889458	44.545784	43.542152	39.717796	38.658733	37.196274	35.314533	32.027283	32.401382	32.051964	29.650896	32.27861	32.688942	29.249624	30.3316	34.100266
E-443-B	27.714363	29.857948	31.629475	30.145435	31.444578	29.165886	31.476915	30.837912	34.518723	37.1876	39.86837	43.157894	44.8545	44.109936	44.054943	46.83064	49.469193	48.742188	45.172066	46.395763	48.994526	46.6319	44.260155	47.302727	48.7894	48.4146	47.677456	46.15753	48.13285	47.01054	46.047127	45.710846	42.493748	41.351494	38.37185	37.421432	35.797115	38.25716	39.14743	38.4843	42.116383	42.424778	39.437687	41.85489	44.60815	40.957584	41.595016	40.919567	37.80464	36.331932	32.880157	32.45323	29.619646	31.494804	35.205242	36.70845	38.771545	41.932667	42.27693	42.14903	45.41139	46.74763	46.82545	43.11683	42.378883	43.91649	42.161407	38.68823	39.925873	41.43509	39.976055	41.04869	41.41254	44.736473	45.219383	46.16473	45.205265	41.391174	40.56303	39.366367	37.56749	34.124855	34.19047	33.840584	31.256645	33.567112	33.860775	30.35117	30.974842	34.79218
I-444-B	25.220364	27.17397	29.13136	27.696714	29.273775	27.269464	29.853098	29.38576	33.146996	35.63789	38.53519	41.8049	43.41953	42.426006	42.243816	44.839333	47.556576	46.637802	43.153267	44.63985	47.18931	44.706367	42.565292	45.77485	47.13368	46.861977	45.871433	44.136364	45.88641	44.561302	43.425835	43.24685	40.17316	39.104248	35.99341	35.30294	33.941628	36.64406	37.80861	37.497242	41.174725	41.297302	38.42262	41.057358	43.58597	41.213585	41.917976	41.039463	38.00621	36.326523	32.71929	32.085945	29.368587	30.991766	34.613884	35.74945	37.772835	40.821617	41.40852	41.517548	44.884586	46.17625	46.560093	42.917652	41.888386	43.540257	42.09004	38.487278	39.515896	41.29517	40.00417	41.37779	41.834667	45.229534	45.99411	46.921192	45.664734	41.857735	40.788998	39.72366	37.617935	34.135975	33.950153	33.179623	30.329103	32.512505	33.19866	29.87762	30.470911	34.307262
F-445-B	22.359915	24.409391	26.153429	24.705563	26.13098	24.040941	26.587524	26.272722	30.032387	32.460396	35.230145	38.587917	40.09681	39.12973	39.130093	41.859303	44.63724	43.921803	40.42612	41.790764	44.497345	42.19818	39.96914	43.140854	44.71842	44.639557	43.802624	42.031002	43.84993	42.740765	41.539444	41.07417	37.95625	36.61529	33.493454	32.522705	31.161888	33.840366	34.7872	34.433277	38.15652	38.500534	35.755936	38.478207	41.09179	37.8556	38.42702	37.425056	34.350143	32.584824	28.974033	28.285156	25.563686	27.211515	30.832207	32.026848	34.116955	37.157562	37.662518	37.77489	41.158257	42.525875	42.911716	39.257336	38.279106	40.032032	38.57797	34.980244	36.133633	38.004036	36.886078	38.20559	38.508194	41.84921	42.628265	43.44233	42.10689	38.299114	37.121387	36.019585	33.856102	30.396883	30.26933	29.501764	26.72843	29.06005	29.759197	26.458559	27.302637	31.116928
D-446-B	23.229326	25.740948	27.628614	26.5637	28.069202	26.081905	28.641796	28.585775	32.303185	34.624107	37.17066	40.65504	41.970066	40.993526	41.3016	44.169205	47.051704	46.54726	43.07586	44.33119	47.196213	45.074974	42.77514	45.88551	47.65528	47.698322	46.995247	45.214478	47.057842	46.053913	44.762093	44.13802	41.038338	39.47945	36.313572	35.123222	33.830902	36.470814	37.140575	36.654312	40.398075	41.0275	38.372757	41.071068	43.829144	38.92841	39.177906	38.07593	34.78548	32.902027	29.440851	28.531158	25.470486	26.963764	30.69241	32.061752	33.884518	37.154137	37.70009	37.427624	40.624943	41.77121	41.917328	38.261692	37.346725	38.78814	37.156918	33.622425	34.6912	36.248028	34.81295	36.06711	36.566944	39.98356	40.71583	41.787285	40.63547	36.83969	36.014988	35.11232	33.226784	29.64567	29.376123	28.930645	26.22554	28.354376	28.61941	25.128298	25.62633	29.455732
K-447-B	23.93407	26.43714	28.73063	27.898659	29.799671	28.145205	30.976002	31.057898	34.837948	37.02164	39.747208	43.212975	44.45515	43.24743	43.456894	46.14705	49.104115	48.392113	45.0037	46.513638	49.3029	47.030228	44.941536	48.19077	49.791607	49.83272	48.880478	46.94791	48.575684	47.303635	45.872105	45.50198	42.554054	41.141487	37.846195	36.96401	35.913105	38.75683	39.684013	39.44984	43.213287	43.65981	41.030266	43.829235	46.42161	42.440437	42.712734	41.507122	38.23116	36.20591	32.691193	31.57062	28.492	29.677525	33.356163	34.43141	36.037243	39.312344	40.15163	39.90419	43.08001	44.016266	44.310085	40.738903	39.563057	40.86329	39.427044	35.82994	36.55887	38.113922	36.53343	38.058804	38.864685	42.398434	43.330963	44.59658	43.35401	39.596436	38.824978	38.15743	36.1949	32.535095	31.941292	31.269844	28.31208	30.095072	30.500097	27.110634	27.193457	31.026041
I-448-B	20.378565	22.776379	25.172758	24.431133	26.538528	25.147932	28.192905	28.525034	32.326	34.289806	37.120487	40.586533	41.69364	40.279964	40.468353	43.048527	46.093155	45.316376	42.01859	43.692204	46.499786	44.226646	42.310608	45.663456	47.250233	47.47139	46.38436	44.261776	45.717033	44.382935	42.771877	42.397934	39.57693	38.099	34.69994	33.918163	33.125206	36.146507	37.197556	37.251335	41.04145	41.430637	38.981525	41.977615	44.40137	41.136585	41.41078	39.990883	36.797913	34.576015	30.959734	29.638268	26.70052	27.643044	31.204155	31.952595	33.54347	36.69405	37.715904	37.69472	40.964653	41.90201	42.481117	38.978493	37.565804	39.028572	37.881214	34.184013	34.782806	36.642345	35.331112	37.094837	37.88547	41.43025	42.610226	43.77846	42.23682	38.504784	37.455326	36.88072	34.624397	30.97443	30.18479	29.117168	25.956827	27.674204	28.474876	25.307365	25.4963	29.31285
H-449-B	18.955456	21.707232	23.894653	23.308998	25.228159	23.760736	26.696342	27.240913	30.97275	32.85877	35.4239	39.007362	39.95503	38.618908	39.121742	41.9055	45.013374	44.54152	41.2362	42.693466	45.69519	43.682056	41.618973	44.86281	46.726875	47.12573	46.27922	44.187275	45.76103	44.702774	43.06218	42.351406	39.47577	37.678223	34.3092	33.14131	32.319603	35.228836	35.918266	35.811172	39.617634	40.34183	38.026394	41.022892	43.606136	38.730476	38.740147	37.203236	33.878414	31.558777	28.043898	26.588236	23.466337	24.37291	28.004017	28.949162	30.485779	33.76431	34.686466	34.45071	37.641045	38.560783	38.98394	35.44835	34.154427	35.559013	34.27385	30.6127	31.328894	33.100803	31.781902	33.42745	34.148518	37.677845	38.814373	39.995193	38.499844	34.763695	33.803673	33.27198	31.128279	27.439415	26.657894	25.802402	22.771107	24.564154	25.105282	21.807875	22.082508	25.919537
S-450-B	21.375082	24.40017	26.803608	26.553398	28.603403	27.278778	30.22766	30.882767	34.581543	36.405922	38.862553	42.49267	43.32393	41.950966	42.606785	45.41668	48.582294	48.172253	44.90319	46.348442	49.398384	47.433266	45.370213	48.59633	50.50408	50.918648	50.08834	47.98797	49.534832	48.444904	46.748035	46.055305	43.224815	41.38993	37.987698	36.8016	36.043427	38.944805	39.540432	39.36985	43.17211	44.00301	41.69746	44.65234	47.30024	41.59822	41.41178	39.84023	36.38259	34.005695	30.642334	29.030466	25.682543	26.386934	30.040337	31.051613	32.26342	35.70974	36.741898	36.1713	39.151917	39.789284	40.019478	36.537815	35.238995	36.26626	34.87384	31.295557	31.790375	33.205017	31.482153	33.147507	34.193478	37.81745	38.9496	40.449886	39.140846	35.45763	34.884075	34.600754	32.736187	28.967892	27.983519	27.39263	24.407522	25.837215	25.975208	22.57476	22.279503	26.079487
L-451-B	20.786896	23.697369	26.491535	26.479618	28.933018	28.002455	31.2282	32.055344	35.795467	37.426838	40.083195	43.66995	44.404335	42.759743	43.2921	45.88144	49.125587	48.49568	45.345573	47.075134	50.04386	47.942406	46.137337	49.51422	51.25257	51.72281	50.62393	48.33008	49.61817	48.27206	46.394676	45.931957	43.295734	41.58385	38.05313	37.19278	36.736145	39.861183	40.739822	40.894653	44.709732	45.337086	43.113525	46.215996	48.648376	44.15465	44.034927	42.324234	38.94704	36.415016	32.964985	31.157259	27.924114	28.303825	31.819221	32.41489	33.44641	36.794044	38.151203	37.742905	40.745445	41.2165	41.72402	38.368965	36.74132	37.736572	36.67458	33.023712	33.157085	34.723915	33.037556	35.04559	36.324917	40.01733	41.42169	43.006424	41.485146	37.868042	37.186428	37.10942	35.041904	31.2598	29.956251	28.972645	25.709406	26.793556	27.281086	24.149073	23.558962	27.288198
L-452-B	16.999836	19.981867	22.78531	22.939323	25.489414	24.787102	28.119614	29.23449	32.920242	34.321365	36.947987	40.551693	41.11549	39.338493	39.964115	42.52761	45.849876	45.28694	42.22088	43.98938	47.03001	45.038586	43.32459	46.722584	48.54503	49.22209	48.11797	45.701477	46.89747	45.62626	43.609955	43.00453	40.45996	38.578346	35.00148	34.076138	33.826965	37.026543	37.8656	38.19833	42.01029	42.705235	40.692493	43.929115	46.267338	41.856773	41.664356	39.75383	36.438038	33.733532	30.259956	28.254282	25.131897	25.271683	28.6719	29.03101	30.042694	33.305443	34.77655	34.518715	37.585995	38.082157	38.802025	35.4977	33.709454	34.870136	34.028214	30.303978	30.388538	32.240623	30.855804	33.018066	34.20289	37.869392	39.46036	40.912537	39.137222	35.550526	34.618786	34.611397	32.316635	28.56629	27.11032	25.821842	22.424345	23.481157	24.28268	21.341286	20.932772	24.648233
S-453-B	17.243998	20.595825	23.135036	23.469885	25.765917	24.963507	28.10304	29.366535	32.942608	34.29596	36.610977	40.31075	40.72693	39.07196	40.025505	42.79732	46.151684	45.901653	42.82593	44.344597	47.55505	45.81765	43.9354	47.193203	49.271843	50.067913	49.21781	46.88194	48.22183	47.215572	45.22183	44.31659	41.70456	39.55505	36.05005	34.7501	34.422096	37.455032	37.91522	38.027317	41.825092	42.853405	40.935574	44.10906	46.626724	40.46852	39.981186	37.990963	34.525414	31.75312	28.463608	26.320185	22.958519	23.009575	26.480295	27.106432	27.965197	31.41972	32.780968	32.175285	35.08385	35.48548	35.948555	32.61422	30.97974	31.950274	30.892378	27.233711	27.392752	29.014402	27.46485	29.49408	30.708204	34.39487	35.919598	37.485874	35.83942	32.26049	31.564146	31.668943	29.608904	25.806095	24.308018	23.376896	20.169626	21.192806	21.517565	18.360806	17.821983	21.584366
G-454-B	19.799505	23.238304	26.032248	26.684513	29.172085	28.578997	31.781979	33.138474	36.700317	37.96381	40.25246	43.960358	44.26091	42.502907	43.530743	46.243908	49.65684	49.385223	46.379745	47.973373	51.18781	49.443283	47.638832	50.925972	52.98123	53.797985	52.87777	50.48117	51.72289	50.610046	48.522743	47.710373	45.19377	43.06668	39.507515	38.30428	38.10159	41.186817	41.66697	41.818916	45.61248	46.653786	44.754837	47.934185	50.44133	44.022034	43.406693	41.363667	37.834476	34.99844	31.831707	29.545822	26.089046	25.887262	29.270401	29.810886	30.30132	33.824524	35.378727	34.531147	37.217876	37.286987	37.66185	34.46428	32.725666	33.301334	32.279034	28.73012	28.523024	29.817572	27.889261	30.058617	31.680431	35.44533	37.06011	38.950714	37.41608	33.952713	33.58966	33.992783	32.142906	28.324652	26.567034	25.766743	22.59198	23.116306	23.162474	20.103703	18.869585	22.452719
K-455-B	22.97374	26.32525	28.965176	29.271385	31.533684	30.556372	33.589024	34.59365	38.212276	39.780914	42.068424	45.769936	46.30521	44.777405	45.71304	48.527878	51.83045	51.550625	48.402847	49.869026	53.035965	51.214947	49.22949	52.45453	54.48009	55.07508	54.249245	52.03519	53.465015	52.374115	50.490192	49.7289	47.037075	45.03368	41.553936	40.306835	39.789944	42.741993	43.19042	43.076363	46.873215	47.894955	45.761448	48.77194	51.43154	44.68933	44.167767	42.38591	38.801323	36.212494	33.062378	31.087502	27.54416	27.764414	31.309664	32.220814	32.911526	36.502693	37.784443	36.830112	39.507053	39.706142	39.806755	36.493355	35.061493	35.597343	34.239826	30.78489	30.855446	31.889055	29.752777	31.580597	33.100983	36.825138	38.1163	40.0237	38.803185	35.272476	35.11056	35.28547	33.67685	29.860167	28.452896	28.032984	25.080069	25.901752	25.64045	22.320576	21.238361	24.852661
P-456-B	25.495207	28.662586	31.482357	31.686687	34.08053	33.09804	36.207314	37.032356	40.73396	42.413303	44.88258	48.532314	49.203987	47.64471	48.375248	51.08016	54.34454	53.856567	50.687862	52.28906	55.33126	53.316895	51.3973	54.69565	56.534332	56.967854	55.98991	53.780033	55.152817	53.859104	52.01261	51.503033	48.82723	47.053253	43.54637	42.54733	42.00527	45.024536	45.700798	45.635353	49.44329	50.252686	47.97315	50.955276	53.556515	47.70273	47.357193	45.697865	42.15359	39.65908	36.42598	34.574112	31.086851	31.407951	34.96665	35.812214	36.541878	40.087852	41.42261	40.55964	43.27191	43.458508	43.60273	40.303204	38.828213	39.341972	38.024426	34.5755	34.564587	35.564644	33.344917	35.20323	36.809822	40.537388	41.797527	43.750122	42.58716	39.060173	38.92049	39.050274	37.4301	33.615627	32.245426	31.752531	28.722485	29.510948	29.366165	26.097319	24.938423	28.510265
V-457-B	26.298	29.159502	31.937323	31.769314	34.106064	32.933075	36.014137	36.517822	40.28902	42.17764	44.841904	48.40126	49.328644	47.84929	48.28844	50.913258	54.059826	53.365643	50.12224	51.7878	54.668873	52.45154	50.533485	53.86401	55.504	55.717773	54.642963	52.51686	53.92056	52.49852	50.800625	50.500862	47.761753	46.248283	42.7894	41.991314	41.292324	44.30404	45.206207	45.13373	48.93124	49.49001	47.0226	49.933445	52.480946	47.8078	47.761963	46.30673	42.868595	40.56087	37.179455	35.607525	32.267212	32.902065	36.522175	37.39211	38.427704	41.872425	43.092888	42.488525	45.38978	45.81736	46.0514	42.655773	41.234818	42.00985	40.6812	37.156216	37.342125	38.5357	36.48733	38.274178	39.66522	43.353268	44.5048	46.257263	45.079613	41.45964	41.110004	40.960392	39.200737	35.413857	34.29268	33.679394	30.59458	31.689669	31.80605	28.49753	27.701908	31.384174
Q-458-B	29.425835	32.088028	34.900135	34.565453	36.902664	35.64935	38.701744	38.97265	42.772205	44.801964	47.590733	51.07459	52.16888	50.733112	50.973568	53.51496	56.575947	55.71021	52.435234	54.165558	56.906055	54.521927	52.62841	55.977444	57.435944	57.45121	56.278824	54.224934	55.621666	54.04986	52.46198	52.38713	49.636963	48.363945	44.945694	44.345497	43.55247	46.5501	47.626755	47.536263	51.3079	51.67246	49.04946	51.869125	54.375446	50.479794	50.61381	49.323635	45.93907	43.77325	40.348545	38.949005	35.671246	36.45825	40.099907	40.9898	42.113777	45.522034	46.710724	46.179	49.120777	49.595806	49.823994	46.40739	45.01827	45.809673	44.451134	40.936066	41.143463	42.30519	40.20468	41.94714	43.33938	47.013344	48.078945	49.827114	48.73251	45.096756	44.762684	44.5135	42.77197	39.004486	37.989502	37.380577	34.291534	35.439976	35.600906	32.28339	31.504349	35.180195
S-459-B	29.551418	31.954502	34.94482	34.651775	37.205006	36.18419	39.38627	39.69048	43.50607	45.433544	48.41002	51.81405	52.90433	51.296436	51.351143	53.681744	56.746033	55.650555	52.46826	54.427334	57.039074	54.50181	52.826122	56.284237	57.54182	57.54185	56.129547	53.956394	55.143757	53.338413	51.666927	51.84245	49.249973	48.165607	44.699986	44.41474	43.810013	46.949863	48.30075	48.463802	52.223858	52.356853	49.76722	52.676075	54.977345	52.399017	52.667774	51.315876	48.02937	45.79211	42.25937	40.796352	37.65285	38.3069	41.86021	42.46233	43.563347	46.84678	48.22135	47.903553	50.925503	51.371788	51.845448	48.490265	46.88224	47.759357	46.64627	43.04952	43.082638	44.443115	42.466885	44.434765	45.896687	49.607025	50.85582	52.576427	51.28655	47.66077	47.14614	46.952465	44.99511	41.226925	40.069477	39.142723	35.86756	36.89403	37.382614	34.245785	33.431133	37.08365
G-460-B	32.650692	34.87681	37.935463	37.609074	40.22482	39.255413	42.47128	42.671726	46.484962	48.441757	51.523922	54.855	56.01982	54.378727	54.278908	56.484695	59.497726	58.23331	55.083336	57.15028	59.631477	56.957993	55.380672	58.87146	59.950985	59.8279	58.27836	56.115612	57.212288	55.23426	53.601353	54.006958	51.486576	50.61232	47.17114	47.10567	46.522045	49.683502	51.206703	51.434105	55.16245	55.119396	52.46254	55.330708	57.53699	55.74063	56.12594	54.842655	51.602642	49.41486	45.850082	44.441444	41.347195	42.016045	45.55139	46.084896	47.181248	50.42138	51.849613	51.59305	54.628674	55.050247	55.570526	52.2362	50.57879	51.43554	50.37038	46.773407	46.733116	48.08197	46.06288	48.073544	49.602802	53.323185	54.580517	56.335964	55.058815	51.44031	50.933083	50.737583	48.763184	44.99926	43.83121	42.848534	39.532166	40.502995	41.05711	37.9665	37.083336	40.701714
G-461-B	35.211353	37.65533	40.768394	40.610073	43.241158	42.274357	45.48348	45.759422	49.57595	51.526016	54.50547	57.907463	58.99912	57.36995	57.421383	59.7127	62.777035	61.617676	58.45728	60.459793	63.02343	60.42342	58.78102	62.243717	63.419357	63.324234	61.85146	59.70475	60.8424	58.915665	57.258793	57.590126	55.0506	54.076782	50.613136	50.427494	49.832962	52.969208	54.35661	54.483852	58.234135	58.3293	55.67102	58.510597	60.820335	58.149517	58.382626	57.083	53.735817	51.521362	48.05205	46.564926	43.31944	43.915417	47.480465	48.1125	49.03605	52.392338	53.84234	53.348434	56.23721	56.491844	56.844604	53.549927	51.94057	52.54789	51.383335	47.884937	47.744274	48.823116	46.557262	48.512733	50.217648	53.94711	55.154892	57.10498	55.992626	52.43365	52.19212	52.129784	50.36139	46.567535	45.32676	44.55036	41.310764	42.119198	42.39326	39.255352	38.099792	41.629536
R-462-B	33.226444	35.923847	39.072033	39.155685	41.827065	40.957073	44.206337	44.721466	48.5232	50.340553	53.177483	56.67697	57.581646	55.902493	56.19276	58.585453	61.758217	60.786903	57.651974	59.586872	62.31364	59.88426	58.200123	61.64837	63.024967	63.12357	61.756992	59.536053	60.68913	58.900887	57.116665	57.22597	54.690517	53.462864	49.93543	49.543736	49.042236	52.198578	53.390007	53.502914	57.290924	57.610622	55.08543	58.004616	60.395115	56.67841	56.68382	55.228436	51.79006	49.437668	46.05654	44.378376	41.021893	41.428852	44.966145	45.598587	46.33394	49.76459	51.27661	50.60574	53.37108	53.476307	53.7622	50.528618	48.89627	49.341335	48.17797	44.734314	44.483387	45.44024	43.080196	45.06795	46.893112	50.63699	51.91003	53.978554	52.87457	49.377937	49.26673	49.379154	47.700726	43.887596	42.49854	41.8051	38.60436	39.239124	39.34681	36.232563	34.87738	38.3321
S-463-B	30.289314	33.152836	36.20477	36.318745	38.90245	37.980965	41.188877	41.797188	45.57723	47.362137	50.080643	53.636257	54.470806	52.83726	53.274776	55.782093	58.988323	58.182487	55.02469	56.843857	59.683163	57.390797	55.615086	59.01596	60.555058	60.76328	59.53374	57.318	58.557896	56.940674	55.13653	55.029858	52.432137	51.01526	47.487	46.88453	46.357475	49.471066	50.488724	50.53253	54.333897	54.820988	52.366955	55.30782	57.781113	53.31941	53.210716	51.69538	48.21869	45.82668	42.492245	40.76659	37.36455	37.756363	41.306416	42.01801	42.757492	46.230434	47.67759	46.94033	49.68865	49.8242	50.05529	46.79645	45.223637	45.68955	44.46623	41.023056	40.855907	41.819366	39.496174	41.434116	43.187336	46.92515	48.184116	50.21563	49.10248	45.59458	45.48062	45.592026	43.93991	40.12669	38.7532	38.13309	34.989304	35.680065	35.700745	32.53041	31.236874	34.73174
V-464-B	26.963999	29.84018	33.013393	33.355263	36.112865	35.466618	38.81355	39.68348	43.438038	44.996628	47.727016	51.29231	51.950375	50.139313	50.639614	53.06781	56.36283	55.560886	52.51002	54.434223	57.31765	55.08402	53.448498	56.908207	58.480713	58.878983	57.573196	55.19793	56.28889	54.654907	52.675373	52.52168	50.056667	48.534195	44.9316	44.365532	44.080803	47.311214	48.3577	48.611515	52.423626	52.93097	50.660667	53.754353	56.114426	51.879665	51.69844	49.97571	46.531628	43.94948	40.584694	38.640312	35.296864	35.417953	38.858532	39.307846	39.92456	43.328983	44.96422	44.323963	47.087784	47.144905	47.584568	44.406265	42.618465	43.13208	42.150253	38.63702	38.291138	39.45198	37.29	39.466923	41.276627	45.050602	46.54747	48.554253	47.19789	43.724148	43.447	43.706745	41.866676	38.046875	36.44653	35.5588	32.27133	32.781372	33.029922	30.040169	28.67928	32.145664
S-465-B	24.569593	27.695656	30.850492	31.471363	34.240482	33.743584	37.100727	38.250477	41.93279	43.30147	45.861412	49.4943	49.935757	48.065887	48.81124	51.315506	54.703014	54.09928	51.10993	52.959072	55.98796	53.95206	52.30569	55.727573	57.49085	58.10224	56.904396	54.46017	55.543854	54.06946	51.9705	51.58118	49.15552	47.377052	43.746685	42.972454	42.816216	46.042576	46.884026	47.15729	50.971527	51.69739	49.61252	52.780075	55.175697	50.033825	49.62524	47.71723	44.22193	41.48008	38.220577	36.052383	32.64648	32.50992	35.87465	36.26871	36.68496	40.136185	41.851234	41.07177	43.72609	43.647552	44.076168	40.96853	39.118286	39.51828	38.593758	35.10902	34.641155	35.765846	33.59436	35.858955	37.757618	41.54637	43.164055	45.239716	43.813828	40.406063	40.1841	40.633175	38.82591	35.00691	33.217712	32.34559	29.082983	29.392828	29.532824	26.615183	25.070534	28.470224
V-466-B	21.437641	24.601376	27.869228	28.803228	31.743015	31.586218	35.057465	36.51483	40.119976	41.21023	43.741615	47.36838	47.593666	45.535973	46.376007	48.79265	52.269135	51.697197	48.843426	50.78221	53.857876	51.91751	50.42421	53.880886	55.6897	56.51312	55.258076	52.66043	53.585873	52.12376	49.844875	49.378376	47.110924	45.2019	41.517887	40.75982	40.87971	44.199512	45.03955	45.53247	49.32863	50.093903	48.233078	51.53848	53.80656	48.84632	48.345276	46.217003	42.781574	39.844776	36.597847	34.18618	30.884176	30.403608	33.595234	33.6735	33.917385	37.277077	39.209423	38.529785	41.17713	40.9973	41.66131	38.6693	36.575916	37.020416	36.388264	32.851494	32.16406	33.515297	31.559298	34.087315	36.034245	39.829727	41.707474	43.740574	42.05019	38.71381	38.312725	38.940517	36.941757	33.15593	31.102493	29.922258	26.521494	26.574179	26.983995	24.33839	22.708462	26.020939
T-467-B	21.767776	25.202068	28.354889	29.603287	32.45673	32.4012	35.78128	37.471798	40.95988	41.88968	44.166016	47.85452	47.85465	45.796017	46.939434	49.46273	53.00782	52.683544	49.89126	51.690052	54.911148	53.19766	51.65055	55.019726	57.033447	58.02699	56.927685	54.32196	55.279728	53.99873	51.65139	50.94926	48.706333	46.553993	42.891655	41.883556	42.07212	45.31308	45.876926	46.295086	50.065315	51.09595	49.390774	52.696087	55.05013	48.783188	47.988777	45.713924	42.194965	39.138187	36.10594	33.480927	30.068079	29.299355	32.385365	32.498936	32.409267	35.868008	37.85928	36.863506	39.265774	38.829216	39.34222	36.467968	34.371	34.49765	33.845	30.441587	29.54914	30.63257	28.471409	31.048656	33.221516	37.02544	38.98445	41.219612	39.588596	36.38226	36.241566	37.149532	35.362457	31.604765	29.336521	28.367014	25.13133	24.8348	24.865765	22.3031	20.234678	23.349047
L-468-B	22.06384	25.406574	28.717155	30.387596	33.45259	33.815594	37.292557	39.261593	42.65071	43.284245	45.530712	49.178852	48.932148	46.64536	47.87561	50.2394	53.870247	53.52917	50.925976	52.863632	56.08768	54.437675	53.10204	56.513428	58.511158	59.682407	58.466766	55.698273	56.43266	55.07515	52.528244	51.855885	49.84068	47.636166	43.92777	43.038776	43.545773	46.883236	47.492157	48.143337	51.873135	52.90165	51.39894	54.81364	57.01955	50.99981	50.09378	47.620205	44.162106	40.933765	37.98833	35.12183	31.829449	30.647516	33.46007	33.196987	32.735737	36.062607	38.367767	37.37254	39.609634	38.87056	39.585285	36.96702	34.5796	34.50763	34.220238	30.909824	29.562868	30.656034	28.546165	31.436512	33.872593	37.647633	39.895397	42.247253	40.439816	37.429115	37.291916	38.516582	36.670185	33.005424	30.399166	29.19298	25.917173	25.088276	25.272459	23.17541	20.73418	23.457441
N-469-B	20.628605	23.685093	27.185873	28.731922	31.978474	32.43774	36.051544	37.939304	41.390995	42.03671	44.521187	48.09323	47.960873	45.574974	46.541607	48.736774	52.339756	51.754364	49.17141	51.303486	54.392796	52.55921	51.36938	54.882668	56.683887	57.785225	56.375538	53.538483	54.144577	52.59684	50.02352	49.569168	47.62935	45.619026	41.868477	41.260754	41.85178	45.309505	46.200687	47.03921	50.775475	51.549652	50.004826	53.477463	55.525707	50.919987	50.26174	47.83561	44.49231	41.297684	38.15626	35.389782	32.262085	31.198595	34.023075	33.56521	33.34407	36.517212	38.876465	38.247307	40.720726	40.186382	41.165325	38.488457	35.9911	36.256428	36.12581	32.6638	31.421688	32.884808	31.079252	34.025715	36.25478	40.021774	42.297367	44.43296	42.455315	39.34973	38.88032	39.910065	37.774437	34.102074	31.587526	30.031357	26.532684	25.914768	26.610308	24.562975	22.519554	25.398718
P-470-B	17.399652	20.437557	23.951311	25.785234	29.108044	29.87458	33.512062	35.658787	38.978176	39.361813	41.777176	45.31139	44.989613	42.4703	43.526638	45.649445	49.30419	48.782833	46.327938	48.492527	51.61695	49.906773	48.8357	52.3366	54.193172	55.48328	54.071075	51.136654	51.632343	50.158978	47.46176	46.884277	45.07736	42.931087	39.18189	38.545967	39.365948	42.849262	43.70026	44.71263	48.392696	49.214157	47.88993	51.446487	53.37845	48.935345	48.216835	45.627094	42.38966	39.07131	35.977356	33.051296	30.110655	28.766207	31.369001	30.609304	30.278828	33.309612	35.826416	35.35174	37.84295	37.293095	38.51537	35.943172	33.25664	33.662884	33.813427	30.320646	28.96256	30.723717	29.263348	32.377926	34.5089	38.21497	40.67681	42.66658	40.44087	37.409718	36.701622	37.820606	35.493496	31.922476	29.245558	27.376745	23.804573	22.994413	24.039635	22.334635	20.402588	23.141973
Q-471-B	17.700314	20.245998	23.944757	25.6528	29.166193	30.070963	33.82296	35.8645	39.219948	39.59835	42.254288	45.67626	45.45997	42.827118	43.59109	45.48778	49.100437	48.294655	45.898495	48.29237	51.245384	49.331978	48.454967	52.060703	53.67869	54.889896	53.243	50.225243	50.54088	48.82257	46.077946	45.786213	44.107456	42.208904	38.42616	38.152344	39.091805	42.696518	43.866158	45.086617	48.74946	49.28508	47.92344	51.525776	53.27113	50.32659	49.84717	47.320152	44.209816	40.950813	37.709755	34.908802	32.154198	30.930464	33.49276	32.543312	32.39406	35.2233	37.795303	37.64588	40.287872	39.87049	41.30955	38.7444	35.975647	36.601562	36.897472	33.348736	32.0367	34.01139	32.739853	35.880814	37.899914	41.576187	44.052265	45.90552	43.576843	40.510822	39.57932	40.55365	38.025127	34.48923	31.911339	29.784262	26.097708	25.439987	26.872269	25.262474	23.619104	26.372713
G-472-B	18.545015	21.189417	24.78734	25.989346	29.337482	29.774612	33.483505	35.18029	38.70164	39.439796	42.196716	45.666706	45.74818	43.338783	43.959366	46.002625	49.525913	48.67069	46.056244	48.355553	51.278095	49.224518	48.14001	51.743046	53.322422	54.295544	52.70869	49.84974	50.38303	48.660877	46.13122	45.902008	43.97505	42.20583	38.440277	38.120483	38.70843	42.257748	43.460026	44.45287	48.18434	48.659565	47.026623	50.52585	52.417747	49.44833	49.119484	46.814697	43.627945	40.54771	37.18302	34.636898	31.734604	30.941357	33.808735	33.24108	33.440235	36.4318	38.713303	38.532288	41.320015	41.145813	42.362415	39.555515	37.05215	37.788475	37.725166	34.09446	33.144012	35.026554	33.591526	36.480682	38.354633	42.085857	44.298428	46.111336	43.98385	40.734913	39.858612	40.551605	38.100967	34.447395	32.177307	30.296873	26.621305	26.4453	27.675573	25.600445	24.183367	27.289423
L-473-B	15.456012	18.38571	21.82881	22.96438	26.170654	26.481125	30.133892	31.891342	35.39318	36.144703	38.793182	42.32315	42.394444	40.082504	40.826107	43.030006	46.56131	45.883152	43.195927	45.335655	48.36663	46.442165	45.21433	48.750015	50.491276	51.528133	50.11548	47.317493	48.002953	46.49712	44.02342	43.546288	41.493633	39.53742	35.797977	35.212788	35.70421	39.17928	40.196903	41.0878	44.8287	45.45919	43.86932	47.35977	49.344654	45.745945	45.35864	43.03098	39.83388	36.744465	33.3908	30.837378	27.92948	27.173063	30.087147	29.623175	29.960846	33.009098	35.159046	34.986855	37.853798	37.83766	39.01754	36.11464	33.70589	34.610798	34.456966	30.768873	30.036678	32.05177	30.778862	33.566174	35.225044	38.926926	41.081142	42.747906	40.586426	37.28156	36.291386	36.881794	34.384937	30.733072	28.54591	26.66886	22.994219	23.038818	24.303596	22.132782	21.000565	24.249681
D-474-B	13.139364	15.649835	19.284014	20.62488	24.075146	24.817703	28.58107	30.526522	33.91647	34.397915	37.14871	40.561394	40.516857	37.989746	38.616425	40.59012	44.14949	43.33188	40.808628	43.148167	46.09693	44.147255	43.173927	46.775307	48.40447	49.571377	47.988514	45.031166	45.479927	43.867832	41.23047	40.836075	39.002926	37.085175	33.310497	32.962475	33.776466	37.36971	38.576008	39.787006	43.457073	43.93451	42.536194	46.137955	47.878895	45.451694	45.159473	42.722782	39.722363	36.566727	33.187866	30.575579	28.0016	27.047659	29.683212	28.794216	29.13167	31.885874	34.220875	34.40205	37.350983	37.382244	38.911224	36.144024	33.519264	34.65291	34.853657	31.153448	30.31873	32.677437	31.799461	34.737476	36.274075	39.878036	42.203373	43.67991	41.255493	38.035275	36.72408	37.326385	34.556534	31.057787	28.788448	26.472805	22.703531	22.642975	24.460503	22.726221	21.849745	24.884764
F-475-B	16.1234	18.168344	21.816273	22.820183	26.294048	26.910835	30.693829	32.34464	35.825703	36.483932	39.44832	42.77344	42.93948	40.432888	40.765633	42.59431	46.06058	44.97344	42.423584	44.911884	47.679787	45.485874	44.593323	48.271	49.65711	50.619694	48.84847	45.90353	46.27968	44.41303	41.839714	41.780178	39.9672	38.371475	34.5985	34.577953	35.31604	38.962097	40.448273	41.69665	45.36961	45.580303	44.00345	47.566425	49.22762	47.892857	47.820408	45.54606	42.5824	39.563297	36.07281	33.66581	31.112564	30.410166	33.135197	32.31019	32.796314	35.497787	37.776066	38.058674	41.070206	41.16798	42.68881	39.877563	37.300358	38.452423	38.591255	34.878056	34.092293	36.390434	35.39789	38.294884	39.85798	43.492992	45.735962	47.22859	44.88273	41.602463	40.307407	40.780293	38.010296	34.481934	32.360054	30.091219	26.323788	26.408533	28.206821	26.34421	25.476511	28.58394
V-476-B	16.611166	18.804789	22.19876	22.656326	25.849365	25.922024	29.601614	30.901041	34.528572	35.55798	38.561596	41.942738	42.3945	40.158875	40.405487	42.4345	45.801285	44.745735	41.962906	44.279892	47.051903	44.779167	43.621418	47.256992	48.666187	49.41012	47.774475	45.0248	45.68265	43.906067	41.584515	41.487827	39.38087	37.84913	34.127598	33.951633	34.28282	37.823544	39.262356	40.231266	43.96539	44.176704	42.34119	45.7858	47.632206	46.019234	46.071884	44.017155	40.98636	38.15693	34.574997	32.43687	29.761858	29.497272	32.4966	32.078888	32.909622	35.76287	37.71498	37.948425	41.08324	41.43297	42.720264	39.684174	37.396225	38.667324	38.45444	34.68914	34.28453	36.503178	35.410427	38.034676	39.402573	43.05265	45.02729	46.437748	44.283943	40.845123	39.58611	39.768787	37.086445	33.47996	31.692049	29.689981	25.994715	26.56783	28.148079	25.872952	25.291285	28.685585
Q-477-B	13.201302	15.273851	18.549559	18.873646	22.043486	22.153553	25.857267	27.25224	30.83877	31.787722	34.793118	38.162632	38.59738	36.359756	36.602665	38.657818	42.031097	41.033154	38.241154	40.527405	43.34149	41.137604	39.97058	43.595215	45.074677	45.91908	44.340748	41.56697	42.25514	40.60663	38.268997	38.008152	35.871464	34.216576	30.490955	30.218164	30.592722	34.144196	35.55391	36.598488	40.316128	40.554226	38.82618	42.32653	44.12924	42.717354	42.811146	40.711098	37.791603	34.956615	31.347673	29.238228	26.772154	26.525007	29.426054	28.914782	29.945673	32.662773	34.537308	34.99857	38.25741	38.812103	40.230984	37.179016	34.908615	36.46389	36.329704	32.53622	32.317947	34.801517	34.051712	36.61796	37.708904	41.2561	43.232067	44.39524	42.10016	38.660244	37.12672	37.17465	34.310734	30.809618	29.129322	26.926157	23.23209	24.045322	25.927385	23.789646	23.663244	27.037268
Y-478-B	14.12757	15.417039	18.81387	19.171783	22.551285	23.037596	26.796766	28.190657	31.674892	32.446033	35.635197	38.81882	39.24153	36.814034	36.787132	38.51211	41.84716	40.55336	37.929928	40.498634	43.111137	40.742302	39.88986	43.610126	44.824493	45.669113	43.803864	40.882103	41.27369	39.34331	36.875046	36.93067	35.048733	33.652145	29.909073	30.101007	30.76174	34.436157	36.184223	37.54805	41.172634	41.113594	39.47539	43.035686	44.550457	44.770664	45.033543	42.922916	40.194405	37.376087	33.748974	31.677925	29.494604	29.146204	31.815767	30.971294	31.974201	34.41362	36.44545	37.190727	40.476795	41.020374	42.696938	39.778645	37.337734	38.98333	39.11606	35.34286	34.97265	37.614788	37.031235	39.737267	40.845222	44.346302	46.44595	47.539505	45.0948	41.729134	40.027725	40.097916	37.073963	33.695747	31.960712	29.482162	25.761194	26.419022	28.628052	26.798374	26.679943	29.87462
K-479-B	17.683874	18.939676	22.179434	22.152065	25.332241	25.43989	29.09139	30.083979	33.67515	34.7622	38.06123	41.207302	41.895588	39.63525	39.408356	41.13521	44.339993	42.897514	40.15951	42.71523	45.191807	42.627728	41.692287	45.415627	46.463116	47.02637	45.105843	42.323776	42.808548	40.736343	38.472954	38.77358	36.772514	35.6639	31.995443	32.32538	32.69885	36.307034	38.1891	39.392307	43.032566	42.80674	40.898758	44.333458	45.90183	46.563946	46.998093	45.107983	42.33941	39.698776	35.996548	34.15941	31.86408	31.834032	34.700924	34.116447	35.26393	37.80219	39.680267	40.359646	43.681564	44.294384	45.8107	42.77531	40.481255	42.082188	42.000233	38.206985	37.956703	40.442356	39.63972	42.231655	43.363205	46.921623	48.860153	50.008175	47.739365	44.27502	42.695904	42.617466	39.70427	36.24588	34.69542	32.43898	28.757639	29.595592	31.581163	29.466593	29.302734	32.66014
L-480-B	16.996845	18.42776	21.332115	20.839	23.68419	23.281076	26.800512	27.529139	31.22536	32.61327	35.876976	39.09209	39.98753	37.990047	37.772728	39.740005	42.871887	41.5674	38.61577	40.941013	43.48704	40.94728	39.719254	43.369404	44.537178	44.974777	43.268852	40.67449	41.472908	39.61388	37.578598	37.684654	35.38116	34.201115	30.594893	30.638206	30.63018	34.110104	35.84844	36.775513	40.468533	40.332764	38.244587	41.586506	43.358334	43.458878	43.962273	42.233913	39.4279	36.945698	33.199116	31.593235	29.253721	29.583801	32.62631	32.38374	33.83153	36.466953	38.03649	38.68478	42.09889	42.950375	44.278397	41.07594	39.045918	40.785835	40.43137	36.62593	36.73021	39.190018	38.404716	40.741005	41.632504	45.14847	46.861206	47.873985	45.73932	42.17357	40.575756	40.238823	37.387486	33.92087	32.680496	30.636013	27.07563	28.34358	30.176239	27.799131	27.976921	31.500063
A-481-B	14.703699	15.5325575	18.26191	17.576136	20.460238	20.270784	23.833937	24.656975	28.258007	29.46904	32.826267	35.93596	36.80146	34.708527	34.355667	36.18721	39.310402	37.92098	35.03926	37.47757	39.97467	37.423126	36.34199	40.037624	41.15448	41.70868	39.915268	37.207455	37.889755	36.021263	33.893307	33.98091	31.764017	30.579067	26.946854	27.128395	27.310436	30.876574	32.75974	33.933533	37.56454	37.313343	35.389397	38.831303	40.41346	41.488632	42.09586	40.305885	37.708702	35.22635	31.4732	29.90948	27.928225	28.200504	31.002264	30.508308	32.10124	34.45993	36.027824	37.00776	40.51603	41.525425	43.085606	39.96054	37.868683	39.873936	39.72639	35.93627	36.108566	38.845703	38.428467	40.78481	41.462627	44.85245	46.636368	47.409313	45.07963	41.57701	39.672672	39.252014	36.178673	32.89394	31.713196	29.375496	25.849615	27.222374	29.438974	27.365417	27.899677	31.272797
E-482-B	17.51433	17.840141	20.583162	19.87585	22.802227	22.810997	26.304873	26.968134	30.46168	31.62185	35.13039	38.039753	38.980595	36.803013	36.154404	37.678654	40.691902	38.98605	36.236507	38.90337	41.14234	38.375725	37.557606	41.311047	42.105255	42.530293	40.454754	37.689873	38.127544	35.93115	33.788425	34.29815	32.291378	31.495483	27.927599	28.597792	28.919483	32.517807	34.729588	36.099632	39.621796	39.048035	37.10775	40.516277	41.85354	44.448776	45.23535	43.5193	41.054966	38.646477	34.887688	33.409744	31.5694	31.825243	34.519806	33.8625	35.419655	37.623016	39.282234	40.410374	43.920933	44.900757	46.587917	43.533108	41.34573	43.353016	43.332394	39.547916	39.600292	42.371513	41.9536	44.404392	45.15596	48.554462	50.39291	51.174404	48.80117	45.324703	43.378967	42.9668	39.84045	36.605213	35.39674	32.953278	29.408049	30.649231	32.98386	31.02166	31.444637	34.757812
K-483-B	20.239166	20.86875	23.456686	22.432285	25.058092	24.543804	27.861877	28.111021	31.721157	33.270977	36.78131	39.716503	40.9258	39.01293	38.295532	39.972984	42.85899	41.16416	38.23109	40.725357	42.91442	40.051323	38.992672	42.67788	43.43046	43.563324	41.59371	39.07079	39.76434	37.600822	35.759926	36.330246	34.08045	33.442337	29.995066	30.554264	30.442108	33.87797	36.04988	37.10148	40.657726	40.050156	37.80047	41.030155	42.550373	44.913887	45.81773	44.343437	41.792244	39.579506	35.775288	34.540943	32.530483	33.140476	36.0788	35.78952	37.5062	39.888374	41.32698	42.303013	45.84099	46.914974	48.360542	45.14872	43.177494	45.138935	44.822952	41.024433	41.27094	43.862072	43.226166	45.4955	46.21595	49.65671	51.279175	52.09685	49.945057	46.35738	44.564117	43.9751	41.012222	37.689697	36.707817	34.567795	31.094797	32.5702	34.608376	32.30826	32.742508	36.241695
F-484-B	19.056486	19.485655	21.612844	20.088823	22.343826	21.46466	24.609129	24.609587	28.235601	29.971601	33.489193	36.399303	37.78374	36.068504	35.27341	37.07158	39.86539	38.245476	35.17143	37.512474	39.718918	36.86996	35.63037	39.266724	40.088047	40.161613	38.336567	35.93	36.847206	34.87544	33.20611	33.59549	31.122574	30.441818	27.070896	27.462223	27.084202	30.425472	32.55881	33.492092	37.04584	36.43728	34.105286	37.29796	38.89112	41.369205	42.40273	41.052315	38.60555	36.55698	32.741463	31.762342	29.943356	30.829504	33.746113	33.611664	35.62712	37.916718	39.08848	40.20483	43.83574	45.172245	46.577744	43.29788	41.519974	43.707355	43.287773	39.521	40.071495	42.759617	42.32635	44.39625	44.81848	48.13806	49.611183	50.191566	48.057335	44.44648	42.491196	41.650223	38.645554	35.44819	34.765316	32.672806	29.370142	31.208689	33.290237	30.973675	31.8343	35.33857
V-485-B	19.559294	19.288073	21.282146	19.6887	21.991405	21.493092	24.59486	24.613289	28.030594	29.528818	33.190796	35.86189	37.230606	35.361378	34.27501	35.724915	38.43535	36.52478	33.631794	36.23662	38.21366	35.212914	34.314205	38.023766	38.567173	38.66415	36.546833	33.986767	34.59974	32.36242	30.588606	31.288225	29.069656	28.67834	25.345638	26.22765	26.150627	29.575148	32.049488	33.342678	36.745247	35.826584	33.65947	36.907825	38.14687	42.393543	43.58071	42.19857	39.996	37.963284	34.179913	33.226616	31.743029	32.486835	35.13129	34.672626	36.69341	38.684124	39.955654	41.376026	45.03838	46.413807	48.073406	44.924374	43.00747	45.33497	45.171486	41.427704	41.88537	44.768368	44.564373	46.74861	47.12407	50.37289	51.96901	52.426044	50.11438	46.58799	44.420048	43.59066	40.409145	37.37209	36.642605	34.27097	30.971628	32.7086	35.111206	33.09957	34.042244	37.388294
K-486-B	22.694672	22.574718	24.79419	23.382998	25.771763	25.302597	28.380655	28.296028	31.699215	33.254353	36.93686	39.55244	40.97047	39.096252	37.92875	39.266064	41.907993	39.85538	37.026333	39.69513	41.52412	38.407604	37.598656	41.292324	41.642975	41.56706	39.32409	36.827305	37.338436	34.893463	33.196636	34.19902	32.097187	31.965622	28.719944	29.798075	29.70656	33.074936	35.642166	36.90045	40.26173	39.21429	36.9445	40.084232	41.273205	45.88936	47.123756	45.81745	43.562614	41.55673	37.75767	36.80003	35.17014	35.91563	38.65555	38.226017	40.140736	42.219074	43.57146	44.892414	48.52075	49.785988	51.40398	48.240124	46.279297	48.468414	48.272083	44.498848	44.83946	47.60976	47.20326	49.44967	49.99418	53.33417	54.933933	55.535915	53.296486	49.736076	47.70643	46.935043	43.82902	40.694332	39.891487	37.589966	34.211075	35.813812	38.107674	35.98654	36.67453	40.088657
Q-487-B	24.248682	24.309832	26.246881	24.44113	26.43027	25.407673	28.225874	27.69891	31.161123	33.107296	36.752453	39.36834	41.072266	39.518284	38.290867	39.823586	42.313984	40.344402	37.305557	39.723343	41.526352	38.37116	37.25799	40.840603	41.20717	40.85543	38.809032	36.60309	37.461746	35.186672	33.846283	34.762295	32.348877	32.29794	29.215008	30.07525	29.49693	32.64402	35.119114	36.033398	39.39832	38.34175	35.78184	38.722893	40.109108	44.51286	45.896927	44.856464	42.593708	40.837334	37.03068	36.389774	34.728394	35.86113	38.7588	38.686985	40.8426	43.016964	44.073296	45.325172	49.00151	50.4541	51.8562	48.548374	46.851788	49.099586	48.625946	44.871605	45.49865	48.166016	47.688866	49.693993	50.071415	53.374283	54.728035	55.24353	53.196022	49.552666	47.577675	46.55569	43.57836	40.453323	39.96486	37.932045	34.70424	36.628536	38.706512	36.338528	37.221523	40.759357
G-488-B	23.711145	23.256594	24.753588	22.589582	24.275303	23.226662	25.823374	25.107286	28.399942	30.320837	34.033653	36.453854	38.27101	36.781223	35.315426	36.706398	39.053722	36.965084	33.948242	36.40218	38.05833	34.824554	33.79594	37.375458	37.61007	37.227356	35.10299	32.89462	33.735336	31.446827	30.195917	31.169624	28.748861	28.872046	25.917797	26.963108	26.361483	29.453861	32.113182	33.169563	36.412632	35.150524	32.647343	35.58993	36.787468	42.44396	44.01077	43.03422	41.019455	39.393993	35.6299	35.183926	33.88583	35.098057	37.782223	37.611855	39.95645	41.867214	42.794373	44.32539	48.06448	49.713493	51.24454	47.98993	46.342323	48.82177	48.44655	44.74472	45.51171	48.360394	48.17273	50.115883	50.261303	53.424843	54.760757	55.031776	52.880222	49.292465	47.07493	45.89964	42.791897	39.875225	39.555748	37.389656	34.30346	36.387894	38.68019	36.5113	37.71935	41.141857
E-489-B	25.352547	24.6654	26.360016	24.466602	26.40297	25.783524	28.466152	27.926365	31.074902	32.73464	36.509575	38.78737	40.487946	38.79375	37.19299	38.27073	40.59295	38.259304	35.47705	38.183815	39.644836	36.307	35.635487	39.26012	39.235172	38.8754	36.459335	34.109512	34.57511	31.958471	30.565517	31.924847	29.862736	30.250986	27.325706	28.79361	28.54618	31.711025	34.585854	35.91829	39.050495	37.593758	35.25204	38.215088	39.128304	45.791916	47.370293	46.30688	44.35726	42.63889	38.885487	38.29484	37.037785	38.022755	40.59806	40.16781	42.347054	44.15606	45.29738	46.91421	50.62545	52.145435	53.842346	50.687996	48.847942	51.277676	51.09698	47.373768	47.918995	50.823273	50.635193	52.760307	53.056152	56.265858	57.75653	58.10308	55.842373	52.29855	50.057423	49.030533	45.8438	42.919952	42.39973	40.053333	36.850628	38.68686	41.12858	39.10648	40.120167	43.48002
E-490-B	28.33165	27.950388	29.80503	27.961178	29.89926	29.088175	31.736965	31.030611	34.245472	36.101185	39.850296	42.15544	43.967373	42.382492	40.787155	41.927498	44.18726	41.84941	39.014973	41.63271	43.036278	39.649044	38.875404	42.430195	42.333065	41.753834	39.381954	37.21724	37.778587	35.13654	33.935123	35.40261	33.286125	33.793865	30.953766	32.363255	31.914526	34.965477	37.790634	38.915974	42.054764	40.58025	38.045254	40.845543	41.86129	48.309834	49.928825	49.00251	46.95226	45.31297	41.534157	41.00905	39.556725	40.66886	43.421925	43.173145	45.337708	47.31347	48.423336	49.880104	53.579258	55.05729	56.61096	53.372517	51.594948	53.90726	53.571472	49.82049	50.372074	53.124447	52.712353	54.796814	55.18868	58.475945	59.875736	60.3392	58.22523	54.61167	52.536793	51.48527	48.425705	45.390453	44.90315	42.731796	39.496025	41.33953	43.58417	41.350796	42.208614	45.687336
E-491-B	28.966309	28.774559	30.396542	28.244287	29.840107	28.549004	30.96338	29.900171	33.158848	35.353832	39.02961	41.36094	43.402985	42.11421	40.527378	41.89655	44.047585	41.85724	38.81477	41.159645	42.596725	39.231182	38.129982	41.567	41.559525	40.765488	38.6444	36.756042	37.68948	35.292637	34.400043	35.67075	33.232597	33.711975	30.999012	32.11758	31.225252	34.063866	36.73748	37.520103	40.668472	39.249367	36.46369	39.081444	40.32275	46.30615	48.02942	47.333218	45.27339	43.85552	40.09522	39.84354	38.370758	39.810226	42.68634	42.760902	45.129475	47.194183	48.032154	49.410435	53.139057	54.783108	56.13258	52.773422	51.243244	53.60605	53.02082	49.302254	50.11703	52.775803	52.319633	54.17457	54.39987	57.63529	58.809326	59.183807	57.24513	53.57263	51.549263	50.279003	47.347717	44.339035	44.13336	42.20994	39.127888	41.251312	43.298622	40.866512	41.912052	45.478912
V-492-B	28.003897	27.504406	28.700478	26.208117	27.437325	25.979311	28.122261	26.816807	29.935677	32.200207	35.876717	38.065037	40.24554	39.104156	37.364475	38.70944	40.71933	38.519672	35.432312	37.695377	39.050762	35.662865	34.50958	37.89996	37.85365	37.001217	34.923122	33.113796	34.17054	31.885668	31.156826	32.353485	29.79768	30.364277	27.808365	28.932867	27.878042	30.588367	33.326904	34.111202	37.165924	35.630913	32.832478	35.411304	36.5838	43.313747	45.19051	44.591534	42.729485	41.469044	37.76292	37.733635	36.552387	38.13203	40.85746	40.945732	43.512405	45.38792	46.039444	47.609676	51.3843	53.22916	54.622738	51.283154	49.865234	52.426884	51.857357	48.200104	49.20186	51.98308	51.765797	53.50575	53.488354	56.586002	57.690853	57.834705	55.851017	52.218887	50.00932	48.564007	45.56488	42.742886	42.74706	40.789192	37.878197	40.202736	42.36064	40.04723	41.414207	44.899227
A-493-B	29.751152	28.87439	30.036198	27.603846	28.885336	27.760004	29.853895	28.594912	31.48403	33.51859	37.266953	39.212616	41.36631	40.105515	38.115906	39.105785	40.98307	38.49624	35.63509	38.11887	39.185192	35.653168	34.86532	38.264183	37.874187	36.97246	34.584106	32.69661	33.413307	30.814665	30.084747	31.700314	29.465635	30.417507	28.00957	29.602018	28.818829	31.52254	34.54071	35.6199	38.48858	36.656357	34.023632	36.57787	37.37863	45.695885	47.67864	47.05341	45.36735	44.100277	40.42707	40.369938	39.374294	40.80682	43.358444	43.199066	45.716194	47.396736	48.160397	49.922318	53.702805	55.531357	57.112186	53.872578	52.32219	54.942314	54.566093	50.908943	51.79235	54.692738	54.586597	56.44902	56.459743	59.541798	60.76105	60.864132	58.751637	55.174236	52.844753	51.450333	48.333607	45.59161	45.50591	43.34952	40.398804	42.59422	44.957314	42.830925	44.169273	47.5703
S-494-B	32.92933	32.280815	33.54191	31.111588	32.35838	31.038567	33.05702	31.609991	34.51964	36.74952	40.450474	42.386906	44.673306	43.5564	41.552612	42.597946	44.376095	41.89497	38.989452	41.34969	42.330166	38.7673	37.869217	41.15248	40.674168	39.52025	37.21385	35.570263	36.40484	33.827557	33.33545	35.034233	32.747555	33.822395	31.537348	33.058	32.060406	34.602207	37.55359	38.405594	41.23719	39.37351	36.552673	38.886204	39.77413	47.98902	50.04739	49.60001	47.85965	46.71894	43.043987	43.102283	41.96993	43.558517	46.25633	46.283207	48.826363	50.636436	51.328976	52.96814	56.746033	58.57819	60.020027	56.697365	55.23871	57.78501	57.250446	53.579597	54.5147	57.288063	57.007862	58.79682	58.845806	61.972923	63.074383	63.241737	61.27785	57.639023	55.441765	53.97934	50.98542	48.174347	48.17076	46.18607	43.23753	45.48275	47.674217	45.360714	46.615322	50.118916
H-495-B	32.670513	32.21106	33.269142	30.611895	31.55646	29.820137	31.621439	29.891836	32.83698	35.359455	38.95515	40.94696	43.40519	42.555077	40.627678	41.931038	43.649914	41.378468	38.269608	40.343193	41.42525	37.94523	36.696903	39.866432	39.56384	38.27386	36.272205	34.870903	36.094093	33.83251	33.56989	34.961655	32.35053	33.279644	31.078133	32.241013	30.843462	33.189075	35.932007	36.443993	39.301765	37.562347	34.525455	36.70836	37.8618	45.339874	47.45717	47.198963	45.444805	44.494854	40.861076	41.152203	40.01219	41.87099	44.65455	44.969067	47.67413	49.560272	50.00799	51.559216	55.34288	57.31272	58.56525	55.15178	53.920128	56.502304	55.752728	52.13193	53.298767	55.983604	55.684235	57.26041	57.150124	60.21025	61.11246	61.192123	59.383297	55.712868	53.56472	51.91958	49.052452	46.285923	46.530056	44.77405	41.98719	44.46434	46.47247	44.012993	45.440453	48.988865
H-496-B	30.898865	30.233265	30.927986	28.026697	28.646488	26.765297	28.326038	26.422743	29.252945	31.825289	35.392624	37.299103	39.840904	39.112896	37.119476	38.45424	40.09216	37.881668	34.712955	36.684803	37.769455	34.319458	32.97603	36.11733	35.87259	34.599915	32.687954	31.326672	32.70541	30.619308	30.457182	31.66683	28.911226	29.80963	27.720083	28.79408	27.245707	29.48476	32.22836	32.72823	35.537197	33.764584	30.729652	32.927673	34.073463	41.90924	44.11147	43.894314	42.29278	41.4469	37.872128	38.322372	37.427456	39.373764	42.01383	42.33739	45.185154	46.915398	47.209194	48.900475	52.703197	54.824463	56.109352	52.728275	51.589035	54.323395	53.596973	50.04248	51.355022	54.13569	54.047848	55.53037	55.219326	58.15348	59.01325	58.90292	57.045353	53.426193	51.125668	49.35841	46.438385	43.837894	44.24081	42.46038	39.833466	42.459362	44.546604	42.208897	43.898926	47.353397
E-497-B	31.164482	30.866728	31.523165	28.560972	29.007338	26.73019	28.166315	26.082973	29.028778	31.89421	35.305637	37.36682	40.00665	39.50914	37.723606	39.379658	41.03644	39.108818	35.751987	37.41693	38.689854	35.398693	33.67557	36.691578	36.718685	35.373093	33.830334	32.693623	34.42928	32.67545	32.639503	33.50142	30.475092	31.096554	29.015118	29.625904	27.718464	29.788141	32.19453	32.271725	35.170677	33.66328	30.404839	32.45301	33.983482	40.309605	42.482246	42.429462	40.700047	39.99628	36.44941	37.063198	36.015358	38.211735	41.0181	41.67591	44.60529	46.51177	46.610855	48.09615	51.87211	54.049595	55.09011	51.601917	50.67683	53.351437	52.37036	48.855846	50.348278	52.962635	52.747395	54.03116	53.644913	56.558167	57.21871	57.11416	55.459305	51.790485	49.639442	47.745594	45.01371	42.381798	42.977837	41.491043	38.98848	41.78132	43.59353	41.043037	42.78747	46.312744
A-498-B	28.669193	28.673447	29.70153	27.023613	27.880636	25.771742	27.64887	25.9909	29.237253	31.960678	35.41815	37.776257	40.157223	39.403065	37.89728	39.68401	41.653362	39.830128	36.460957	38.261623	39.825306	36.626476	34.926754	38.119728	38.3998	37.3765	35.802235	34.362972	35.964935	34.15348	33.719257	34.454037	31.475021	31.741224	29.284077	29.76831	28.123701	30.53515	32.83238	33.00972	36.156864	34.93518	31.801182	34.1397	35.81226	40.695637	42.573986	42.244896	40.23852	39.224556	35.56272	35.827885	34.468475	36.46348	39.42031	40.01966	42.758675	44.861374	45.17719	46.483116	50.233383	52.208923	53.244076	49.74022	48.667534	51.181644	50.225464	46.632103	47.94572	50.499508	50.125557	51.545303	51.372204	54.42131	55.21193	55.323673	53.636486	49.928394	47.90672	46.231857	43.497707	40.65601	40.994766	39.474766	36.7789	39.406006	41.165386	38.534576	40.043453	43.637115
A-499-B	25.620506	25.381626	26.19205	23.391144	24.158197	22.103886	24.0046	22.445362	25.706987	28.309856	31.823452	34.199337	36.497192	35.65475	34.1567	35.94039	37.986225	36.199085	32.829967	34.691544	36.357117	33.208187	31.545763	34.83669	35.236122	34.446255	32.850037	31.222857	32.790783	31.054558	30.459164	31.017832	28.01624	28.111897	25.561762	26.007969	24.464401	27.012287	29.35573	29.723946	32.9267	31.74109	28.76276	31.330399	32.942234	37.9932	39.832508	39.339897	37.41612	36.30171	32.625866	32.831367	31.669151	33.563065	36.361618	36.800423	39.582504	41.53363	41.863983	43.33156	47.109978	49.13845	50.315365	46.88278	45.749096	48.389847	47.584343	44.008312	45.325233	48.037018	47.889572	49.356163	49.086624	52.06586	52.959335	52.95376	51.103775	47.454544	45.25004	43.593567	40.708588	37.96645	38.280502	36.58141	33.918343	36.570614	38.523254	36.092888	37.775497	41.25804
F-500-B	25.583813	25.62811	26.184208	23.246626	23.63337	21.098242	22.713741	20.906067	24.2152	27.117247	30.422092	32.910664	35.319546	34.767906	33.46896	35.57208	37.584938	36.119514	32.580368	34.076015	35.918865	32.975998	30.925213	34.052235	34.747425	33.925407	32.73119	31.341877	33.280064	31.945454	31.521526	31.676203	28.409819	28.217634	25.776228	25.695833	23.74146	26.036379	27.99439	27.92554	31.192944	30.292822	27.13811	29.571928	31.55241	35.120785	36.94735	36.617577	34.62484	33.690525	30.067646	30.515656	29.316343	31.5162	34.408554	35.19808	38.126335	40.170994	40.225708	41.54956	45.30279	47.458126	48.406925	44.888626	44.017567	46.670433	45.624973	42.12863	43.6988	46.28827	46.124847	47.344494	46.897648	49.79061	50.469757	50.3753	48.696938	45.024788	42.891537	41.049427	38.325512	35.63564	36.229103	34.824497	32.387676	35.28067	36.982384	34.40757	36.282642	39.77239
P-501-B	25.708658	26.283566	27.242281	24.641363	25.357141	22.865396	24.761583	23.25311	26.742369	29.619745	32.822514	35.54396	37.79316	37.16539	36.158394	38.427975	40.61743	39.298656	35.74207	37.2068	39.23415	36.40152	34.2818	37.410065	38.277454	37.540443	36.43108	35.00303	36.92623	35.5897	35.0141	35.102802	31.860504	31.450497	28.825191	28.558489	26.7007	29.08545	30.80285	30.58321	33.97828	33.364056	30.212526	32.643215	34.8308	36.666504	38.237564	37.831715	35.531364	34.450752	30.789673	31.022532	29.384087	31.544853	34.699947	35.65354	38.406673	40.75256	40.906116	41.903877	45.58957	47.560745	48.329834	44.731224	43.85828	46.275536	45.070396	41.525764	43.013283	45.392708	44.924538	46.14755	45.89973	48.92984	49.580643	49.732784	48.200394	44.453964	42.598095	40.89034	38.338226	35.414753	35.87478	34.670128	32.11629	34.905537	36.33314	33.499588	35.09791	38.72617
I-502-B	22.86711	23.37046	24.638968	22.276009	23.457327	21.418177	23.775723	22.753576	26.364254	28.887976	32.251785	35.06418	37.04255	36.042664	35.086346	37.218853	39.62719	38.196163	34.76461	36.543327	38.65229	35.788506	33.95188	37.294285	38.15738	37.711414	36.3387	34.546616	36.146954	34.59155	33.643692	33.818756	30.787226	30.27381	27.361504	27.305803	25.91596	28.681345	30.57904	30.783878	34.2755	33.65124	30.77173	33.52438	35.504795	37.658665	39.05464	38.299046	35.943653	34.50833	30.74662	30.566015	28.873508	30.633106	33.72874	34.319374	36.876835	39.201958	39.68133	40.752644	44.45417	46.245434	47.244534	43.734455	42.556774	44.93819	43.997406	40.35657	41.55995	44.077854	43.65017	45.15833	45.110424	48.243557	49.18031	49.45599	47.69379	43.97502	42.044662	40.60958	37.86153	34.832443	34.922203	33.390755	30.571371	33.105904	34.7827	32.107376	33.52035	37.13186
A-503-B	20.84306	21.070297	21.882036	19.216446	20.049255	17.815678	20.028131	18.937674	22.547583	25.084919	28.440577	31.250711	33.246296	32.31149	31.359728	33.56943	35.97077	34.657104	31.175623	32.862278	35.062435	32.302273	30.377522	33.71559	34.731205	34.433887	33.180252	31.358624	33.062004	31.729258	30.777296	30.675917	27.540142	26.831066	23.945753	23.682682	22.201061	24.955984	26.789854	27.028402	30.5465	29.99257	27.200708	30.070816	32.06622	34.26146	35.693214	34.888977	32.66649	31.260405	27.50844	27.44105	26.0397	27.866026	30.791042	31.344402	34.074978	36.216656	36.555794	37.816006	41.56427	43.524067	44.60563	41.137203	40.022804	42.604057	41.736122	38.155502	39.507782	42.180893	42.04178	43.47618	43.19826	46.1903	47.12541	47.180046	45.308228	41.6479	39.497246	37.946556	35.07645	32.225323	32.46477	30.83561	28.177485	30.89215	32.724094	30.24233	31.997795	35.470795
V-504-B	21.264797	21.982498	22.658178	20.05491	20.594803	17.938797	19.915506	18.742163	22.398146	25.165443	28.22464	31.207386	33.21987	32.542416	31.90519	34.449337	36.857624	35.902134	32.302757	33.623016	36.026505	33.519974	31.249527	34.40082	35.73102	35.440052	34.573643	32.966328	34.962822	33.97734	33.14626	32.69375	29.381432	28.369602	25.583143	24.77884	22.98122	25.474443	26.814997	26.578545	30.172096	30.012896	27.110767	29.831316	32.212925	32.256897	33.54521	32.846596	30.423052	29.118382	25.404379	25.481525	23.852411	25.981293	29.105541	30.085876	32.887012	35.23092	35.32846	36.313	40.002728	42.016468	42.80404	39.223083	38.372612	40.877373	39.711952	36.195244	37.77544	40.249332	39.991383	41.17903	40.791428	43.74858	44.467754	44.523464	42.865894	39.15237	37.171154	35.4888	32.840923	29.947834	30.42147	29.177582	26.72307	29.644323	31.104395	28.38094	30.24267	33.764313
V-505-B	20.228096	21.426016	22.700235	20.61717	21.76312	19.52786	21.983534	21.35168	25.115637	27.6091	30.660471	33.81665	35.542286	34.583706	34.177036	36.713573	39.34811	38.398983	34.891724	36.385536	38.910187	36.436005	34.317604	37.572838	38.95187	38.82439	37.831738	36.02111	37.804512	36.64591	35.533615	35.158485	32.015217	30.87774	27.83584	27.099848	25.67675	28.414246	29.721754	29.635035	33.31249	33.29504	30.544386	33.38212	35.74392	34.90052	35.88282	34.935917	32.25046	30.620213	26.864847	26.471416	24.399643	26.18437	29.496746	30.378187	32.85522	35.456917	35.865646	36.58844	40.20516	41.916206	42.68234	39.096066	38.042206	40.283646	39.141216	35.519997	36.81847	39.171055	38.629665	40.01414	39.9637	43.12171	43.998474	44.376354	42.718018	38.962753	37.2145	35.851383	33.26089	30.089209	30.171246	28.911556	26.163908	28.782913	30.129705	27.24965	28.681952	32.340763
A-506-B	17.138931	18.043503	19.449654	17.450766	18.95664	17.169542	20.009758	19.800625	23.591825	25.721027	28.94174	32.098618	33.607033	32.321358	31.882051	34.245304	37.02912	35.95993	32.584465	34.357327	36.908752	34.410725	32.572235	35.997955	37.339485	37.471996	36.250713	34.13664	35.636868	34.33573	32.92828	32.589928	29.642998	28.423622	25.177008	24.644993	23.657034	26.70785	28.229145	28.596243	32.2969	32.192196	29.726189	32.839252	34.935707	34.997307	35.91996	34.678368	32.09682	30.198019	26.38356	25.677519	23.79185	25.173162	28.278864	28.708612	31.08499	33.52025	34.1999	35.15744	38.824944	40.458645	41.539078	38.082745	36.73504	39.070953	38.27186	34.58913	35.6584	38.2639	37.941345	39.59153	39.615967	42.785473	43.945705	44.303333	42.352425	38.674953	36.70822	35.54246	32.67744	29.538696	29.322815	27.62139	24.66577	27.09323	28.85281	26.291033	27.709505	31.260662
S-507-B	16.37554	17.173386	17.924355	15.569786	16.474072	14.19536	16.759966	16.439955	20.248886	22.514809	25.585707	28.80946	30.372625	29.301924	28.989935	31.58025	34.32394	33.52178	30.047087	31.541374	34.238914	31.948854	29.869818	33.177345	34.77189	35.003857	34.071526	32.07345	33.808502	32.87196	31.578453	30.85305	27.73522	26.237772	23.119402	22.128412	20.874746	23.754398	24.977238	25.144407	28.885885	29.012156	26.581142	29.698664	31.961725	31.193878	32.110775	30.89046	28.358898	26.552874	22.743855	22.250586	20.575777	22.225136	25.262058	25.884892	28.527475	30.861622	31.246307	32.29065	36.00059	37.86898	38.889538	35.40651	34.273018	36.805233	35.922115	32.33276	33.700916	36.37456	36.301105	37.73257	37.442177	40.440937	41.473045	41.584198	39.63241	35.9797	33.849594	32.46419	29.567822	26.599167	26.69528	25.082079	22.416224	25.18918	26.932692	24.45386	26.328165	29.750984
G-508-B	16.882708	18.428978	19.364098	17.453331	18.37157	16.028893	18.495955	18.369078	22.137184	24.425655	27.162968	30.567863	31.989565	31.02874	31.104042	33.93638	36.75118	36.245922	32.75406	34.0074	36.883953	34.81995	32.551926	35.71516	37.551353	37.82809	37.14253	35.255768	37.118416	36.357788	35.070683	34.15225	30.99817	29.272745	26.186213	24.840567	23.509752	26.208124	26.98792	26.801924	30.584183	31.098444	28.660034	31.648165	34.195133	31.120516	31.720798	30.469679	27.60736	25.71836	21.958717	21.319933	19.120947	20.866884	24.220846	25.22931	27.732183	30.410404	30.728924	31.334126	34.92938	36.672703	37.38545	33.789288	32.806164	35.106663	33.9361	30.347712	31.787987	34.193108	33.84186	35.140266	34.92942	38.014378	38.9278	39.22373	37.477684	33.743294	31.917343	30.590727	27.956278	24.77422	24.87369	23.663622	21.04703	23.850737	25.124472	22.289223	24.03497	27.594536
I-509-B	14.800383	16.722542	18.347485	17.046728	18.71367	17.068314	20.059307	20.509058	24.293015	26.17231	28.989767	32.462723	33.561874	32.207924	32.40528	35.08511	38.117104	37.512726	34.18412	35.729843	38.652718	36.56525	34.581867	37.900146	39.686836	40.15681	39.23084	37.06683	38.61691	37.618	36.00431	35.224934	32.31952	30.540522	27.198265	26.089947	25.269264	28.2745	29.200008	29.371698	33.177277	33.672554	31.45282	34.62022	36.984726	34.05584	34.429028	32.872288	29.912416	27.65952	23.9087	22.70769	20.266785	21.386957	24.741703	25.363071	27.456793	30.26466	31.040215	31.534195	35.063095	36.46015	37.332947	33.828926	32.477257	34.558437	33.618874	29.907312	30.91065	33.333168	32.816025	34.471798	34.649933	37.926945	39.147675	39.740017	37.8432	34.13895	32.430065	31.530851	28.826931	25.442028	24.968384	23.484919	20.451607	22.78	24.182417	21.388483	22.633482	26.275614
W-510-B	11.845065	13.317448	14.708317	13.265314	15.031859	13.653169	16.891548	17.696123	21.438362	23.017595	25.93254	29.384163	30.336958	28.786068	28.958357	31.546652	34.661045	34.037235	30.798534	32.474133	35.436028	33.4044	31.588377	34.9822	36.79516	37.497486	36.488827	34.144016	35.541187	34.576313	32.793945	31.90027	29.113745	27.18479	23.757946	22.661747	22.135801	25.310322	26.32789	26.84121	30.632141	31.089159	29.139456	32.501698	34.658016	32.554996	32.950687	31.190144	28.433458	26.039034	22.257803	20.92325	18.893578	19.755796	22.803318	23.022299	25.208511	27.737646	28.615818	29.470098	33.09854	34.59145	35.779247	32.40076	30.876566	33.212353	32.59532	28.889744	29.846216	32.595245	32.4846	34.264603	34.30074	37.45683	38.85974	39.24604	37.064804	33.46867	31.411968	30.54128	27.531487	24.334522	23.775215	21.836311	18.75522	21.104168	23.012707	20.668686	22.211174	25.622486
E-511-B	12.798279	14.527034	15.255411	13.718743	14.745564	12.802859	15.588809	16.354252	20.019941	21.757872	24.308296	27.893229	28.84945	27.610657	28.094233	31.00951	34.07126	33.83479	30.504272	31.76815	34.90874	33.167927	31.033043	34.208298	36.330864	37.08179	36.456245	34.325924	36.010025	35.437244	33.830196	32.55711	29.60131	27.394108	24.179861	22.51522	21.653465	24.497065	24.993525	25.091215	28.905674	29.76042	27.818974	31.058102	33.502224	29.44156	29.660053	27.915993	25.006002	22.648592	18.879133	17.65453	15.471618	16.712606	19.941296	20.645596	23.05731	25.70934	26.218273	26.890574	30.511852	32.187725	33.116955	29.618029	28.418968	30.826387	29.925705	26.301855	27.636436	30.288294	30.252243	31.718138	31.475624	34.52088	35.712208	35.959488	33.90526	30.262577	28.215014	27.134993	24.23644	21.054045	20.840084	19.254738	16.51445	19.308334	20.882912	18.371466	20.346033	23.718191
L-512-B	13.139752	15.6921215	16.99727	16.201557	17.622465	16.069307	18.905102	19.919415	23.495687	25.081348	27.42191	31.090597	31.814684	30.487488	31.256952	34.21024	37.379356	37.254997	34.00415	35.25403	38.477505	36.833076	34.718773	37.861023	40.060326	40.862656	40.25993	38.100094	39.724213	39.104393	37.383987	36.1282	33.26321	30.982498	27.700748	26.020584	25.3134	28.145206	28.473711	28.478231	32.280285	33.32441	31.424866	34.606945	37.145493	31.691217	31.569126	29.703156	26.511204	23.954287	20.33727	18.70811	15.909878	16.79858	20.285223	21.114628	23.07459	26.109692	26.833483	27.003464	30.434555	31.757647	32.477005	28.940872	27.663904	29.67819	28.632708	24.935835	26.048769	28.426838	27.98203	29.549707	29.649403	32.910183	34.171623	34.793503	32.86377	29.167683	27.522602	26.77816	24.13964	20.644884	20.049246	18.737463	15.794384	18.24323	19.37317	16.478783	17.946926	21.552767
H-513-B	10.220275	12.975188	14.958223	14.717109	16.89175	16.121187	19.437954	20.902525	24.459429	25.629126	28.15805	31.78627	32.250614	30.499104	31.230297	33.922398	37.259186	36.94013	33.87859	35.483624	38.67201	36.946987	35.182034	38.50165	40.565334	41.544476	40.644016	38.195793	39.47387	38.601086	36.57413	35.48876	32.89967	30.637274	27.139574	25.801817	25.622639	28.77183	29.393557	29.872442	33.656986	34.525112	32.844738	36.230034	38.48213	34.217377	34.064693	31.953121	28.881468	26.07178	22.478714	20.4518	17.833702	18.01417	21.21245	21.374414	22.966885	25.901726	27.136091	27.46253	30.87199	31.915178	32.99331	29.653543	27.909851	29.844719	29.244665	25.461378	26.06018	28.636595	28.243183	30.251497	30.672108	34.02497	35.657135	36.429092	34.229637	30.657736	28.936464	28.57646	25.733044	22.246222	21.083042	19.215202	15.8300905	17.6831	19.306213	16.801579	17.809196	21.33792
P-514-B	7.236956	9.466409	11.240995	10.933241	13.314125	12.974624	16.517862	18.335262	21.775856	22.61455	25.252153	28.812296	29.147137	27.185411	27.84493	30.40423	33.802746	33.42846	30.475136	32.226128	35.410175	33.720806	32.150856	35.532368	37.573483	38.74744	37.748566	35.14347	36.25503	35.39968	33.22953	32.06525	29.62039	27.2556	23.704432	22.427929	22.574478	25.863283	26.612877	27.451403	31.17946	31.95275	30.533033	34.070557	36.082104	32.94824	32.889557	30.630964	27.830446	24.947573	21.345438	19.263344	17.205473	17.143456	19.92652	19.592955	21.332941	23.892937	25.232725	26.030474	29.567125	30.759142	32.205322	29.017046	27.104548	29.362371	29.128448	25.389542	25.965153	28.908144	28.99524	31.089664	31.30769	34.48281	36.262093	36.765163	34.28529	30.847921	28.726141	28.335855	25.166374	21.955984	20.777132	18.378698	14.987833	16.875095	19.148111	17.248951	18.639137	21.819473
R-515-B	6.220053	8.729587	11.607718	12.144501	15.237249	15.643101	19.368721	21.373907	24.729055	25.27264	28.00334	31.464106	31.58969	29.300293	29.910442	32.17295	35.671093	35.088806	32.347214	34.407505	37.4953	35.709743	34.463158	37.962254	39.826977	41.077522	39.803963	36.987606	37.769722	36.618526	34.190147	33.292587	31.142923	28.91038	25.218683	24.371338	24.950834	28.431046	29.43296	30.575096	34.245377	34.851757	33.54632	37.1651	38.96645	36.591873	36.479694	34.098816	31.325436	28.30618	24.797611	22.467403	20.381765	19.837349	22.423498	21.649485	22.88192	25.398525	27.201689	27.951563	31.340303	32.160652	33.80168	30.802202	28.52802	30.524261	30.593884	26.83171	26.883205	29.811604	29.748001	32.20387	32.815563	36.11213	38.160126	38.91615	36.330097	32.99482	31.007519	30.986078	27.828716	24.577229	22.932306	20.322813	16.68387	17.815382	20.241322	18.574663	19.292706	22.396385
V-516-B	9.764847	11.573272	14.288334	14.051871	16.95439	16.823854	20.499985	21.913498	25.490065	26.471712	29.464512	32.8524	33.371895	31.26909	31.50425	33.714787	37.052666	36.201324	33.295677	35.421	38.322735	36.22958	34.910248	38.47861	40.10999	41.032272	39.63757	36.928482	37.80367	36.43939	34.20362	33.624836	31.310452	29.451086	25.76948	25.20218	25.444513	28.941032	30.233202	31.25214	34.971214	35.291462	33.6351	37.165985	38.999653	37.612076	37.80062	35.719883	32.948345	30.194567	26.530746	24.599451	22.450188	22.43668	25.258587	24.801277	26.292896	28.83168	30.409704	31.185163	34.645626	35.607094	37.097713	33.96407	31.880835	33.880302	33.712696	29.925777	30.15147	32.932068	32.64726	34.96864	35.564316	38.916172	40.761757	41.522823	39.12517	35.660984	33.754898	33.478336	30.409437	27.08801	25.755585	23.406538	19.854637	21.262383	23.446795	21.416258	22.11641	25.44787
G-517-B	9.453456	10.239428	12.232646	11.17837	13.819011	13.506853	17.164595	18.438807	22.003025	23.032732	26.176777	29.466705	30.157122	28.133234	28.13231	30.314957	33.563385	32.63938	29.663212	31.793762	34.6368	32.487206	31.156788	34.74199	36.32971	37.24154	35.84778	33.15352	34.088352	32.80307	30.653051	30.002934	27.595451	25.757504	22.107494	21.553549	21.725294	25.244204	26.674976	27.805372	31.489119	31.664253	30.03078	33.598083	35.32703	35.015327	35.442368	33.457726	30.934883	28.352	24.641768	23.017061	21.337914	21.591341	24.21016	23.706593	25.60655	27.825432	29.158062	30.331503	33.94546	35.249317	36.865406	33.735332	31.789942	34.149418	34.02789	30.307854	30.83312	33.830612	33.9129	36.058567	36.287766	39.446014	41.185356	41.60396	39.125317	35.688023	33.455166	32.87753	29.62772	26.558641	25.577652	23.085108	19.762907	21.580427	24.041824	22.226318	23.501549	26.68053
D-518-B	7.2448387	7.227671	9.749093	9.43776	12.761769	13.516487	17.32435	19.146164	22.401705	22.834152	25.96459	29.133017	29.456944	27.036097	27.077349	28.965504	32.358196	31.351479	28.672888	31.075819	33.898487	31.833899	30.89286	34.54163	36.073605	37.281643	35.69533	32.7297	33.280907	31.884834	29.386482	28.759422	26.742973	24.805828	21.04511	20.762653	21.600128	25.280396	26.829447	28.410673	31.959993	32.08082	30.839535	34.54489	35.96478	36.363422	36.684124	34.448082	32.09749	29.319595	25.756922	23.836212	22.448887	22.148375	24.336418	23.238422	24.83588	26.762024	28.462648	29.855877	33.398205	34.527367	36.484825	33.605804	31.33972	33.710575	34.014194	30.347555	30.538036	33.730755	34.04818	36.445248	36.778297	39.87705	41.89155	42.306618	39.576077	36.32004	33.944508	33.638702	30.226847	27.320343	25.999926	23.097134	19.702595	21.047098	23.923306	22.642199	23.770506	26.631577
L-519-B	9.896935	10.203343	13.168408	13.082304	16.436003	17.118973	20.886955	22.437183	25.770819	26.341482	29.580507	32.6748	33.088882	30.63913	30.51162	32.217674	35.547718	34.296993	31.670935	34.237095	36.885296	34.607418	33.79211	37.507492	38.801643	39.828564	38.027946	35.0411	35.45137	33.73026	31.218588	30.997719	29.086773	27.498575	23.736351	23.849586	24.6628	28.378382	30.155794	31.734709	35.283092	35.19956	33.78789	37.443527	38.81097	39.787006	40.176952	38.027454	35.591908	32.839592	29.227772	27.309607	25.675322	25.391294	27.741476	26.688162	28.081749	30.136147	31.980892	33.2121	36.68204	37.61325	39.523712	36.640236	34.28014	36.419987	36.7028	32.97975	32.94897	35.986435	36.00036	38.540546	39.152336	42.403503	44.461975	45.10144	42.44976	39.146286	36.974667	36.780266	33.47276	30.402374	28.941124	26.1441	22.598045	23.67761	26.382761	24.912811	25.590141	28.593594
I-520-B	12.472311	12.375778	14.605306	13.496699	16.307377	16.332048	19.893787	20.834948	24.287731	25.285667	28.7248	31.71374	32.554825	30.394651	29.900028	31.626682	34.738014	33.310432	30.47481	32.98963	35.470226	32.951862	31.988007	35.714016	36.835293	37.555874	35.73279	32.913773	33.52483	31.74661	29.53205	29.477432	27.303438	26.02648	22.365026	22.613306	22.993517	26.639511	28.63822	30.078417	33.627003	33.288307	31.583258	35.13479	36.52168	38.55465	39.274563	37.430626	35.10763	32.66698	28.95131	27.495747	26.00649	26.259855	28.73166	27.993362	29.814598	31.809273	33.28655	34.666645	38.273792	39.521008	41.31	38.27838	36.192516	38.52996	38.57826	34.857166	35.18738	38.215195	38.249588	40.544968	40.909443	44.101463	45.91118	46.362663	43.84209	40.434093	38.172886	37.60855	34.30932	31.3004	30.273499	27.65636	24.287786	25.856247	28.463009	26.759203	27.785091	30.933596
L-521-B	11.931501	10.697107	12.372956	11.004144	13.799757	14.331491	17.824062	18.954115	22.125282	22.764555	26.27802	29.072208	29.815882	27.495083	26.819809	28.307373	31.415703	29.86688	27.178503	29.875338	32.27953	29.77166	29.06719	32.837746	33.884174	34.798084	32.85111	29.85779	30.254816	28.46334	26.07195	25.981369	23.996998	22.693172	18.991182	19.494564	20.266827	24.009718	26.195005	28.004997	31.406351	30.92133	29.50861	33.15848	34.253845	37.48499	38.292957	36.37543	34.34684	31.932068	28.322704	26.923994	25.922485	26.03979	28.108753	27.0373	28.938982	30.527592	32.01112	33.763348	37.395126	38.76877	40.809917	37.940235	35.795025	38.356606	38.65859	35.03759	35.387455	38.637463	39.036785	41.338852	41.515324	44.532936	46.41737	46.637478	43.934055	40.6632	38.124935	37.52003	34.04278	31.317347	30.342373	27.458344	24.257605	25.818798	28.762312	27.47436	28.772573	31.646511
A-522-B	12.135187	10.826472	13.193389	12.808594	16.068865	17.263163	20.82605	22.287527	25.285038	25.55407	28.987946	31.704897	32.142082	29.515846	28.924194	30.123442	33.322323	31.663223	29.287146	32.21069	34.537918	32.06691	31.708012	35.502403	36.432835	37.496307	35.34502	32.166203	32.176968	30.150099	27.464935	27.60382	26.05259	24.821156	21.107107	21.922844	23.163307	26.956392	29.194738	31.23267	34.547535	34.03474	32.832672	36.523483	37.43348	40.827736	41.488182	39.38899	37.333717	34.722935	31.187433	29.476294	28.383598	28.08183	30.020065	28.605797	30.095661	31.63738	33.502815	35.202003	38.702187	39.766544	41.981503	39.28226	36.844833	39.2104	39.778828	36.156384	36.11059	39.362625	39.700844	42.273502	42.732315	45.824543	47.945602	48.355095	45.53432	42.356228	39.9	39.612137	36.119606	33.345974	31.991678	28.929987	25.561806	26.609072	29.665527	28.591463	29.478653	32.224995
H-523-B	15.449813	14.51897	16.890041	16.190796	19.208742	19.94703	23.39822	24.386686	27.50903	28.126131	31.695705	34.33826	35.062298	32.603527	31.757713	32.887787	35.90838	34.02019	31.565155	34.520866	36.634327	33.901176	33.521572	37.33519	38.005054	38.74115	36.443985	33.38727	33.423687	31.132484	28.660774	29.210701	27.589249	26.798838	23.20377	24.288553	25.213673	28.94055	31.39376	33.297176	36.615932	35.858105	34.362797	37.93103	38.838974	43.003246	43.85637	41.968983	39.87047	37.41357	33.77696	32.262512	31.011282	30.980667	33.14871	31.964144	33.539497	35.21549	36.988266	38.602108	42.135742	43.219856	45.309074	42.498135	40.14096	42.43637	42.83658	39.152878	39.14962	42.277493	42.38635	44.930637	45.468475	48.658276	50.67837	51.170048	48.482857	45.196056	42.855007	42.462265	39.05181	36.1549	34.907677	32.01904	28.59642	29.742289	32.61245	31.247536	32.005344	34.95449
L-524-B	16.679394	15.36631	17.008339	15.487562	17.941174	18.253689	21.407122	21.933489	25.00208	25.864637	29.559095	32.0433	33.093857	30.88198	29.71237	30.830112	33.64137	31.625727	29.017664	31.919144	33.88105	30.982082	30.511902	34.314312	34.848553	35.3854	33.08046	30.144588	30.346706	28.06723	25.84774	26.464827	24.621748	24.073542	20.605555	21.822607	22.449104	26.082724	28.726145	30.588188	33.83438	32.849648	31.213041	34.699196	35.545998	40.815434	41.94515	40.28989	38.38712	36.20478	32.55818	31.436445	30.461527	30.804983	32.936127	31.933357	33.884254	35.409267	36.849182	38.67286	42.31982	43.72032	45.761787	42.871307	40.747593	43.286594	43.551273	39.906437	40.237953	43.43403	43.699284	46.019566	46.26016	49.329678	51.154533	51.396317	48.764267	45.441727	42.937622	42.224506	38.780693	36.040417	35.170063	32.361748	29.150019	30.70606	33.589695	32.165977	33.329906	36.312393
H-525-B	16.364668	14.28298	15.595424	14.291318	16.778831	17.774466	20.824072	21.691156	24.387228	24.737389	28.393467	30.664413	31.461243	28.992678	27.733374	28.507097	31.349567	29.208513	26.9007	30.041977	31.914843	29.091967	29.01757	32.840523	33.294586	34.120777	31.65015	28.465118	28.282068	25.920225	23.36082	24.010542	22.577053	22.001276	18.524029	20.098331	21.310123	25.00248	27.764055	30.028296	33.087685	32.02009	30.784588	34.363754	34.883923	40.987926	42.08266	40.269928	38.594376	36.341335	32.841747	31.619637	30.988413	31.04225	32.787834	31.399185	33.237476	34.40498	35.981274	38.066586	41.65641	43.0339	45.334103	42.65546	40.386906	43.021915	43.589245	40.042892	40.248135	43.61145	44.15691	46.57115	46.75792	49.701756	51.677517	51.801613	48.977047	45.816044	43.128204	42.51879	38.941536	36.421883	35.44397	32.378708	29.265932	30.622463	33.783108	32.770588	34.005302	36.710285
K-526-B	18.192387	16.26143	18.045937	17.331026	20.096447	21.365026	24.48482	25.470182	28.112396	28.313522	31.927013	34.12818	34.771805	32.136	30.889887	31.418428	34.2505	31.96747	29.915823	33.209263	34.93632	32.087204	32.27869	36.09098	36.362343	37.189552	34.52383	31.267696	30.764818	28.132286	25.441168	26.440685	25.382349	25.018543	21.642353	23.464907	24.891245	28.564888	31.38769	33.74921	36.748245	35.603764	34.433804	37.98816	38.374554	44.75585	45.790543	43.90103	42.17123	39.805992	36.31123	34.90494	34.12991	33.96767	35.711792	34.154186	35.71302	36.89955	38.73405	40.740532	44.240532	45.383953	47.77302	45.185844	42.721893	45.180744	45.893803	42.324684	42.245575	45.565742	45.987633	48.597755	49.027138	52.06279	54.18831	54.48796	51.61613	48.485336	45.898273	45.49539	41.929604	39.319485	38.09135	34.95234	31.69228	32.71258	35.888073	34.93228	35.825546	38.499855
K-527-B	20.723124	19.16113	20.971571	19.864426	22.40972	23.132273	26.15316	26.660103	29.457617	30.081583	33.80478	35.9875	36.966434	34.581577	33.141823	33.744755	36.392456	33.98345	31.751625	34.956367	36.52547	33.44927	33.480762	37.275043	37.353935	37.806805	35.096394	32.056812	31.734959	28.957611	26.627178	27.916407	26.631104	26.63684	23.40328	25.285913	26.254436	29.817059	32.76767	34.90031	37.926056	36.595142	35.085224	38.48678	38.945362	45.840996	47.07109	45.41896	43.638454	41.451607	37.85115	36.675163	35.75816	35.92028	37.91773	36.655697	38.39082	39.752007	41.415573	43.33452	46.909157	48.14886	50.368687	47.618717	45.29863	47.74678	48.227905	44.59008	44.655243	47.870342	48.099983	50.614384	51.040565	54.152794	56.124577	56.45477	53.736675	50.475033	47.97616	47.40402	43.918663	41.195793	40.14452	37.197918	33.90722	35.14383	38.136852	36.864357	37.75345	40.650654
C-528-B	21.318686	19.34835	20.499327	18.828636	20.84835	21.379534	24.042933	24.235249	26.819769	27.502697	31.275488	33.2339	34.425343	32.218044	30.480692	30.977047	33.41851	30.878302	28.60162	31.795235	33.189312	29.997696	30.060272	33.825977	33.758026	34.112442	31.35504	28.363138	28.09011	25.305428	23.133564	24.50003	23.127012	23.379042	20.323753	22.421787	23.269108	26.706186	29.83335	32.02622	34.90238	33.35331	31.852137	35.184017	35.482998	43.54785	44.994022	43.502537	41.966858	40.00614	36.46986	35.601215	35.01771	35.40399	37.252567	36.05269	38.06622	39.206505	40.606964	42.759262	46.401295	47.907017	50.142365	47.386425	45.239624	47.91883	48.359146	44.79075	45.11485	48.430256	48.877846	51.21697	51.363182	54.32745	56.167866	56.243248	53.524055	50.2864	47.602505	46.788338	43.25286	40.73836	39.978546	37.044556	33.972736	35.49629	38.562416	37.35561	38.61104	41.457115
P-529-B	20.647482	18.115	18.863338	17.344275	19.26647	20.3378	22.857498	23.37157	25.596533	25.798708	29.48745	31.253258	32.1944	29.780252	27.990112	28.189667	30.659399	28.048883	26.053648	29.435228	30.781988	27.714407	28.125336	31.891468	31.815214	32.501472	29.64832	26.409481	25.790098	22.999542	20.454643	21.766697	20.783401	20.94203	17.903587	20.27977	21.660816	25.120457	28.289925	30.828909	33.53135	31.969082	30.876413	34.301937	34.330578	42.88395	44.265938	42.621655	41.29213	39.27156	35.88945	34.939754	34.672306	34.81773	36.313175	34.804985	36.736496	37.548084	39.023926	41.400837	44.97875	46.485687	48.928577	46.3652	44.127533	46.902603	47.591385	44.132565	44.38471	47.84035	48.559433	50.9445	51.0052	53.83191	55.786385	55.732468	52.850548	49.768646	46.917843	46.181705	42.541904	40.24696	39.422543	36.29231	33.352997	34.738926	38.019157	37.172897	38.53666	41.12627
Y-530-B	22.800625	20.190636	20.38131	18.258955	19.49459	20.107803	22.131403	22.09605	24.096296	24.533058	28.26607	29.757696	31.061638	28.974575	26.801603	26.911398	29.042974	26.247652	24.141027	27.444437	28.508272	25.219055	25.604473	29.310965	28.97589	29.386332	26.454145	23.365433	22.876553	20.006857	17.834951	19.38324	18.20236	18.856724	16.173523	18.806728	19.825844	23.031504	26.424927	28.911856	31.43304	29.556105	28.344048	31.604488	31.475557	41.450687	43.119534	41.744534	40.64454	38.93493	35.60826	35.056316	35.042202	35.522575	36.971176	35.663624	37.897404	38.57905	39.725136	42.253426	45.89475	47.67142	50.037865	47.41622	45.410915	48.364796	48.913483	45.51019	46.046658	49.521626	50.342342	52.523148	52.338573	55.05255	56.816208	56.548107	53.74528	50.64777	47.687454	46.666893	43.044594	40.912228	40.42934	37.424236	34.698177	36.40423	39.635044	38.719887	40.377506	42.997353
S-531-B	20.024385	17.64994	17.785057	15.341363	16.535917	16.788252	18.988195	18.939064	21.28687	21.99704	25.790672	27.624033	29.004604	27.025211	25.109692	25.731806	28.081236	25.642132	23.132404	26.193954	27.67015	24.504883	24.374353	28.153475	28.254574	28.709871	26.141668	23.148104	23.196457	20.79198	18.736425	19.61554	17.825142	17.897482	14.842697	16.860079	17.541056	20.9339	24.109827	26.357624	29.158005	27.584732	26.173023	29.558264	29.835974	38.318775	39.89968	38.510704	37.24779	35.51022	32.102543	31.566494	31.440676	32.056515	33.660835	32.563934	34.926586	35.800484	36.821796	39.222763	42.920013	44.76596	46.97817	44.231457	42.345745	45.31038	45.683468	42.25294	42.937965	46.359047	47.128872	49.197857	48.946545	51.672558	53.340626	53.074097	50.35427	47.188896	44.27656	43.18241	39.60585	37.402897	37.016724	34.131134	31.422194	33.320766	36.434494	35.3701	37.140503	39.84418
V-532-B	17.902071	15.057786	14.898187	12.743922	14.094831	15.115668	17.422379	18.041636	20.148886	20.253319	23.938963	25.790361	26.748339	24.422132	22.700554	23.211262	25.826355	23.511412	21.222618	24.452679	26.141811	23.263813	23.375494	27.18792	27.53391	28.48927	25.978262	22.695288	22.46963	20.260124	17.685553	18.152746	16.696695	16.21638	12.871905	14.891699	16.309822	19.884434	22.907526	25.488588	28.245792	26.909918	25.968632	29.53676	29.706953	37.557053	38.902893	37.227726	36.0336	34.086575	30.809156	30.008636	30.071447	30.318565	31.612362	30.170399	32.36072	33.005394	34.200603	36.73241	40.353447	42.11158	44.516644	41.953403	39.917896	42.907104	43.533756	40.188103	40.72798	44.259064	45.239887	47.401493	47.148815	49.784473	51.616528	51.31353	48.42477	45.40787	42.392727	41.48264	37.81224	35.75021	35.178223	32.08009	29.433283	31.111717	34.418736	33.70746	35.490845	37.942493
P-533-B	20.783716	17.795204	17.293766	15.007921	15.826193	16.747845	18.534	18.797998	20.490522	20.534853	24.194195	25.637394	26.760315	24.572428	22.434246	22.551863	24.833612	22.185791	20.068909	23.426144	24.718681	21.641363	22.064709	25.824308	25.797129	26.639038	23.88186	20.565655	20.09924	17.630247	15.102828	15.996825	14.76558	14.890604	11.975797	14.619554	16.058016	19.363747	22.671867	25.405281	27.869225	26.166843	25.32331	28.750868	28.571745	38.166645	39.73036	38.21765	37.28937	35.558346	32.39559	31.842264	32.164272	32.52649	33.65731	32.206127	34.49245	34.904785	35.957012	38.6673	42.27101	44.15295	46.607384	44.109318	42.154068	45.24425	45.90406	42.635494	43.259445	46.82959	47.924	50.018387	49.643623	52.179153	53.95246	53.502785	50.608673	47.647354	44.531292	43.495163	39.81581	37.930553	37.518093	34.43476	31.947842	33.692024	37.028244	36.39455	38.293724	40.680515
F-534-B	22.213621	19.010433	18.704163	17.035282	18.164864	19.651628	21.482273	22.06636	23.509039	23.122654	26.623003	27.84894	28.647518	26.182564	24.035164	23.656847	25.891457	23.038677	21.472878	25.070805	26.114202	23.13538	24.105856	27.766615	27.498573	28.520147	25.51422	22.033628	20.925184	18.133541	15.205862	16.556217	16.181337	16.532278	13.908118	16.899244	18.866013	22.056244	25.368317	28.348186	30.605722	28.831371	28.305958	31.689934	31.2039	41.331047	42.807396	41.155018	40.297264	38.441254	35.36658	34.605476	34.959293	35.015522	35.962708	34.194366	36.2055	36.43635	37.75066	40.533283	44.028374	45.72507	48.379185	46.06439	43.89714	46.909847	47.828568	44.595737	44.95851	48.582863	49.734406	52.00974	51.77554	54.31184	56.26722	55.88226	52.85693	50.001553	46.868916	46.0402	42.30908	40.46252	39.810055	36.550953	34.00155	35.413483	38.892345	38.487556	40.18875	42.429237
Y-535-B	25.510384	22.393547	22.328568	20.782066	21.966965	23.368164	25.126917	25.491594	26.855034	26.541843	30.018755	31.019453	31.903463	29.505829	27.159567	26.464518	28.400219	25.278662	23.989405	27.633352	28.262617	25.137568	26.394436	29.929262	29.228107	30.00667	26.726768	23.35285	21.897966	18.678696	15.947648	18.041897	18.087248	19.07652	16.907486	20.160738	22.010077	24.982738	28.448221	31.427105	33.511353	31.459164	30.88959	34.092155	33.365105	44.676323	46.285744	44.739746	43.940815	42.15957	39.073357	38.369328	38.68364	38.771446	39.757626	37.97432	39.93271	40.145245	41.508995	44.301556	47.777065	49.426006	52.116127	49.821953	47.606647	50.576294	51.529865	48.273586	48.557487	52.169434	53.254402	55.596672	55.44146	58.021873	60.000237	59.654762	56.631336	53.7624	50.651688	49.828743	46.102196	44.222065	43.542118	40.276833	37.66043	38.99876	42.479443	42.03217	43.614353	45.901398
P-536-B	25.55631	22.531595	22.953848	21.978025	23.684992	25.425411	27.533888	28.249733	29.775259	29.30253	32.738014	33.89156	34.4905	31.83102	29.752062	29.024942	31.153048	28.126175	27.026945	30.736387	31.478937	28.51097	29.852785	33.39611	32.78263	33.70026	30.41941	26.98564	25.362865	22.144615	19.236137	21.269062	21.554228	22.286263	19.939596	23.03993	25.125393	28.250774	31.590435	34.611374	36.797035	34.91117	34.405014	37.692223	37.028522	47.5816	49.001637	47.264988	46.30224	44.28874	41.160587	40.149044	40.25583	40.064423	41.076504	39.09942	40.75851	41.0432	42.7181	45.39284	48.788074	50.172264	52.956844	50.746117	48.305286	51.09583	52.2075	48.914062	48.905956	52.492897	53.47835	56.02575	56.114685	58.79541	60.95534	60.80651	57.709263	54.865963	51.8554	51.28691	47.54889	45.53654	44.553455	41.178295	38.38046	39.391136	42.913273	42.54244	43.81981	46.062286
T-537-B	28.351809	25.169533	25.418955	24.670723	26.241962	28.228884	30.133596	30.938848	32.13868	31.360695	34.62075	35.473515	35.88814	33.149063	30.979137	29.81416	31.732388	28.573158	27.96018	31.745337	32.186672	29.35147	31.120222	34.48961	33.642654	34.687138	31.26923	27.8069	25.715637	22.411093	19.413862	21.696917	22.617846	23.56362	21.61927	24.918066	27.271984	30.18899	33.53642	36.742634	38.665188	36.667507	36.456615	39.651703	38.67396	50.02277	51.4449	49.66662	48.88398	46.882694	43.893864	42.860756	43.146587	42.804745	43.580418	41.401955	42.92757	42.951817	44.698524	47.501484	50.78702	52.112114	55.047386	53.019955	50.502254	53.293915	54.60251	51.408657	51.28876	54.925426	56.047546	58.653553	58.741596	61.33431	63.582882	63.37808	60.18522	57.47055	54.388653	53.89753	50.128532	48.266857	47.223156	43.75505	41.052258	41.89559	45.507607	45.36416	46.614365	48.678013
F-538-B	31.451502	28.384283	28.855804	28.26642	29.960043	31.956062	33.908245	34.676895	35.88819	35.125374	38.368427	39.146027	39.541492	36.7896	34.59182	33.276684	35.06533	31.825209	31.396307	35.183765	35.431145	32.58547	34.497375	37.779217	36.725033	37.658077	34.12836	30.76433	28.491337	25.054026	22.237894	24.791065	25.919582	27.082905	25.29499	28.650654	30.975721	33.827003	37.21713	40.423946	42.282616	40.182953	39.958393	43.069782	41.98202	53.77604	55.22481	53.456543	52.66282	50.64266	47.634106	46.555737	46.76467	46.371727	47.177364	44.947594	46.36067	46.394676	48.247013	51.01597	54.258743	55.475216	58.453205	56.468678	53.863922	56.56913	57.94346	54.73399	54.481705	58.091553	59.141098	61.84348	62.05287	64.69651	67.01138	66.88887	63.678013	60.967457	57.930943	57.515415	53.74929	51.834003	50.694542	47.202427	44.422043	45.133465	48.741295	48.594673	49.683853	51.752205
K-539-B	30.895197	27.92166	28.66758	28.578442	30.60009	32.904053	35.090202	36.220116	37.52383	36.56349	39.728043	40.667496	40.75826	37.76973	35.880253	34.611095	36.639015	33.5919	33.263397	37.078136	37.553226	34.91066	36.81842	40.142235	39.32049	40.49181	37.05359	33.57053	31.274685	27.993776	24.934162	27.170801	28.357792	29.126545	27.114893	30.267963	32.828712	35.83483	39.058228	42.31775	44.28567	42.422993	42.309498	45.55842	44.58191	55.3415	56.563602	54.58155	53.659615	51.419525	48.42911	47.065952	47.14953	46.468647	47.21842	44.799973	45.917267	45.96419	48.076736	50.736736	53.86164	54.829433	57.892593	56.03392	53.24413	55.779747	57.323654	54.139725	53.625732	57.201714	58.216145	61.07592	61.47438	64.15314	66.63488	66.66334	63.3781	60.74401	57.792072	57.625633	53.866055	51.896545	50.492496	46.91612	44.05613	44.45099	48.07776	48.079277	48.924416	50.863182
E-540-B	33.62315	30.702978	31.53315	31.725853	33.822117	36.29234	38.48964	39.752182	40.976368	39.854736	42.91083	43.771534	43.680668	40.596	38.789375	37.345207	39.320877	36.301487	36.238625	40.05825	40.441956	37.935333	40.01966	43.25157	42.368767	43.62857	40.159653	36.6807	34.185402	30.93123	27.865162	30.119396	31.57245	32.337276	30.442669	33.58561	36.284374	39.240864	42.41103	45.742992	47.630253	45.784946	45.809887	49.04167	47.96026	58.75911	59.90516	57.83538	56.93311	54.616394	51.686832	50.203064	50.283657	49.428093	50.073467	47.504574	48.414753	48.36695	50.628826	53.271454	56.275925	57.0793	60.237747	58.52635	55.61685	58.04309	59.74992	56.62566	55.92116	59.47656	60.50329	63.471107	63.984665	66.6495	69.24916	69.34288	65.99281	63.45077	60.52846	60.514423	56.75869	54.81699	53.264297	49.630272	46.769028	46.934845	50.578716	50.724983	51.40806	53.21513
G-541-B	33.21161	30.527357	31.707352	32.29605	34.709965	37.3237	39.7706	41.277405	42.68261	41.51946	44.555096	45.63841	45.36479	42.127262	40.60688	39.336113	41.547775	38.713577	38.582893	42.392242	43.024384	40.616478	42.57232	45.88381	45.222786	46.5951	43.213078	39.66366	37.276684	34.114307	30.920628	32.938744	34.25801	34.712387	32.560833	35.483032	38.251534	41.37166	44.40709	47.70303	49.75589	48.121677	48.123234	51.47511	50.57502	60.30296	61.256023	59.02746	57.943874	55.4362	52.480946	50.7525	50.63191	49.567406	50.25727	47.6022	48.2552	48.32806	50.812225	53.276085	56.186928	56.74759	59.91759	58.26862	55.209904	57.435738	59.230034	56.102703	55.16174	58.634266	59.542427	62.649036	63.375805	66.112686	68.84	69.121796	65.75173	63.240746	60.454205	60.65898	56.943344	54.88946	53.101524	49.447575	46.478596	46.374107	49.966663	50.159966	50.56883	52.31133
M-542-B	31.2607	28.78693	30.25914	30.717741	33.31089	35.70446	38.34555	39.739204	41.431858	40.557106	43.765186	45.081013	45.00417	41.835564	40.33001	39.368908	41.71634	38.890118	38.38785	42.17895	42.978546	40.387962	42.054283	45.509113	44.936443	46.13318	42.782585	39.267334	37.16921	33.937794	30.823046	32.845943	33.759323	34.183037	31.773506	34.60867	37.140766	40.408726	43.484356	46.619713	48.881348	47.274334	46.99333	50.38665	49.711815	59.00104	59.98429	57.818333	56.55718	54.04206	50.934505	49.22028	48.884377	47.96009	48.914646	46.447083	47.207832	47.561363	50.009766	52.341206	55.370365	55.967068	58.99587	57.151382	54.1375	56.338768	57.940125	54.68386	53.81127	57.226543	57.94426	61.03457	61.817146	64.68268	67.33766	67.713875	64.44097	61.780617	59.084904	59.227806	55.54105	53.3008	51.539093	47.96817	44.852837	44.870514	48.37438	48.310593	48.668472	50.62564
A-543-B	32.972286	30.717365	32.395042	32.640728	35.285164	37.39799	40.114132	41.267982	43.145294	42.55946	45.911335	47.294052	47.451706	44.405727	42.784332	41.93699	44.227303	41.296463	40.60064	44.374516	45.11054	42.31787	43.855804	47.35255	46.65269	47.580658	44.167393	40.774837	38.80245	35.417812	32.53297	34.783707	35.493607	36.138897	33.70219	36.584797	38.849766	42.13685	45.32629	48.327507	50.66926	48.942093	48.40527	51.73441	51.127636	60.703037	61.802628	59.76376	58.4075	55.954117	52.718025	51.091278	50.590557	49.846413	51.033836	48.747993	49.618587	50.174026	52.563335	54.80827	57.926758	58.560547	61.475227	59.47864	56.514454	58.68744	60.125465	56.76705	55.94943	59.296555	59.82608	62.904522	63.748955	66.726265	69.30895	69.763695	66.58534	63.796703	61.179604	61.240906	57.584835	55.19474	53.489384	50.010834	46.78125	46.91855	50.32309	50.009457	50.301468	52.458447
L-544-B	33.537872	31.218218	32.734646	32.539124	34.9708	36.785603	39.363106	40.181034	42.05596	41.703503	45.161655	46.45118	46.899162	44.053238	42.176304	41.332504	43.444683	40.354446	39.52614	43.270813	43.83391	40.844093	42.330803	45.806644	44.91019	45.576817	42.096024	38.84417	36.95224	33.438816	30.813068	33.31591	33.90173	34.867527	32.56193	35.59069	37.606155	40.794674	44.136417	47.054966	49.345226	47.412296	46.70795	49.91337	49.255543	59.67922	60.99088	59.15367	57.86933	55.602837	52.308163	50.928516	50.485104	50.02154	51.31718	49.219273	50.365932	50.957077	53.129852	55.455574	58.706017	59.561527	62.39023	60.245003	57.43837	59.761433	61.022587	57.606636	57.026543	60.40322	60.92678	63.8729	64.56658	67.54718	69.975044	70.3186	67.21779	64.3254	61.646374	61.477757	57.81216	55.422344	53.94752	50.545845	47.34124	47.778564	51.164764	50.665684	51.16152	53.486366
E-545-B	32.01472	30.030907	31.87784	31.675022	34.30983	35.92387	38.716156	39.497498	41.67068	41.567028	45.122643	46.677574	47.22469	44.419197	42.678562	42.166676	44.451996	41.478626	40.3293	44.003624	44.79981	41.737217	42.905903	46.49422	45.779564	46.34298	42.97333	39.76198	38.190033	34.73006	32.159184	34.50454	34.688156	35.482887	32.91028	35.71854	37.511784	40.83987	44.119995	46.847633	49.360027	47.55403	46.599834	49.857296	49.479713	59.011032	60.272804	58.45079	56.9553	54.63838	51.225883	49.796276	49.095104	48.705288	50.244637	48.315742	49.47247	50.34195	52.524883	54.657852	57.958076	58.769085	61.453033	59.166363	56.381317	58.606483	59.706787	56.200092	55.62266	58.895493	59.207092	62.154182	62.953773	66.05326	68.43697	68.91936	65.91948	62.918823	60.38152	60.22282	56.624203	54.049946	52.54428	49.249172	45.915714	46.38697	49.635967	48.912815	49.279663	51.766293
D-546-B	28.757332	26.699919	28.57229	28.619694	31.378956	33.230373	36.111057	37.17485	39.334797	39.037895	42.51696	44.169537	44.50843	41.56658	40.02935	39.588314	42.058212	39.25014	38.117992	41.80086	42.812847	39.915035	41.057625	44.691055	44.223087	45.046207	41.785217	38.424088	36.870358	33.57623	30.741272	32.770603	32.954155	33.40118	30.661192	33.317036	35.313793	38.74288	41.881336	44.677174	47.246986	45.64683	44.844807	48.23492	47.93547	56.646057	57.740894	55.76261	54.240047	51.79873	48.443684	46.859486	46.18437	45.61278	47.04122	44.98697	46.023453	46.844658	49.121284	51.242107	54.484512	55.221085	57.960865	55.755634	52.9052	55.10685	56.308453	52.845673	52.191166	55.495056	55.89377	58.87912	59.685303	62.7433	65.20252	65.68672	62.622482	59.694923	57.14369	57.09563	53.482338	50.951984	49.339947	45.975506	42.662876	43.007862	46.313656	45.744057	46.098507	48.46468
Y-547-B	29.044443	26.625555	28.04059	27.732113	30.144535	31.944408	34.548004	35.422928	37.348457	37.012016	40.49093	41.900143	42.360058	39.525745	37.72503	37.07992	39.340446	36.368942	35.33659	39.050083	39.83511	36.869633	38.171776	41.734516	41.070827	41.841373	38.48953	35.154507	33.473026	30.097916	27.332542	29.557	29.892208	30.609169	28.107561	31.008327	33.01473	36.294052	39.566944	42.45429	44.840157	43.041325	42.324394	45.623394	45.113697	54.92312	56.189114	54.330544	53.028126	50.760357	47.467484	46.10768	45.705647	45.285316	46.57955	44.5362	45.7903	46.40542	48.489204	50.83037	54.133602	55.0934	57.875843	55.672012	52.94395	55.35626	56.545086	53.12595	52.679222	56.095383	56.690716	59.54745	60.119305	63.061543	65.42637	65.692085	62.606422	59.697277	56.974323	56.735657	53.063	50.702496	49.307957	45.920574	42.760193	43.330334	46.734318	46.22252	46.881668	49.22602
Q-548-B	29.934296	27.7283	29.216974	28.53728	30.865824	32.24617	34.838867	35.361557	37.461178	37.499863	41.1123	42.576736	43.350967	40.733204	38.793182	38.326756	40.492706	37.453705	36.14714	39.768684	40.498314	37.32136	38.398647	41.980186	41.21179	41.652103	38.29833	35.15406	33.72763	30.266823	27.838818	30.225586	30.224403	31.171516	28.679804	31.566978	33.17865	36.420372	39.78976	42.47097	44.926	43.00204	41.972874	45.16483	44.76268	54.861237	56.28878	54.625774	53.260098	51.131367	47.723892	46.550713	46.028473	45.89175	47.426414	45.648407	47.11048	47.919693	49.837772	52.111824	55.529552	56.61752	59.239845	56.846962	54.256462	56.70251	57.658123	54.149155	53.873325	57.227898	57.670746	60.428722	60.965202	63.982716	66.19903	66.47353	63.51982	60.469353	57.800304	57.389194	53.764416	51.29155	50.063046	46.820568	43.608734	44.42123	47.701893	46.900276	47.613014	50.18147
R-549-B	26.807999	24.866165	26.687113	26.20356	28.823189	30.210966	33.074417	33.794292	36.149033	36.247765	39.87416	41.636936	42.319782	39.627956	37.97212	37.82675	40.26734	37.462597	35.9322	39.490677	40.56918	37.481735	38.284477	41.976276	41.543888	42.102646	38.933815	35.72428	34.56041	31.294205	28.723896	30.724045	30.415052	30.938843	28.104631	30.664371	32.24396	35.677692	38.871532	41.439438	44.123943	42.473236	41.35719	44.689335	44.58073	53.266266	54.51587	52.739113	51.16537	48.88856	45.42067	44.07315	43.33401	43.1134	44.778988	43.04627	44.410774	45.42361	47.43314	49.525383	52.93289	53.91044	56.455257	54.011093	51.37979	53.71124	54.613773	51.06006	50.712658	53.995884	54.313828	57.112335	57.76028	60.853928	63.099792	63.506588	60.58703	57.501343	54.950134	54.64466	51.06678	48.460472	47.11053	43.90565	40.589333	41.32302	44.524075	43.64249	44.216785	46.83515
M-550-B	24.814396	22.477978	23.931936	23.386814	25.845888	27.437304	30.163513	31.0033	33.151997	33.027084	36.5937	38.24824	38.833267	36.089684	34.401344	34.14934	36.5953	33.80288	32.37031	35.973976	37.064587	34.069504	34.98769	38.66916	38.29656	39.05208	35.901047	32.57247	31.314772	28.135881	25.379986	27.242004	27.055079	27.47321	24.660782	27.295336	29.091932	32.510994	35.696354	38.4185	41.00673	39.375587	38.47546	41.860645	41.64123	50.51684	51.753563	49.923206	48.504753	46.24684	42.87989	41.564358	41.076298	40.798862	42.245346	40.390583	41.81198	42.606598	44.55878	46.823345	50.224327	51.302975	53.94354	51.583702	48.978844	51.45157	52.45053	48.974487	48.707317	52.10769	52.661705	55.402893	55.881454	58.84561	61.096016	61.336536	58.334007	55.33445	52.631874	52.284367	48.639606	46.211338	44.928406	41.631508	38.456024	39.241215	42.579098	41.89888	42.695366	45.17258
L-551-B	26.586466	24.198471	25.327648	24.224005	26.28467	27.473293	29.927671	30.308697	32.385456	32.529854	36.183456	37.663483	38.59067	36.11721	34.1063	33.810608	35.985413	33.006493	31.45842	35.004387	35.843227	32.62461	33.505856	37.134857	36.500828	36.942192	33.70284	30.552053	29.385416	26.060148	23.656109	25.83283	25.508581	26.371653	23.806307	26.638187	28.105396	31.346712	34.72197	37.351448	39.83011	37.925934	36.847515	40.06534	39.747093	49.784878	51.282974	49.703503	48.417137	46.411015	43.0212	42.031124	41.664673	41.716373	43.229576	41.588497	43.305214	44.077736	45.758835	48.12529	51.630344	52.950047	55.49885	53.02153	50.61224	53.240105	54.065247	50.575546	50.569576	53.984047	54.560196	57.135067	57.42896	60.354267	62.426476	62.519295	59.60615	56.53168	53.756863	53.147587	49.511253	47.139145	46.143307	42.95736	39.879745	40.98797	44.279484	43.43764	44.471455	47.07416
G-552-B	25.36524	23.425806	24.9295	23.769482	26.035261	26.899158	29.592613	29.884008	32.32861	32.810738	36.546448	38.325397	39.37808	36.99725	35.165195	35.26366	37.590908	34.792355	32.900013	36.29449	37.380733	34.126236	34.607952	38.31098	37.887478	38.18246	35.12419	32.097225	31.33511	28.156124	25.915188	27.851597	27.053083	27.698643	24.878357	27.356342	28.481201	31.838362	35.097702	37.45047	40.175407	38.432808	37.04258	40.283314	40.30897	49.256653	50.707626	49.170517	47.643288	45.603096	42.077805	41.059578	40.389023	40.566795	42.377243	40.96792	42.716557	43.809498	45.470566	47.608593	51.16592	52.450665	54.817745	52.174587	49.817142	52.34118	52.962154	49.37474	49.403225	52.693977	53.033802	55.58435	55.974583	59.026096	61.026546	61.261402	58.476395	55.275043	52.661552	52.039124	48.490433	45.910168	44.911613	41.873737	38.663574	39.850494	42.964767	41.8404	42.75882	45.56092
Y-553-B	28.892027	27.094837	28.702318	27.54755	29.787857	30.532532	33.169415	33.276886	35.715485	36.314575	40.069935	41.758926	42.919643	40.606327	38.652645	38.640465	40.816765	37.88129	36.058823	39.454758	40.333744	36.970493	37.527348	41.163387	40.501923	40.573822	37.404095	34.518726	33.673878	30.325403	28.30308	30.555887	29.8648	30.82006	28.186914	30.789413	31.790907	35.034016	38.382652	40.67611	43.334053	41.427948	39.92634	43.028408	42.972385	52.54295	54.097786	52.667377	51.136253	49.163986	45.605995	44.65234	43.905216	44.158226	46.05565	44.703197	46.441658	47.584595	49.254185	51.35609	54.91605	56.171734	58.511333	55.838486	53.475773	55.94425	56.526665	52.908173	52.90074	56.134842	56.35506	58.93156	59.40117	62.511326	64.493965	64.79235	62.05587	58.812275	56.25987	55.621807	52.106495	49.46472	48.471054	45.48427	42.225555	43.39212	46.44273	45.216827	46.021664	48.89545
Q-554-B	29.3032	27.952326	29.955423	28.969398	31.451033	32.061005	34.916233	35.057938	37.758194	38.530212	42.303944	44.221954	45.383026	43.06628	41.304047	41.52598	43.843	41.03865	39.05927	42.378216	43.43539	40.089127	40.42749	44.105087	43.593685	43.606335	40.55043	37.72705	37.073044	33.80316	31.813908	33.924805	33.029156	33.800495	30.991318	33.342907	34.19246	37.52234	40.74652	42.85467	45.69045	43.940456	42.255127	45.374077	45.56253	54.126637	55.58274	54.13556	52.378094	50.31992	46.673233	45.606094	44.553326	44.80651	46.92986	45.703156	47.3402	48.746105	50.497265	52.365025	55.910736	57.030167	59.244534	56.48734	54.09743	56.3894	56.860443	53.174217	53.07545	56.164062	56.130585	58.754417	59.409424	62.64966	64.63155	65.128716	62.48828	59.16846	56.80796	56.258217	52.837215	49.999805	48.89985	46.02576	42.62939	43.71509	46.59399	45.170113	45.729755	48.72798
V-555-B	31.372887	30.03366	32.20648	31.560776	34.221058	35.101814	38.04116	38.383102	41.03112	41.60869	45.344204	47.23229	48.21688	45.735985	44.028378	44.08651	46.43594	43.58317	41.8113	45.23926	46.245903	42.9534	43.496017	47.169098	46.594883	46.713238	43.5552	40.641926	39.738598	36.3702	34.234634	36.45715	35.847244	36.626213	33.832424	36.28457	37.37274	40.740604	43.971348	46.208595	49.011185	47.26441	45.714714	48.87048	48.95366	57.570908	58.94065	57.376568	55.595745	53.415676	49.790253	48.551872	47.452915	47.496056	49.552456	48.151733	49.574184	50.942635	52.89107	54.730564	58.193707	59.132137	61.442974	58.79373	56.245358	58.41347	59.03846	55.36589	55.041485	58.10938	58.032887	60.80673	61.632385	64.91028	67.03171	67.64453	64.936134	61.67388	59.361168	58.989513	55.554794	52.69058	51.39164	48.430836	44.965828	45.79126	48.704613	47.400124	47.735275	50.639263
K-556-B	33.492756	32.464794	34.895435	34.42403	37.23522	38.073357	41.133556	41.509617	44.288876	44.94139	48.676052	50.67739	51.63912	49.13396	47.534664	47.67908	50.094067	47.28817	45.478226	48.883625	49.952904	46.66488	47.134533	50.820717	50.285545	50.358227	47.228767	44.35324	43.49695	40.129627	38.015717	40.224415	39.569492	40.2917	37.431496	39.779736	40.811275	44.21547	47.385426	49.53006	52.41758	50.74077	49.097137	52.24662	52.43942	60.5402	61.84087	60.258232	58.332623	56.085957	52.417675	51.082066	49.772182	49.775074	51.962082	50.614433	51.910282	53.439735	55.482327	57.15127	60.5716	61.365574	63.605385	60.93356	58.33578	60.33466	60.9167	57.214783	56.764454	59.702385	59.4204	62.258663	63.2678	66.6409	68.7889	69.57655	66.93198	63.63884	61.485645	61.21732	57.85947	54.863884	53.452026	50.56744	47.010937	47.707943	50.485973	49.07425	49.16302	52.11595
D-557-B	34.736927	33.713043	36.273518	36.155796	39.134785	40.263927	43.414642	44.044514	46.77302	47.19842	50.87347	52.875454	53.616714	50.932102	49.4457	49.46963	51.961956	49.17155	47.549175	51.04602	52.13682	48.949875	49.588264	53.28546	52.774227	53.026802	49.840305	46.835613	45.771267	42.375946	40.063244	42.264584	41.847977	42.472214	39.580944	41.963642	43.253506	46.721504	49.855797	52.138294	55.014957	53.404263	51.93027	55.16275	55.284397	63.1867	64.35532	62.613926	60.66331	58.267857	54.64174	53.106438	51.771606	51.526924	53.609344	52.067978	53.125816	54.59959	56.844566	58.478706	61.79269	62.39001	64.73251	62.197838	59.43809	61.305565	62.066185	58.404118	57.71697	60.635242	60.3442	63.33066	64.50092	67.88601	70.18953	71.08392	68.355934	65.15002	63.038754	62.97296	59.601917	56.605255	54.98049	52.00189	48.404438	48.820786	51.636395	50.393353	50.27093	53.080635
S-558-B	37.74077	36.494938	38.83854	38.51416	41.30439	42.37975	45.35723	45.79182	48.378204	48.824	52.52703	54.326862	55.189243	52.582302	50.86295	50.684418	52.968853	49.99786	48.490974	52.020336	52.848717	49.564205	50.359272	53.976585	53.1984	53.29583	49.98376	47.078835	45.87834	42.35143	40.214268	42.694614	42.43527	43.383907	40.71954	43.33024	44.58499	47.92124	51.205585	53.539864	56.265457	54.427513	52.955795	56.062828	55.987556	65.02838	66.369606	64.747734	62.9412	60.6767	57.06038	55.686317	54.49881	54.368214	56.396553	54.85142	56.03149	57.38097	59.539062	61.318615	64.67815	65.39123	67.78164	65.2451	62.529366	64.50971	65.27829	61.62114	61.02341	64.00786	63.800056	66.74374	67.81424	71.15984	73.41929	74.20703	71.46459	68.25055	66.04115	65.85735	62.44018	59.518757	58.01497	55.00959	51.466534	51.99665	54.88243	53.653816	53.669113	56.48782
K-559-B	36.855434	35.390465	37.466778	36.824467	39.382088	40.31755	43.116337	43.34057	45.82287	46.34608	50.07614	51.74083	52.763836	50.291523	48.383938	48.148575	50.281006	47.219173	45.685116	49.183754	49.871315	46.50509	47.31082	50.877914	49.970245	49.9433	46.602745	43.786	42.614655	39.055138	37.07911	39.674088	39.38233	40.529583	38.01103	40.732235	41.873035	45.097996	48.47479	50.80057	53.425854	51.441704	49.93969	52.954952	52.786003	62.57641	64.07444	62.584248	60.91689	58.808323	55.205585	54.035	53.0179	53.06447	55.055252	53.57926	54.975925	56.22887	58.208195	60.13555	63.578987	64.4991	66.88761	64.29712	61.703487	63.86835	64.5726	60.9162	60.52708	63.60576	63.53335	66.35619	67.22126	70.496895	72.64992	73.26004	70.52415	67.28389	64.94362	64.56985	61.110615	58.286224	56.984623	53.983063	50.529903	51.294193	54.247753	52.99793	53.28165	56.145344
V-560-B	34.451836	32.84688	34.7163	33.819954	36.206146	37.017212	39.704178	39.800617	42.240196	42.832863	46.580162	48.203377	49.336014	46.96764	44.97576	44.785854	46.86668	43.802105	42.172462	45.62479	46.304672	42.89921	43.63244	47.19565	46.29616	46.226437	42.919556	40.132774	39.06942	35.544704	33.639454	36.20336	35.78383	36.971798	34.486588	37.2135	38.25183	41.4307	44.83427	47.13134	49.729424	47.70634	46.174084	49.166355	48.999573	59.009422	60.585827	59.171665	57.58477	55.57686	51.987682	50.95629	50.059055	50.23713	52.204468	50.8023	52.37055	53.57343	55.400642	57.41648	60.922256	62.00606	64.36918	61.729015	59.247017	61.55261	62.188046	58.53865	58.3292	61.473427	61.51192	64.22227	64.91316	68.12536	70.187004	70.65672	67.93377	64.67684	62.243496	61.726383	58.24548	55.496365	54.354282	51.37091	47.998512	48.958202	51.948196	50.679497	51.18936	54.083282
E-561-B	34.40503	32.913048	34.67164	33.41734	35.60106	36.026848	38.597897	38.37221	40.88829	41.787903	45.582283	47.22314	48.61779	46.4804	44.3947	44.379795	46.365734	43.316566	41.451557	44.755535	45.416336	41.900406	42.391422	45.922146	44.998478	44.671303	41.457905	38.876	38.108997	34.646652	33.04524	35.594852	34.853176	36.15437	33.72559	36.353867	37.028454	40.10351	43.518066	45.599358	48.217968	46.131584	44.35702	47.22133	47.17216	57.28522	59.001755	57.78427	56.194954	54.360043	50.729713	49.919666	48.999607	49.457027	51.569168	50.418194	52.208183	53.515385	55.127487	57.117603	60.710354	61.964573	64.17705	61.38923	59.08898	61.474464	61.893417	58.212383	58.228886	61.3345	61.318348	63.869568	64.43433	67.64641	69.53168	69.93254	67.33644	63.986824	61.567215	60.850517	57.42774	54.658527	53.736736	50.906628	47.583256	48.81195	51.69289	50.213917	50.8807	53.92338
Q-562-B	36.39438	34.700108	36.124763	34.554394	36.399605	36.649994	38.92408	38.39433	40.709488	41.699425	45.480785	46.8814	48.477985	46.533882	44.191685	44.032578	45.743042	42.554276	40.736233	43.974926	44.35274	40.736237	41.29741	44.694286	43.501377	42.937553	39.65955	37.276756	36.49909	32.9777	31.709053	34.490078	33.790115	35.455368	33.343594	36.133167	36.640617	39.480713	43.013535	45.068474	47.489895	45.162132	43.35318	46.018642	45.78424	57.094093	59.02444	57.999123	56.60402	54.985332	51.406452	50.854168	50.138515	50.789635	52.833637	51.757263	53.743908	54.917355	56.33683	58.478207	62.1226	63.568863	65.77827	62.967354	60.79728	63.33941	63.706066	60.056515	60.25845	63.426266	63.52864	65.95829	66.336266	69.46317	71.23522	71.46181	68.88883	65.5358	63.001923	62.091305	58.651764	56.011555	55.308323	52.50884	49.314514	50.74531	53.662815	52.182137	53.07911	56.129913
Q-563-B	35.183453	33.260933	34.333088	32.498177	34.042057	34.20246	36.23542	35.546318	37.681503	38.674477	42.428844	43.671265	45.372322	43.55498	41.06338	40.840916	42.40403	39.170982	37.34933	40.540035	40.801674	37.150288	37.734562	41.07537	39.797882	39.183628	35.89061	33.5564	32.810753	29.303421	28.17684	30.999159	30.267733	32.090366	30.158438	33.028786	33.4606	36.16397	39.75646	41.83701	44.131447	41.69109	39.92713	42.529938	42.180172	54.147583	56.18765	55.248795	54.02507	52.543755	49.036777	48.660225	48.17007	48.929874	50.852055	49.80146	51.948322	52.971188	54.22226	56.508636	60.182137	61.79928	64.02298	61.22341	59.165512	61.864647	62.21894	58.62491	58.9959	62.245716	62.525066	64.83977	65.01527	68.027756	69.722336	69.76352	67.17606	63.857353	61.191666	60.13695	56.666042	54.180763	53.65331	50.851513	47.804874	49.405193	52.38521	50.975864	52.12637	55.127827
D-564-B	35.998585	34.294777	35.32065	33.21036	34.568375	34.305058	36.217888	35.19012	37.423378	38.76964	42.533035	43.822716	45.782726	44.220345	41.69871	41.70523	43.181095	40.03108	37.955696	40.930664	41.202198	37.480072	37.745445	41.016926	39.751335	38.832844	35.708485	33.66248	33.305904	29.957642	29.20381	31.9126	30.801695	32.676434	30.810448	33.470882	33.468964	36.028107	39.566174	41.35042	43.675583	41.210823	39.151157	41.5801	41.409946	53.254204	55.41992	54.696053	53.43821	52.135433	48.597225	48.435425	47.87252	48.908916	50.999928	50.22856	52.55138	53.717102	54.768818	56.96885	60.700153	62.44346	64.48676	61.54445	59.66774	62.39146	62.516033	58.900684	59.46567	62.63046	62.80642	64.96624	65.05593	68.07801	69.59243	69.60412	67.17241	63.765305	61.16492	59.934128	56.561344	54.037617	53.71325	51.105156	48.108128	49.933846	52.75235	51.117027	52.360573	55.50159
N-565-B	33.8667	32.463062	33.829052	31.904655	33.569645	33.308704	35.532997	34.703205	37.239197	38.641636	42.450985	44.047493	45.89419	44.209824	41.951595	42.216293	43.980385	41.00381	38.762375	41.746925	42.353127	38.702442	38.764343	42.18301	41.235718	40.482452	37.48803	35.298744	35.088844	31.841688	30.814157	33.24003	31.933414	33.41416	31.181976	33.596542	33.61236	36.414764	39.813606	41.515465	44.100464	41.902416	39.753616	42.36265	42.48906	52.89885	54.879383	54.025505	52.522755	51.046307	47.414486	47.05739	46.226624	47.184055	49.442173	48.71436	50.918415	52.300926	53.475605	55.480873	59.19826	60.798645	62.76908	59.774662	57.83437	60.41224	60.485565	56.81179	57.273186	60.343784	60.345936	62.568893	62.818413	65.9473	67.50546	67.69367	65.30065	61.843765	59.38851	58.28483	54.960556	52.263157	51.792423	49.228004	46.09687	47.826042	50.543533	48.792416	49.84433	53.05965
F-566-B	31.05348	29.396553	30.6666	28.834341	30.554821	30.58025	32.857044	32.275158	34.726265	35.865093	39.6727	41.252567	42.918694	41.068882	38.844162	39.00932	40.87295	37.890827	35.755306	38.87486	39.554634	35.971134	36.194447	39.699474	38.8408	38.37346	35.305824	32.858994	32.465008	29.183388	27.846455	30.211832	29.054401	30.405077	28.070007	30.590267	30.905031	33.839573	37.26798	39.200844	41.783867	39.641705	37.729683	40.523148	40.550537	50.94038	52.82124	51.793392	50.35198	48.75566	45.166027	44.681293	43.987026	44.758205	46.84202	45.912502	48.04872	49.283543	50.54501	52.65874	56.34814	57.920147	60.026524	57.139614	55.106632	57.732685	57.973248	54.336918	54.72632	57.90199	58.07053	60.36106	60.58356	63.65469	65.32579	65.460106	62.93384	59.559963	56.99794	55.982372	52.564255	49.95311	49.387646	46.667366	43.55531	45.189976	48.061462	46.520565	47.6252	50.7076
L-567-B	31.271105	29.435472	30.27067	28.051628	29.330378	29.099451	31.024378	30.111317	32.367542	33.636578	37.41657	38.80422	40.689777	39.07872	36.648285	36.788074	38.42358	35.397324	33.192295	36.185356	36.697468	33.036255	33.196148	36.603764	35.61256	34.95687	31.910643	29.635761	29.400303	26.180332	25.171883	27.57401	26.265299	27.86278	25.798971	28.364101	28.427612	31.132486	34.633793	36.499813	38.92956	36.615044	34.645912	37.292473	37.223427	48.4831	50.55066	49.706444	48.46032	47.092007	43.578022	43.3772	42.92175	43.909737	45.904106	45.092243	47.455917	48.556698	49.56683	51.817528	55.549423	57.34373	59.411438	56.50094	54.64821	57.44506	57.605064	54.03096	54.65685	57.884876	58.205936	60.32451	60.308098	63.25503	64.784004	64.70942	62.220448	58.861042	56.179245	54.947174	51.530464	49.085854	48.7839	46.129574	43.20763	45.08893	47.968372	46.44019	47.836544	50.897083
K-568-B	31.203878	29.76376	30.74869	28.404156	29.67574	29.036234	31.015781	29.893673	32.413815	34.04822	37.837017	39.436646	41.484993	40.048134	37.757835	38.24568	39.947536	37.11499	34.617264	37.39131	38.091045	34.44041	34.192944	37.58783	36.790314	35.949574	33.159565	31.099903	31.292152	28.310759	27.502064	29.62351	27.896769	29.297934	27.118624	29.3071	28.96467	31.646343	34.98498	36.505733	39.103622	36.9336	34.639328	37.208508	37.4843	47.75601	49.832718	49.118557	47.700954	46.40432	42.81326	42.704933	42.025658	43.22945	45.473774	44.94956	47.39895	48.749763	49.64548	51.699665	55.466717	57.289764	59.14913	56.08507	54.365257	57.095776	57.017788	53.39754	54.14087	57.232346	57.361046	59.370846	59.36568	62.37806	63.765316	63.76295	61.441116	57.976322	55.44053	54.118988	50.826694	48.25103	48.0564	45.614094	42.6701	44.69967	47.36425	45.563892	46.935715	50.160305
R-569-B	28.09499	26.813969	28.122936	26.058956	27.717724	27.29548	29.65008	28.921816	31.68135	33.17193	36.99093	38.86509	40.664444	38.988262	36.980045	37.619526	39.643143	36.96261	34.427563	37.299957	38.328915	34.809288	34.52028	38.0777	37.59933	37.09299	34.365093	32.030033	32.17752	29.256315	28.013124	29.867842	28.130657	29.084887	26.510386	28.530174	28.433868	31.427452	34.637085	36.237007	39.06326	37.183872	34.98865	37.824825	38.285442	47.192123	49.016403	48.055557	46.43287	44.87395	41.213863	40.805977	39.929237	40.91477	43.220715	42.59424	44.863903	46.339752	47.43589	49.364193	53.097885	54.745045	56.630405	53.58654	51.72461	54.331768	54.321655	50.65726	51.229523	54.29681	54.346966	56.483513	56.641598	59.73715	61.25487	61.40822	59.031956	55.567623	53.1118	51.9891	48.679684	45.97227	45.54689	43.035336	39.946266	41.79875	44.468426	42.68315	43.87179	47.095078
M-570-B	26.373062	24.69219	25.625261	23.406328	24.85465	24.586351	26.7867	26.110897	28.665562	29.961187	33.780457	35.51659	37.270443	35.559643	33.4435	33.95409	35.940895	33.21173	30.745121	33.693306	34.68526	31.178444	31.025982	34.614887	34.12941	33.78909	30.995531	28.510412	28.55842	25.644289	24.284151	26.09585	24.42083	25.390985	22.8562	25.034801	25.105516	28.112484	31.418144	33.228558	35.957153	34.01258	32.023705	34.95308	35.240234	44.744976	46.59384	45.572655	44.135475	42.59439	39.018635	38.65395	38.06717	38.99038	41.06135	40.28865	42.62524	43.864773	44.90742	47.037907	50.772926	52.52108	54.529694	51.58163	49.724377	52.480553	52.598724	49.00686	49.636703	52.840973	53.14307	55.25357	55.253143	58.221195	59.7721	59.752914	57.26323	53.88983	51.25436	50.092922	46.684563	44.163338	43.795303	41.156612	38.196575	40.0921	42.929726	41.371353	42.775993	45.847183
S-571-B	27.739042	26.157204	26.754747	24.115416	25.075937	24.270012	26.095045	24.898289	27.395714	29.071863	32.85436	34.494366	36.583767	35.238373	32.982903	33.64606	35.400326	32.729137	30.049038	32.720226	33.609104	30.02596	29.573069	33.030083	32.484608	31.800549	29.175846	27.036913	27.494715	24.786531	23.936684	25.653135	23.605564	24.759787	22.50503	24.496248	24.018173	26.727316	30.015867	31.529095	34.18462	32.119728	29.849543	32.554817	32.93985	42.867455	44.93248	44.195786	42.85941	41.608837	38.06808	38.06235	37.577145	38.85431	40.98532	40.50718	43.101532	44.352516	45.08235	47.22238	51.0059	52.973892	54.819008	51.766327	50.162704	53.02627	52.92805	49.377293	50.289993	53.446415	53.763958	55.648804	55.440647	58.32872	59.656765	59.487366	57.14167	53.723557	51.071243	49.64576	46.324993	43.89167	43.84816	41.415966	38.638157	40.84079	43.538666	41.83004	43.472866	46.611588
G-572-B	26.519922	25.430815	26.352613	23.790976	24.961946	23.88851	25.97308	24.817068	27.69001	29.612183	33.379734	35.354523	37.43096	36.11599	34.164524	35.19882	37.16458	34.75764	31.856857	34.365433	35.57341	32.11213	31.306091	34.79173	34.577023	33.913868	31.563524	29.496738	30.243923	27.770275	26.864742	28.23387	25.912031	26.649273	24.125456	25.652315	24.954527	27.774744	30.792572	32.00741	34.92443	33.17581	30.684553	33.43205	34.230072	42.396244	44.31962	43.570057	41.95246	40.623646	36.97576	36.887302	36.064518	37.42791	39.834393	39.575962	42.138725	43.69183	44.42864	46.30531	50.09302	51.981888	53.644794	50.464672	48.90752	51.632473	51.34887	47.73352	48.65864	51.667397	51.756844	53.60886	53.504745	56.501076	57.767986	57.756363	55.54019	52.02427	49.560383	48.164246	44.958496	42.32497	42.25386	39.993103	37.117443	39.356804	41.843697	39.88132	41.394905	44.687164
M-573-B	22.982107	21.774485	22.796364	20.414392	21.877398	21.158634	23.557678	22.872337	25.838657	27.453962	31.25224	33.387165	35.17426	33.58447	31.829086	32.89171	35.126457	32.81523	29.967838	32.631413	34.090683	30.77028	30.066233	33.702938	33.737637	33.48803	31.125706	28.722572	29.303234	26.870735	25.511723	26.641546	24.417564	24.757706	21.896193	23.372097	23.06686	26.200676	29.161636	30.622234	33.670322	32.140675	29.92034	32.964806	33.770832	41.147087	42.841167	41.79972	40.11206	38.52176	34.856155	34.47624	33.65072	34.73108	37.039795	36.554596	38.976643	40.49236	41.414238	43.31477	47.077366	48.8525	50.6439	47.550293	45.832516	48.537994	48.425945	44.80307	45.57832	48.668922	48.849483	50.832367	50.798534	53.802906	55.23881	55.272305	52.9111	49.453766	46.939835	45.7269	42.421154	39.77322	39.48841	37.04565	34.08663	36.165707	38.79505	37.00688	38.471226	41.66594
I-574-B	22.907337	21.353176	21.740185	18.92519	19.808937	18.887255	20.870604	19.89142	22.630907	24.297525	28.09718	30.046509	32.00042	30.595451	28.641603	29.68101	31.749363	29.43204	26.506165	29.079187	30.461168	27.111065	26.340748	29.9478	29.964098	29.692736	27.384344	25.031582	25.77765	23.516697	22.338806	23.313078	20.89541	21.31482	18.636917	20.13136	19.633308	22.632244	25.695435	27.199476	30.127361	28.462662	26.27295	29.305075	30.010174	38.24179	40.096073	39.162518	37.724346	36.328163	32.76785	32.65702	32.2006	33.431767	35.528473	35.07088	37.71103	38.98827	39.66886	41.780212	45.56857	47.569286	49.387505	46.33387	44.770042	47.678013	47.57	44.052086	45.04176	48.22836	48.659332	50.485203	50.182373	53.011066	54.349907	54.13014	51.743908	48.355553	45.657623	44.251762	40.90135	38.49952	38.467354	36.025578	33.319996	35.612206	38.31565	36.6766	38.480125	41.545628
R-575-B	24.999006	23.815603	24.12845	21.098373	21.636065	20.082596	21.754585	20.222237	23.034538	25.208265	28.911654	30.867353	33.143436	32.123646	30.16148	31.439905	33.314335	31.13602	27.996952	30.21231	31.547068	28.182306	27.01293	30.43828	30.461147	29.794214	27.755074	25.841194	27.037975	25.017088	24.344126	25.217354	22.46368	22.985348	20.58993	21.723837	20.571901	23.215902	26.11385	27.13366	30.062954	28.387978	25.783367	28.533722	29.508791	37.480072	39.508728	38.888363	37.41919	36.299393	32.734608	32.954254	32.40928	34.03018	36.324287	36.25814	39.085857	40.517246	40.924377	42.898014	46.710873	48.85057	50.4249	47.223682	45.912487	48.8202	48.42406	44.919025	46.147717	49.193127	49.49357	51.105927	50.690823	53.506527	54.605057	54.341454	52.169804	48.693813	46.098923	44.463673	41.27668	38.855774	39.111374	36.970837	34.388004	36.939236	39.383846	37.471394	39.376453	42.578484
L-576-B	22.336975	21.607138	22.307867	19.506947	20.444637	18.859608	21.00348	19.855526	23.075417	25.2514	28.923288	31.272785	33.325977	32.154102	30.603493	32.189804	34.393795	32.488857	29.258545	31.431105	33.154305	29.999392	28.654219	32.155277	32.569496	32.166412	30.321798	28.277178	29.5207	27.649183	26.65992	27.204187	24.395273	24.368368	21.582815	22.288918	21.235622	24.140463	26.71742	27.610085	30.83215	29.592913	27.000847	29.931053	31.246408	37.04665	38.78059	37.96046	36.161766	34.790337	31.103594	31.041605	30.130724	31.660412	34.182465	34.19279	36.889664	38.59836	39.138927	40.86195	44.659332	46.63995	48.1189	44.846596	43.473194	46.225044	45.754856	42.17451	43.31439	46.263023	46.38454	48.054108	47.79678	50.7352	51.884594	51.815132	49.678917	46.136875	43.702484	42.217827	39.082165	36.438255	36.523457	34.44153	31.698416	34.183205	36.500923	34.43045	36.167416	39.472435
Y-577-B	19.669315	18.555876	18.920649	15.97596	16.825047	15.456856	17.686016	16.838657	20.018791	21.908825	25.634085	28.010641	29.887941	28.551125	27.04577	28.6204	30.963608	29.125772	25.926764	28.201033	30.08219	27.042719	25.791393	29.40125	29.994673	29.94996	28.102999	25.79849	26.942894	25.199768	23.932644	24.192612	21.410744	21.06736	18.089048	18.742579	17.966345	21.104263	23.70749	24.900629	28.156996	27.015182	24.729994	27.92203	29.12963	34.9142	36.54388	35.503956	33.815704	32.305885	28.661705	28.477295	27.827208	29.156332	31.430391	31.203024	33.906498	35.409492	35.99282	37.90247	41.703274	43.71756	45.36466	42.20743	40.75428	43.626293	43.34927	39.82155	40.935265	44.04124	44.418274	46.135303	45.785152	48.62387	49.891655	49.704685	47.39478	43.954918	41.337574	39.913834	36.62973	34.133125	34.15713	31.863922	29.188478	31.642952	34.17935	32.397423	34.297	37.415943
A-578-B	22.224482	20.945026	20.708878	17.36277	17.391388	15.517453	16.973543	15.371336	18.260513	20.507437	24.180489	26.277996	28.543118	27.622324	25.82256	27.400335	29.391987	27.540874	24.204578	26.21511	27.8876	24.757662	23.277964	26.745258	27.218996	26.872778	25.166656	23.17873	24.679148	23.166332	22.399885	22.586124	19.50697	19.449656	16.941727	17.526928	16.144424	18.866976	21.56514	22.551437	25.634933	24.24077	21.723742	24.72118	25.911905	32.914516	34.86507	34.148823	32.746407	31.629913	28.119356	28.42975	28.137737	29.816217	31.946745	31.92851	34.905922	36.214607	36.43254	38.492462	42.307476	44.592724	46.156	42.989254	41.8029	44.846115	44.449223	41.045795	42.447643	45.55608	46.085	47.562275	46.92681	49.58808	50.643257	50.197918	47.98055	44.578083	41.846947	40.1198	36.891647	34.651638	35.068142	32.939224	30.589529	33.316223	35.78251	34.026222	36.234055	39.27829
A-579-B	22.579735	21.923943	21.945526	18.694553	18.780024	16.419725	17.936327	16.18177	19.383495	22.022493	25.517643	27.876698	30.213041	29.49931	28.008326	29.944036	31.984686	30.42458	26.936708	28.624462	30.48258	27.517818	25.657827	28.967257	29.681496	29.18549	27.824636	26.121717	27.91993	26.627966	26.01195	26.008665	22.764538	22.474241	19.976665	20.03329	18.271574	20.79832	23.05225	23.48752	26.743038	25.680738	22.844576	25.660456	27.321201	32.391335	34.270798	33.694584	32.013256	30.963665	27.369522	27.768515	27.11259	29.071257	31.539965	31.918951	34.935528	36.572403	36.66488	38.409832	42.217846	44.49073	45.774754	42.439358	41.423607	44.339188	43.64515	40.206215	41.738953	44.646862	44.930153	46.265057	45.651928	48.38893	49.272083	48.933956	46.933647	43.411182	40.897034	39.08384	36.04948	33.630463	34.173817	32.3631	30.012518	32.89149	35.03126	32.92994	35.090965	38.31491
I-580-B	18.952175	18.557068	18.738049	15.664529	16.070852	13.793263	15.86239	14.759554	18.310078	20.709167	24.171469	26.898205	28.878754	27.904005	26.834194	28.996143	31.396183	30.097795	26.618244	28.34566	30.593786	27.889515	26.018734	29.429981	30.531176	30.475096	29.217384	27.242666	28.927238	27.759457	26.722843	26.375433	23.206013	22.323483	19.430336	19.1017	17.674282	20.546797	22.497473	23.028755	26.535212	25.927565	23.368027	26.472485	28.293558	31.39367	32.90015	31.96775	30.024715	28.61035	24.906351	24.914042	24.03452	25.770609	28.326948	28.62798	31.51874	33.304626	33.566406	35.18391	38.984653	41.117775	42.42543	39.089664	37.948704	40.78995	40.15248	36.659225	38.08243	41.004498	41.2729	42.7083	42.199997	45.007168	46.02971	45.814785	43.72549	40.194366	37.714954	36.097885	33.00404	30.438719	30.760592	28.861298	26.378113	29.182049	31.340395	29.256151	31.35917	34.57797
I-581-B	18.58759	17.745665	17.169096	13.704951	13.355016	10.781992	12.399158	11.0734825	14.549655	16.963808	20.4477	23.10825	25.154697	24.295773	23.15641	25.39138	27.738453	26.575657	23.031507	24.629196	26.967869	24.396156	22.418314	25.81705	27.09584	27.234425	26.135195	24.143202	25.957811	25.116674	24.122395	23.396349	20.101873	18.96379	16.18616	15.547136	13.934911	16.783958	18.702652	19.348545	22.851046	22.282192	19.887844	23.149097	24.921906	28.430092	30.019506	29.05633	27.38496	26.073006	22.481922	22.699205	22.338776	24.109922	26.317503	26.534388	29.617556	31.083517	31.139538	33.029125	36.84386	39.18259	40.5915	37.36004	36.318016	39.377167	38.846676	35.49325	37.07187	40.13295	40.73582	42.061317	41.289368	43.88385	44.88455	44.39841	42.20402	38.79914	36.0739	34.322136	31.119408	28.8724	29.395391	27.405962	25.227274	28.169718	30.477661	28.70718	31.148842	34.116024
Q-582-B	21.784992	21.193424	20.436789	16.914482	16.027603	12.899687	13.639593	11.392664	14.631344	17.661873	20.864544	23.369503	25.823997	25.521063	24.312273	26.711857	28.715044	27.71161	24.022394	25.143484	27.348465	24.821522	22.418102	25.513674	26.806988	26.53968	25.808405	24.32962	26.601194	26.058077	25.59243	24.786648	21.234089	20.302486	18.053928	17.129658	14.745109	16.895264	18.530825	18.495876	21.910522	21.335629	18.462215	21.350668	23.465393	26.737724	28.614214	28.106192	26.525671	25.690098	22.212807	23.013206	22.735315	25.023628	27.308157	27.993614	31.28963	32.788055	32.439754	34.22337	38.006046	40.55033	41.684956	38.354332	37.671135	40.758873	39.92541	36.682632	38.575893	41.4737	42.022667	43.042492	42.05123	44.530724	45.21595	44.578526	42.635777	39.199356	36.548634	34.465065	31.487474	29.37417	30.34343	28.757444	26.892302	30.10565	32.09947	30.129902	32.747658	35.75005
L-583-B	21.976038	22.02412	21.745663	18.538145	18.073942	14.887407	15.994824	14.071855	17.491283	20.574438	23.574642	26.318134	28.655704	28.36403	27.483824	30.0719	32.19276	31.34383	27.644194	28.66148	30.985619	28.561255	26.053776	29.049778	30.452106	30.107643	29.500141	28.121351	30.421967	29.833519	29.326668	28.565826	25.039362	24.01693	21.635471	20.56302	18.247696	20.354742	21.637873	21.236408	24.733978	24.475908	21.483776	24.163795	26.577553	27.72604	29.386597	28.921108	26.945457	26.042305	22.46467	23.152758	22.307264	24.757662	27.451796	28.46568	31.660154	33.55045	33.22752	34.619503	38.364746	40.77666	41.653545	38.16509	37.55957	40.43379	39.336388	36.018723	37.932964	40.60711	40.832386	41.787495	40.931084	43.556953	44.13435	43.71312	41.97549	38.402	36.04213	33.989086	31.220743	28.817736	29.770578	28.481451	26.502619	29.746723	31.405132	29.055632	31.49417	34.709667
R-584-B	20.55177	21.169266	21.006649	18.138407	17.775711	14.507942	15.798437	14.39684	17.948341	20.916327	23.614202	26.684483	28.73917	28.424805	28.052372	30.93836	33.275303	32.789936	29.09814	29.9361	32.580418	30.47592	27.837976	30.749945	32.52414	32.44208	32.07188	30.646978	32.967148	32.56959	31.86862	30.804651	27.313385	25.838127	23.312561	21.775396	19.59289	21.702389	22.445944	21.802338	25.4483	25.74747	22.934732	25.641222	28.335238	26.620104	27.869045	27.210133	24.853947	23.734602	20.091383	20.575115	19.319391	21.853474	24.798313	26.090738	29.207857	31.376005	31.023941	32.08719	35.77343	38.094536	38.769302	35.192947	34.677162	37.414772	36.13715	32.815304	34.7962	37.32036	37.41791	38.282528	37.450203	40.125042	40.656094	40.35269	38.708942	35.074158	32.884186	30.889744	28.25047	25.67286	26.626503	25.581966	23.64913	26.962473	28.332266	25.795042	28.233599	31.489862
W-585-B	21.160406	22.37313	22.713203	20.27102	20.359728	17.317455	18.911537	17.852377	21.42101	24.286415	26.849674	30.050802	31.946302	31.558485	31.420628	34.375874	36.824467	36.402195	32.736153	33.582626	36.29581	34.228153	31.593395	34.483734	36.294544	36.186607	35.823948	34.398613	36.6764	36.17943	35.393547	34.4093	30.969404	29.462408	26.806158	25.27764	23.24399	25.398201	26.00129	25.232216	28.88502	29.35448	26.526169	29.117035	31.929878	28.755196	29.726608	29.04156	26.352837	25.106388	21.487167	21.704905	19.847052	22.33872	25.622198	27.130363	30.010622	32.5351	32.29822	32.95279	36.538612	38.638577	39.08104	35.404045	34.906017	37.35466	35.859188	32.477146	34.381184	36.643253	36.365074	37.21165	36.601063	39.44636	39.91816	39.905457	38.459988	34.72284	32.889618	31.044119	28.652475	25.777721	26.58297	25.828259	23.75632	26.947369	27.950878	25.04887	27.16822	30.623158
P-586-B	24.15679	25.48109	25.55353	23.080017	22.737396	19.415564	20.429379	19.039713	22.306116	25.40255	27.59225	30.714556	32.758335	32.775642	32.75279	35.883198	38.139183	37.965557	34.24223	34.691994	37.39884	35.519165	32.59988	35.19322	37.14152	36.87718	36.878265	35.789772	38.348637	38.140766	37.6252	36.46095	32.89091	31.355288	28.99075	27.169289	24.776878	26.4653	26.661955	25.355846	28.86468	29.568047	26.59979	28.819735	31.923464	27.158758	28.147219	27.824606	25.113235	24.282597	20.912552	21.61104	19.78702	22.71645	26.00125	27.98278	30.973125	33.520912	32.897972	33.35057	36.81619	39.063545	39.171432	35.43702	35.344627	37.752617	35.92672	32.74207	34.96676	36.984417	36.654808	37.115036	36.259365	38.935295	39.044186	38.898006	37.768993	34.04473	32.377975	30.240332	28.195602	25.498363	26.762934	26.520226	24.888857	28.263577	28.861685	25.841974	28.123083	31.481726
Y-587-B	24.445343	26.285807	26.675095	24.635408	24.597181	21.501673	22.75977	21.813004	25.094933	27.988054	30.00064	33.28639	35.07049	34.981815	35.281487	38.516083	40.932693	40.910946	37.234818	37.674953	40.536243	38.788223	35.88219	38.46725	40.55887	40.427048	40.4658	39.29717	41.79173	41.57115	40.891766	39.66726	36.16441	34.44484	31.933178	30.001522	27.81369	29.58822	29.578257	28.236586	31.77133	32.74306	29.911886	32.13313	35.319324	28.790546	29.357573	28.876184	25.839878	24.796003	21.534782	21.87746	19.514503	22.29956	25.816456	27.992132	30.703869	33.55691	33.030674	33.056026	36.36619	38.37544	38.23846	34.450977	34.402287	36.50341	34.469845	31.291222	33.4522	35.178726	34.520393	34.915268	34.24793	37.04681	37.10152	37.239944	36.30149	32.523075	31.229555	29.291636	27.526693	24.592754	25.699594	25.788921	24.141096	27.35558	27.534756	24.241112	26.233696	29.67462
G-588-B	22.410315	24.608109	25.064732	23.449627	23.562542	20.737612	22.183094	21.83136	25.092989	27.63911	29.452868	32.927498	34.33764	34.06806	34.752903	38.089523	40.71602	40.91444	37.339394	37.780365	40.869728	39.350155	36.51238	39.12099	41.448242	41.65	41.72199	40.359077	42.727962	42.58511	41.64471	40.212337	36.833427	34.776543	32.12258	29.977701	28.098282	29.996796	29.734695	28.510729	32.11052	33.41184	30.900497	33.30773	36.49196	28.43882	28.532887	27.64822	24.344421	22.888115	19.653233	19.501629	16.736057	19.27877	22.920595	25.149984	27.64088	30.677639	30.269293	30.029655	33.2498	35.082325	34.88098	31.08722	30.981749	32.940895	30.881266	27.673912	29.778383	31.436647	30.724892	31.160027	30.584116	33.470295	33.65463	33.9519	32.945316	29.140211	27.958387	26.260021	24.52638	21.39675	22.29023	22.496828	20.855951	23.980228	23.94655	20.572573	22.521376	25.944942
N-589-B	22.866003	24.845442	24.749388	23.012758	22.564604	19.538624	20.4289	20.012527	22.952877	25.49723	26.939348	30.37152	31.771173	31.783838	32.639645	36.122112	38.632046	39.120377	35.56506	35.67912	38.841087	37.598667	34.600353	36.979782	39.523846	39.828297	40.196262	38.98405	41.50117	41.687374	40.86058	39.129734	35.716522	33.472977	31.06259	28.57442	26.536257	28.09344	27.41806	25.914856	29.407684	31.009365	28.641214	30.921827	34.231125	24.785143	24.773693	23.943981	20.639643	19.371708	16.27834	16.51937	14.024583	17.01623	20.479057	23.02556	25.753431	28.610228	27.806274	27.609554	30.804218	32.907932	32.598324	28.80911	29.027596	31.192108	29.03022	26.023153	28.495316	30.19637	29.829739	29.960985	28.950888	31.560059	31.550404	31.493118	30.511904	26.764112	25.390154	23.35215	21.669836	18.840166	20.26054	20.717405	19.61949	23.03278	22.919212	19.785034	22.248917	25.35969
R-590-B	19.459305	21.265732	20.99991	19.274343	18.822554	15.917162	17.014158	17.00089	20.053999	22.34415	23.918198	27.469448	28.683846	28.43647	29.343287	32.789013	35.454544	35.92187	32.434116	32.717556	35.977768	34.76301	31.929436	34.461132	37.04964	37.61322	37.835556	36.382004	38.721813	38.8807	37.84694	36.03875	32.741383	30.331501	27.79588	25.277983	23.50958	25.301563	24.705727	23.572355	27.191929	28.78591	26.66702	29.275368	32.38968	23.828867	23.787674	22.529032	19.276768	17.552649	14.097989	13.932777	11.535557	14.337994	17.774595	19.971336	22.811562	25.557474	24.944197	25.06504	28.457392	30.599699	30.670343	26.932056	26.829664	29.243406	27.451944	24.282286	26.617367	28.716991	28.684252	29.133245	28.140652	30.786566	31.147804	31.003717	29.58319	25.85894	24.06417	22.179626	19.968622	17.075466	18.230463	18.110994	16.778208	20.29191	20.676056	17.822136	20.528776	23.594982
Q-591-B	19.55062	21.165478	20.348446	18.749678	17.787523	14.964372	15.517275	15.830126	18.425138	20.418556	21.506721	25.08072	26.057005	25.958464	27.210337	30.795858	33.441563	34.26507	30.893896	30.89699	34.301304	33.455833	30.575306	32.898964	35.75565	36.583782	37.049934	35.63197	37.99293	38.46457	37.413525	35.27149	32.06322	29.36141	27.02838	24.146029	22.457514	23.96915	22.885414	21.642986	25.143394	27.137495	25.388472	27.972351	31.09959	20.950848	20.573267	19.037392	15.699798	13.793315	10.363224	10.253785	8.090599	11.292248	14.498965	16.968185	19.9979	22.563578	21.619425	21.778353	25.157818	27.520023	27.567871	23.871609	23.99092	26.617218	24.842207	21.865145	24.480537	26.678404	27.05481	27.306154	25.946995	28.326666	28.653938	28.19689	26.650017	23.024584	20.943518	18.861187	16.528446	13.919212	15.490672	15.5102625	14.793724	18.514475	18.862505	16.42716	19.603495	22.238886
E-592-B	16.571922	17.79811	16.759474	15.000682	14.005702	11.249349	12.135818	12.886536	15.705167	17.458704	18.905165	22.583658	23.461037	23.011116	24.14645	27.629843	30.435732	31.095366	27.761927	28.052069	31.491667	30.546902	27.88463	30.438168	33.223713	34.239098	34.460037	32.781895	34.936516	35.29349	34.050713	31.92598	28.826641	26.047733	23.551214	20.74415	19.346512	21.198822	20.399008	19.687103	23.331549	25.118172	23.558615	26.494026	29.335989	21.312958	21.148895	19.303627	16.297953	14.048525	10.274275	9.693297	8.14084	10.70307	13.655427	15.397064	18.587452	20.91091	20.289728	21.00222	24.623379	27.001934	27.57352	24.018103	23.674112	26.558966	25.297966	22.162506	24.471453	27.10195	27.768108	28.42526	27.20013	29.61698	30.33389	29.83463	27.86779	24.35314	21.874443	20.045296	17.153725	14.622776	15.698263	14.802587	13.63734	17.343573	18.45317	16.43454	19.652424	22.251253
I-593-B	16.253674	16.728312	15.355088	12.883702	11.490989	8.202	9.028682	9.405917	12.580457	14.593624	16.570763	20.16852	21.37947	20.887318	21.529331	24.884012	27.618649	27.99364	24.55233	25.025606	28.345165	27.155842	24.54399	27.27202	29.881386	30.829374	30.880327	29.14103	31.285164	31.567476	30.389076	28.352215	25.177448	22.537395	20.040937	17.35864	15.810037	17.837431	17.446991	17.034847	20.800785	22.191397	20.53296	23.67055	26.321892	21.077583	21.489239	19.832827	17.368692	15.449321	11.663491	11.589164	11.044492	13.310566	15.71714	16.86864	20.23873	22.096922	21.541271	22.854527	26.593159	29.113596	30.029562	26.637571	26.119362	29.215992	28.271313	25.153336	27.309595	30.174236	31.02508	31.840916	30.611107	32.946957	33.745453	33.081036	30.97081	27.582138	24.850481	22.953268	19.855087	17.67166	18.68594	17.29861	15.96522	19.528543	21.179298	19.46947	22.619055	25.184889
H-594-B	15.82403	16.054241	15.125403	12.239107	11.402371	8.070149	9.67393	9.484136	13.182302	15.459306	18.096668	21.50129	22.998196	22.301285	22.378233	25.427378	28.13156	27.993229	24.458422	25.35097	28.42203	26.750093	24.301317	27.317877	29.533323	30.220087	29.89314	28.038279	30.087465	29.977581	28.79732	27.172934	23.923683	21.683512	18.946604	16.841341	15.256559	17.710646	18.104816	18.030378	21.844397	22.61131	20.613022	23.85755	26.317179	23.779987	24.593494	23.186827	20.907473	19.168928	15.408289	15.336928	14.61661	16.63629	19.131123	19.927769	23.131483	24.988327	24.757738	26.188608	29.964167	32.340084	33.40572	30.026167	29.263002	32.27616	31.445368	28.168358	30.060324	32.96702	33.616405	34.664337	33.69399	36.211845	37.10284	36.606617	34.493767	31.046146	28.405165	26.62808	23.522396	21.16732	21.886793	20.269346	18.433798	21.761816	23.63698	21.759943	24.569149	27.409208
P-595-B	12.244725	12.576909	12.204094	9.663412	9.976087	7.673354	10.584533	11.444017	15.130816	16.730888	19.57518	23.040943	24.102438	22.804743	22.979876	25.795115	28.809666	28.474995	25.137306	26.496668	29.60006	27.838646	25.813124	29.070072	31.158724	32.071247	31.379105	29.139917	30.769392	30.316792	28.70408	27.272324	24.321615	22.024883	18.848738	17.13207	16.349264	19.335966	20.061966	20.577719	24.364092	25.004732	23.295897	26.748043	28.901182	26.952402	27.506437	25.730513	23.347797	21.13012	17.358881	16.472889	15.40301	16.632551	19.16692	19.3926	22.212355	24.195902	24.555544	25.96637	29.748478	31.779802	33.110794	29.815084	28.584465	31.458572	30.935587	27.471483	28.915699	31.955996	32.525562	33.97386	33.372276	36.103214	37.354996	37.14607	34.811085	31.371351	28.778555	27.473402	24.201805	21.571781	21.61511	19.529577	17.11285	20.046667	22.260223	20.48218	22.935371	25.857254
H-596-B	13.229298	12.515192	11.877583	8.641403	8.859111	6.778166	9.755719	10.263757	13.915357	15.455341	18.769474	21.924969	23.197577	21.770193	21.367048	23.831661	26.745604	25.991392	22.656355	24.362158	27.220974	25.140368	23.36858	26.825167	28.590359	29.439617	28.428003	26.033096	27.499714	26.818727	25.179728	23.983505	21.056044	19.04148	15.761026	14.561557	13.920651	17.211002	18.59049	19.592236	23.268778	23.373661	21.679773	25.256058	27.034819	27.948872	28.884882	27.249245	25.28679	23.294638	19.632507	19.02482	18.499336	19.628942	21.758236	21.589037	24.438402	25.997595	26.421488	28.251144	32.058773	34.1681	35.760864	32.621933	31.278442	34.288868	34.01478	30.60499	31.93795	35.132515	35.86553	37.41392	36.789005	39.43774	40.753036	40.41081	37.961994	34.62719	31.850784	30.498703	27.103865	24.729725	24.783333	22.44305	20.059109	22.799189	25.337152	23.847004	26.24856	29.052423
G-597-B	16.336086	15.425361	14.036684	10.457727	9.216929	6.017145	7.579086	6.972884	10.722141	12.852456	16.151382	19.186064	20.895853	19.985445	19.365108	22.014513	24.629997	24.02872	20.485956	21.799135	24.634575	22.62113	20.478521	23.781265	25.66715	26.390865	25.687311	23.589409	25.44789	25.159525	23.93209	22.45573	19.21866	17.189188	14.36521	12.7048645	11.238316	14.156302	15.397235	16.112068	19.805305	19.901783	18.04465	21.567955	23.48673	24.846857	26.096222	24.75548	23.09992	21.551235	18.015556	18.098837	18.13537	19.760317	21.646774	21.784782	24.993784	26.27536	26.187555	28.205763	32.01586	34.469555	35.944485	32.81096	31.827599	35.039543	34.617714	31.403746	33.09978	36.268265	37.19882	38.433327	37.4476	39.850697	40.905872	40.236965	37.895626	34.62702	31.700832	29.962555	26.632782	24.628695	25.22199	23.136778	21.276115	24.331564	26.722334	25.308306	28.074667	30.722927
L-598-B	19.721163	18.434908	16.889942	13.132794	11.515833	8.536276	8.857402	6.7891254	10.001955	12.595698	16.054144	18.555506	20.80509	20.26033	18.984743	21.360155	23.536436	22.622147	18.961637	20.237394	22.687885	20.346966	18.11282	21.421381	22.98097	23.345026	22.570118	20.6753	22.757624	22.478884	21.67553	20.377022	16.894148	15.399379	13.023332	11.764131	9.5946665	12.219736	14.029001	14.752923	18.227993	17.715376	15.525142	18.963898	20.703362	24.832031	26.588821	25.675896	24.453367	23.406044	20.085176	20.717886	21.121769	22.978983	24.662262	24.842848	28.167688	29.174383	28.86673	31.090933	34.872643	37.50023	38.981014	35.9044	35.069046	38.380043	37.94035	34.82839	36.636864	39.806423	40.80641	41.930588	40.801655	43.08272	43.992085	43.137295	40.870865	37.65943	34.65889	32.69193	29.43024	27.677673	28.534908	26.54237	24.872475	27.96348	30.35546	28.975492	31.805655	34.42509
N-599-B	19.215183	17.366545	15.206902	11.428998	9.161364	6.804523	6.524062	5.100958	7.670343	9.487991	13.190268	15.57543	17.59828	16.785	15.369114	17.645445	19.971037	19.08257	15.486066	16.968151	19.585688	17.404968	15.435211	18.899054	20.610424	21.500456	20.65324	18.417284	20.254116	20.175667	19.085072	17.391415	14.06091	12.055809	9.568449	7.999061	6.248159	9.444647	11.4873	13.037037	16.369732	15.851172	14.395997	18.123194	19.425474	24.436935	26.083767	24.89003	24.003002	22.828766	19.753357	20.223446	21.142817	22.588106	23.739805	23.470669	26.7403	27.306398	27.05881	29.631975	33.365143	36.02409	37.779102	34.939922	33.97925	37.424236	37.304188	34.323624	36.026886	39.370934	40.688244	41.89263	40.68773	42.808193	43.881565	42.880657	40.391396	37.38275	34.158104	32.315224	28.888914	27.444162	28.182098	25.901253	24.403292	27.307014	29.97633	29.063635	31.977074	34.283447
H-600-B	17.642668	15.480044	13.814025	10.10404	8.998171	7.7919264	9.036753	8.702687	11.203738	12.318289	16.122211	18.403997	20.057903	18.654413	17.126478	18.894072	21.421883	20.032791	16.720991	18.888449	21.267815	18.760592	17.44608	21.13881	22.409939	23.304873	21.871918	19.223982	20.485989	19.725376	18.16229	17.0468	14.071428	12.450189	9.260232	8.992645	8.596478	12.193359	14.7022295	16.647125	19.814848	18.994013	17.657953	21.3551	22.300468	28.178518	29.699528	28.326447	27.259886	25.770649	22.54785	22.52257	23.06445	24.130875	25.424698	24.783445	27.756105	28.426336	28.666836	31.214624	34.965572	37.346363	39.298046	36.49096	35.173088	38.489937	38.57359	35.42135	36.77709	40.19766	41.382385	42.896496	42.00215	44.32923	45.64461	44.89199	42.276707	39.217583	36.0644	34.521915	30.991507	29.266445	29.561188	26.98742	25.036669	27.62518	30.522982	29.605568	32.19475	34.619198
G-601-B	21.0443	19.000885	17.552626	13.865337	12.717595	11.091028	11.637028	10.107024	12.288549	14.013615	17.764484	19.602463	21.79239	20.8516	18.83257	20.35508	22.355646	20.640501	17.240522	19.286566	21.164913	18.24079	16.811245	20.441408	21.253996	21.56959	19.99642	17.64516	19.18572	18.264944	17.28661	16.62474	13.347127	12.664653	10.177585	10.521596	9.241928	12.231957	15.17411	16.839188	19.777233	18.377989	16.549482	19.988491	20.820665	28.813251	30.749062	29.81249	28.928417	27.850536	24.66976	25.09556	25.660736	27.099718	28.507265	28.131943	31.237503	31.913973	31.937698	34.47644	38.23252	40.74109	42.566425	39.686348	38.545864	41.883595	41.798714	38.656796	40.160072	43.504295	44.597305	45.989265	45.01598	47.327858	48.45919	47.629013	45.16674	42.052155	38.936893	37.161953	33.74732	32.06052	32.61322	30.24502	28.360693	31.097073	33.855537	32.731556	35.349743	37.90799
W-602-B	22.968643	20.607672	18.562077	14.9172735	13.010561	11.645278	11.119658	9.393503	10.404326	11.748262	15.378588	16.681376	19.030735	18.310112	15.870674	17.166946	18.864838	17.09956	13.651859	15.646559	17.390896	14.453512	13.060273	16.734856	17.547865	18.090014	16.573616	14.147864	15.829721	15.363247	14.59314	13.456186	9.956601	9.212461	7.3733306	7.763913	6.256044	8.956909	12.291058	14.390586	16.933668	15.228894	13.838769	17.335636	17.745844	27.462624	29.54704	28.684027	28.26756	27.428879	24.58628	25.26519	26.374586	27.768274	28.719294	28.220364	31.396708	31.640038	31.44493	34.264397	37.9318	40.609566	42.53347	39.839733	38.81435	42.30533	42.347446	39.409527	41.01246	44.42999	45.809074	47.088203	45.892193	47.96436	49.053913	47.96314	45.43874	42.51341	39.214703	37.33673	33.90855	32.620235	33.35062	30.962704	29.432833	32.167515	34.99819	34.18765	37.005142	39.297073
R-603-B	21.374514	18.570072	16.471735	13.130236	11.612834	11.413917	11.482073	10.989365	11.854108	12.083915	15.751984	17.031036	18.741116	17.315277	14.883044	15.723565	17.820047	15.776734	12.723582	15.447311	17.249416	14.394591	13.856511	17.677525	18.406946	19.50641	17.595913	14.552815	15.370611	14.513208	12.847736	11.749348	8.899603	7.7664633	4.8203807	6.446439	7.031371	10.2897415	13.621255	16.36911	18.773315	17.20582	16.51993	20.103315	20.131964	29.621471	31.407816	30.158524	29.71339	28.502598	25.686409	25.87984	26.992945	27.880737	28.61417	27.616837	30.514208	30.572449	30.75849	33.719643	37.33854	39.81168	42.019302	39.504642	38.16474	41.619442	41.991344	39.03795	40.3362	43.885456	45.36801	46.893112	45.86579	47.973583	49.335987	48.34589	45.601204	42.77439	39.41299	37.84637	34.266052	32.962044	33.31137	30.58981	28.902098	31.291355	34.392834	33.87567	36.522335	38.665733
W-604-B	21.72495	18.99337	17.588642	14.359772	13.738429	13.535477	14.332421	13.695278	15.132133	15.738439	19.463346	20.801332	22.5497	21.044537	18.629427	19.247858	21.236532	18.860548	16.043352	18.903694	20.33455	17.161785	16.84488	20.625736	20.868725	21.511126	19.19506	16.195158	16.730099	15.076484	13.400261	13.377354	10.86459	10.797905	8.110155	10.235375	10.607099	13.710972	17.13624	19.62401	22.081213	20.280144	19.179487	22.591333	22.604982	32.634106	34.491856	33.323868	32.65579	31.376772	28.337132	28.410488	29.124983	30.042107	31.110943	30.139729	32.93201	33.259018	33.668514	36.4715	40.145134	42.465885	44.658905	42.03487	40.55523	43.884727	44.216328	41.08986	42.241966	45.757736	47.00063	48.67483	47.865147	50.17746	51.592735	50.804935	48.096382	45.12873	41.8988	40.40783	36.831635	35.229225	35.414227	32.662006	30.632801	32.93973	36.04744	35.291615	37.69943	40.0789
L-605-B	25.407436	22.718113	21.146605	17.819408	16.731081	16.127817	16.191833	14.818957	15.674381	16.539799	20.069195	20.854351	23.03378	22.016893	19.144434	19.477976	20.827059	18.195953	15.404246	18.048729	18.889818	15.384886	15.107763	18.716034	18.444946	18.623735	16.118933	13.366301	14.149219	12.463891	11.607011	11.936564	9.147463	10.225828	8.804064	11.16451	10.852139	13.1144085	16.811386	19.169025	21.191963	18.83918	17.612696	20.684185	20.33731	32.665764	34.872612	34.06525	33.715775	32.834625	29.95945	30.45849	31.40699	32.60099	33.585197	32.795837	35.753094	35.929775	36.054077	38.95386	42.604214	45.113174	47.23136	44.613483	43.339687	46.763325	46.996075	43.961025	45.301136	48.79044	50.09208	51.60397	50.617046	52.81127	54.053947	53.08484	50.473328	47.53655	44.25348	42.52829	39.0339	37.62264	38.09654	35.50157	33.6815	36.151093	39.171986	38.37694	40.932568	43.30763
A-606-B	25.721947	22.726648	20.685917	17.564276	16.09201	16.024319	15.64396	14.701376	14.779928	14.85537	18.14416	18.514023	20.432806	19.285097	16.179152	16.073748	17.342731	14.548959	11.98918	14.9519615	15.717779	12.303504	12.601244	16.264452	16.03991	16.8551	14.282698	11.029244	11.388029	10.0258255	8.68417	8.364022	5.6548023	6.7195926	5.819176	8.840044	9.385371	11.419801	15.159458	18.044966	19.698969	17.335356	16.877367	20.013659	19.231815	32.06233	34.167953	33.20526	33.15112	32.256065	29.651274	30.102514	31.425035	32.372105	32.932117	31.87341	34.74853	34.536396	34.641586	37.770123	41.306305	43.844112	46.131336	43.7388	42.43896	45.945587	46.39966	43.53163	44.830776	48.410145	49.976055	51.48478	50.390728	52.4047	53.72649	52.60607	49.86196	47.122326	43.691483	42.03504	38.486805	37.368603	37.817535	35.10046	33.508465	35.841618	38.990143	38.55242	41.201134	43.29502
Q-607-B	24.059896	20.83739	19.110323	16.385612	15.641205	16.32036	16.697233	16.493528	16.98317	16.638676	20.01318	20.65378	22.03314	20.269627	17.448349	17.09588	18.812962	15.9004965	13.831959	17.2319	18.129559	14.954021	15.732895	19.393766	19.181767	20.26529	17.496986	14.0087	13.519475	11.504266	9.060295	9.381988	7.9919214	8.579626	6.6414876	10.124271	11.693499	14.299785	17.85757	20.936523	22.772339	20.683632	20.387661	23.65096	22.906055	34.71203	36.5522	35.276463	34.99531	33.728073	30.996727	30.992775	32.08723	32.663727	33.24648	31.8499	34.44011	34.26591	34.788074	37.891525	41.411232	43.68842	46.16353	43.84493	42.234055	45.624336	46.299248	43.33668	44.32406	47.967583	49.48275	51.249565	50.403915	52.552288	54.116142	53.198444	50.307667	47.568684	44.177578	42.817364	39.163715	37.863037	37.92997	34.96603	33.09871	35.11798	38.44366	38.1146	40.507572	42.584892
I-608-B	26.388393	23.27948	21.997238	19.290545	18.895418	19.327612	19.874994	19.288473	19.984556	20.038767	23.451996	23.98341	25.588835	23.98896	21.038876	20.522116	21.88842	18.717064	16.831406	20.129154	20.53281	17.06571	17.962862	21.464828	20.681372	21.20081	18.064188	14.820931	14.124246	11.328529	9.375333	11.035635	9.968081	11.639383	10.2771845	13.6978655	14.738248	17.093336	20.804918	23.654688	25.400719	22.96877	22.334328	25.33395	24.444666	37.477142	39.50958	38.429035	38.106236	36.940422	34.095985	34.178875	35.08587	35.8035	36.603382	35.308296	37.904064	37.876785	38.439663	41.467964	45.029045	47.27456	49.708458	47.303604	45.6719	49.010406	49.613346	46.553288	47.50945	51.11883	52.475742	54.29253	53.540295	55.7988	57.33533	56.496117	53.66717	50.829094	47.508064	46.104042	42.476315	41.028275	41.094887	38.169823	36.135685	38.16839	41.461742	40.936333	43.21083	45.46476
L-609-B	29.465137	26.34649	24.708382	21.844212	20.879612	21.035572	20.912148	19.892883	19.974272	20.041994	23.171453	23.144352	25.02126	23.853302	20.53322	19.705769	20.428633	17.067894	15.358916	18.420958	18.223372	14.581596	15.736202	18.948082	17.673128	17.956257	14.613752	11.493074	10.732538	7.82443	6.757264	8.8207035	7.834275	10.584099	10.51305	13.924508	14.588267	16.15319	19.928589	22.739357	23.986187	21.160702	20.695175	23.342478	22.006742	36.896614	39.171288	38.353794	38.383442	37.555695	34.93477	35.37175	36.590706	37.49688	38.11	36.9326	39.681755	39.43014	39.698452	42.862583	46.37371	48.816578	51.20672	48.86004	47.43394	50.89246	51.444695	48.52024	49.6698	53.278313	54.776466	56.418343	55.447803	57.535557	58.9228	57.86199	55.090508	52.336994	48.923378	47.316864	43.752434	42.563377	42.90217	40.09871	38.335213	40.52023	43.757175	43.2898	45.7669	47.93625
N-610-B	29.366163	25.992773	24.09816	21.578762	20.548445	21.28479	21.05535	20.568338	20.236122	19.589	22.45016	22.158262	23.573341	22.114468	18.772669	17.396538	18.118608	14.573289	13.502482	16.90578	16.619444	13.306629	15.200354	18.31355	17.118685	18.117332	14.781803	11.226293	9.50665	6.670524	3.9135387	6.117194	6.6247873	9.178063	9.494761	13.18618	14.711869	16.199945	19.793272	22.998917	24.003937	21.347055	21.547499	24.27119	22.662542	37.29895	39.378716	38.330215	38.52017	37.563866	35.138355	35.391556	36.828403	37.418835	37.689133	36.198322	38.763165	38.194843	38.575993	41.897804	45.27902	47.64674	50.227455	48.11025	46.57354	50.04562	50.852116	48.055397	49.068954	52.755325	54.456764	56.167896	55.186447	57.155045	58.681206	57.560505	54.64027	52.065308	48.55659	47.109962	43.488148	42.490562	42.69001	39.731853	38.08878	40.051426	43.42313	43.28721	45.754353	47.671425
M-611-B	29.669619	26.245777	24.806364	22.582874	22.171185	23.199017	23.508738	23.254545	23.331062	22.699924	25.707447	25.63967	26.84944	25.078375	21.933027	20.483728	21.412325	17.84008	17.031218	20.556633	20.281979	17.06231	19.02424	22.122875	20.810692	21.66572	18.178867	14.768099	12.731829	9.397565	6.681966	9.525479	10.430346	12.6719265	12.322584	16.102089	17.840712	19.703394	23.312216	26.513554	27.699623	25.09679	25.141348	27.902002	26.361437	40.711975	42.708324	41.5395	41.528297	40.36332	37.775608	37.77112	38.951344	39.373554	39.783108	38.131237	40.503723	40.05618	40.7439	43.991867	47.383892	49.54752	52.228027	50.111607	48.350594	51.705692	52.62211	49.70904	50.48855	54.19319	55.76973	57.685844	56.9305	59.053246	60.733746	59.80186	56.81476	54.183796	50.744785	49.479042	45.799152	44.591965	44.53236	41.435104	39.521866	41.27502	44.738003	44.572	46.795757	48.788433
E-612-B	32.61774	29.264423	28.097195	25.894165	25.664272	26.557693	26.943369	26.46346	26.627773	26.21729	29.237734	29.06373	30.413088	28.762087	25.531712	23.9687	24.610088	20.92846	20.292297	23.67458	23.010942	19.698298	21.74101	24.62015	22.855217	23.26737	19.571312	16.540434	14.330337	10.610699	8.850864	12.34051	13.383433	16.077578	15.939976	19.691526	21.145803	22.845472	26.528358	29.586504	30.659481	27.820873	27.68705	30.198977	28.4987	43.830345	45.97139	44.945004	44.940067	43.85619	41.209507	41.269993	42.35189	42.857822	43.387062	41.78205	44.151867	43.772102	44.489594	47.708782	51.12047	53.26176	55.93451	53.77877	51.995186	55.31978	56.210423	53.238964	53.985294	57.675568	59.15818	61.118587	60.42729	62.61735	64.28841	63.399475	60.442554	57.755993	54.351093	53.05684	49.387344	48.0991	48.03719	44.95297	42.93574	44.682884	48.13723	47.860516	49.998928	52.096596
P-613-B	32.63712	29.524908	28.667528	26.253933	26.196726	26.700495	27.287743	26.492695	27.059372	27.157425	30.408155	30.504137	32.1571	30.648575	27.455534	26.309645	27.056494	23.470863	22.337585	25.572842	25.059484	21.506882	23.038073	26.03096	24.276564	24.201279	20.551294	17.822289	16.25683	12.556435	11.466005	14.78827	14.975393	17.702671	17.211853	20.801933	21.745789	23.587412	27.368462	30.131847	31.448488	28.54885	27.90024	30.367544	28.943148	44.150448	46.40658	45.527943	45.33122	44.294758	41.455704	41.597443	42.43071	43.156403	44.004936	42.63359	45.118385	45.040016	45.722424	48.787052	52.31399	54.477425	57.000263	54.642433	52.908993	56.192875	56.87967	53.77386	54.588623	58.20695	59.476967	61.417767	60.789745	63.11875	64.7014	63.91374	61.075172	58.22183	54.92258	53.537727	49.910267	48.4109	48.40662	45.432606	43.259186	45.149452	48.494606	47.92159	50.007057	52.339275
L-614-B	33.017128	30.040901	29.64933	27.441488	27.861446	28.443615	29.449995	28.77937	29.72206	29.931595	33.326046	33.681118	35.258724	33.570595	30.544392	29.515638	30.48803	26.940842	25.761185	29.07246	28.719143	25.172983	26.592285	29.676216	27.996553	27.84471	24.220203	21.547186	20.02982	16.320873	15.087392	18.353678	18.487467	20.962124	20.03727	23.56693	24.546816	26.676308	30.452305	33.149395	34.692444	31.88874	31.039883	33.57726	32.3434	46.9453	49.132267	48.180138	47.756268	46.560116	43.55591	43.511288	44.061882	44.713844	45.763786	44.359814	46.71874	46.84108	47.734917	50.66816	54.224995	56.22741	58.759007	56.340714	54.46058	57.618767	58.314014	55.08844	55.73896	59.32208	60.40925	62.495613	62.074932	64.56516	66.23695	65.64262	62.8006	59.858562	56.667786	55.407867	51.767136	50.043587	49.852596	46.832584	44.42159	46.181007	49.524605	48.831776	50.68767	53.141018
S-615-B	36.216015	33.38058	33.107635	30.803148	31.199213	31.531992	32.472603	31.516138	32.48421	32.942467	36.331936	36.598663	38.38106	36.885044	33.755512	32.726482	33.47059	29.878908	28.692759	31.836084	31.236544	27.610905	28.957294	31.857784	29.897934	29.3296	25.693008	23.426497	22.028488	18.331837	17.723188	21.15682	21.219793	23.975327	23.274178	26.736038	27.394648	29.316444	33.117054	35.61863	37.063053	34.080692	33.026127	35.29914	34.006348	49.32054	51.67118	50.91325	50.509205	49.457718	46.420544	46.52429	47.01143	47.83142	49.005566	47.740826	50.176746	50.38015	51.198788	54.095894	57.689148	59.73939	62.197987	59.701077	57.884636	61.040485	61.630116	58.364212	59.074722	62.615967	63.606113	65.65689	65.23784	67.76926	69.359276	68.77062	66.00964	63.00032	59.849194	58.490284	54.89441	53.12118	53.021786	50.08886	47.647465	49.49339	52.76673	51.92168	53.761448	56.330105
D-616-B	35.28058	32.731735	32.685204	30.229967	30.734943	30.724514	31.828348	30.674501	31.9943	32.844894	36.374058	36.926876	38.90088	37.50691	34.49223	33.867023	34.785595	31.347868	29.737642	32.75372	32.42266	28.694702	29.568783	32.59052	30.841568	30.041979	26.596163	24.481417	23.63073	20.108707	19.642315	22.7736	22.216873	24.772032	23.753262	26.948269	27.221298	29.27472	33.040524	35.262493	36.96225	34.072353	32.61592	34.90142	33.969326	48.511284	50.88928	50.224903	49.621212	48.590252	45.412807	45.56535	45.820652	46.821507	48.26462	47.2301	49.752926	50.22873	50.995903	53.722454	57.393284	59.4577	61.751675	59.08314	57.338764	60.44085	60.828075	57.4706	58.258057	61.70492	62.50389	64.503914	64.12963	66.76432	68.25883	67.76427	65.129135	61.98924	58.957996	57.531788	54.00533	52.059624	52.017075	49.221653	46.68437	48.657425	51.787575	50.68373	52.481552	55.233765
V-617-B	31.505547	29.012312	29.066868	26.648268	27.329191	27.374363	28.723602	27.77323	29.343527	30.186937	33.820187	34.668434	36.52743	34.97626	32.1698	31.800636	33.067688	29.785982	27.944939	31.047464	31.13096	27.444687	28.109768	31.383522	30.041328	29.529427	26.206451	23.79005	23.123543	19.711962	18.764303	21.518267	20.663652	22.767582	21.276482	24.33707	24.702766	27.09168	30.802702	33.054745	35.035763	32.40217	30.90966	33.49039	32.84298	46.110817	48.31888	47.488102	46.71345	45.51275	42.2595	42.250397	42.390095	43.305973	44.81003	43.75824	46.230495	46.813656	47.66288	50.306232	53.98725	55.982822	58.26102	55.567802	53.773014	56.826466	57.21161	53.822758	54.563732	57.997097	58.76035	60.795868	60.479767	63.15747	64.70157	64.28529	61.63234	58.474087	55.484642	54.145535	50.606316	48.575184	48.436195	45.618176	43.01395	44.950478	48.07346	46.958893	48.712955	51.472843
T-618-B	30.780928	28.105608	27.681034	25.022238	25.236547	25.196213	26.154797	25.059282	26.308487	27.083086	30.627153	31.266455	33.2163	31.82658	28.867603	28.43796	29.535938	26.244665	24.377443	27.40779	27.396399	23.687927	24.376066	27.608343	26.236124	25.76955	22.4431	19.989939	19.407446	16.084854	15.292394	17.962507	16.99317	19.269566	18.074074	21.196606	21.490509	23.668695	27.42389	29.742115	31.551113	28.820665	27.467155	30.02031	29.224709	43.095566	45.379982	44.613487	44.053207	42.999813	39.888077	40.062107	40.48886	41.480217	42.78798	41.759106	44.36692	44.753807	45.402596	48.186214	51.851242	54.009804	56.29042	53.651688	51.99257	55.182163	55.567097	52.28813	53.19254	56.676796	57.634483	59.53279	59.006386	61.52742	62.99155	62.379387	59.717464	56.64098	53.529636	52.064075	48.520638	46.70598	46.750698	43.959663	41.581562	43.65624	46.802288	45.81504	47.813263	50.45222
A-619-B	33.589367	31.064697	30.532581	27.62793	27.534811	27.056278	27.688272	26.106949	27.23042	28.354826	31.807219	32.26353	34.54841	33.538788	30.423632	30.056055	30.804972	27.532255	25.566242	28.26745	27.970814	24.174103	24.647104	27.61591	25.965666	24.956324	21.71258	19.816153	19.60545	16.465324	16.544283	19.248814	18.031916	20.665411	19.923971	22.852262	22.598452	24.340363	28.073833	30.077698	31.694933	28.735853	27.11577	29.291298	28.443346	43.25341	45.781006	45.326393	44.884686	44.122917	41.05843	41.550774	42.030373	43.316082	44.699287	43.92267	46.714664	47.13384	47.539833	50.30976	54.005196	56.323624	58.462006	55.73383	54.272804	57.521202	57.722782	54.464706	55.569393	58.995644	59.916786	61.65386	60.996956	63.4751	64.753	64.0403	61.516045	58.39462	55.296715	53.61548	50.165432	48.4059	48.702164	46.092503	43.82713	46.114784	49.132164	47.988876	50.11197	52.83748
T-620-B	32.511402	30.30614	30.163074	27.283176	27.517881	26.841011	27.840935	26.256538	27.868046	29.291098	32.89018	33.7362	36.045776	34.97754	32.10162	32.10038	33.150635	30.054214	27.797081	30.460781	30.524645	26.744867	26.837797	29.956074	28.622593	27.5757	24.558796	22.692556	22.798475	19.80404	19.65814	22.073446	20.497244	22.702122	21.45626	24.09099	23.643509	25.680328	29.307049	31.076433	33.041973	30.314966	28.350843	30.633692	30.22511	43.65004	46.09744	45.62628	44.88875	44.02205	40.7758	41.169746	41.315147	42.6718	44.349792	43.723064	46.491535	47.21582	47.70054	50.25732	54.00701	56.235672	58.25168	55.378853	53.89532	57.024853	57.084965	53.71111	54.782494	58.109726	58.79953	60.568214	60.05332	62.682884	63.94256	63.407864	60.97358	57.72281	54.781437	53.13847	49.742268	47.74052	47.9675	45.444607	42.999588	45.30186	48.196167	46.81105	48.7826	51.687794
L-621-B	28.772146	26.587608	26.430914	23.5269	23.835073	23.186039	24.375591	22.989689	24.820383	26.210976	29.899471	31.017382	33.200695	31.991594	29.319641	29.566895	30.939848	28.02604	25.56064	28.287264	28.764717	25.072578	24.969221	28.3245	27.4237	26.736115	23.868668	21.68343	21.950031	19.14321	18.535345	20.489305	18.620228	20.319279	18.626635	21.0793	20.713837	23.08589	26.64839	28.479626	30.71282	28.260283	26.32183	28.93459	28.78842	40.938274	43.209133	42.553917	41.683517	40.652287	37.352245	37.601166	37.694664	38.965553	40.65523	40.000023	42.739826	43.52219	44.057438	46.566406	50.320457	52.507374	54.52221	51.64586	50.127872	53.23919	53.31449	49.932747	50.98222	54.31613	55.024128	56.810455	56.312176	58.951027	60.260254	59.762733	57.291565	54.04475	51.109295	49.53977	46.11642	44.07477	44.230476	41.674828	39.20808	41.497257	44.400867	43.047333	45.030323	47.90763
L-622-B	29.604717	27.256039	26.572073	23.410906	23.117146	22.279964	22.895395	21.185196	22.56994	23.98025	27.53234	28.332966	30.715864	29.795439	26.898092	27.065819	28.126686	25.20626	22.70865	25.246826	25.510145	21.769543	21.621597	24.846832	23.810688	22.99123	20.149393	18.120033	18.629593	16.049828	15.908672	17.72181	15.642688	17.643854	16.470087	18.92067	18.28569	20.250732	23.880066	25.703701	27.667068	24.999517	23.12806	25.59529	25.241667	38.532078	40.972755	40.48022	39.90073	39.119396	36.002163	36.541992	36.982132	38.394093	39.865303	39.27777	42.18754	42.741932	43.01221	45.6789	49.409668	51.798218	53.7966	50.9769	49.640938	52.903694	52.95703	49.708195	50.95778	54.331245	55.241257	56.85595	56.112885	58.568695	59.757725	59.025776	56.571415	53.41398	50.34834	48.59733	45.192474	43.413754	43.8212	41.332447	39.144714	41.60045	44.502625	43.272297	45.52277	48.270912
F-623-B	32.036644	29.974646	29.380688	26.083834	25.67747	24.380909	24.838469	22.68962	24.142479	25.997993	29.460855	30.245136	32.91752	32.32867	29.430792	29.787996	30.643877	27.844597	25.205757	27.385725	27.527485	23.787056	23.281404	26.249567	25.10682	23.75273	21.167534	19.744844	20.691343	18.372274	18.833797	20.589746	18.287203	20.379597	19.445177	21.546167	20.348667	21.957575	25.428213	26.78941	28.69339	25.94798	23.65958	25.743404	25.568857	39.007362	41.63919	41.4534	40.859863	40.32489	37.198544	38.000416	38.338047	40.05182	41.71171	41.42781	44.472557	45.18189	45.264874	47.810028	51.570507	54.054527	55.860924	52.909542	51.75339	55.00306	54.826176	51.56252	52.97615	56.238426	57.011417	58.482952	57.681614	60.15297	61.153484	60.406124	58.131268	54.888298	51.918617	49.987865	46.71605	44.894634	45.507732	43.24371	41.098618	43.736065	46.44904	44.97754	47.264294	50.154423
D-624-B	30.130829	28.414278	28.1855	24.943918	24.875834	23.401722	24.28231	22.234055	24.232573	26.322905	29.90822	31.137712	33.74068	33.036396	30.453827	31.182272	32.400917	29.814222	26.937815	29.111517	29.68509	26.041237	25.218122	28.35387	27.625208	26.420864	24.071327	22.538616	23.642294	21.415606	21.489035	22.96243	20.429565	21.97732	20.481594	22.236908	20.946438	22.92609	26.210922	27.364574	29.669657	27.283388	24.74312	27.020676	27.338827	38.841038	41.31164	41.0393	40.109833	39.412563	36.102165	36.75109	36.735554	38.486378	40.432037	40.28438	43.28036	44.293705	44.472073	46.788296	50.586628	52.96041	54.64825	51.56819	50.38046	53.500576	53.195824	49.82705	51.197617	54.359043	54.914997	56.41945	55.76181	58.37768	59.37734	58.81624	56.617973	53.258915	50.449696	48.588074	45.368767	43.302452	43.822514	41.642017	39.32604	41.96513	44.54947	42.855904	44.995728	48.043114
F-625-B	27.169416	25.348778	24.839197	21.474726	21.1911	19.686844	20.495863	18.519876	20.542627	22.571188	26.19411	27.540707	30.068766	29.318518	26.836979	27.730669	29.12169	26.705204	23.68007	25.849012	26.716978	23.179504	22.205538	25.507227	25.13297	24.287785	22.076654	20.282156	21.537947	19.585445	19.389282	20.376833	17.584381	18.718197	17.019	18.562473	17.259659	19.425423	22.685389	23.95768	26.411009	24.205898	21.78504	24.376896	24.81668	35.648922	38.007904	37.580547	36.6696	35.888577	32.604412	33.21222	33.340214	35.0264	36.84392	36.641865	39.670033	40.596436	40.733612	43.110233	46.899708	49.31246	51.0376	48.00758	46.833	50.01495	49.767002	46.452908	47.862278	51.07807	51.7788	53.25486	52.50935	55.046673	56.08006	55.442627	53.17322	49.874466	46.979973	45.132977	41.86001	39.888626	40.422844	38.191547	35.977257	38.65003	41.287094	39.733047	42.0063	44.937237
L-626-B	29.470007	27.62364	26.689915	23.119467	22.225653	20.373524	20.48173	17.95934	19.49658	21.766096	25.157362	26.16405	29.02197	28.729744	26.056168	26.961027	27.94079	25.619331	22.524023	24.282696	24.89514	21.367653	20.12123	23.132307	22.622686	21.388575	19.425535	18.139217	19.881939	18.370876	18.853504	19.621342	16.575806	17.969116	16.941196	18.244522	16.37524	17.862886	21.058294	22.045332	24.185694	21.73457	19.126759	21.369015	21.7389	33.77643	36.405125	36.298283	35.684895	35.28495	32.206596	33.233276	33.666676	35.612526	37.2794	37.27505	40.499016	41.261703	41.063187	43.527657	47.28599	49.920494	51.543125	48.5273	47.608315	50.91274	50.551525	47.376156	49.033268	52.225014	53.057045	54.307064	53.308254	55.666023	56.500328	55.63104	53.46308	50.228336	47.261086	45.16515	41.986538	40.27017	41.136982	39.082108	37.173645	40.051037	42.591457	41.069805	43.58963	46.435486
E-627-B	31.264484	29.770712	29.136728	25.59034	24.874874	22.730625	22.975897	20.282932	22.083784	24.688313	28.010927	29.158175	32.131737	31.986464	29.449154	30.537647	31.498468	29.283693	26.122915	27.681648	28.2974	24.828579	23.359192	26.176126	25.665298	24.09389	22.360914	21.457527	23.344503	21.855396	22.516327	23.380539	20.327894	21.687178	20.607603	21.681494	19.567196	20.933502	23.87071	24.410362	26.609915	24.276611	21.311337	23.218662	23.900229	35.11492	37.80972	37.92033	37.138557	36.858894	33.708054	34.842678	34.99955	37.168064	39.112423	39.378036	42.635723	43.64979	43.39219	45.647484	49.426247	52.050762	53.481697	50.321335	49.50493	52.714367	52.1324	48.898476	50.627556	53.676777	54.28281	55.454197	54.504627	56.94955	57.643845	56.869152	54.883144	51.534576	48.738865	46.558277	43.52464	41.65237	42.606552	40.76214	38.78842	41.757526	44.09291	42.285	44.718662	47.745464
V-628-B	28.139015	26.937143	26.506409	23.008219	22.512657	20.209364	20.834269	18.335592	20.6732	23.401714	26.8218	28.432604	31.23898	30.927721	28.751373	30.19995	31.565336	29.60073	26.247158	27.834597	28.948048	25.641733	23.939615	26.972885	26.967005	25.783916	24.233315	23.028296	24.955729	23.560999	23.73726	24.242722	21.020123	21.745348	20.113373	20.790169	18.681557	20.481083	23.192314	23.634912	26.273539	24.405203	21.37666	23.647617	24.787811	33.70051	36.143845	36.05194	34.945408	34.434914	31.118015	32.05491	31.93571	34.08743	36.23199	36.581463	39.786205	41.031803	40.862865	42.93198	46.73059	49.25336	50.60672	47.365208	46.509197	49.620792	48.96669	45.66317	47.35416	50.33993	50.82161	52.023285	51.174572	53.71843	54.44895	53.81906	51.852642	48.43098	45.741035	43.65458	40.635468	38.574413	39.42781	37.62774	35.542763	38.512756	40.75588	38.821114	41.176395	44.282207
C-629-B	26.44782	25.092081	24.206503	20.546436	19.577377	17.115541	17.353588	14.682135	16.878077	19.648497	23.023684	24.63187	27.467216	27.264086	25.127312	26.72658	28.110718	26.3582	22.884157	24.311104	25.624367	22.475657	20.553862	23.628119	23.93754	23.023136	21.703577	20.42045	22.575048	21.585325	21.710522	21.703854	18.256021	18.615547	17.051628	17.363895	15.017033	16.750174	19.38447	19.854837	22.556831	20.804642	17.85069	20.36692	21.603376	30.308784	32.74083	32.57847	31.619873	31.147411	27.92914	28.97442	29.160002	31.314577	33.235706	33.56262	36.863857	37.926975	37.609272	39.803444	43.58234	46.22143	47.61081	44.44542	43.670902	46.900505	46.30281	43.10827	44.90584	47.960876	48.66422	49.780216	48.755116	51.149178	51.870953	51.071163	49.036335	45.71121	42.879448	40.729576	37.66089	35.80808	36.781773	34.958324	33.09344	36.14796	38.442917	36.707214	39.285393	42.21429
G-630-B	29.439314	27.842625	26.589338	22.848736	21.417212	18.983255	18.530779	15.482405	16.892391	19.64834	22.780773	23.845724	26.963037	27.128637	24.648344	26.00336	26.891312	25.055908	21.674559	22.831774	23.699638	20.4827	18.524233	21.297224	21.265766	19.942518	18.711031	17.885124	20.322283	19.599209	20.338787	20.35418	16.876104	17.736183	16.942156	17.383102	14.748814	15.722465	18.459957	18.848402	21.043911	18.826948	15.807569	17.91876	18.826403	29.846449	32.59108	32.726414	32.191227	32.086563	29.141727	30.538307	31.118303	33.375465	35.02362	35.365524	38.7787	39.558834	39.005817	41.38513	45.109715	47.92662	49.328926	46.259106	45.641712	48.99866	48.41891	45.37056	47.30774	50.3956	51.278576	52.258778	51.02777	53.236523	53.841785	52.809036	50.80066	47.589893	44.63934	42.311813	39.286297	37.736546	38.9415	37.17119	35.569546	38.693924	41.00936	39.425404	42.1783	44.968506
N-631-B	30.554878	29.331446	28.051558	24.282454	22.643127	19.72317	18.992819	15.595998	17.039799	20.252537	23.068487	24.255846	27.547709	28.1015	25.895802	27.632555	28.453615	27.027552	23.503912	24.139874	25.176817	22.280281	19.803951	22.21996	22.531199	21.016178	20.427822	20.091427	22.924086	22.64042	23.562914	23.22816	19.599081	20.103039	19.40904	19.20596	16.088745	16.61746	18.727638	18.347713	20.58065	18.71905	15.256372	16.962387	18.510166	27.845112	30.696127	31.151796	30.566381	30.762138	27.902739	29.631067	30.145882	32.746147	34.529808	35.279522	38.815693	39.74974	38.91664	41.09086	44.778385	47.702866	48.82833	45.651276	45.314613	48.636597	47.775345	44.801994	46.97296	49.890472	50.681095	51.415775	50.046143	52.186104	52.54094	51.445118	49.666603	46.42094	43.596863	41.060345	38.25359	36.745964	38.24432	36.818844	35.41672	38.743732	40.764366	38.985718	41.843136	44.67566
A-632-B	27.36438	26.292261	24.92059	21.164238	19.41966	16.27854	15.576794	12.208173	14.071208	17.434986	20.301083	21.927813	25.049135	25.48982	23.644352	25.751205	26.94455	25.837809	22.152828	22.757616	24.334423	21.695446	19.002502	21.631777	22.537926	21.597563	21.188848	20.472778	23.288658	23.183552	23.63855	22.840834	19.092379	18.872849	17.769176	17.011103	13.812825	14.688311	16.489244	16.049553	18.783642	17.485207	14.11189	16.392185	18.366598	25.28355	27.879005	28.061287	27.257877	27.238825	24.266298	25.882986	26.359026	28.938074	30.74911	31.539532	35.079903	36.093296	35.26555	37.36667	41.06506	43.961758	45.065807	41.869984	41.5246	44.83478	43.96917	40.99454	43.176666	46.093433	46.91641	47.649326	46.27526	48.42049	48.82805	47.763924	45.935425	42.681538	39.84824	37.368343	34.518627	32.96865	34.438175	33.017216	31.651848	35.011948	36.99817	35.25082	38.163933	40.945606
L-633-B	27.13522	25.581713	23.839293	20.035261	17.98474	15.234252	14.141303	10.787549	11.998677	15.007334	17.987057	19.24729	22.39974	22.77963	20.583977	22.406439	23.456493	22.17458	18.540117	19.285349	20.71877	17.957272	15.421735	18.23094	19.024088	18.295238	17.69012	16.758528	19.54374	19.558155	20.036613	19.104984	15.3398905	15.230272	14.44585	13.904342	10.716332	11.481399	13.797786	13.987597	16.502056	14.76628	11.736283	14.395439	15.818443	25.106916	27.749008	27.760283	27.317324	27.246576	24.435884	25.981117	26.883825	29.177029	30.591022	31.017027	34.53528	35.177223	34.393604	36.81718	40.49299	43.434105	44.791973	41.787605	41.323555	44.76875	44.183777	41.288567	43.379322	46.474926	47.567005	48.39804	46.96413	48.99296	49.552357	48.349968	46.31154	43.210598	40.15479	37.752262	34.728813	33.418484	34.796013	33.10259	31.821936	35.0546	37.31308	35.921547	38.912647	41.484364
M-634-B	30.805311	29.249855	27.355347	23.558987	21.253204	18.459408	16.846245	13.245507	13.631202	16.67763	19.146381	19.840406	23.312357	24.226187	21.845713	23.519531	23.995749	22.799746	19.299417	19.50405	20.461388	17.810108	15.042436	17.23336	17.762394	16.409319	16.263777	16.151848	19.354122	19.780243	20.940289	20.009832	16.30617	16.637897	16.654045	16.104774	12.682374	12.327387	14.32373	13.967375	15.800739	13.675997	10.278023	12.097132	13.490098	24.66813	27.676826	28.16847	28.108765	28.535406	26.047144	28.019958	29.16193	31.666792	32.936516	33.552124	37.166233	37.658207	36.58103	39.035713	42.622982	45.72902	46.9637	44.00021	43.78287	47.281887	46.583206	43.839775	46.117016	49.14111	50.297485	50.922688	49.292034	51.1498	51.495174	50.09335	48.203526	45.186657	42.126522	39.49886	36.646496	35.593395	37.263737	35.781563	34.764767	38.097878	40.227768	38.84327	41.957455	44.46249
K-635-B	30.440617	29.263878	27.332924	23.58673	21.11032	17.889761	16.046125	12.2579565	12.77965	16.257273	18.364435	19.404005	22.891853	24.093315	22.20258	24.383211	25.01045	24.352573	20.728804	20.474943	21.871435	19.708408	16.494104	18.406897	19.573662	18.440928	18.903181	18.934782	22.276539	23.011114	24.00345	22.674616	18.907227	18.599852	18.422878	17.129034	13.422959	12.871848	13.939741	12.688694	14.827348	13.523592	9.805311	11.469074	13.855943	21.61164	24.618542	25.294365	25.110056	25.745655	23.32986	25.578968	26.68285	29.464178	30.82885	31.823233	35.52511	36.17515	34.84865	37.078415	40.618347	43.799908	44.77762	41.72738	41.760464	45.214294	44.27486	41.61812	44.098186	46.96481	48.065857	48.47126	46.712147	48.494278	48.643074	47.189983	45.480022	42.44652	39.493652	36.706482	34.04241	33.04132	34.96406	33.79957	33.003933	36.499786	38.347576	36.83785	40.056976	42.544434
Q-636-B	27.373062	26.104397	23.950005	20.249199	17.555397	14.363297	12.290695	8.492234	9.048579	12.59271	14.870481	16.268473	19.580559	20.574852	18.888346	21.310942	22.302353	21.851002	18.12053	17.970863	19.881527	17.913591	14.660037	16.942808	18.625587	18.23957	18.623346	18.088068	21.241716	22.06829	22.572376	20.84323	17.065578	16.095097	15.634148	13.874726	10.135773	9.892658	10.837098	9.912912	12.68493	11.838553	8.565712	11.294824	13.680995	19.985865	22.686693	22.879864	22.615143	22.909468	20.405918	22.441717	23.718863	26.28265	27.477144	28.277363	31.958893	32.508354	31.260607	33.60046	37.16419	40.315872	41.4391	38.46133	38.369728	41.87526	41.105217	38.454254	40.853424	43.827347	45.076866	45.581615	43.837475	45.605946	45.931576	44.482246	42.58078	39.59884	36.516647	33.868683	31.027542	30.066122	31.853691	30.50501	29.741056	33.172066	35.15441	33.858795	37.128654	39.475796
Y-637-B	28.67287	26.939556	24.51102	20.829647	17.94235	15.321547	12.925071	9.407113	8.753787	11.624659	13.866832	14.500709	17.979246	19.041754	16.790138	18.747492	19.341024	18.64476	15.009228	14.855746	16.391956	14.258582	11.051224	13.404513	14.858226	14.529442	14.832157	14.317364	17.56475	18.649103	19.402607	17.569466	13.841687	13.187821	13.449996	12.0446615	8.330486	7.289841	8.9747	8.885945	10.966484	9.164811	6.190192	9.283405	10.8129425	21.13971	23.956617	24.103418	24.322721	24.659286	22.424814	24.384317	26.036228	28.299889	29.096336	29.520166	33.136497	33.281982	32.07643	34.74124	38.243385	41.43078	42.796383	40.032482	39.836086	43.449955	42.94877	40.39105	42.68479	45.805565	47.28048	47.87371	46.08747	47.73679	48.179424	46.596615	44.53183	41.71814	38.457302	35.88448	32.929607	32.21883	33.90816	32.319145	31.620453	34.887253	37.115227	36.13292	39.421886	41.592136
Q-638-B	32.40928	30.721617	28.299688	24.621264	21.706602	19.043987	16.512081	12.94152	11.910997	14.652669	16.301815	16.315737	20.017244	21.574686	19.191519	20.89787	20.866158	20.210304	16.842283	16.15768	17.039637	15.0397835	11.730012	13.193668	14.236762	13.080098	13.959854	14.423668	18.026693	19.42158	20.846695	19.187265	15.627979	15.582459	16.474907	15.317125	11.71708	9.867935	11.053543	10.23718	11.26116	8.954088	5.425742	7.0203776	8.604642	21.35264	24.552948	25.249811	25.814056	26.650633	24.715548	27.044382	28.79497	31.2714	32.020096	32.65121	36.322372	36.39575	34.94994	37.580063	40.987144	44.295273	45.51401	42.770172	42.801388	46.425926	45.787872	43.350506	45.801388	48.827736	50.30301	50.71169	48.776146	50.29391	50.519966	48.783863	46.89565	44.142357	40.92868	38.152485	35.39848	34.872173	36.81266	35.445644	34.92561	38.2758	40.359478	39.314034	42.66815	44.831596
V-639-B	34.31712	32.290184	29.689604	26.098358	23.112192	20.927702	18.270956	15.056167	13.374118	15.340939	16.747751	15.957875	19.632444	21.259918	18.434156	19.526274	18.916872	18.01968	15.019521	14.214641	14.359794	12.287551	9.253935	10.297654	10.747553	9.297263	10.324868	11.260942	15.005788	16.79451	18.654009	16.987196	13.756902	14.254678	15.958199	15.270611	12.146676	9.717392	11.2436285	11.160669	11.142903	7.856809	5.569133	6.49499	6.209163	23.200598	26.424318	27.08772	28.038294	28.90539	27.201342	29.45154	31.464533	33.704952	34.140545	34.47828	38.06521	37.8015	36.390812	39.26239	42.584873	45.907814	47.316116	44.76814	44.72408	48.4213	48.002995	45.657722	48.02012	51.153187	52.81169	53.28432	51.311752	52.720093	53.033863	51.183933	49.17343	46.5735	43.229103	40.521286	37.699867	37.38007	39.241047	37.700512	37.24115	40.44734	42.71057	41.914635	45.277374	47.292496
Q-640-B	31.622868	29.34543	26.687191	23.168808	20.25292	18.488964	16.007555	13.205492	11.506071	12.95332	14.837655	14.164663	17.594141	18.682856	15.613616	16.508835	16.2433	14.982061	11.799144	11.6959305	12.126781	9.54854	6.7620797	9.081363	9.635585	9.246804	9.242331	8.901201	12.394945	13.99723	15.377804	13.52151	10.1291685	10.489739	12.207645	11.793674	9.024075	6.9612675	9.500895	10.658563	11.140078	7.848913	6.586472	8.964702	8.275933	24.198534	27.091173	27.225843	28.009766	28.409641	26.524126	28.359228	30.367521	32.2682	32.609222	32.570858	36.033493	35.672634	34.557198	37.583973	40.95837	44.14713	45.80784	43.337097	43.006874	46.71564	46.550606	44.119797	46.257305	49.534626	51.262188	51.96707	50.14919	51.652027	52.23041	50.497837	48.255646	45.662178	42.222	39.761265	36.713528	36.291664	37.842396	35.988018	35.351467	38.373585	40.877182	40.257572	43.526268	45.488003
F-641-B	31.01521	28.824709	26.557854	22.894793	20.410452	18.46854	16.606255	13.597769	12.944827	14.889411	17.368914	17.280218	20.609444	21.304516	18.298872	19.215168	19.321684	17.641909	14.414838	14.990294	15.407937	12.359706	10.180655	12.723604	12.703064	11.714882	10.890406	10.307642	13.470736	14.115395	15.45761	14.4106045	10.838851	11.768473	12.685137	12.859205	10.071534	9.318281	12.25141	13.236828	14.365046	11.3528385	9.24787	11.483675	11.271631	26.29544	29.204624	29.349134	29.733131	29.966455	27.703459	29.401764	30.994448	32.997746	33.739914	33.762722	37.22698	37.194767	36.29298	39.17408	42.687893	45.766186	47.39639	44.739315	44.27958	47.90827	47.652027	45.003643	47.06108	50.3237	51.811523	52.636356	51.00577	52.741962	53.35549	51.833427	49.630466	46.83424	43.509098	41.089027	38.000782	37.216927	38.64238	36.7499	35.773922	38.827713	41.34155	40.443317	43.564045	45.79219
W-642-B	34.7784	32.561768	30.317345	26.669027	24.193754	22.262333	20.298254	17.203289	16.284132	18.152023	20.251514	19.65558	23.097952	24.105865	20.931368	21.48618	20.98927	19.201365	16.397686	16.626312	16.241995	13.247864	11.367787	13.028659	12.150087	10.086467	9.392192	10.001386	13.357982	14.19675	16.372452	15.73214	12.624011	14.291064	15.78579	16.237741	13.610575	12.292932	14.889061	15.527559	15.906082	12.485407	10.4669895	11.493998	10.597881	27.992214	31.156128	31.660534	32.31005	32.8636	30.788294	32.714993	34.387478	36.513206	37.209595	37.31947	40.814842	40.693867	39.65824	42.563465	46.01792	49.176125	50.751606	48.125618	47.787178	51.43863	51.127583	48.547806	50.687103	53.914772	55.41427	56.1452	54.42553	56.08078	56.56899	54.938374	52.83129	50.0791	46.76304	44.215443	41.234837	40.57339	42.144363	40.3554	39.468987	42.562355	45.025013	44.09683	47.250885	49.485153
K-643-B	35.039474	32.516308	30.051205	26.579613	24.016113	22.598406	20.510168	17.872696	16.41931	17.522003	19.43104	18.321707	21.526796	22.41355	18.95609	18.94566	18.10235	16.05051	13.648571	14.021847	13.102264	9.944611	8.791088	10.425744	8.948393	7.2616496	5.8256373	6.239753	9.716831	11.047715	13.458791	12.615921	9.919951	11.991885	14.207884	15.018447	13.044122	11.472805	14.255804	15.603906	15.499377	11.814136	10.970873	12.137049	10.219849	28.887608	31.913582	32.189037	33.08162	33.51816	31.616571	33.376545	35.302914	37.12925	37.493294	37.2757	40.647144	40.200462	39.250835	42.3749	45.740677	48.867855	50.657303	48.241146	47.78403	51.490223	51.437454	48.951313	50.965805	54.307724	56.01285	56.836372	55.103832	56.65909	57.295532	55.587296	53.307648	50.713783	47.260303	44.846436	41.762016	41.28588	42.722843	40.734173	39.921642	42.833733	45.47926	44.85499	48.01337	50.047634
M-644-B	32.43815	29.823257	27.597223	24.138536	21.952492	20.759216	19.226048	16.844013	16.027067	17.078903	19.602032	19.030933	21.977411	22.243576	18.789303	18.757648	18.54933	16.067528	13.490209	14.817349	14.366226	10.744033	10.106416	12.714247	11.494831	10.586693	8.256933	6.8986144	9.432097	9.529373	11.2991295	10.990141	7.998756	10.402447	11.930509	13.394429	11.825892	11.403862	14.811421	16.637281	17.272926	13.894969	12.8618965	14.819468	13.436861	30.386305	33.202477	33.143124	33.66114	33.693382	31.45868	32.855877	34.506577	36.159435	36.71233	36.299145	39.56767	39.286003	38.670807	41.77108	45.247597	48.200336	50.11932	47.63566	46.912567	50.555496	50.60442	47.93324	49.741398	53.15178	54.741074	55.789692	54.2852	56.04819	56.880054	55.393333	52.994648	50.281086	46.855133	44.63917	41.398705	40.62948	41.777588	39.5771	38.443848	41.233852	44.02325	43.345142	46.33047	48.48314
L-645-B	34.647167	32.191895	30.250471	26.700771	24.739376	23.270609	21.943733	19.250784	18.816006	20.324509	22.889565	22.423937	25.530804	25.923506	22.53153	22.570406	22.260792	19.763071	17.284845	18.443752	17.770325	14.229489	13.492122	15.640467	14.047763	12.213215	9.993228	9.649663	11.975045	11.575259	13.762997	14.209178	11.544037	14.1360445	15.345448	16.856462	15.017598	14.650191	17.887941	19.206924	19.844662	16.399387	14.767975	16.158773	14.930048	32.287445	35.29614	35.512444	35.94061	36.127094	33.787144	35.32245	36.76284	38.635662	39.444744	39.230194	42.56354	42.484226	41.84053	44.816673	48.349106	51.31597	53.11364	50.49435	49.83087	53.433502	53.319736	50.562904	52.428303	55.769855	57.187737	58.202393	56.7334	58.585896	59.309887	57.877922	55.6096	52.778965	49.453285	47.13273	43.97158	43.05831	44.286522	42.204254	40.957302	43.846554	46.53971	45.615765	48.549732	50.89179
I-646-B	37.970882	35.382515	33.27134	29.803162	27.678953	26.362005	24.74727	22.09957	21.146948	22.35146	24.508928	23.474527	26.568922	27.210234	23.64159	23.247725	22.323492	19.772049	17.83118	18.663141	17.23367	13.906758	13.649641	15.015116	12.638627	10.227794	7.846614	8.586454	10.820643	10.92997	13.950116	14.510275	12.534693	15.522837	17.454605	19.035679	17.389935	16.406816	19.39938	20.703823	20.652664	16.940863	15.823986	16.525948	14.534275	33.681393	36.812767	37.20235	37.972942	38.380493	36.29743	37.98043	39.660275	41.514854	42.09678	41.831707	45.158363	44.835556	44.070393	47.16989	50.602806	53.6473	55.483273	52.99529	52.41292	56.07542	56.02662	53.3982	55.308655	58.67146	60.228405	61.174946	59.58585	61.291725	61.96477	60.374146	58.106552	55.403458	52.005634	49.620995	46.50612	45.822197	47.149033	45.083466	44.007145	46.873363	49.589806	48.807762	51.817574	54.037052
L-647-B	36.564194	33.721134	31.604506	28.331675	26.389774	25.582312	24.198215	22.030956	21.068823	21.728434	24.032753	22.970377	25.69657	25.886343	22.194551	21.359428	20.561861	17.584045	15.985142	17.457008	15.931457	12.358817	13.018831	14.822759	12.300675	10.861133	7.4753165	6.699482	7.8542624	7.2360578	10.266417	11.281082	9.872153	13.333604	15.33821	17.505114	16.60224	16.056816	19.359646	21.309002	21.36834	17.729946	17.171888	18.431028	16.241203	35.014797	37.920773	37.95177	38.672417	38.76731	36.630836	37.989414	39.691296	41.225243	41.66769	41.058834	44.21461	43.74891	43.242687	46.469234	49.883957	52.790794	54.852478	52.489613	51.66959	55.321354	55.523125	52.868786	54.561935	58.036987	59.678432	60.81978	59.35516	61.101017	61.997128	60.48092	58.020508	55.3727	51.89929	49.73366	46.465157	45.754128	46.816246	44.49725	43.3051	45.95216	48.869766	48.28882	51.19351	53.317932
I-648-B	35.628017	32.822624	31.081665	27.826853	26.33681	25.583035	24.734337	22.647467	22.305696	23.15567	25.877764	25.276598	27.917328	27.744204	24.155878	23.44381	23.126652	19.97368	18.220016	20.16114	19.024023	15.295909	15.903595	18.160019	15.917189	14.582769	11.254971	9.993782	10.489972	8.537184	10.731736	12.601341	11.185902	14.6331	15.820967	18.371264	17.619303	17.821777	21.377619	23.365482	23.933916	20.451536	19.471848	21.03773	19.291945	37.073315	39.911427	39.823265	40.216324	40.082905	37.656857	38.803085	40.182384	41.680984	42.39517	41.743904	44.836926	44.613495	44.350887	47.476227	50.99559	53.764084	55.85439	53.37244	52.37832	55.945503	56.140865	53.30533	54.85809	58.338867	59.793407	61.09409	59.834347	61.78678	62.781506	61.473248	58.99078	56.195206	52.805176	50.74784	47.409767	46.402744	47.275326	44.863853	43.370495	45.954758	48.92015	48.175346	50.899536	53.204388
K-649-B	39.05652	36.363335	34.662697	31.323814	29.759521	28.747658	27.74328	25.34828	24.92553	26.036627	28.577654	27.790728	30.642408	30.792105	27.172087	26.472916	25.804285	22.772322	21.125746	22.643097	21.157387	17.608307	18.02874	19.727255	17.123783	15.031443	12.030828	11.917467	12.695972	11.22641	13.980614	15.85073	14.549267	18.00185	19.41278	21.730574	20.617165	20.40483	23.748383	25.343826	25.622826	21.982136	20.794176	21.747763	19.87297	38.552887	41.603355	41.826054	42.341316	42.47486	40.12289	41.511257	42.90007	44.60702	45.38567	44.92169	48.11139	47.91914	47.495373	50.58441	54.099846	56.963688	58.941402	56.4074	55.55774	59.14361	59.205936	56.392178	58.070305	61.4943	62.90268	64.091385	62.750828	64.66961	65.5164	64.13702	61.777527	58.96002	55.60411	53.39109	50.15448	49.190186	50.237965	47.972332	46.543873	49.247383	52.111454	51.244473	54.019787	56.39415
E-650-B	40.875713	37.983265	36.05302	32.848953	31.119709	30.38514	29.140587	26.938654	26.04555	26.71846	28.947912	27.706467	30.386444	30.595116	26.843044	25.679901	24.57015	21.44801	20.37842	21.793036	19.75246	16.445086	17.490602	18.724161	15.630383	13.670916	10.426775	10.581864	10.72633	9.587055	12.902318	14.81143	14.272765	17.948385	19.948158	22.365652	21.593554	21.018333	24.233604	26.046991	25.852217	22.107433	21.534552	22.266754	19.820324	39.459522	42.493565	42.691326	43.488552	43.68397	41.55433	42.95386	44.601753	46.165478	46.65456	46.021725	49.146004	48.662926	48.203873	51.451183	54.85702	57.74589	59.839252	57.4864	56.63603	60.278393	60.499294	57.815712	59.46795	62.95356	64.55226	65.73487	64.30794	66.08354	66.970764	65.458244	63.01642	60.354397	56.892414	54.707005	51.45248	50.713554	51.763657	49.42554	48.151554	50.761967	53.71353	53.082867	55.92003	58.110786
D-651-B	39.011642	35.92685	34.023064	31.0363	29.50912	29.221985	28.215956	26.452415	25.608273	25.848934	28.202244	27.02903	29.3542	29.133883	25.369434	23.891056	23.006882	19.585793	18.81434	20.777464	18.828531	15.435891	17.1075	18.74471	15.786349	14.705796	11.00376	9.915063	8.860852	6.6663985	9.644288	12.143706	12.282037	16.104187	17.990866	20.833733	20.698885	20.544836	23.944822	26.23809	26.219898	22.615864	22.400017	23.640362	21.17825	40.17043	42.98246	42.84559	43.55462	43.452404	41.264774	42.35862	43.995777	45.26733	45.648594	44.720745	47.671608	47.088985	46.87727	50.203785	53.58604	56.328773	58.611153	56.36675	55.299282	58.90959	59.348667	56.642307	58.08849	61.658848	63.31785	64.676865	63.37644	65.19485	66.28631	64.86124	62.25269	59.637333	56.127934	54.15411	50.773136	49.993362	50.794167	48.242947	46.862495	49.2621	52.37441	51.919224	54.64459	56.744873
Y-652-B	36.541264	33.50512	31.906002	28.945395	27.793982	27.568884	27.024366	25.386963	25.07195	25.459023	28.211685	27.530577	29.792093	29.224066	25.592543	24.370646	24.075724	20.577534	19.428135	21.825668	20.458519	16.822067	18.238045	20.49214	18.012384	17.140581	13.453124	11.696263	10.743261	7.6836367	9.401916	12.346448	12.117207	15.783903	16.889639	19.990444	19.98207	20.503693	24.143625	26.519556	27.043278	23.61272	23.038883	24.728193	22.734528	40.54612	43.24341	42.930695	43.308025	42.951206	40.498356	41.366566	42.719345	43.929592	44.542637	43.57372	46.463493	46.115685	46.12652	49.346195	52.82585	55.43556	57.73624	55.380733	54.152927	57.679855	58.112892	55.24804	56.564793	60.13505	61.631313	63.132595	62.019997	64.02314	65.21702	63.99208	61.353718	58.608444	55.177025	53.322296	49.87238	48.82546	49.44039	46.804993	45.16775	47.504166	50.65109	50.06841	52.634754	54.874184
F-653-B	39.08175	36.192596	34.81219	31.770191	30.74158	30.270998	29.811707	27.91145	27.79423	28.52533	31.323841	30.696217	33.150135	32.73181	29.110893	28.021687	27.638086	24.206562	22.970201	25.160305	23.693405	20.070583	21.20472	23.248407	20.595663	19.141462	15.653882	14.601669	14.019461	11.265424	13.188706	16.125977	15.7052	19.328596	20.30394	23.279324	22.930796	23.383549	26.987026	29.055597	29.577236	26.048014	25.1109	26.485865	24.573679	42.745815	45.596672	45.49032	45.81492	45.58096	43.048702	44.03552	45.244423	46.631073	47.43787	46.62888	49.586105	49.39366	49.365643	52.5007	56.03399	58.668217	60.87487	58.40653	57.228916	60.732643	61.03493	58.09865	59.465687	62.984787	64.34395	65.820335	64.73524	66.81227	67.92131	66.73619	64.19664	61.3545	57.99311	56.04808	52.651814	51.49719	52.18209	49.63804	47.9164	50.338844	53.409885	52.63082	55.157116	57.55053
P-654-B	41.58578	38.519787	37.074837	34.217438	33.206947	33.035736	32.519947	30.820349	30.445482	30.827953	33.447548	32.52419	34.77144	34.28119	30.57926	29.049171	28.38933	24.821283	24.153242	26.38699	24.517303	21.118439	22.805204	24.545158	21.563679	20.285715	16.68579	15.701678	14.348654	11.5329075	13.518079	16.776709	17.185278	20.949081	22.240273	25.398926	25.415308	25.721884	29.268528	31.532188	31.7587	28.169582	27.638248	28.873447	26.586912	45.40852	48.236984	48.08069	48.57201	48.32897	45.915077	46.84406	48.189503	49.421436	50.038662	49.039948	51.89365	51.492077	51.530396	54.78625	58.240955	60.837757	63.179276	60.85634	59.604877	63.126106	63.594936	60.72238	61.99734	65.578835	67.05419	68.5932	67.5078	69.52144	70.71194	69.47478	66.8438	64.10361	60.669796	58.794704	55.357338	54.317787	54.930897	52.2799	50.597916	52.88706	56.063625	55.46254	57.96723	60.241898
R-655-B	38.828365	35.653107	34.3017	31.648487	30.88576	31.06518	30.83396	29.514914	29.298595	29.406425	32.174953	31.4573	33.41666	32.538666	28.935116	27.319986	27.031315	23.337791	22.737907	25.400377	23.843258	20.404312	22.32459	24.471075	21.806267	21.131014	17.354143	15.552343	13.69941	10.263439	11.239545	14.846626	15.574749	19.177225	20.10442	23.527138	24.021025	24.774946	28.430578	31.008398	31.500137	28.103312	27.72853	29.418907	27.270582	45.160778	47.775105	47.32286	47.661674	47.135952	44.636204	45.27846	46.546844	47.535786	48.118435	46.902218	49.597027	49.186424	49.456753	52.7205	56.16474	58.610947	61.08053	58.81879	57.378323	60.84092	61.464947	58.554295	59.645042	63.273895	64.75701	66.44927	65.49976	67.57657	68.93878	67.816216	65.06297	62.339397	58.902615	57.222137	53.692337	52.569763	52.953056	50.141716	48.3398	50.445835	53.730198	53.241493	55.622265	57.841225
I-656-B	38.512737	35.51264	34.519417	31.83301	31.387627	31.414883	31.52438	30.118198	30.356384	30.793371	33.82162	33.458538	35.52791	34.567833	31.077377	29.783955	29.806051	26.166477	25.189775	27.919443	26.679403	23.079412	24.602108	26.990425	24.517773	23.604626	19.923563	18.177088	16.790419	13.3185005	13.972708	17.506996	17.705004	21.119024	21.494402	24.888487	25.188295	26.278627	30.02359	32.434032	33.263668	29.926123	29.116354	30.899694	29.099304	46.37553	49.002163	48.568436	48.651997	48.04425	45.330208	45.90668	46.888447	47.958813	48.826336	47.714344	50.41697	50.281746	50.65262	53.769196	57.308376	59.686363	62.082466	59.6663	58.170937	61.554287	62.06846	59.01282	60.061558	63.639732	64.91401	66.67013	65.86066	68.10436	69.46697	68.505554	65.81115	62.93929	59.61289	57.94864	54.4238	53.05735	53.37306	50.589474	48.5756	50.702934	53.934708	53.22201	55.46841	57.88013
E-657-B	42.30089	39.321583	38.34302	35.63909	35.139957	35.07801	35.067936	33.502106	33.619915	34.125763	37.03801	36.473328	38.634556	37.84127	34.26321	32.836063	32.557095	28.908314	28.127926	30.658924	29.083004	25.57801	27.170624	29.220549	26.427834	25.18175	21.579016	20.34556	18.935173	15.715331	16.872961	20.428463	20.801039	24.374567	25.030394	28.371668	28.528774	29.345116	33.029068	35.30862	35.903763	32.417305	31.597515	33.040104	31.050423	49.14212	51.904358	51.639492	51.838787	51.381668	48.721737	49.428196	50.449116	51.608513	52.475025	51.41537	54.155376	53.982506	54.284588	57.4266	60.955906	63.381588	65.76072	63.345417	61.90199	65.3064	65.79216	62.750362	63.84089	67.41112	68.67998	70.40255	69.5574	71.78056	73.08623	72.07584	69.421234	66.55028	63.21735	61.4772	57.985733	56.660675	57.055607	54.315956	52.331913	54.496277	57.70807	56.95941	59.221397	61.65949
A-658-B	42.868317	39.71999	38.763016	36.32936	35.98546	36.316875	36.416504	35.187637	35.212357	35.34532	38.201164	37.55166	39.40855	38.361217	34.81339	33.06076	32.800377	29.047007	28.684822	31.432003	29.775978	26.437817	28.463068	30.511997	27.697279	26.862032	23.134953	21.581774	19.550297	16.16538	16.81721	20.574745	21.58453	25.088455	25.74745	29.29024	29.91598	30.852848	34.538273	37.099117	37.637066	34.216644	33.735817	35.324493	33.165897	51.197628	53.825783	53.362556	53.594463	52.975174	50.355637	50.861862	51.935005	52.84485	53.554306	52.23854	54.802204	54.475124	54.95962	58.182556	61.63926	63.941837	66.48927	64.220924	62.61568	65.989136	66.68744	63.675808	64.58698	68.22289	69.57837	71.43572	70.67278	72.883766	74.34878	73.3691	70.579666	67.79675	64.415054	62.840485	59.272476	57.985176	58.195812	55.29388	53.27477	55.228294	58.569954	58.018135	60.185043	62.49744
I-659-B	40.06356	36.956753	36.258976	33.976204	33.971752	34.464043	34.930176	33.93677	34.295174	34.41131	37.477154	37.170475	38.88683	37.547413	34.165573	32.579945	32.7589	29.006067	28.443851	31.469093	30.232151	26.798473	28.712845	31.151447	28.684525	28.115444	24.339409	22.320993	20.3172	16.65349	16.543695	20.31809	21.18263	24.395557	24.510101	28.134764	28.96472	30.353819	34.11353	36.775944	37.67126	34.439728	33.846558	35.791058	33.92144	50.873707	53.341217	52.67683	52.664185	51.804825	49.02971	49.297817	50.165165	50.940918	51.770096	50.36993	52.81773	52.639175	53.33022	56.460575	59.948685	62.104836	64.68628	62.38217	60.627106	63.90604	64.64635	61.544025	62.30639	65.93434	67.18306	69.17034	68.57414	70.90803	72.48727	71.6746	68.84017	65.999794	62.68647	61.261932	57.647446	56.182037	56.19783	53.215317	51.016693	52.846844	56.217407	55.63176	57.637558	59.998642
T-660-B	40.862865	37.977894	37.51972	35.107933	35.224865	35.42384	36.025383	34.80274	35.447517	35.93499	39.144318	39.03494	40.969852	39.737316	36.38783	35.098854	35.365864	31.680033	30.770832	33.69153	32.57984	28.9979	30.535828	33.034466	30.606073	29.67698	26.009773	24.243357	22.710997	19.124006	19.267927	22.924519	23.273676	26.4611	26.352633	29.83638	30.31064	31.770546	35.557808	37.96862	39.03338	35.78046	34.797157	36.66012	35.02515	51.774326	54.331684	53.80117	53.637623	52.829605	49.917484	50.25654	50.91879	51.872868	52.955193	51.7497	54.28144	54.341366	55.000065	57.999844	61.572998	63.74502	66.19737	63.731518	62.024475	65.26204	65.82949	62.625397	63.443405	66.99913	68.062836	70.02616	69.485054	71.92997	73.426895	72.700966	69.97637	67.003235	63.789074	62.290268	58.72603	57.09483	57.161655	54.285275	51.97261	53.910027	57.174126	56.343967	58.29353	60.8418
S-661-B	44.095867	41.28197	40.98576	38.631516	38.862637	39.036198	39.70282	38.428062	39.129166	39.68801	42.900105	42.768314	44.733967	43.521008	40.15838	38.823883	39.012665	35.307255	34.477043	37.351566	36.121124	32.56368	34.116714	36.50062	33.937675	32.8352	29.207722	27.660456	26.114258	22.594158	22.87932	26.576534	26.997143	30.229252	30.142756	33.61849	34.03913	35.458973	39.23943	41.576023	42.600758	39.29038	38.232113	39.953186	38.287025	55.28941	57.903908	57.44119	57.257545	56.474983	53.52652	53.873566	54.45446	55.4355	56.593716	55.40468	57.91379	58.024933	58.7244	61.695305	65.278534	67.417656	69.86708	67.37618	65.64028	68.8421	69.39676	66.15186	66.92889	70.46494	71.448814	73.45168	72.975365	75.47558	76.97518	76.2997	73.59606	70.58487	67.40804	65.911575	62.357914	60.66253	60.70487	57.836052	55.451057	57.3602	60.60992	59.710438	61.575718	64.18715
S-662-B	46.25303	43.58908	43.30129	40.75651	40.869026	40.72447	41.27969	39.705845	40.442368	41.29471	44.496666	44.34819	46.554638	45.58068	42.165386	40.989044	41.042053	37.4002	36.388226	39.04066	37.731106	34.121635	35.416573	37.654682	34.999256	33.5089	30.04637	28.904678	27.726513	24.409798	25.145	28.737194	28.84436	32.169697	32.185738	35.502422	35.550716	36.78643	40.525597	42.59701	43.571915	40.176796	38.869785	40.33372	38.739113	56.00045	58.76594	58.525574	58.35416	57.752285	54.791454	55.3341	55.871593	57.07565	58.363194	57.386665	60.033627	60.250443	60.796528	63.71154	67.343834	69.58562	71.902176	69.2992	67.69969	70.924286	71.30571	68.03815	68.95784	72.43456	73.33351	75.227	74.68854	77.19988	78.55585	77.85021	75.270584	72.18785	69.05644	67.409424	63.932213	62.2127	62.41789	59.692146	57.334347	59.40801	62.54606	61.471348	63.395382	66.12219
G-663-B	45.200157	42.699577	42.739647	40.32046	40.758972	40.645172	41.533306	40.085327	41.161137	42.103447	45.472095	45.62641	47.77206	46.617798	43.355648	42.369137	42.737686	39.126305	37.92545	40.7243	39.72041	36.039165	37.180046	39.674618	37.260334	35.878716	32.415974	31.03729	29.947353	26.50059	26.844576	30.384941	30.309689	33.39583	32.986855	36.27038	36.364513	37.927856	41.6906	43.74648	45.020245	41.77535	40.293365	41.975452	40.655193	56.9717	59.628723	59.27647	58.862198	58.088654	54.973072	55.341274	55.626778	56.77359	58.243996	57.26876	59.825527	60.243126	60.949486	63.72912	67.39553	69.50592	71.800095	69.1254	67.419846	70.530556	70.88819	67.52102	68.32159	71.74708	72.47543	74.4705	74.10589	76.75654	78.17795	77.651985	75.08258	71.91621	68.893845	67.356445	63.87593	61.955395	62.009373	59.269867	56.729527	58.715397	61.81823	60.626804	62.366085	65.19377
Q-664-B	41.61004	39.144104	39.151608	36.657127	37.07548	36.891323	37.817776	36.375675	37.553055	38.559338	41.98671	42.285286	44.44681	43.27896	40.087986	39.28402	39.815445	36.277027	34.86341	37.681118	36.902283	33.169083	34.133957	36.793934	34.593624	33.306896	29.872572	28.327574	27.42978	23.976551	24.177792	27.572746	27.229301	30.172785	29.58644	32.790215	32.825047	34.507416	38.265766	40.301132	41.724617	38.579082	37.0195	38.857906	37.70805	53.45344	56.052746	55.6507	55.165733	54.35162	51.207527	51.55843	51.818096	52.983547	54.485542	53.55871	56.14715	56.620857	57.29914	60.039196	63.72203	65.84781	68.097374	65.38924	63.714584	66.828415	67.140205	63.77094	64.61383	68.0266	68.75467	70.71436	70.32513	72.97226	74.37477	73.85149	71.29751	68.118675	65.10857	63.56515	60.092724	58.155064	58.226254	55.514328	52.986534	55.021767	58.096	56.880688	58.662266	61.497646
M-665-B	41.99984	39.51479	39.218582	36.464622	36.502087	36.048378	36.623756	34.88075	35.837254	36.989906	40.298306	40.40903	42.783638	41.91198	38.598034	37.83418	38.107502	34.62358	33.133114	35.699024	34.745544	31.00369	31.830523	34.286312	31.953693	30.387009	27.066246	25.869093	25.249378	22.02471	22.759481	26.0479	25.507011	28.63814	28.396477	31.476822	31.195652	32.537598	36.24875	38.116364	39.341938	36.06837	34.44717	36.03219	34.79955	51.190372	53.94512	53.749763	53.438614	52.862843	49.83013	50.44571	50.880997	52.245064	53.68546	52.918465	55.68243	56.079494	56.51	59.305428	62.994198	65.29998	67.45975	64.7279	63.24639	66.467636	66.66735	63.372513	64.42605	67.83269	68.650894	70.43501	69.8481	72.37968	73.626495	72.93586	70.46097	67.30461	64.24073	62.50885	59.0952	57.30709	57.61906	55.028633	52.687828	54.922466	57.934544	56.70021	58.69483	61.512753
G-666-B	41.20706	38.997402	38.884308	36.03058	36.14935	35.397278	36.10022	34.198875	35.459225	36.94831	40.350746	40.7282	43.245796	42.456524	39.27626	38.87288	39.32639	36.000378	34.15284	36.60557	35.93044	32.13636	32.53606	35.09932	33.01885	31.30141	28.204845	27.105509	26.950117	23.890093	24.610188	27.618128	26.585945	29.479185	28.955687	31.770325	31.168211	32.615677	36.248215	37.841644	39.302586	36.160114	34.180027	35.77035	34.91279	50.37689	53.138077	53.0295	52.530426	51.97813	48.836964	49.49757	49.719215	51.245003	52.91975	52.368885	55.196735	55.835335	56.216003	58.84271	62.585163	64.89555	66.89521	64.016914	62.610973	65.770775	65.78183	62.42008	63.54437	66.84873	67.490326	69.21428	68.6659	71.28057	72.43065	71.827965	69.48094	66.216415	63.276943	61.488243	58.157654	56.222923	56.59117	54.145954	51.7401	54.080112	56.941216	55.478165	57.42984	60.397778
S-667-B	37.65706	35.406425	35.19095	32.28772	32.353786	31.611908	32.328392	30.495419	31.79908	33.254726	36.702534	37.187286	39.65764	38.810143	35.69627	35.40985	36.022537	32.763744	30.774317	33.282543	32.825424	29.015392	29.31905	32.06418	30.211306	28.709837	25.609343	24.248018	24.203236	21.155382	21.65843	24.482042	23.24853	25.977257	25.296812	28.064743	27.489685	29.0743	32.72155	34.388466	35.97964	32.94027	30.98546	32.80526	32.05787	47.03143	49.70536	49.48485	48.95308	48.324356	45.178192	45.786633	46.04633	47.526875	49.157257	48.58086	51.41349	52.03623	52.412724	55.04688	58.786354	61.10104	63.11043	60.24946	58.84269	62.02079	62.054073	58.71276	59.849895	63.175457	63.879196	65.59263	65.011375	67.59639	68.771355	68.149185	65.76601	62.526268	59.55754	57.79456	54.43831	52.528805	52.884884	50.41513	48.04339	50.39512	53.276314	51.872337	53.881866	56.799377
F-668-B	38.679256	36.212418	35.609917	32.602245	32.28738	31.568233	31.879128	29.929602	30.790936	32.096188	35.361156	35.482834	38.014626	37.34723	34.036663	33.511795	33.78095	30.455326	28.665953	31.048647	30.246891	26.46439	26.96854	29.472765	27.330975	25.716785	22.534203	21.374878	21.244926	18.28175	19.246866	22.159607	21.115816	24.180494	24.02386	26.879559	26.290497	27.491003	31.154716	32.896286	34.138783	30.891584	29.16616	30.777763	29.672853	45.888634	48.67833	48.554684	48.311096	47.856846	44.896	45.68078	46.251133	47.756344	49.145782	48.52881	51.440613	51.81209	52.03002	54.83231	58.52544	60.972187	63.03091	60.27179	58.96112	62.262363	62.35503	59.133533	60.37619	63.766907	64.676025	66.2957	65.53263	67.95697	69.08382	68.264496	65.84823	62.71764	59.616833	57.754353	54.388245	52.71874	53.22003	50.74132	48.57931	50.994457	53.933628	52.70072	54.901665	57.67617
I-669-B	41.53075	39.22637	38.617737	35.47375	35.015125	33.9805	34.119373	31.857738	32.686172	34.275692	37.44113	37.487656	40.245663	39.862	36.522705	36.11778	36.181694	32.96427	31.086369	33.16257	32.2224	28.484253	28.732592	30.962742	28.70573	26.64705	23.739746	23.143995	23.376865	20.751701	22.187687	24.945284	23.70811	26.81964	26.857597	29.479496	28.503233	29.402533	32.93294	34.337784	35.448936	32.127182	30.160563	31.385773	30.340935	46.840866	49.79896	49.945534	49.75407	49.530552	46.607506	47.62315	48.173157	49.909504	51.39846	51.005463	54.039154	54.486496	54.53019	57.27122	60.982105	63.53153	65.44771	62.601364	61.45009	64.76603	64.686325	61.47388	62.865433	66.18138	67.017525	68.50596	67.66345	70.07005	71.033585	70.16431	67.88953	64.71233	61.66506	59.641556	56.381996	54.725838	55.41312	53.10528	51.01123	53.578445	56.385166	54.99556	57.25735	60.118927
R-670-B	39.370556	37.31307	36.81724	33.57682	33.156727	31.83996	32.088863	29.70439	30.839056	32.73483	35.99131	36.344635	39.19843	38.86368	35.703735	35.690163	36.002136	32.98666	30.733416	32.71627	32.157776	28.403292	28.195179	30.602596	28.73164	26.673853	24.02272	23.383104	24.082626	21.64701	22.901953	25.284744	23.53213	26.290224	25.991756	28.30348	27.030521	28.082163	31.514278	32.67344	34.076126	30.954798	28.648708	29.989273	29.391348	44.666916	47.58583	47.762108	47.376854	47.14298	44.12234	45.160694	45.530983	47.399178	49.07987	48.87928	51.966583	52.625183	52.619812	55.202156	58.95209	61.502346	63.273247	60.30652	59.227757	62.489914	62.2481	58.991394	60.45317	63.67917	64.383804	65.80776	64.98379	67.44782	68.332344	67.53444	65.36307	62.10255	59.160152	57.0971	53.908863	52.134075	52.87159	50.695065	48.568504	51.23387	53.90207	52.334385	54.5836	57.549797
L-671-B	37.010227	34.775913	34.006973	30.715712	30.081337	28.854681	28.92441	26.589468	27.516748	29.249004	32.471035	32.72633	35.53545	35.191727	31.980394	31.910131	32.204754	29.190767	26.939627	28.95467	28.414793	24.647522	24.50193	26.991041	25.169973	23.305002	20.552746	19.711647	20.438139	18.056519	19.310303	21.55736	19.741327	22.526733	22.3554	24.707083	23.506453	24.513178	28.011295	29.351088	30.698334	27.542032	25.424162	26.933702	26.204006	41.79646	44.676346	44.75003	44.484768	44.227016	41.289677	42.324852	42.89779	44.682713	46.175255	45.873466	48.972523	49.466694	49.421787	52.116062	55.83538	58.428963	60.273792	57.397377	56.32218	59.65646	59.511845	56.329433	57.810234	61.105587	61.979965	63.388336	62.472317	64.83788	65.76387	64.86426	62.60769	59.43469	56.385548	54.33351	51.089363	49.456184	50.208977	47.96178	45.951588	48.613033	51.361935	49.971527	52.339546	55.168896
K-672-B	40.159973	37.85634	36.841305	33.470074	32.516525	31.19272	30.860294	28.3065	28.815681	30.541128	33.504467	33.378613	36.339577	36.305676	32.93217	32.690376	32.54475	29.546938	27.487616	29.189022	28.221083	24.55399	24.468533	26.503218	24.311304	22.02589	19.400394	19.188967	20.029127	17.982868	19.91373	22.147184	20.49142	23.568233	23.976206	26.257288	24.87888	25.338818	28.720364	29.911201	30.826132	27.445663	25.421947	26.436537	25.381443	42.270958	45.340786	45.659786	45.67309	45.693035	42.94949	44.24061	45.03893	46.94524	48.29296	48.066643	51.26158	51.592606	51.34546	54.13024	57.8038	60.536465	62.346954	59.5194	58.595722	62.015182	61.83616	58.759163	60.377422	63.673603	64.656685	65.933426	64.85165	67.082115	67.8871	66.8152	64.61365	61.512398	58.402298	56.19977	53.01944	51.586685	52.535866	50.375008	48.55886	51.314743	54.033733	52.699394	55.212456	57.97119
Q-673-B	41.62101	39.58837	38.714867	35.25509	34.31825	32.657692	32.344215	29.551878	30.26808	32.359642	35.30323	35.336555	38.468987	38.619358	35.368076	35.420197	35.31174	32.50383	30.218573	31.681799	30.85819	27.2617	26.763361	28.68718	26.672634	24.112564	21.89949	22.032461	23.266438	21.4769	23.446178	25.453766	23.491087	26.342043	26.606031	28.573145	26.824718	27.214207	30.401789	31.182402	32.190495	28.929588	26.52289	27.284796	26.593866	42.72146	45.876877	46.41355	46.319603	46.48585	43.701565	45.142258	45.772285	47.9043	49.46143	49.49786	52.777653	53.310658	52.950638	55.574844	59.278877	62.05295	63.677917	60.715385	59.925106	63.296806	62.9033	59.79436	61.528423	64.70711	65.52875	66.69468	65.60195	67.87478	68.524895	67.49006	65.458496	62.26681	59.282238	56.9626	53.91047	52.387566	53.468662	51.50494	49.68425	52.57193	55.11169	53.546387	56.04926	58.944798
F-674-B	38.364643	36.458	35.556892	32.02534	31.033184	29.193668	28.90169	26.04959	26.950579	29.21732	32.229343	32.511307	35.669464	35.82035	32.728104	33.090683	33.227276	30.605053	28.016554	29.438265	29.00013	25.408606	24.55046	26.707401	25.114338	22.74699	20.708496	20.620092	22.211206	20.595848	22.307468	23.917212	21.527737	24.017103	24.019186	25.710207	23.760288	24.290407	27.41492	28.085836	29.366877	26.298302	23.681807	24.704153	24.388323	39.45159	42.52895	42.998886	42.775066	42.885117	40.04463	41.47441	42.043827	44.22281	45.845837	45.974834	49.284904	49.91522	49.520054	52.062004	55.77997	58.555195	60.109245	57.098816	56.34888	59.70131	59.239437	56.12695	57.90636	61.04792	61.845207	62.968876	61.863262	64.14347	64.77217	63.761818	61.75664	58.539783	55.589085	53.265327	50.233055	48.669857	49.775597	47.872364	46.072773	49.01908	51.489773	49.877132	52.41392	55.31897
L-675-B	38.531506	36.43185	35.151005	31.56167	30.18527	28.389177	27.660593	24.726551	25.120457	27.22084	30.006746	29.932478	33.15433	33.512924	30.27774	30.486708	30.31243	27.73323	25.26534	26.470005	25.773466	22.257969	21.444708	23.351122	21.57663	19.068415	17.09305	17.312893	19.104572	17.878162	20.00574	21.390993	19.027142	21.679976	22.198675	23.83536	21.82416	21.897787	24.983982	25.71134	26.627851	23.358236	20.974358	21.79707	21.122192	37.458893	40.6264	41.16078	41.239754	41.508636	38.883614	40.468903	41.37234	43.53488	44.88259	44.958603	48.324696	48.69729	48.14357	50.842022	54.49424	57.387325	58.989902	56.101707	55.44484	58.907	58.520542	55.547207	57.41583	60.616047	61.631763	62.666653	61.384087	63.488823	64.08587	62.879444	60.82915	57.74488	54.66241	52.263626	49.224087	47.923386	49.15628	47.241882	45.671917	48.65284	51.17581	49.76961	52.485497	55.21299
E-676-B	42.31495	40.215675	38.865555	35.25898	33.755444	31.896006	30.952442	27.887978	28.01999	30.128525	32.67544	32.311337	35.635616	36.247166	32.928406	32.998814	32.462063	29.920666	27.665422	28.583176	27.509228	24.160553	23.410643	24.815739	22.713573	19.76634	18.055553	18.944519	20.741846	19.770185	22.34372	23.797758	21.675922	24.513325	25.40372	26.996256	24.89712	24.560263	27.45836	27.971268	28.496046	25.10327	22.789114	23.015673	22.099543	39.271126	42.602196	43.40031	43.678947	44.19908	41.728367	43.515564	44.52081	46.79856	48.09125	48.26138	51.683823	51.981464	51.282703	54.003986	57.615353	60.59787	62.140095	59.26859	58.737076	62.2327	61.783478	58.877853	60.8452	64.013504	65.05308	65.98329	64.60034	66.622795	67.0983	65.786064	63.823387	60.777058	57.69534	55.17419	52.224903	51.04405	52.426155	50.613194	49.157627	52.200874	54.667126	53.245747	56.02392	58.73947
K-677-B	42.023853	40.222298	38.982162	35.296074	33.79077	31.576204	30.661356	27.390564	27.791243	30.288736	32.829506	32.746914	36.202183	36.958466	33.85638	34.334705	33.9824	31.705688	29.128437	29.83899	29.122185	25.868692	24.60138	26.037231	24.371796	21.38803	20.14522	21.100527	23.300823	22.526497	24.907784	26.039396	23.511627	25.95163	26.558725	27.75187	25.277893	24.965246	27.615704	27.686338	28.44138	25.31519	22.555313	22.673717	22.356895	38.023224	41.381107	42.34672	42.461285	43.090263	40.57249	42.48687	43.313305	45.807068	47.307503	47.75611	51.253437	51.773666	50.96105	53.488945	57.12116	60.131847	61.47017	58.464497	58.07465	61.50896	60.837685	57.913994	60.0024	63.039787	63.926525	64.73164	63.331158	65.38576	65.70921	64.44159	62.649616	59.520046	56.57529	53.952446	51.1404	49.869144	51.380898	49.782276	48.346375	51.521496	53.7864	52.148937	54.929947	57.75512
C-678-B	39.051212	37.258743	35.842922	32.111736	30.41441	28.10714	27.028528	23.699205	24.03073	26.586914	29.096464	29.092968	32.57164	33.380585	30.370226	31.04469	30.806002	28.712105	25.94129	26.545725	26.09346	22.896025	21.33459	22.904898	21.58902	18.80538	17.750834	18.565779	21.10123	20.618906	22.853033	23.548246	20.717024	22.85213	23.43047	24.346989	21.70071	21.321407	23.896698	23.920525	24.790842	21.753408	18.894894	19.232706	19.127874	34.4221	37.734768	38.618584	38.74196	39.349777	36.86373	38.802063	39.728683	42.21675	43.63756	44.10349	47.62827	48.10854	47.230362	49.76706	53.382484	56.424282	57.753056	54.773422	54.423855	57.885403	57.22356	54.35127	56.484272	59.530552	60.501564	61.264423	59.797623	61.792114	62.121593	60.80347	58.98116	55.89146	52.904858	50.276035	47.451244	46.253628	47.806087	46.221333	44.889275	48.098003	50.350357	48.790657	51.660744	54.401634
L-679-B	40.526997	38.490402	36.779934	33.0762	31.11541	29.0116	27.577639	24.301971	24.052122	26.277529	28.515642	28.024837	31.50792	32.487724	29.277678	29.626005	28.964584	26.835278	24.368439	24.775223	23.859858	20.775856	19.465656	20.615881	18.883713	15.819269	14.817486	16.14281	18.711164	18.596106	21.286238	21.917582	19.369638	21.791162	22.966866	23.981924	21.469578	20.596865	23.144386	23.330664	23.657635	20.317652	17.905926	17.876183	17.098234	34.313187	37.712566	38.647232	39.12563	39.870422	37.623222	39.655422	40.912514	43.30587	44.422707	44.75207	48.27857	48.462513	47.48803	50.212395	53.747044	56.871483	58.30084	55.47876	55.166218	58.72501	58.196556	55.45498	57.61196	60.735317	61.920525	62.649704	61.051273	62.88486	63.22501	61.729256	59.83227	56.89147	53.76741	51.109406	48.258648	47.32081	48.9336	47.28183	46.130928	49.302315	51.65314	50.328094	53.314663	55.877625
Q-680-B	43.905483	41.992355	40.28386	36.54741	34.50819	32.226948	30.656359	27.230543	26.889389	29.254715	31.254906	30.637495	34.22492	35.479862	32.32561	32.723267	31.836637	29.878696	27.496016	27.566778	26.489426	23.659414	22.222061	22.895288	21.10887	17.713602	17.2346	19.106535	21.739885	21.857048	24.757315	25.35514	22.89114	25.277534	26.589993	27.425285	24.741163	23.579193	25.803968	25.591654	25.645424	22.395823	19.915445	19.221931	18.522718	35.532227	39.075176	40.335693	40.93153	41.957752	39.851574	42.10925	43.374947	45.950783	47.100975	47.632088	51.2261	51.437836	50.28777	52.937584	56.42989	59.63873	60.919533	58.0648	57.93018	61.48344	60.803917	58.126125	60.419468	63.450626	64.59259	65.1692	63.471695	65.23489	65.39427	63.819237	62.083843	59.15396	56.099384	53.293186	50.598675	49.738636	51.536835	50.073887	49.037018	52.30841	54.51768	53.09317	56.129654	58.720406
H-681-B	42.62682	41.002907	39.425583	35.64147	33.646942	31.053692	29.57354	25.998226	25.998941	28.73849	30.793037	30.556366	34.219273	35.52283	32.621655	33.445053	32.864098	31.136427	28.408928	28.395657	27.793922	25.008633	23.096165	23.97871	22.742582	19.54481	19.347696	20.970695	23.865366	23.985403	26.561712	26.916351	24.065407	26.029373	26.949955	27.426355	24.436363	23.433105	25.443384	24.835438	25.260191	22.362717	19.399181	18.790897	18.864658	33.857872	37.3799	38.735073	39.10043	40.165825	37.97209	40.30085	41.35923	44.114414	45.48258	46.26099	49.903355	50.354763	49.1404	51.58752	55.10739	58.311344	59.409172	56.42054	56.387714	59.865826	58.98834	56.276665	58.65647	61.565163	62.550243	63.034096	61.34962	63.16699	63.21223	61.713463	60.122044	57.10035	54.183937	51.31409	48.7335	47.75129	49.634632	48.35782	47.312542	50.686935	52.71117	51.084324	54.10179	56.795902
K-682-B	40.31105	38.625095	36.80303	33.016735	30.769253	28.170603	26.411018	22.81374	22.527016	25.213837	27.119324	26.802565	30.489487	31.908535	29.057705	29.983562	29.388191	27.863522	25.055288	24.840698	24.382978	21.745615	19.582724	20.428646	19.483366	16.444365	16.561325	18.19377	21.382996	21.899097	24.401781	24.308315	21.299559	22.986494	24.053185	24.251854	21.145073	19.876566	21.737644	21.089012	21.436268	18.543123	15.58442	15.016597	15.15633	30.457834	33.972004	35.255333	35.75123	36.836575	34.75615	37.1341	38.40252	41.10728	42.291878	43.034233	46.693104	47.008064	45.706665	48.22288	51.698227	54.951366	56.08001	53.17216	53.18011	56.7115	55.89697	53.276318	55.693672	58.637585	59.772697	60.21726	58.436836	60.148354	60.216457	58.61755	56.961605	54.02822	51.023598	48.14824	45.54029	44.71466	46.64541	45.35355	44.465153	47.844296	49.89105	48.42428	51.551975	54.101444
D-683-B	37.788067	36.323284	34.75137	30.951153	28.94005	26.161854	24.75232	21.132265	21.451841	24.435638	26.654762	26.872873	30.502975	31.6801	29.037313	30.278063	30.157843	28.643185	25.535448	25.5956	25.642475	22.85241	20.509373	21.902782	21.374632	18.75351	18.607983	19.6006	22.720264	22.877531	24.912695	24.836878	21.556515	22.932076	23.400106	23.48818	20.285643	19.577436	21.516352	20.8096	21.817724	19.263933	15.915449	16.016415	16.826767	29.928743	33.29131	34.41521	34.51343	35.381294	33.028503	35.262234	36.21307	38.972534	40.43792	41.27306	44.916164	45.507935	44.33336	46.681187	50.240517	53.394814	54.458782	51.409588	51.34589	54.786537	53.878483	51.12405	53.494564	56.385185	57.335968	57.84063	56.200317	58.076607	58.178825	56.766163	55.139217	52.062473	49.170433	46.359234	43.73782	42.647144	44.48347	43.219505	42.148712	45.54815	47.524826	45.863968	48.88439	51.58508
I-684-B	35.314526	33.867046	32.58277	28.815855	27.181543	24.515247	23.620975	20.196098	21.082588	24.05126	26.704136	27.296148	30.75222	31.491322	28.874361	30.12006	30.396978	28.63754	25.431238	26.01184	26.30129	23.216621	21.099766	23.073849	22.579206	20.31575	19.565033	19.869015	22.65178	22.249939	23.864006	24.078041	20.76449	22.135862	22.075714	22.446428	19.483797	19.49782	21.830933	21.528364	23.053638	20.569778	17.23991	18.109957	18.950523	31.2769	34.42052	35.197445	34.953262	35.429947	32.762363	34.65458	35.321304	37.934387	39.598907	40.282055	43.829636	44.59233	43.707615	46.01569	49.67147	52.663544	53.833534	50.716953	50.414574	53.785755	52.957874	50.027176	52.208656	55.148865	55.970764	56.68543	55.268986	57.349533	57.636734	56.44307	54.70538	51.511276	48.65352	46.03145	43.266983	41.889645	43.456066	42.015423	40.64175	43.93775	46.018852	44.27461	47.120285	49.953087
P-685-B	35.979156	34.850094	33.914665	30.205246	28.879385	26.056488	25.522333	22.152834	23.508684	26.675615	29.407936	30.313572	33.72422	34.384346	31.963434	33.395794	33.878937	32.160416	28.866724	29.509302	29.979034	26.900204	24.72011	26.759134	26.384037	24.127567	23.391447	23.620182	26.301134	25.679382	27.110037	27.46494	24.136702	25.370712	24.939802	25.239729	22.280628	22.592775	24.78631	24.261003	26.044357	23.844965	20.344	21.185808	22.376268	32.951286	36.008778	36.84623	36.301598	36.735035	33.921093	35.757984	36.058052	38.794872	40.767937	41.642155	45.160606	46.214935	45.38556	47.46262	51.148254	54.05725	55.073177	51.813267	51.53025	54.771015	53.764202	50.73962	52.918354	55.725323	56.29484	56.99315	55.697155	57.912918	58.124897	57.099674	55.508587	52.186417	49.522575	46.90553	44.25319	42.643234	44.1879	42.896667	41.378353	44.702316	46.61274	44.594418	47.294064	50.311424
V-686-B	33.471634	32.65988	31.935862	28.29642	27.166716	24.168762	23.946499	20.703457	22.5647	25.896494	28.71947	30.076588	33.34946	33.86303	31.769678	33.532413	34.393936	32.8684	29.386702	30.088165	31.015097	28.032854	25.656858	27.943789	28.01911	26.13398	25.47136	25.347254	28.026007	27.374928	28.373964	28.505848	25.018944	25.76169	24.845547	24.831175	21.853884	22.555716	24.549734	23.890581	26.12931	24.380917	20.773174	22.001198	23.673363	31.826267	34.652077	35.33206	34.434837	34.678383	31.694603	33.386852	33.382195	36.161465	38.366642	39.37601	42.848846	44.15447	43.393147	45.258747	48.96245	51.773853	52.680294	49.31982	49.02454	52.15329	51.035107	47.941772	50.102173	52.815517	53.2252	53.928486	52.73295	55.05519	55.26953	54.399075	52.86498	49.451603	46.923187	44.37256	41.76764	39.956448	41.4372	40.242428	38.629215	41.967937	43.74087	41.553894	44.165253	47.279312
P-687-B	31.955534	31.149345	30.799229	27.294062	26.657373	23.94113	24.295633	21.426748	23.679274	26.80574	29.939714	31.50211	34.56084	34.661007	32.568703	34.210953	35.342743	33.57212	30.141804	31.290222	32.289726	29.10496	27.053074	29.688248	29.65966	27.98819	26.862652	26.283396	28.571938	27.441122	28.079128	28.543678	25.21294	26.016403	24.68905	25.033487	22.468615	23.743725	26.05792	25.830774	28.311956	26.530483	23.1024	24.746807	26.224648	34.371525	36.993477	37.35184	36.215683	36.083813	32.86742	34.164627	33.890255	36.429634	38.781673	39.570366	42.88611	44.31925	43.882442	45.72363	49.486446	52.10544	53.14741	49.7672	49.20303	52.241627	51.250435	47.996677	49.913475	52.67772	52.958736	53.906075	52.966164	55.48374	55.90863	55.26152	53.603474	50.111423	47.622143	45.304455	42.564926	40.495697	41.649204	40.245213	38.30722	41.466766	43.36725	41.132	43.505783	46.736904
K-688-B	34.328827	33.73376	33.689293	30.309902	29.93388	27.246893	27.803892	25.017584	27.379478	30.533852	33.664936	35.27296	38.32805	38.40577	36.342834	37.968105	39.10094	37.26561	33.872974	35.055016	35.979748	32.74919	30.756134	33.33123	33.174435	31.335688	30.166998	29.68998	31.88603	30.585083	31.26449	31.96398	28.736223	29.667284	28.285501	28.73043	26.233774	27.538977	29.823612	29.498417	31.959675	30.188627	26.702032	28.154156	29.649397	37.43488	40.03808	40.491673	39.222946	39.10436	35.849968	37.104343	36.57852	39.160725	41.70086	42.589226	45.841797	47.449512	47.070736	48.75935	52.51745	55.05678	55.998455	52.541416	51.978607	54.89747	53.79271	50.482773	52.358868	55.005825	55.070442	56.020626	55.203434	57.821014	58.188183	57.6798	56.14568	52.57981	50.256725	47.96121	45.328754	43.110252	44.221416	42.92558	40.87419	43.99211	45.763756	43.33422	45.529354	48.894276
G-689-B	32.650726	32.44263	32.698677	29.497211	29.403467	26.656855	27.5632	25.031446	27.773403	30.970474	34.117905	36.08306	38.969463	38.907196	37.15935	39.035706	40.470764	38.80835	35.309822	36.52486	37.792095	34.670418	32.55309	35.27256	35.445095	33.868427	32.777897	32.07704	34.261932	32.962303	33.308647	33.82792	30.53012	31.065115	29.308887	29.497814	27.075815	28.667223	30.743145	30.320433	33.08554	31.687187	28.186623	29.865046	31.679392	37.411873	39.753685	40.055477	38.454136	38.137573	34.76337	35.813328	34.927296	37.493195	40.27007	41.27958	44.42413	46.29606	46.015602	47.45498	51.195507	53.593285	54.411808	50.87153	50.284313	53.040897	51.822582	48.45048	50.267258	52.781776	52.634373	53.601933	52.933395	55.6711	56.04302	55.731163	54.27748	50.633137	48.49776	46.312923	43.767086	41.332058	42.330284	41.15122	38.982746	42.05512	43.652107	41.031567	43.05669	46.529694
F-690-B	30.761099	30.629684	30.618273	27.323795	26.928526	23.917967	24.597618	21.95241	24.700172	28.03506	31.031195	33.096146	35.993645	36.08662	34.519714	36.633503	38.108425	36.72617	33.114506	34.090694	35.577316	32.664597	30.275475	32.93289	33.43883	32.022076	31.236803	30.571125	32.993614	32.039696	32.360134	32.46026	28.977688	29.160975	27.420998	27.188389	24.543829	26.010534	27.79019	27.129686	29.985094	28.858456	25.313204	27.040054	29.141417	33.68539	35.985535	36.30971	34.702126	34.464542	31.145052	32.338894	31.546114	34.25171	36.98407	38.1475	41.386734	43.235943	42.777557	44.186924	47.902622	50.397324	51.129414	47.585594	47.146812	49.958492	48.664154	45.374916	47.350018	49.849083	49.80989	50.63471	49.802177	52.43327	52.71823	52.288097	50.86723	47.254944	45.082924	42.793453	40.294132	37.96599	39.137676	38.07922	36.105804	39.320805	40.832172	38.243546	40.46678	43.856804
L-691-B	30.498732	30.825779	30.9783	27.865904	27.564264	24.398123	25.197601	22.732807	25.673615	29.086067	31.90711	34.24043	37.01881	37.15085	35.934807	38.33181	39.976444	38.869156	35.176624	35.99386	37.755054	35.05026	32.45866	35.07038	35.90012	34.632343	34.085342	33.41082	35.930393	35.131435	35.308228	35.160637	31.603897	31.422663	29.512825	28.902674	26.218878	27.712334	29.101456	28.144775	31.161812	30.46445	26.904894	28.62131	31.075771	33.206562	35.266445	35.59096	33.695045	33.425297	30.10692	31.256607	30.13372	32.957943	35.91039	37.35563	40.530956	42.634266	42.121353	43.222042	46.869705	49.287903	49.781197	46.146145	45.83575	48.483616	46.964367	43.692764	45.733326	48.022842	47.775913	48.472466	47.682827	50.355827	50.511738	50.20856	48.978374	45.30937	43.372074	41.088676	38.798855	36.339104	37.559067	36.789482	34.860764	38.10998	39.310173	36.49619	38.631004	42.092033
T-692-B	33.357857	33.78112	33.728657	30.56203	29.940075	26.548506	26.934042	24.217537	26.878763	30.465136	32.98346	35.191677	38.122784	38.60736	37.44653	39.963173	41.4021	40.49476	36.769344	37.226925	38.927753	36.38937	33.557613	35.85606	36.755596	35.28372	35.096115	34.79482	37.575214	37.064545	37.52406	37.215523	33.562454	33.377007	31.749466	30.893232	27.914087	28.973854	30.036007	28.632229	31.443583	30.875332	27.185081	28.460268	31.13093	32.405846	34.57767	35.275856	33.482914	33.598366	30.51767	32.03284	31.001862	34.099224	37.017994	38.772324	42.046978	44.141006	43.333096	44.324078	47.88509	50.4339	50.693146	47.032784	47.0224	49.661514	47.9159	44.798267	47.072735	49.20144	48.93791	49.350025	48.366295	50.886204	50.757805	50.32247	49.337242	45.709988	43.87889	41.371983	39.336346	37.052193	38.595917	38.15328	36.51824	39.91222	40.863773	37.982616	40.245567	43.6427
S-693-B	34.503407	35.24574	35.17584	32.14094	31.427362	27.899593	28.164818	25.532965	28.14061	31.775496	34.00031	36.31787	39.184505	39.83983	38.966503	41.71025	43.17788	42.56142	38.797314	38.995728	40.86374	38.568043	35.53118	37.65888	38.82497	37.42582	37.541573	37.353745	40.27791	39.996895	40.449085	39.890137	36.172543	35.724125	34.108334	32.904255	29.829433	30.724636	31.363983	29.60385	32.402294	32.218166	28.551716	29.648384	32.61193	31.632416	33.62443	34.47539	32.540085	32.8123	29.906765	31.54338	30.3545	33.62064	36.622448	38.702084	41.947514	44.182148	43.19507	43.91096	47.34854	49.89359	49.869957	46.16543	46.39987	48.907364	46.907936	43.914608	46.342445	48.233643	47.839836	48.005695	46.943283	49.38611	49.022602	48.601585	47.87671	44.26257	42.65926	40.06465	38.32716	36.0765	37.80799	37.73783	36.318962	39.772156	40.377724	37.357304	39.62045	42.981716
S-694-B	36.816723	37.661194	37.86922	34.920635	34.469883	31.058123	31.549297	28.986555	31.683933	35.29049	37.630337	39.9438	42.814983	43.375217	42.426964	45.082214	46.559322	45.784595	42.03959	42.37637	44.142048	41.701412	38.775276	40.950745	41.92931	40.382732	40.342003	40.162487	42.991695	42.49842	42.97167	42.66214	39.001465	38.744198	37.060005	36.07778	33.095245	34.105263	34.921097	33.261673	36.03793	35.70534	31.999857	33.037056	35.88051	35.368385	37.338043	38.20319	36.19953	36.411797	33.471397	34.96914	33.580933	36.762295	39.88823	41.943066	45.089264	47.44608	46.58412	47.206264	50.635586	53.06743	53.005074	49.26627	49.435226	51.81498	49.77106	46.720993	49.037262	50.82891	50.221294	50.439983	49.551323	52.100273	51.729736	51.47901	50.8433	47.18755	45.743687	43.245552	41.57595	39.18474	40.780552	40.728825	39.151016	42.493908	43.03629	39.880352	41.908966	45.38115
F-695-B	33.904526	34.803474	35.27504	32.455803	32.346752	29.125757	30.030548	27.747608	30.740955	34.206528	36.789005	39.28575	41.987446	42.219612	41.30207	43.907692	45.619488	44.71335	40.9815	41.623306	43.506004	40.947018	38.19851	40.663086	41.642956	40.309742	39.977295	39.449333	42.057236	41.319687	41.500256	41.29776	37.715153	37.390377	35.411015	34.578087	31.862524	33.27211	34.30593	32.989304	36.004593	35.638977	32.029194	33.4802	36.211597	36.00483	37.817093	38.313362	36.123623	35.944633	32.761208	33.888546	32.302193	35.24986	38.482235	40.31421	43.33687	45.781803	45.202442	45.841686	49.33978	51.61359	51.71831	47.97388	47.872974	50.207813	48.324413	45.11598	47.209183	49.097496	48.430187	48.90832	48.24242	50.972984	50.860855	50.792076	49.95866	46.234413	44.75411	42.48529	40.617058	37.99933	39.279465	38.99013	37.126225	40.326416	41.01572	37.84563	39.700783	43.27086
W-696-B	32.05722	33.232395	33.66386	30.994474	30.83854	27.542555	28.452951	26.38712	29.448881	32.874496	35.266727	37.96512	40.496445	40.741276	40.146717	42.97481	44.83886	44.210724	40.444435	40.949768	43.101986	40.775723	37.888023	40.336746	41.652855	40.58543	40.443626	39.820606	42.491074	41.95192	41.95981	41.441853	37.81021	37.10383	35.01428	33.82428	31.127312	32.554844	33.24611	31.777426	34.921314	34.950153	31.455423	33.023705	35.98822	33.754772	35.290993	35.672848	33.278214	33.01678	29.876074	30.938452	29.180748	32.176525	35.481693	37.496933	40.46599	43.027927	42.38156	42.818314	46.238903	48.47178	48.427204	44.660374	44.66653	46.9154	44.9094	41.758648	43.927113	45.697052	44.986713	45.35027	44.64775	47.355263	47.178688	47.1465	46.394787	42.668438	41.303734	39.051525	37.313183	34.66339	35.995403	35.911083	34.172806	37.405045	37.879116	34.640446	36.52523	40.055477
R-697-B	35.32961	36.690086	37.17138	34.585712	34.40313	31.063053	31.868622	29.772713	32.722454	36.197002	38.417477	41.08637	43.64693	44.04102	43.52923	46.427345	48.221962	47.69007	43.912632	44.26255	46.39241	44.139244	41.152153	43.44585	44.782486	43.591465	43.605267	43.161346	45.930252	45.466885	45.590378	45.05671	41.394947	40.704502	38.69896	37.42506	34.635944	35.894917	36.413914	34.713818	37.74304	37.875664	34.334194	35.640873	38.71373	35.556686	37.02953	37.626507	35.199146	35.129204	32.18304	33.353447	31.48614	34.57056	37.922592	40.16208	43.075348	45.73821	44.97361	45.19325	48.493893	50.696304	50.40828	46.619186	46.818638	48.91194	46.686756	43.650345	45.898815	47.418724	46.516674	46.674477	45.96685	48.619385	48.210754	48.238373	47.770298	44.07155	42.966187	40.66242	39.222927	36.609734	38.063118	38.288246	36.69469	39.908714	40.08851	36.721462	38.495594	42.007862
S-698-B	36.208897	37.56432	38.346424	35.835033	35.97205	32.817627	33.92027	31.906221	35.002712	38.416313	40.872765	43.54963	46.0998	46.29005	45.638382	48.388596	50.241245	49.46942	45.72143	46.327003	48.361565	45.899284	43.095264	45.54668	46.669987	45.402473	45.143314	44.585014	47.182354	46.431625	46.49219	46.24691	42.67347	42.18287	40.051125	39.08232	36.454784	37.93721	38.761765	37.31369	40.394566	40.293625	36.723824	38.13803	41.02674	39.01746	40.523655	41.00147	38.53707	38.28443	35.19155	36.13804	34.143646	37.03798	40.471924	42.515503	45.324623	48.052177	47.52105	47.770782	51.122864	53.192703	53.020737	49.22617	49.21279	51.2342	49.114956	45.953445	47.987312	49.533745	48.488453	48.85394	48.382797	51.19143	50.93709	51.14346	50.59649	46.851498	45.77765	43.643322	42.095478	39.31372	40.508114	40.548344	38.682182	41.735813	42.027035	38.611565	40.134075	43.763077
Q-383-A	37.778812	39.019775	36.94535	36.79797	34.728428	33.471977	31.972807	33.11823	32.6625	32.57435	30.263386	32.204082	31.256653	32.45042	35.575813	38.9573	40.669804	43.592754	41.642986	39.818546	43.167595	44.655487	41.95029	42.307587	46.09979	47.911354	49.86248	49.161285	51.468178	53.468964	52.61489	49.216343	46.898968	43.44783	42.601505	38.85287	37.852318	37.402836	34.099598	32.22705	33.352753	37.100113	37.51544	38.63794	41.398308	21.655209	17.881428	16.045801	15.068569	15.091415	18.364477	18.732409	19.99625	20.273842	18.59021	21.337503	22.16259	22.445923	19.173973	17.343302	16.730871	19.211401	16.757797	15.69082	19.31323	20.810888	18.57821	20.006554	23.464975	23.661432	25.8024	23.343056	19.569262	17.857723	16.109285	12.52163	12.579895	12.906909	11.959478	9.796995	12.492816	15.809884	18.599667	21.34857	24.913898	26.540987	24.83585	25.4951	28.339407	27.257214
D-384-A	38.818604	39.712803	37.337105	37.034275	34.66824	33.456814	31.59143	32.63128	31.745024	31.468422	28.823027	30.385809	29.375414	30.853674	33.953163	37.20907	38.651028	41.743904	39.979134	37.910103	41.12089	42.85559	40.20735	40.27719	44.08499	45.967087	48.08204	47.525696	49.82562	52.03268	51.309505	47.803574	45.604233	42.18893	41.652084	37.886105	36.891373	36.119995	32.651035	30.764967	31.502193	35.306866	36.011944	36.933605	39.517513	20.010397	16.217207	14.504627	14.432968	14.988595	18.61985	19.391382	21.2893	21.64851	19.585297	22.035973	23.083593	22.80059	19.254896	18.06883	17.49093	20.311441	18.34299	17.599003	21.0238	22.879425	21.105673	22.470758	25.843	26.381805	28.79739	26.557022	22.816826	21.080727	19.591825	15.947702	15.641818	16.09937	14.584016	12.326648	14.258815	17.81936	20.67098	22.970148	26.539087	28.262033	26.979704	27.836708	30.86902	29.803001
I-385-A	35.344715	36.13926	33.705994	33.297676	30.886013	29.642881	27.77668	28.860167	28.036737	27.775738	25.24366	26.99615	26.053112	27.44167	30.504349	33.85096	35.430626	38.408173	36.521637	34.582333	37.885067	39.4724	36.813118	37.072716	40.8771	42.774227	44.754536	44.08196	46.364582	48.476643	47.700718	44.236034	41.987198	38.55678	37.930653	34.164406	33.17513	32.519222	29.118761	27.320923	28.272768	32.045795	32.6908	33.82945	36.427673	17.387089	13.610384	11.341086	10.990108	11.2631445	14.922286	15.740417	17.885157	18.36059	16.293509	18.80484	20.243954	20.0297	16.38896	15.579329	15.709202	18.92893	17.440628	16.153229	19.256784	21.606422	19.95037	20.742743	24.200321	25.216074	27.674263	25.815546	22.202599	21.043524	20.00844	16.65189	15.692847	15.380616	13.121984	10.406028	11.51987	15.043667	18.05613	20.062721	23.511318	25.489317	24.529205	25.300188	28.555939	27.770264
T-386-A	35.63045	36.66145	34.427895	33.802773	31.456015	29.817245	28.037989	28.791004	28.272305	28.512194	26.262844	28.214989	27.72685	29.218267	32.043842	35.547066	37.139545	39.936035	37.762978	35.84596	39.142704	40.474407	37.576893	37.92259	41.67685	43.286396	45.29911	44.747013	47.235508	49.26321	48.616043	45.26693	42.76554	39.452404	38.715088	34.939793	33.609596	32.99241	29.666164	27.52991	28.691896	32.40955	32.627834	33.65723	36.54255	16.541668	12.815913	11.168942	10.146265	10.899516	14.325526	15.548087	17.210068	18.303328	16.972153	20.020054	21.716719	22.090694	18.598026	17.548058	18.02684	21.108782	19.305693	17.498184	20.682224	22.866528	20.668076	21.193254	24.86964	25.660322	27.680614	25.608948	21.986523	21.064062	19.572971	16.37011	16.016092	15.1866255	13.398643	10.109015	11.675759	14.677941	18.085651	20.49606	23.752317	26.031088	24.79602	25.011	28.274881	27.838268
M-387-A	39.32001	40.25616	37.92121	37.16783	34.65608	32.92311	30.89311	31.384052	30.591095	30.877228	28.39177	29.977346	29.59383	31.429344	34.15795	37.569023	38.850132	41.784042	39.71421	37.511032	40.62423	42.144188	39.188587	39.19426	42.93814	44.45079	46.716408	46.431625	49.026566	51.25196	50.813435	47.403206	44.91662	41.70193	41.233124	37.445328	35.966736	35.01377	31.538174	29.17553	29.934526	33.691963	33.998207	34.63037	37.490326	16.951252	13.275247	12.517718	12.405932	13.968545	17.490091	19.08395	20.858217	22.083385	20.70421	23.646387	25.302906	25.43284	21.839489	20.891726	21.033844	24.04363	22.094156	20.675446	24.009739	26.020586	23.824745	24.653996	28.290136	28.863033	30.866161	28.556162	24.846754	23.542528	21.664253	18.237553	18.41273	18.091568	16.695469	13.624819	15.438546	18.46602	21.852308	24.288	27.561554	29.81048	28.530386	28.75467	31.962265	31.449108
Q-388-A	38.797173	39.38013	36.773212	35.88131	33.116467	31.467646	29.124807	29.563131	28.37455	28.45086	25.69664	26.968943	26.542944	28.598398	31.273664	34.575134	35.654625	38.69768	36.775917	34.40544	37.419777	39.12297	36.242836	36.052692	39.810307	41.422424	43.77416	43.558243	46.113125	48.486473	48.12818	44.63793	42.269276	39.081364	38.86652	35.08533	33.65326	32.4509	28.857277	26.552916	27.00096	30.799482	31.397318	31.94279	34.60989	14.601336	10.903613	10.084491	10.998406	12.952656	16.681368	18.562487	20.93942	22.157923	20.445402	23.054604	24.951777	24.626059	20.877243	20.578646	20.934624	24.246632	22.823612	21.527346	24.582588	26.98496	25.21497	25.86692	29.415049	30.406261	32.684	30.688099	27.035172	25.84789	24.371311	20.924929	20.548216	20.187212	18.181242	15.100894	16.123362	19.284147	22.63218	24.562202	27.774563	30.110647	29.293415	29.71809	33.109917	32.643505
W-389-A	36.219074	36.83473	34.300575	33.179382	30.410719	28.488827	26.176222	26.413492	25.451994	25.873869	23.406605	24.968702	24.912453	26.946001	29.41751	32.8828	34.090435	36.906586	34.70155	32.467197	35.55588	36.960846	33.921696	33.961605	37.68279	39.128746	41.37646	41.128704	43.793854	46.028835	45.70184	42.322124	39.75669	36.633266	36.277466	32.497864	30.84995	29.762688	26.275434	23.815407	24.599699	28.337128	28.600203	29.276861	32.15187	11.7737255	8.01837	7.1858096	7.560744	9.960066	13.501103	15.800742	18.12541	19.82514	18.573118	21.441214	23.764488	23.801186	20.145296	20.029709	21.046043	24.494669	23.26185	21.393867	24.194342	26.822536	24.912106	25.015661	28.666067	29.883142	31.9526	30.161625	26.651423	25.986462	24.642406	21.502121	20.962997	19.900812	17.674408	14.194431	14.710459	17.39226	20.963196	22.793837	25.724548	28.40016	27.722078	27.778587	31.306341	31.25087
Y-390-A	38.660767	39.50851	37.16206	35.977146	33.312927	31.161963	28.958448	28.945576	28.197498	28.954912	26.659962	28.243523	28.430542	30.531591	32.871014	36.370296	37.51425	40.253345	37.93036	35.660492	38.668797	39.96248	36.779568	36.769215	40.421246	41.621895	43.964104	43.883747	46.699184	48.915024	48.71612	45.414536	42.707203	39.696545	39.30631	35.5481	33.674538	32.568474	29.145023	26.426348	27.223171	30.875633	30.836731	31.266386	34.3284	13.349669	9.972979	10.214835	10.152783	12.664245	15.854491	18.219587	20.011597	21.968815	21.133286	24.28765	26.513512	26.86861	23.297552	22.774038	23.607115	26.84004	25.171764	23.24558	26.291557	28.592571	26.288212	26.52311	30.273563	31.104347	32.864605	30.742168	27.178682	26.39598	24.551004	21.428675	21.554605	20.53662	18.928247	15.390255	16.584764	19.025333	22.710989	24.962803	27.857609	30.564714	29.520458	29.270351	32.666473	32.68674
Q-391-A	41.489216	42.09279	39.53647	38.25157	35.366722	33.26514	30.749977	30.577158	29.400705	30.016207	27.401169	28.502884	28.698385	31.132507	33.382828	36.711735	37.50078	40.40724	38.288048	35.71799	38.50522	40.066666	36.92112	36.51677	40.149258	41.341824	43.927998	44.092125	46.93788	49.388958	49.38092	45.99045	43.39713	40.477425	40.432777	36.690662	34.786266	33.300407	29.722315	26.920576	27.1851	30.858784	31.092426	31.139048	34.023	13.297728	10.163307	11.1152525	12.258457	15.164906	18.506409	21.056034	23.20894	25.085512	23.94448	26.8362	29.058613	29.003832	25.295954	25.065289	25.688686	28.995638	27.438984	25.869524	28.94254	31.295074	29.206787	29.64649	33.33186	34.199913	36.14333	33.990974	30.356243	29.303892	27.42047	24.088085	24.242859	23.6131	21.938637	18.55382	19.673296	22.358236	25.972925	28.036308	30.991764	33.64838	32.766006	32.71362	36.14664	36.04575
Q-392-A	39.592552	39.93346	37.227245	35.71588	32.65298	30.483002	27.746836	27.390276	26.007034	26.66051	24.012596	24.982199	25.39774	28.001062	30.045498	33.354504	34.036522	36.88259	34.723717	32.096016	34.827568	36.35863	33.182877	32.74169	36.35887	37.530296	40.128983	40.335796	43.211872	45.70039	45.778923	42.3974	39.792324	36.949482	37.04097	33.330013	31.337975	29.698803	26.099155	23.2413	23.404907	27.068356	27.348717	27.377274	30.22545	9.638051	6.5782228	8.066571	9.986542	13.343325	16.520794	19.437916	21.943714	24.008747	22.886854	25.600897	28.167442	27.975842	24.280882	24.590008	25.665497	29.197437	28.09607	26.346024	29.079433	31.786669	29.935715	29.993198	33.63621	34.90408	36.93859	35.12176	31.60399	30.882654	29.357553	26.142878	25.83093	24.860306	22.701366	19.198345	19.584759	22.075794	25.690725	27.31742	30.04362	32.89598	32.424637	32.342884	35.942787	36.072002
L-393-A	39.1199	39.63593	37.132683	35.420216	32.46	29.94308	27.3482	26.661036	25.654268	26.823614	24.593897	25.84199	26.688332	29.231987	31.026072	34.46392	35.240078	37.815945	35.35664	32.87306	35.607063	36.783077	33.406162	33.16388	36.67265	37.53073	40.067715	40.338333	43.38446	45.714127	45.88516	42.669807	39.81989	37.116524	37.043404	33.3784	31.080593	29.567856	26.160192	23.03709	23.54306	27.034035	26.778917	26.769869	29.92545	8.93804	6.5374565	8.796428	9.752653	13.309084	15.930531	19.127466	21.20345	23.7429	23.221334	26.241634	29.007256	29.267845	25.726925	25.891024	27.276943	30.753925	29.535807	27.39151	30.068033	32.724895	30.579325	30.330994	34.06413	35.267803	36.96849	35.136723	31.728603	31.315926	29.647972	26.688564	26.593702	25.200542	23.24392	19.542343	19.93161	21.896418	25.651302	27.417149	29.877636	32.963524	32.38573	31.85801	35.44358	35.91978
Q-394-A	42.703796	43.31746	40.854694	39.19473	36.25995	33.74216	31.157368	30.417274	29.37229	30.539347	28.219038	29.281057	30.085815	32.730995	34.543457	37.907246	38.52553	41.18748	38.82101	36.20012	38.8018	40.09256	36.712368	36.25123	39.711082	40.46885	43.163662	43.61683	46.71401	49.13818	49.42101	46.193047	43.36499	40.72356	40.752335	37.100353	34.766872	33.132904	29.698133	26.505505	26.760506	30.203709	29.969719	29.648558	32.7626	12.172875	10.087642	12.374229	13.380552	16.779293	19.519241	22.564402	24.461765	26.916485	26.349073	29.438677	31.999454	32.2393	28.632029	28.529076	29.548277	32.897243	31.362339	29.432318	32.379456	34.78563	32.480137	32.556816	36.3255	37.21545	38.844116	36.711334	33.19427	32.463383	30.425512	27.339367	27.71086	26.656862	25.104515	21.493866	22.433668	24.56505	28.332705	30.382679	32.99309	35.965008	35.124645	34.60249	38.07522	38.403633
D-395-A	44.5169	44.84421	42.153774	40.41706	37.271046	34.867912	31.992107	31.166582	29.67671	30.628185	28.010517	28.587074	29.37711	32.30082	34.00748	37.16961	37.445774	40.25006	38.11361	35.229996	37.603043	39.160736	35.869633	35.03185	38.45808	39.25219	42.153137	42.809666	45.888783	48.534748	48.977497	45.666058	42.99341	40.43878	40.810802	37.20057	34.90299	32.918556	29.36274	26.185637	25.898922	29.330456	29.441212	28.791147	31.64695	11.994515	10.321086	12.938914	14.904777	18.465221	21.352774	24.48862	26.78959	29.107374	28.206367	31.006147	33.59336	33.43131	29.727457	29.97033	30.896833	34.352833	33.036247	31.372608	34.264324	36.81056	34.77489	34.955948	38.65731	39.700405	41.566936	39.510105	35.938442	35.048992	33.128742	29.866432	30.057917	29.247189	27.463219	23.941786	24.67288	27.047853	30.745008	32.536472	35.19595	38.124954	37.52339	37.23967	40.79176	41.01041
A-396-A	42.342422	42.50311	39.7714	37.797905	34.562874	32.0155	29.024916	27.934635	26.397121	27.552439	25.084478	25.63676	26.773716	29.784447	31.210579	34.384583	34.616417	37.25149	34.975086	32.116486	34.44298	35.83091	32.449787	31.66824	35.0403	35.710075	38.584175	39.28251	42.43783	45.04565	45.58021	42.343544	39.582226	37.147057	37.571053	34.02418	31.561758	29.498198	26.016272	22.711517	22.447617	25.790071	25.746164	25.066296	28.008575	8.5253725	7.6854725	10.99174	13.175831	16.946861	19.429825	22.852821	25.265303	27.821814	27.119623	29.832695	32.72088	32.599377	28.99601	29.599794	30.966078	34.55964	33.56734	31.643112	34.23641	37.03731	35.111633	34.89898	38.57343	39.920506	41.7647	39.990818	36.553596	36.02483	34.372334	31.27192	31.132448	29.933697	27.831482	24.195385	24.376276	26.433338	30.122116	31.590124	33.964245	37.090576	36.793736	36.36733	40.026794	40.525883
S-397-A	43.524586	43.88686	41.36208	39.269554	36.164326	33.350998	30.5319	29.17712	27.992964	29.562756	27.440971	28.197086	29.614777	32.552048	33.81368	37.06361	37.351402	39.776752	37.28863	34.544422	36.82774	37.932896	34.405094	33.746067	36.9764	37.323563	40.170723	40.97944	44.28186	46.760498	47.402885	44.323563	41.369785	39.081833	39.374954	35.88981	33.18368	31.231915	27.950813	24.455542	24.438972	27.559645	27.028786	26.212929	29.3903	10.390484	10.059388	13.45279	14.8663845	18.596386	20.709133	24.209408	26.184017	29.03965	28.777681	31.754614	34.69413	34.92747	31.41151	31.770336	33.22048	36.723465	35.50902	33.364365	36.022713	38.68001	36.46375	36.143173	39.893143	41.06046	42.6054	40.709026	37.331112	36.926586	35.036434	32.10388	32.293938	30.905472	29.113409	25.38657	25.781252	27.507019	31.282425	32.973675	35.197525	38.44505	37.949123	37.173515	40.756405	41.47038
M-398-A	47.00118	47.31115	44.694305	42.662476	39.484528	36.7828	33.855057	32.539703	31.119545	32.49422	30.129025	30.563541	31.843521	34.936497	36.237892	39.342335	39.390354	41.975643	39.69966	36.751003	38.85699	40.20837	36.76649	35.783894	38.97522	39.32845	42.365467	43.359985	46.645374	49.29718	50.05123	46.90284	44.076416	41.82914	42.334377	38.85943	36.219616	34.05995	30.68522	27.232145	26.807688	29.913612	29.644363	28.520847	31.476482	13.285639	12.814328	16.088785	17.88541	21.605083	24.020254	27.422146	29.510574	32.189697	31.672535	34.577953	37.364525	37.382744	33.752308	34.061333	35.195976	38.664368	37.32751	35.466866	38.304573	40.857197	38.66708	38.648777	42.399536	43.421772	45.064053	42.988323	39.490902	38.768684	36.699085	33.5828	33.976543	32.95127	31.29892	27.666876	28.344824	30.368984	34.1375	35.926525	38.340015	41.46548	40.88231	40.27505	43.827675	44.335625
Q-399-A	46.713963	46.721725	43.929268	41.742203	38.391483	35.73841	32.574642	31.093302	29.333323	30.62442	28.158257	28.20903	29.649921	32.945824	33.999115	36.925297	36.695515	39.2693	37.11035	34.008278	35.894833	37.345604	33.956482	32.72372	35.834785	36.154663	39.31451	40.472107	43.758564	46.54311	47.4533	44.29704	41.56454	39.458443	40.243145	36.864323	34.20224	31.76346	28.384596	24.941652	24.108324	27.099243	27.02957	25.64247	28.397882	11.800059	12.121156	15.637263	18.019823	21.819807	24.105942	27.640612	30.046663	32.710846	32.057312	34.692566	37.632595	37.3953	33.78399	34.515102	35.823036	39.425514	38.429855	36.60604	39.228798	42.018665	40.089012	39.92413	43.604053	44.913765	46.726696	44.87787	41.41466	40.791515	38.98136	35.82714	35.876926	34.792706	32.791714	29.163855	29.411087	31.437664	35.13418	36.56234	38.856113	42.034237	41.790222	41.295467	44.957455	45.525448
C-400-A	46.221966	46.306583	43.673428	41.284515	38.01548	35.09315	32.037945	30.224503	28.754953	30.483774	28.411674	28.66247	30.489006	33.716965	34.50608	37.508003	37.348175	39.635635	37.215355	34.26833	36.118324	37.207336	33.658226	32.612892	35.567352	35.549755	38.63204	39.872032	43.308678	45.933945	46.959244	43.987797	41.047634	39.12329	39.797096	36.51438	33.584187	31.235682	28.095007	24.463531	23.905148	26.636246	26.043276	24.563498	27.57581	11.767866	12.80378	16.545656	18.425	22.216843	24.009665	27.691036	29.80589	32.78226	32.55923	35.338875	38.454453	38.52144	35.0403	35.750286	37.342503	40.939705	39.939037	37.813362	40.326828	43.13304	41.04568	40.596203	44.306896	45.638348	47.211876	45.43041	42.09312	41.755238	39.92371	36.98342	37.09155	35.67065	33.735844	30.003494	30.13075	31.74897	35.478184	36.900414	38.923992	42.27853	42.04126	41.21505	44.85755	45.73046
V-401-A	49.373302	49.61622	47.05985	44.74571	41.543915	38.60213	35.634785	33.863815	32.495018	34.230797	32.131435	32.3994	34.1243	37.34457	38.231213	41.23335	41.049877	43.389957	41.00933	38.030453	39.839172	40.97167	37.433094	36.31486	39.22123	39.12718	42.264187	43.59141	47.04644	49.68691	50.753048	47.792416	44.85027	42.9386	43.5922	40.2966	37.364117	35.044838	31.906734	28.275095	27.702991	30.405357	29.781807	28.195915	31.170115	15.319333	15.866029	19.468925	21.161674	24.925077	26.886074	30.474117	32.407486	35.366024	35.162216	38.09269	41.0676	41.206806	37.66082	38.097603	39.45024	42.950607	41.669712	39.637924	42.372196	44.975773	42.709286	42.47524	46.241184	47.30782	48.77793	46.75133	43.346336	42.810688	40.69053	37.71358	38.185257	36.952637	35.33657	31.632135	32.166164	33.875916	37.66131	39.364395	41.5191	44.813175	44.31699	43.443554	46.998768	47.78279
L-402-A	51.087757	51.07757	48.3328	45.96565	42.60224	39.788506	36.600098	34.780327	33.03566	34.56137	32.252396	32.073956	33.795696	37.21467	37.960766	40.731747	40.214607	42.636253	40.491177	37.30203	38.839336	40.19768	36.78397	35.298634	38.10682	38.013355	41.335735	42.87539	46.290585	49.127296	50.356068	47.34846	44.577076	42.783665	43.758183	40.542976	37.671253	35.05342	31.87009	28.321619	27.240156	29.83164	29.539825	27.61958	30.264309	16.126926	16.971148	20.59709	22.836895	26.64916	28.722391	32.339386	34.582905	37.41372	36.94435	39.63969	42.62914	42.45527	38.86025	39.5667	40.86259	44.439922	43.344906	41.503643	44.183163	46.907745	44.857815	44.693512	48.410572	49.61754	51.29337	49.3383	45.879055	45.231438	43.22098	40.098343	40.402866	39.331356	37.51549	33.859222	34.235733	36.13794	39.874912	41.372616	43.569244	46.82403	46.52828	45.858837	49.488914	50.178345
T-403-A	49.696495	49.513664	46.75425	44.178967	40.76983	37.863655	34.60831	32.509315	30.71825	32.424286	30.320065	30.019152	32.0736	35.539333	35.947575	38.632458	37.99819	40.206345	37.978825	34.820843	36.19297	37.369553	33.91364	32.407284	35.053993	34.740715	38.06759	39.738102	43.22615	46.032715	47.41456	44.526707	41.70425	40.11971	41.20132	38.13252	35.115887	32.392296	29.389593	25.791624	24.616205	26.928644	26.46055	24.327877	26.967316	14.874658	16.54642	20.30177	22.575401	26.359282	28.039446	31.776169	34.058926	37.024754	36.711143	39.28136	42.469654	42.310345	38.835854	39.822563	41.429058	45.09003	44.25306	42.239174	44.67542	47.584583	45.64003	45.18124	48.85123	50.296738	51.95829	50.236767	46.88977	46.51035	44.7118	41.698586	41.74901	40.40968	38.364006	34.65893	34.641754	36.29467	39.974087	41.192444	43.129734	46.50843	46.472565	45.700157	49.38754	50.29838
F-404-A	51.454716	51.400547	48.805996	46.11956	42.818256	39.71663	36.60496	34.286945	32.777565	34.79609	32.98131	32.8345	35.094597	38.489304	38.751728	41.472565	40.874855	42.87796	40.491642	37.456314	38.75608	39.665207	36.12611	34.732056	37.18621	36.54514	39.81365	41.60546	45.200264	47.87478	49.381214	46.66854	43.703465	42.29406	43.285557	40.31269	37.10987	34.48718	31.7051	28.01663	27.053413	29.105198	28.217085	25.967522	28.72794	17.4557	19.231472	23.029188	24.90014	28.64505	30.070793	33.840237	35.824787	38.987286	38.981388	41.71608	44.955124	45.03951	41.62311	42.465984	44.150864	47.76517	46.79219	44.618183	47.082962	49.907036	47.770344	47.215385	50.928055	52.262276	53.701176	51.914562	48.631065	48.35794	46.41105	43.53212	43.79172	42.31443	40.464443	36.70896	36.799507	38.214893	41.931755	43.273342	45.073994	48.54296	48.39148	47.3589	50.980263	52.071095
E-405-A	54.57696	54.603165	51.98795	49.41448	46.107605	43.073395	39.955696	37.77769	36.21306	38.08431	36.083046	35.86929	37.929714	41.370052	41.797104	44.494133	43.834484	45.993572	43.737804	40.599964	41.875523	42.968655	39.492924	37.95491	40.434883	39.867474	43.220154	45.060146	48.614788	51.377308	52.88463	50.102142	47.214592	45.744434	46.778015	43.745483	40.626728	37.970543	35.073048	31.422338	30.3419	32.501022	31.802334	29.516321	32.150047	20.189821	21.484644	25.22069	27.164232	30.952808	32.680237	36.38092	38.366093	41.43067	41.283184	44.086224	47.18165	47.201958	43.67735	44.34589	45.765358	49.32281	48.151817	46.152454	48.820198	51.501663	49.290337	48.9923	52.74431	53.882423	55.337166	53.341698	49.956795	49.433235	47.278675	44.294468	44.799316	43.577507	41.925003	38.212494	38.62356	40.25364	44.01924	45.565475	47.566063	50.945507	50.60835	49.65871	53.23997	54.159206
G-406-A	56.46303	56.342552	53.71752	50.96784	47.626816	44.530712	41.362377	38.9296	37.306522	39.295933	37.447903	37.015244	39.318092	42.82522	42.932587	45.453682	44.564243	46.533413	44.307396	41.157	42.12808	43.103313	39.672337	37.97673	40.16295	39.28282	42.688416	44.794548	48.39589	51.16758	52.923	50.29611	47.425648	46.246357	47.463615	44.626377	41.39528	38.599648	35.92017	32.295185	31.013962	32.787548	31.97323	29.348145	31.783226	22.361952	24.119942	27.903774	29.908142	33.67449	35.163563	38.930035	40.927948	44.079536	44.023773	46.733837	49.94494	49.937664	46.475826	47.327198	48.891853	52.499687	51.464622	49.403454	51.95307	54.73217	52.57593	52.1354	55.864178	57.119923	58.55618	56.664402	53.332783	52.924	50.8373	47.894325	48.314854	46.9864	45.23608	41.49926	41.72255	43.22111	46.954437	48.338943	50.173565	53.63018	53.449883	52.423153	56.02965	57.09315
L-407-A	55.49109	55.541615	53.108395	50.304737	47.110073	43.843025	40.868774	38.324654	37.048416	39.325764	37.767506	37.655956	40.102352	43.4648	43.54149	46.2166	45.550987	47.34734	44.879196	41.928585	43.040047	43.71959	40.162163	38.77344	40.9372	39.90445	43.1408	45.151184	48.83179	51.398636	53.110344	50.610863	47.556087	46.404076	47.38537	44.567554	41.199722	38.628326	36.104313	32.390503	31.50743	33.2133	31.983473	29.525255	32.239925	22.466658	24.282387	28.06877	29.638475	33.319973	34.533337	38.29641	39.991478	43.310402	43.573654	46.441135	49.703354	49.983257	46.612568	47.319916	49.026054	52.583443	51.458782	49.18298	51.69935	54.413578	52.090443	51.48965	55.23494	56.42322	57.634468	55.7493	52.52557	52.305813	50.168972	47.41342	47.936054	46.391354	44.778416	41.006683	41.24984	42.465954	46.20125	47.672108	49.34722	52.88166	52.604733	51.32511	54.856186	56.108555
T-408-A	57.2101	57.44576	55.055447	52.40633	49.261486	46.02471	43.11847	40.768948	39.5648	41.75472	40.05636	40.077374	42.30759	45.642345	45.98161	48.76409	48.211346	50.172455	47.724274	44.744446	46.013206	46.816143	43.247017	41.89097	44.20938	43.338882	46.58267	48.488132	52.14178	54.725864	56.315372	53.71866	50.66443	49.335316	50.20466	47.249546	43.957054	41.475758	38.793564	35.061386	34.276394	36.2328	35.100258	32.805153	35.590137	24.017843	25.311617	29.03048	30.493458	34.18929	35.66009	39.33832	40.933537	44.185513	44.39439	47.407864	50.517254	50.84923	47.394325	47.832863	49.303513	52.76994	51.39254	49.219067	51.94116	54.46786	52.00319	51.627033	55.417496	56.36306	57.516396	55.410374	52.119217	51.702557	49.34347	46.55629	47.361076	46.005047	44.652832	40.923687	41.518578	42.87243	46.65921	48.3986	50.26121	53.711033	53.177372	51.9191	55.37813	56.482773
D-412-A	64.53873	64.53273	62.18783	59.192722	56.03992	52.67224	49.741047	46.894028	45.66052	48.096348	46.74501	46.365894	49.04096	52.472267	52.181484	54.589947	53.5797	55.108383	52.736366	49.790714	50.400223	50.905205	47.488445	45.851757	47.457874	45.863922	49.12171	51.59703	55.304543	57.829815	59.96928	57.78835	54.785686	54.124313	55.33648	52.83696	49.331932	46.642124	44.47616	40.856693	39.736782	40.860138	39.45671	36.55072	38.840466	32.26582	34.260345	38.053402	39.605595	43.252502	44.293884	48.063396	49.611782	53.032936	53.45414	56.328693	59.637016	59.954865	56.610508	57.334217	59.04017	62.583584	61.392933	59.107536	61.65195	64.31371	61.895992	61.27862	65.0339	66.132935	67.18639	65.224495	62.044044	61.819233	59.51197	56.819695	57.565548	56.0395	54.588852	50.822098	51.148247	52.24671	55.97331	57.463997	59.00135	62.593136	62.29979	60.840977	64.30211	65.70446
S-413-A	65.193634	65.3022	63.12814	60.077675	57.060314	53.576973	50.817055	47.868195	46.899635	49.542786	48.436058	48.247456	51.042706	54.365788	54.00168	56.476593	55.59068	56.950165	54.420696	51.63794	52.285507	52.545628	49.074596	47.643482	49.15583	47.39115	50.49735	52.94119	56.690144	59.035835	61.187862	59.16076	56.04131	55.472866	56.533302	54.111332	50.51185	47.990334	46.00326	42.368332	41.50044	42.494022	40.791122	37.982143	40.389534	34.081554	36.125717	39.88373	41.143826	44.689754	45.497105	49.230164	50.53246	54.060863	54.733406	57.696075	61.037327	61.56562	58.30976	58.94315	60.75703	64.253296	63.008327	60.5689	63.067886	65.67337	63.139214	62.390198	66.13588	67.180756	68.03884	66.096	63.026333	62.95689	60.617073	58.09116	58.918674	57.234222	55.898945	52.132492	52.46089	53.324738	57.0194	58.55084	59.93035	63.569866	63.21765	61.551178	64.925385	66.4936
Q-414-A	62.33601	62.36712	60.229145	57.090984	54.107174	50.591164	47.87299	44.8097	43.91328	46.662613	45.74464	45.58787	48.52355	51.778267	51.255867	53.702507	52.847458	54.043873	51.435658	48.768288	49.38383	49.467075	45.988873	44.67333	46.09064	44.214424	47.22289	49.652393	53.415733	55.664135	57.83961	55.914436	52.753193	52.289005	53.324005	51.006496	47.35846	44.886696	43.067493	39.471783	38.69405	39.50624	37.633556	34.84027	37.269566	32.04003	34.352283	38.07842	39.26539	42.7281	43.28903	47.029907	48.30983	51.88961	52.671734	55.554398	58.98728	59.556072	56.404903	57.174473	59.1789	62.70691	61.624462	59.06691	61.39799	64.10917	61.64895	60.703033	64.401985	65.60527	66.45579	64.68884	61.70342	61.825214	59.65503	57.20168	57.833714	55.96587	54.47945	50.69784	50.78482	51.480343	55.112877	56.469418	57.67404	61.36611	61.171757	59.44526	62.836914	64.541695
A-415-A	59.872776	59.882896	57.63308	54.57837	51.507614	48.062767	45.238705	42.305897	41.263683	43.875618	42.761	42.584606	45.39721	48.703182	48.33458	50.83599	50.009556	51.38566	48.825253	46.05255	46.793957	47.065453	43.55641	42.187855	43.823505	42.186752	45.29547	47.626553	51.379307	53.74896	55.803684	53.6943	50.565964	49.904694	50.95374	48.487053	44.909824	42.372864	40.34072	36.698486	35.85157	36.908062	35.22805	32.48076	34.99137	28.63524	30.861729	34.617977	35.94526	39.482742	40.22718	43.993317	45.424755	48.933	49.548847	52.411327	55.808186	56.270065	53.05145	53.833427	55.761566	59.31138	58.24006	55.768745	58.14405	60.877563	58.47631	57.625153	61.339043	62.562225	63.54178	61.75239	58.688503	58.710735	56.566196	54.009853	54.58429	52.808594	51.255116	47.468685	47.57412	48.42995	52.096832	53.463924	54.80682	58.460804	58.26761	56.6867	60.13846	61.708515
K-416-A	59.99964	60.24936	58.130844	55.182327	52.225697	48.723625	46.05093	43.237694	42.42388	45.0999	44.001694	44.105976	46.810146	50.024837	49.87344	52.56355	51.966923	53.41582	50.737026	48.034122	49.02178	49.265823	45.665493	44.496056	46.311268	44.796486	47.82657	49.97227	53.741154	56.024666	57.913483	55.758545	52.529766	51.691154	52.508457	49.912464	46.336315	43.993244	41.87544	38.160595	37.59937	38.88719	37.104565	34.61709	37.370285	29.153315	31.047085	34.7533	35.794964	39.290558	40.080784	43.775448	44.97976	48.51518	49.25194	52.29687	55.603706	56.252377	53.023205	53.538162	55.373623	58.827545	57.53848	55.028538	57.521988	60.085587	57.50498	56.725883	60.471306	61.487225	62.305584	60.373165	57.330772	57.32371	55.016396	52.55258	53.35975	51.598587	50.29563	46.53407	46.884407	47.686733	51.380253	52.980846	54.378098	58.003178	57.572163	55.880253	59.23395	60.79098
K-417-A	59.31901	59.59135	57.62828	54.574688	51.747585	48.145657	45.63588	42.66371	42.094414	44.985508	44.203587	44.439327	47.322433	50.409786	50.07634	52.76331	52.248657	53.45193	50.630695	48.12663	49.08074	49.029884	45.41322	44.450413	46.095055	44.36509	47.21298	49.345554	53.139236	55.224285	57.157536	55.203	51.879787	51.2089	51.915264	49.473244	45.80334	43.61538	41.76915	38.098576	37.7604	38.791912	36.68904	34.274284	37.07713	30.063484	32.175537	35.802193	36.58729	39.927376	40.36233	44.018394	45.019028	48.659042	49.655643	52.69302	56.07943	56.898903	53.81542	54.36612	56.401623	59.83444	58.62392	55.9358	58.273106	60.862293	58.257042	57.249573	60.94487	62.02735	62.693275	60.89911	58.00513	58.23967	56.027706	53.74222	54.477097	52.487007	51.17071	47.416275	47.598557	48.107327	51.719055	53.218643	54.36811	58.057564	57.697975	55.810844	59.10276	60.87929
I-418-A	56.08557	56.23361	54.191677	51.10039	48.21234	44.63863	42.05512	39.05045	38.396305	41.271374	40.503883	40.698452	43.62823	46.713634	46.317024	48.978867	48.45884	49.640278	46.816666	44.31947	45.28039	45.22251	41.60085	40.656025	42.330696	40.648228	43.49719	45.5915	49.383682	51.492107	53.400978	51.412945	48.10049	47.416805	48.16149	45.725674	42.06064	39.828976	37.990215	34.331543	33.97258	34.977158	32.880688	30.467983	33.29898	26.746117	29.073463	32.695465	33.56702	36.89899	37.255127	40.95228	42.085846	45.714687	46.65731	49.58438	53.034973	53.77294	50.72371	51.438904	53.580612	57.069824	56.030125	53.32521	55.545284	58.261646	55.788483	54.687847	58.352848	59.60734	60.39028	58.73738	55.846344	56.154743	54.116158	51.794262	52.301838	50.241974	48.718594	44.946842	44.911472	45.414	48.998165	50.325844	51.427483	55.13935	54.948048	53.138153	56.507084	58.295776
K-419-A	54.817467	55.109665	53.041416	50.11305	47.213436	43.682262	41.092415	38.31686	37.658165	40.415054	39.43919	39.784523	42.498413	45.58191	45.49123	48.315483	47.952534	49.36713	46.542744	43.977123	45.197323	45.328682	41.645424	40.748737	42.729885	41.358696	44.256123	46.15427	49.925484	52.10341	53.802197	51.612553	48.29298	47.311172	47.93401	45.27179	41.69497	39.52082	37.406143	33.666718	33.406315	34.81133	32.88129	30.68533	33.70135	24.687798	26.654434	30.285402	31.110125	34.509792	35.11845	38.797497	39.931816	43.50732	44.35356	47.39811	50.74515	51.496403	48.355743	48.888474	50.870888	54.31956	53.122337	50.487038	52.856606	55.472137	52.922016	51.986897	55.70061	56.81671	57.619293	55.82171	52.851322	53.017887	50.866714	48.491028	49.126904	47.18621	45.78296	42.014297	42.19715	42.846436	46.499405	48.02131	49.320377	52.97287	52.602497	50.86548	54.229225	55.862823
M-420-A	55.425507	55.932945	54.080814	51.183846	48.47344	44.85171	42.504593	39.740906	39.418465	42.33427	41.567158	42.182903	44.90255	47.830246	47.788322	50.72289	50.55714	51.871155	48.902092	46.51108	47.854866	47.796646	44.06893	43.41681	45.386215	43.955948	46.685467	48.463566	52.243866	54.236492	55.855625	53.772385	50.34356	49.35542	49.746235	47.103836	43.49081	41.565422	39.575256	35.847244	35.912403	37.299274	35.127728	33.156155	36.310005	26.862675	28.642326	32.130985	32.553135	35.78577	36.212982	39.774055	40.56766	44.2127	45.321728	48.504448	51.8042	52.81156	49.761105	50.081852	52.085796	55.423286	54.081043	51.322094	53.698715	56.165688	53.445763	52.445957	56.14627	57.1067	57.663998	55.817757	52.96473	53.244053	50.99699	48.82121	49.637203	47.58737	46.41955	42.698807	43.0093	43.42846	47.03764	48.703342	49.89191	53.54449	53.004635	51.04872	54.27201	56.02713
D-421-A	53.912003	54.323032	52.548416	49.50891	46.865433	43.178867	40.91703	37.958355	37.773636	40.86149	40.38879	41.026134	43.94693	46.779606	46.487396	49.348972	49.188046	50.250698	47.191723	44.96912	46.212135	45.892445	42.182186	41.672993	43.443695	41.807293	44.382797	46.17992	49.9711	51.81076	53.50589	51.609592	48.12974	47.342533	47.70878	45.25136	41.55641	39.71053	38.00522	34.354713	34.540947	35.613377	33.17935	31.221441	34.356133	26.758593	28.89913	32.307102	32.619984	35.705025	35.760178	39.310776	40.0326	43.752983	45.03946	48.110886	51.52626	52.59632	49.69697	50.19048	52.43011	55.791046	54.64811	51.748875	53.904198	56.486053	53.85412	52.599464	56.226196	57.369385	57.882114	56.25734	53.536995	54.061005	52.014935	49.95746	50.556377	48.28725	46.959232	43.245033	43.249725	43.418224	46.924232	48.358677	49.283802	53.00671	52.667614	50.599174	53.81901	55.779995
L-422-A	50.58827	50.958042	49.091656	46.09593	43.38427	39.73594	37.39921	34.524178	34.26888	37.29238	36.7346	37.428867	40.28342	43.106308	42.91481	45.842247	45.76508	46.924732	43.85945	41.61505	43.004642	42.771633	39.0255	38.57127	40.52862	39.103912	41.69553	43.347157	47.121727	49.01658	50.577045	48.544556	45.069706	44.111004	44.443405	41.868393	38.219273	36.370834	34.52924	30.843975	31.091793	32.351574	29.998667	28.18589	31.451906	22.972355	25.137243	28.528063	28.867514	31.972519	32.063778	35.653336	36.49843	40.193848	41.38872	44.42303	47.852966	48.85888	45.945034	46.49991	48.76471	52.159245	51.09697	48.21225	50.33241	52.9854	50.436504	49.17412	52.80101	54.038013	54.672028	53.106224	50.346962	50.87077	48.93244	46.816048	47.263527	44.98397	43.518772	39.787117	39.689785	39.91908	43.439304	44.81107	45.791744	49.51371	49.242294	47.28056	50.57774	52.473557
Q-423-A	50.67954	51.288776	49.489567	46.684254	44.046734	40.4263	38.19028	35.57351	35.43216	38.364185	37.662476	38.573902	41.19416	43.9596	44.086727	47.182228	47.29552	48.64393	45.56292	43.30652	44.94281	44.84174	41.05768	40.690857	42.888752	41.71037	44.299065	45.763813	49.50319	51.40453	52.764194	50.596085	47.10569	45.88699	46.03951	43.274094	39.722504	38.015312	35.96201	32.237705	32.65406	34.266487	32.03722	30.476154	33.877632	22.964918	24.607452	27.930485	28.05321	31.156734	31.468996	34.973057	35.662216	39.320995	40.51827	43.740078	47.026207	48.147427	45.16833	45.42646	47.507603	50.807	49.495224	46.643932	48.94672	51.414516	48.696205	47.603264	51.282673	52.283054	52.82347	51.057053	48.254528	48.65619	46.52402	44.430927	45.129883	42.947968	41.741615	38.033974	38.26409	38.564823	42.14551	43.809147	44.96479	48.615303	48.06205	46.08109	49.303555	51.07965
K-424-A	51.531338	52.25964	50.68563	47.829353	45.38849	41.67653	39.68601	36.96996	37.14736	40.273335	39.880924	40.95095	43.681515	46.29481	46.300865	49.401287	49.61481	50.747696	47.542377	45.48978	47.105053	46.736042	42.954506	42.790787	44.824814	43.45273	45.853397	47.289734	51.035698	52.723885	54.102627	52.138012	48.5591	47.486156	47.48157	44.863136	41.248135	39.75225	37.968796	34.32091	34.974316	36.357338	33.838745	32.385075	35.80427	25.916142	27.599943	30.759306	30.56078	33.436214	33.419773	36.79302	37.158375	40.88853	42.382484	45.638535	48.927887	50.271408	47.446503	47.6242	49.816204	53.024624	51.690464	48.69492	50.89366	53.280064	50.471226	49.213867	52.831062	53.776596	54.07776	52.37406	49.74698	50.348816	48.223873	46.36229	47.12606	44.77535	43.707825	40.069588	40.26721	40.257084	43.72708	45.38853	46.310295	49.980442	49.38587	47.164284	50.245186	52.22665
A-425-A	49.067814	49.678036	48.14858	45.163975	42.76974	39.010002	37.087532	34.208282	34.511307	37.779682	37.657784	38.765743	41.658253	44.16441	43.957287	46.99736	47.243168	48.160133	44.87437	42.989513	44.551987	43.957256	40.195454	40.19832	42.095024	40.605495	42.845158	44.237507	47.97603	49.526455	50.927135	49.10342	45.48283	44.550236	44.505096	42.036655	38.364906	36.96154	35.427174	31.867943	32.67102	33.799778	31.057812	29.700245	33.1258	24.848785	26.874716	29.915874	29.629839	32.34289	31.960024	35.32047	35.661144	39.445312	41.075245	44.189713	47.593052	48.963135	46.288864	46.66821	49.093098	52.33191	51.23296	48.121742	50.081696	52.60759	49.932278	48.425434	51.959766	53.126263	53.43781	51.982838	49.475357	50.309074	48.43152	46.65864	47.144974	44.592724	43.310276	39.687595	39.536297	39.303516	42.661762	44.05437	44.727417	48.46169	48.103626	45.81839	48.922874	51.082172
A-426-A	46.232273	46.903297	45.302654	42.441948	40.004257	36.291702	34.333538	31.65546	31.938023	35.098114	34.827835	36.08545	38.806156	41.276344	41.305603	44.475647	44.876133	45.9697	42.683582	40.769676	42.56842	42.123966	38.32462	38.406155	40.57407	39.395164	41.65243	42.83389	46.531414	48.146572	49.337708	47.32241	43.712547	42.50278	42.355625	39.688076	36.10959	34.76333	33.001476	29.40057	30.339327	31.79985	29.210194	28.110285	31.690342	21.543102	23.35209	26.316923	25.93038	28.651905	28.38507	31.75676	32.149643	35.90952	37.45615	40.623318	43.98722	45.344715	42.624252	42.938625	45.315384	48.551834	47.426884	44.33895	46.34436	48.86816	46.199604	44.75368	48.319454	49.482517	49.879498	48.394474	45.822937	46.606113	44.752964	42.9296	43.368828	40.840332	39.52603	35.888615	35.769363	35.62139	39.030937	40.490437	41.29893	45.012314	44.60017	42.410007	45.57249	47.6173
T-427-A	46.7611	47.72626	46.2989	43.630234	41.368286	37.680073	35.94484	33.51683	34.030174	37.139267	36.850723	38.358856	40.876495	43.21531	43.501812	46.81	47.42046	48.604572	45.27994	43.438915	45.439583	45.025192	41.218666	41.440327	43.748425	42.72088	44.90599	45.91189	49.56105	51.099876	52.10957	50.053886	46.419468	45.03058	44.657127	41.884758	38.408222	37.284576	35.44155	31.875338	33.030437	34.70976	32.165333	31.31544	34.973576	23.153347	24.429268	27.199102	26.44922	29.02103	28.835682	32.015976	32.08626	35.81074	37.487556	40.843872	44.041508	45.610607	42.90893	42.88212	45.112175	48.195892	46.8129	43.70132	45.835575	48.123512	45.24732	43.901005	47.480747	48.372704	48.560455	46.902813	44.37625	45.132965	43.093994	41.415516	42.136173	39.629253	38.653843	35.094177	35.299152	35.074825	38.475918	40.232964	41.112717	44.742756	44.019062	41.705044	44.71328	46.722248
I-428-A	47.987766	49.05713	47.864124	45.14915	43.095505	39.344208	37.858833	35.3355	36.13567	39.4066	39.413	41.02276	43.64744	45.84821	45.992676	49.271317	49.945606	50.913837	47.49382	45.842888	47.785538	47.120975	43.339348	43.72431	45.848072	44.621296	46.63064	47.628925	51.273014	52.605663	53.64885	51.80714	48.10714	46.888245	46.384674	43.786808	40.264744	39.331383	37.76926	34.3031	35.62399	37.050854	34.259613	33.469467	37.096844	26.529669	27.883522	30.513458	29.54086	31.88068	31.384527	34.401466	34.16268	37.914062	39.86326	43.21078	46.393673	48.157154	45.621574	45.535828	47.85997	50.842453	49.455276	46.229603	48.24248	50.44177	47.502266	45.999363	49.48872	50.326218	50.271942	48.693817	46.364456	47.315563	45.300232	43.859222	44.63546	41.988804	41.15158	37.695297	37.857098	37.33292	40.584385	42.309525	42.937405	46.561466	45.813225	43.27046	46.109478	48.322536
P-429-A	44.61644	45.667778	44.575825	41.815113	39.880135	36.10132	34.78948	32.238174	33.283997	36.655815	36.93819	38.718544	41.39141	43.396774	43.451622	46.731205	47.559223	48.358288	44.848038	43.419678	45.432655	44.568707	40.820774	41.47062	43.55495	42.354225	44.14393	44.954212	48.53911	49.697365	50.629585	48.886307	45.147293	43.94677	43.27743	40.769936	37.26527	36.558483	35.20669	31.880407	33.489273	34.78828	31.830114	31.343693	35.009544	25.286938	26.772413	29.140287	27.925047	29.986887	29.096294	32.00487	31.626934	35.411568	37.54701	40.787018	44.029972	45.88712	43.5354	43.56198	46.093365	49.052124	47.862617	44.512825	46.28416	48.56917	45.73859	43.986794	47.37778	48.395386	48.313877	46.981606	44.80103	46.004242	44.24709	42.945095	43.455814	40.596798	39.599247	36.204746	36.052063	35.25188	38.359425	39.864227	40.242077	43.904087	43.32908	40.695847	43.523956	45.910686
V-430-A	42.837578	44.0688	42.972706	40.425514	38.519463	34.82266	33.564762	31.333542	32.417995	35.62538	35.737106	37.714584	40.128178	42.05432	42.429127	45.853573	46.870537	47.874443	44.38573	42.9395	45.204746	44.516846	40.759117	41.481255	43.833786	42.952496	44.757793	45.353333	48.87243	50.084225	50.781773	48.84832	45.140205	43.63418	42.81787	40.09695	36.74367	36.150505	34.556137	31.234007	32.988335	34.648846	31.899023	31.679358	35.445408	23.60793	24.62675	26.792484	25.324703	27.295647	26.56563	29.373266	28.889748	32.624207	34.7295	38.10397	41.22371	43.152664	40.761784	40.568848	42.973423	45.858418	44.521523	41.192104	43.07479	45.2466	42.323174	40.68634	44.12103	45.004196	44.912987	43.45815	41.226124	42.360348	40.531097	39.24526	39.84895	37.028114	36.166367	32.799034	32.840576	32.09027	35.246338	36.96584	37.52192	41.12146	40.341393	37.74749	40.56614	42.81589
S-431-A	45.677517	47.098545	46.15295	43.711697	41.936214	38.266705	37.13913	34.994114	36.156082	39.341766	39.431416	41.442127	43.79065	45.699856	46.156006	49.60611	50.64743	51.67536	48.18645	46.73905	49.008904	48.326523	44.568344	45.2694	47.606384	46.6755	48.490715	49.117573	52.641376	53.81743	54.516224	52.620335	48.903034	47.403675	46.52985	43.816578	40.489902	39.947624	38.347874	35.024364	36.755196	38.439972	35.69361	35.410725	39.16231	26.91729	27.702248	29.86207	28.316479	30.24495	29.637972	32.296276	31.596415	35.25189	37.424973	40.904762	43.877274	45.933666	43.551197	43.111332	45.358887	48.11213	46.54911	43.245476	45.247074	47.193554	44.096397	42.579838	46.00009	46.61171	46.300583	44.673306	42.504665	43.58029	41.538887	40.387127	41.305176	38.566765	38.0458	34.77516	35.128838	34.354015	37.467896	39.418556	40.01122	43.51053	42.47577	39.77466	42.403194	44.62826
Q-432-A	45.052273	46.508278	45.795555	43.281223	41.72824	38.016037	37.160255	34.913227	36.382996	39.72691	40.179737	42.301975	44.774715	46.4954	46.75842	50.152084	51.284084	52.04578	48.458237	47.262688	49.484657	48.511833	44.809265	45.7401	47.8884	46.803585	48.37648	48.92269	52.401825	53.331448	54.01897	52.356255	48.588474	47.262424	46.234234	43.73419	40.38973	40.084175	38.82337	35.66079	37.60673	39.004078	36.009655	35.88346	39.59299	28.944859	29.939135	31.919725	30.18472	31.827099	30.784256	33.26878	32.308525	35.976585	38.42885	41.79434	44.796833	47.013214	44.862686	44.49326	46.935326	49.611965	48.198055	44.75955	46.507267	48.457764	45.41679	43.63259	46.90575	47.610058	47.1182	45.727818	43.807365	45.173706	43.332386	42.421806	43.18968	40.243702	39.69139	36.5411	36.639862	35.50466	38.39961	40.146748	40.383804	43.89034	42.981365	40.073685	42.55888	45.046467
I-433-A	41.358868	42.901566	42.2685	39.851818	38.420876	34.75778	34.08796	32.030037	33.70757	37.002663	37.571915	39.91431	42.259296	43.772846	44.142788	47.59493	48.939297	49.685436	46.06557	45.033688	47.432323	46.41962	42.763508	43.920578	46.174942	45.297985	46.713497	46.997726	50.375927	51.2079	51.675056	49.98062	46.2233	44.74245	43.511017	40.973206	37.756184	37.693798	36.470154	33.456062	35.67417	37.15864	34.193134	34.437435	38.18633	27.206902	28.03772	29.668139	27.630556	28.957132	27.681042	29.973309	28.825047	32.46424	35.046947	38.377266	41.345306	43.666786	41.656017	41.262043	43.792526	46.40029	45.079124	41.566494	43.165924	45.123325	42.13741	40.21289	43.418915	44.205246	43.696373	42.452267	40.6297	42.16426	40.514072	39.724895	40.30842	37.221497	36.606327	33.5472	33.484657	32.14501	34.923317	36.59552	36.71906	40.212265	39.337624	36.38192	38.852077	41.405983
S-434-A	42.438305	44.269005	43.843094	41.66426	40.44597	36.89201	36.450806	34.663326	36.48471	39.669735	40.211628	42.71353	44.866398	46.249825	46.827633	50.35434	51.8566	52.670155	49.05397	48.085365	50.618023	49.64293	46.01284	47.2514	49.59661	48.83567	50.201958	50.358334	53.67402	54.441452	54.756092	53.043533	49.30437	47.693687	46.28995	43.702065	40.62372	40.731937	39.455696	36.50902	38.82904	40.459816	37.575058	37.95333	41.722553	29.732533	30.16859	31.591846	29.306278	30.4184	29.226625	31.223028	29.741945	33.21967	35.90739	39.341198	42.077187	44.59625	42.668148	41.94201	44.302845	46.696045	45.14621	41.643566	43.310036	44.97707	41.817627	39.988007	43.127903	43.608475	42.825127	41.44506	39.760952	41.310356	39.524376	38.980415	39.8306	36.7805	36.55488	33.687443	33.93027	32.479652	35.13149	37.064545	37.214046	40.539356	39.345062	36.270416	38.48102	40.99406
T-435-A	44.876247	46.672043	46.37419	44.081554	42.952816	39.345013	38.979347	36.99547	38.893284	42.2167	42.935043	45.361687	47.685596	49.076218	49.44402	52.887012	54.309593	54.9436	51.283	50.38538	52.76368	51.610455	47.994823	49.243393	51.382755	50.37774	51.672096	51.941605	55.28525	55.93415	56.38387	54.867245	51.090458	49.71099	48.33036	45.928932	42.76004	42.877132	41.817554	38.888535	41.17012	42.544197	39.4757	39.718468	43.424698	32.72655	33.419506	34.978367	32.794224	33.942688	32.618153	34.627674	33.11149	36.60011	39.381435	42.74056	45.513916	48.0653	46.210663	45.55797	47.988037	50.368282	48.865475	45.33396	46.91502	48.573048	45.431072	43.515728	46.576828	47.06376	46.159134	44.859577	43.30116	44.930862	43.1615	42.703022	43.574337	40.497105	40.289875	37.454384	37.6246	36.07589	38.63647	40.457264	40.42061	43.74338	42.62696	39.449787	41.544594	44.196075
I-436-A	42.997177	44.66443	44.45133	42.01785	40.983826	37.342754	37.10815	34.97964	37.044758	40.482944	41.491707	43.930897	46.39292	47.66244	47.800674	51.145977	52.584473	52.983536	49.27249	48.56668	50.85877	49.478065	45.93307	47.341827	49.304054	48.185326	49.28273	49.496746	52.790844	53.265266	53.7324	52.4009	48.609806	47.404003	45.96703	43.76694	40.577362	40.831863	40.066822	37.290985	39.694443	40.792038	37.554844	37.916714	41.54264	32.521725	33.511116	34.979248	32.78218	33.777313	32.09104	34.06104	32.52524	36.048138	38.961575	42.13609	45.025925	47.58026	45.888165	45.472233	48.13352	50.553024	49.316853	45.695377	47.016247	48.83612	45.870007	43.69512	46.651165	47.40022	46.533653	45.52713	44.09262	45.941055	44.445114	44.030685	44.59526	41.34872	40.88195	38.065746	37.85624	36.09776	38.517956	40.009262	39.674294	43.060177	42.236843	38.997078	41.111412	43.97287
A-437-A	40.93379	42.664837	42.71318	40.321724	39.5781	36.013515	36.12851	34.08879	36.466446	39.916996	41.24265	43.838085	46.277145	47.27416	47.32744	50.61608	52.22425	52.411846	48.656956	48.24344	50.56902	48.9687	45.545784	47.229977	49.087	47.99061	48.800743	48.79569	51.952553	52.168713	52.487064	51.338352	47.563686	46.420593	44.758747	42.74644	39.681694	40.260643	39.78943	37.27829	39.926464	40.847126	37.519398	38.1891	41.73157	33.771873	34.7845	35.94659	33.54562	34.168667	32.112156	33.785282	31.993685	35.39961	38.527637	41.52526	44.363983	47.056168	45.64088	45.271526	48.080162	50.374126	49.31534	45.611965	46.642822	48.443764	45.59802	43.180614	45.933994	46.791763	45.79044	45.069187	43.89999	46.021595	44.7968	44.614307	44.965687	41.557796	41.04048	38.4152	37.945686	35.860603	37.986828	39.24114	38.558807	41.872326	41.187916	37.816216	39.753025	42.82125
G-438-A	37.220673	38.90514	38.94483	36.550213	35.84879	32.309322	32.53143	30.580107	33.089436	36.50383	37.948765	40.65031	43.028316	43.878487	43.939873	47.225628	48.949516	49.097534	45.336483	45.048676	47.4618	45.825535	42.459896	44.299698	46.203903	45.260326	45.95026	45.75942	48.834305	48.99582	49.1709	47.996365	44.2421	43.012394	41.239117	39.22803	36.251213	36.99214	36.59518	34.237503	37.054386	37.974224	34.681053	35.622265	39.143677	31.491232	32.50028	33.413525	30.905922	31.298798	29.012375	30.567245	28.744488	32.129272	35.309002	38.186394	41.064655	43.748886	42.444176	42.197304	45.12985	47.43256	46.561146	42.82335	43.681087	45.598164	42.900307	40.33583	43.032936	44.093582	43.208122	42.6809	41.545174	43.785183	42.791935	42.6086	42.68934	39.184673	38.457848	35.87888	35.14141	32.93275	34.958626	36.005554	35.191715	38.54069	38.039436	34.69488	36.716347	39.850796
S-439-A	37.870647	39.333717	39.43831	36.848484	36.209	32.651203	32.93053	30.72826	33.296368	36.831646	38.53859	41.11391	43.69232	44.50475	44.246582	47.363907	48.98672	48.86318	45.081383	44.942173	47.145725	45.263485	41.984123	43.88992	45.51104	44.32551	44.843334	44.71819	47.76673	47.752422	48.063774	47.149593	43.391483	42.4716	40.744843	39.024723	35.983837	36.762356	36.70897	34.484913	37.27198	37.81224	34.336056	35.225475	38.59108	33.042526	34.402428	35.391438	33.0557	33.462074	30.981121	32.576363	30.876585	34.249268	37.441456	40.11078	43.092617	45.698444	44.49997	44.503197	47.58941	49.945312	49.28591	45.531166	46.209015	48.257927	45.720295	43.00974	45.609783	46.86432	46.02508	45.699085	44.64032	46.972424	46.125652	45.92419	45.834904	42.280262	41.362404	38.778534	37.78711	35.52124	37.44625	38.191067	37.14273	40.513554	40.301003	36.9695	38.980946	42.247246
K-440-A	40.23622	41.53257	41.33488	38.5969	37.61043	33.9244	33.782585	31.332245	33.55094	37.158195	38.609985	40.952545	43.674397	44.80536	44.497143	47.620182	48.9933	49.000145	45.24548	44.81284	46.88587	45.14892	41.738773	43.345505	44.969677	43.631794	44.43081	44.614353	47.838074	48.07026	48.63683	47.60786	43.813007	42.953735	41.52946	39.694263	36.444916	36.830853	36.57063	34.06017	36.560257	37.135277	33.646973	34.136223	37.562717	31.781527	33.321507	34.69917	32.654224	33.49346	31.311838	33.29756	31.93553	35.483803	38.461227	41.26583	44.379566	46.802254	45.320942	45.392418	48.405476	50.947453	50.18822	46.493496	47.42029	49.57043	46.957333	44.43246	47.24101	48.473354	47.807617	47.25185	45.92144	48.011993	46.93887	46.469433	46.518574	43.088737	42.11825	39.294163	38.454487	36.50944	38.74775	39.637535	38.88834	42.383327	42.133133	38.93317	41.169277	44.277866
L-441-A	38.303196	39.63769	39.243866	36.579643	35.41366	31.704037	31.390808	29.072361	31.17357	34.69697	35.912697	38.32043	40.911488	42.11624	42.03557	45.28967	46.711998	46.960957	43.22893	42.63907	44.884216	43.379192	39.883133	41.420227	43.308933	42.213516	43.182625	43.308064	46.568134	47.00374	47.467747	46.167618	42.373806	41.237087	39.831123	37.722507	34.49021	34.785435	34.214844	31.574907	34.09218	34.988506	31.66468	32.22142	35.790558	28.407475	29.76451	31.105837	29.007439	29.903868	27.86722	29.94609	28.670828	32.285168	35.158783	38.085293	41.20833	43.580723	41.961334	41.97216	44.91391	47.509586	46.679115	43.017036	44.076305	46.25522	43.60349	41.189777	44.119827	45.33701	44.810238	44.13137	42.637177	44.60739	43.476704	42.88265	42.93887	39.55926	38.556023	35.65272	34.89144	33.08524	35.478683	36.505486	35.98915	39.53657	39.19507	36.097282	38.49772	41.45718
K-442-A	36.693626	37.71389	37.172977	34.288483	32.996483	29.234945	28.805443	26.235817	28.296587	31.915401	33.297447	35.583633	38.34133	39.55053	39.216328	42.34961	43.67583	43.76777	40.026936	39.501617	41.617714	39.9843	36.525524	38.104088	39.85087	38.66158	39.549618	39.702576	42.967567	43.373653	43.930943	42.71018	38.908474	37.930607	36.624863	34.652386	31.33583	31.587751	31.222897	28.672924	31.183777	31.81972	28.381607	28.966896	32.4482	26.880291	28.600765	29.942005	28.052254	28.956099	26.728056	28.922531	27.927816	31.564587	34.343014	37.047424	40.334995	42.524372	40.9437	41.29411	44.406677	47.130615	46.58166	42.933453	43.823433	46.242165	43.82251	41.286385	44.179882	45.698128	45.40115	44.925938	43.39346	45.398926	44.47862	43.74738	43.50339	40.093086	38.741367	35.78589	34.669685	32.8982	35.26308	35.9397	35.301174	38.93345	38.953434	35.99644	38.5633	41.561214
E-443-A	40.248158	41.123154	40.442497	37.435627	35.955444	32.150906	31.437334	28.622536	30.363142	34.03507	35.262806	37.256657	40.1921	41.664482	41.174316	44.21893	45.264717	45.360588	41.666702	40.935234	42.81229	41.21757	37.70403	38.996082	40.591446	39.122925	40.20429	40.701866	44.096508	44.63301	45.48831	44.311275	40.507427	39.745296	38.73298	36.81724	33.33802	33.245052	32.836025	30.093832	32.255394	32.75324	29.26042	29.361925	32.795933	27.849924	29.821766	31.571886	30.021816	31.31256	29.352814	31.820766	31.079485	34.785088	37.399696	40.153416	43.51201	45.5582	43.79921	44.21586	47.262455	50.102287	49.481445	45.89261	46.94637	49.40689	46.934826	44.531773	47.530704	49.00344	48.766132	48.140293	46.465923	48.30623	47.20123	46.305817	46.20826	42.90953	41.565693	38.46021	37.484295	35.949028	38.491287	39.250797	38.769127	42.442146	42.443542	39.553238	42.188198	45.110275
I-444-A	40.56991	41.51949	40.633053	37.730827	36.03266	32.21572	31.237864	28.549948	30.030056	33.592247	34.433506	36.405567	39.217304	40.885757	40.660206	43.845722	44.856327	45.27123	41.6309	40.619194	42.62593	41.350044	37.714737	38.790962	40.66371	39.387066	40.75961	41.319695	44.792713	45.605217	46.432194	44.961403	41.170532	40.144993	39.238014	37.013325	33.523857	33.202965	32.36038	29.360626	31.382254	32.277626	29.000572	28.959932	32.558704	25.39814	27.180857	29.110212	27.623766	29.18061	27.584389	30.249271	29.659101	33.434475	35.870296	38.82793	42.16711	44.141373	42.145325	42.426064	45.303436	48.207397	47.393974	43.878864	45.196056	47.624035	45.02963	42.854725	46.022743	47.361202	47.22597	46.34761	44.459023	46.072674	44.761	43.69697	43.76859	40.606663	39.338787	36.10489	35.38906	34.1227	36.90564	37.941334	37.811214	41.510536	41.30477	38.52815	41.291943	43.999763
F-445-A	37.20298	38.029076	37.016315	34.0818	32.29506	28.474068	27.437782	24.767279	26.269615	29.821589	30.710094	32.766525	35.54517	37.13701	36.93046	40.14257	41.243168	41.67457	38.021114	37.0644	39.18443	37.924915	34.296482	35.495346	37.481	36.397556	37.711327	38.100555	41.529118	42.361942	43.060947	41.490585	37.706264	36.548103	35.592503	33.294342	29.838184	29.581907	28.72205	25.7882	27.97662	28.93664	25.69398	25.930962	29.576458	22.507494	24.35072	26.067213	24.5388	25.95793	24.188574	26.86658	26.413536	30.190086	32.5704	35.410606	38.822796	40.71254	38.759953	39.20819	42.19379	45.148983	44.52598	41.01204	42.19742	44.77108	42.342968	40.081036	43.220657	44.764816	44.8099	44.085346	42.17643	43.83847	42.737186	41.61407	41.413307	38.204998	36.686935	33.459747	32.473522	31.1949	33.943604	34.77328	34.60982	38.352474	38.345634	35.69232	38.59085	41.276455
D-446-A	38.205505	38.706066	37.59594	34.42367	32.531204	28.69356	27.504143	24.47178	25.806936	29.473549	30.524403	32.29078	35.337902	37.016422	36.427353	39.42811	40.289547	40.49351	36.854588	35.915718	37.735424	36.296436	32.708035	33.825836	35.51096	34.114677	35.39743	36.0055	39.493034	40.298515	41.259056	39.870773	36.08291	35.270885	34.545414	32.50302	28.902777	28.465853	27.89735	25.021	27.004608	27.51466	24.072918	24.05108	27.5411	23.253672	25.581587	27.455423	26.296005	27.819237	25.969505	28.752617	28.573627	32.313118	34.57982	37.188007	40.722576	42.421806	40.501778	41.2618	44.36169	47.417744	47.01404	43.54004	44.59606	47.337276	45.0891	42.7509	45.83508	47.58078	47.753677	47.17405	45.26494	46.939404	45.953045	44.73509	44.36744	41.17343	39.432213	36.17772	34.95599	33.73797	36.43435	36.97116	36.677944	40.45074	40.739944	38.183876	41.141914	43.878212
K-447-A	41.72806	42.252842	41.03919	37.88855	35.85253	32.01647	30.60033	27.545544	28.55985	32.15819	32.893524	34.434845	37.507153	39.45353	38.9117	41.904865	42.547302	42.911045	39.35814	38.14035	39.828857	38.585423	34.931507	35.702858	37.384335	35.85503	37.423088	38.331852	41.923946	42.930992	44.088665	42.626236	38.87134	38.103542	37.612904	35.491325	31.825235	31.064005	30.253532	27.139389	28.744406	29.357231	26.03966	25.520468	29.004116	23.910875	26.258915	28.539675	27.637495	29.549604	28.101614	31.095774	31.05494	34.848087	36.965076	39.735527	43.25811	44.878574	42.738422	43.401016	46.335743	49.459347	48.855736	45.455036	46.76922	49.457905	47.06651	44.939255	48.162743	49.743683	49.92643	49.09788	47.02655	48.489124	47.23563	45.871918	45.758976	42.713024	41.105625	37.71749	36.796734	35.835217	38.739574	39.52752	39.48889	43.27084	43.374058	40.854446	43.84841	46.458725
I-448-A	40.46354	41.01146	39.591923	36.5544	34.323734	30.517859	28.870335	25.989977	26.772068	30.225534	30.617348	32.183258	35.0987	37.171543	36.899338	40.030087	40.702637	41.368317	37.869843	36.439423	38.316864	37.379856	33.64024	34.2867	36.290318	35.068012	36.847065	37.690254	41.298775	42.537846	43.57225	41.80972	38.089943	37.008965	36.56486	34.14339	30.526867	29.616152	28.393084	25.09048	26.641186	27.68705	24.629068	24.142023	27.792498	20.449295	22.656109	25.024174	24.191378	26.29727	25.135988	28.291922	28.460129	32.26859	34.179646	37.056053	40.56801	42.08203	39.764645	40.376602	43.196342	46.383602	45.700558	42.380836	43.8566	46.566757	44.157883	42.199974	45.53363	47.081852	47.427616	46.46199	44.214504	45.49854	44.173695	42.64399	42.549564	39.619247	37.97062	34.493675	33.684666	32.97021	36.04339	36.97203	37.221577	41.01178	41.022297	38.672367	41.804363	44.207493
H-449-A	38.03497	38.318233	36.78245	33.601894	31.279064	27.475872	25.730742	22.665071	23.401567	26.928835	27.507782	29.018816	32.06833	34.07968	33.594425	36.634377	37.288338	37.809196	34.28434	32.954857	34.784653	33.72142	30.007933	30.772257	32.70844	31.489454	33.16046	33.936283	37.52975	38.736557	39.777138	38.046764	34.32193	33.31573	32.923027	30.595314	26.932323	26.01185	24.97182	21.775732	23.419636	24.24349	21.05556	20.72926	24.365427	18.97199	21.52493	23.697817	22.988947	24.93506	23.503614	26.658972	27.042395	30.792494	32.632656	35.247124	38.86757	40.23763	38.03273	38.955254	41.949535	45.19648	44.816147	41.50578	42.74495	45.644577	43.486313	41.375385	44.608486	46.434433	46.950672	46.234444	44.036163	45.42214	44.377266	42.820393	42.38786	39.39905	37.44094	34.013767	32.812256	32.04994	34.995724	35.55813	35.647823	39.46369	39.809322	37.588398	40.8106	43.253403
S-450-A	40.868656	40.954792	39.39321	36.059673	33.695137	29.918451	28.080004	24.761667	25.291843	28.84921	29.491888	30.648949	33.916477	36.057568	35.241276	38.050148	38.402473	38.736996	35.279976	33.899998	35.35681	34.172512	30.516699	31.062729	32.64482	31.019144	32.749237	33.873497	37.540222	38.756245	40.125687	38.594658	34.90187	34.28259	34.16512	32.10474	28.339712	27.18353	26.389786	23.241095	24.504908	24.87189	21.564653	20.727577	24.127981	21.322153	24.191116	26.59303	26.221434	28.307838	26.932596	30.135418	30.643429	34.360046	36.13194	38.62665	42.29401	43.54222	41.332413	42.410423	45.421196	48.72302	48.41307	45.144783	46.362526	49.319817	47.21558	45.101128	48.315998	50.193233	50.73012	50.036533	47.83153	49.19079	48.120586	46.504864	46.08421	43.13824	41.135574	37.68167	36.451164	35.750725	38.681698	39.13731	39.160435	42.977013	43.44163	41.236187	44.449272	46.93495
L-451-A	43.501255	43.643677	41.934723	38.690502	36.157772	32.413303	30.33553	27.130215	27.31796	30.70933	30.916714	31.883846	35.063534	37.47888	36.845097	39.69673	39.8742	40.49403	37.162724	35.45062	36.873234	36.022846	32.305573	32.474964	34.197636	32.621964	34.693283	36.03476	39.76563	41.250114	42.711056	40.98806	37.365635	36.633736	36.716084	34.463657	30.709307	29.24532	28.05505	24.656975	25.53251	26.208652	23.209347	21.94671	25.357113	20.723227	23.519629	26.315348	26.223995	28.708265	27.812271	31.219107	31.90498	35.649017	37.210133	39.87887	43.510155	44.649345	42.18604	43.14605	45.949234	49.321217	48.803024	45.6458	47.148727	50.05575	47.82699	45.969776	49.33657	51.051235	51.658108	50.69948	48.293327	49.392635	48.06858	46.263134	46.071167	43.316628	41.422806	37.83959	36.922886	36.54249	39.69821	40.42604	40.77575	44.58946	44.84993	42.7417	46.025654	48.320335
L-452-A	41.191063	41.266758	39.360336	36.1922	33.48538	29.805277	27.51232	24.44029	24.392385	27.647028	27.60448	28.583405	31.65433	34.145164	33.69205	36.64076	36.867397	37.71149	34.419327	32.568867	34.178097	33.563057	29.786615	29.914467	31.938845	30.697973	32.89098	34.092014	37.80501	39.461807	40.768818	38.789066	35.20713	34.196514	34.310978	31.8271	28.135374	26.556568	25.045261	21.521362	22.385712	23.42145	20.645985	19.519295	23.10008	16.945236	19.795473	22.595184	22.64658	25.230608	24.499176	28.014643	28.966799	32.657627	34.00023	36.636135	40.278057	41.26927	38.71384	39.748947	42.516163	45.949448	45.491947	42.416206	43.945896	46.932377	44.802116	43.02799	46.42409	48.215668	49.01758	48.059116	45.548187	46.546356	45.29611	43.359894	43.033768	40.35935	38.311363	34.70016	33.71582	33.52722	36.744576	37.437435	37.961605	41.763493	42.074833	40.170013	43.576008	45.70483
S-453-A	39.73729	39.517742	37.53931	34.201748	31.442081	27.800018	25.434397	22.110563	21.966545	25.304876	25.529257	26.344595	29.63564	32.062286	31.257929	34.02656	34.153812	34.749447	31.43628	29.708899	31.141903	30.313267	26.580462	26.790947	28.609213	27.214209	29.294716	30.532602	34.258076	35.860447	37.27532	35.41563	31.831553	31.042845	31.284174	29.013853	25.250513	23.600954	22.413568	19.052124	19.901712	20.479128	17.469902	16.3256	19.838762	17.14237	20.367912	22.913609	23.108126	25.459476	24.417238	27.85095	28.959354	32.550488	33.855045	36.180187	39.910633	40.76588	38.37542	39.73476	42.683247	46.14603	46.002693	42.932663	44.190636	47.34017	45.458828	43.507893	46.76713	48.818653	49.731144	49.037632	46.626396	47.760815	46.783348	44.875187	44.242065	41.496143	39.188137	35.66795	34.299755	34.008312	37.041218	37.345703	37.64254	41.442593	42.09761	40.281384	43.717	45.92722
G-454-A	43.27778	42.92699	40.897766	37.484753	34.667286	31.08728	28.61655	25.181198	24.774912	28.017897	28.146994	28.559752	31.964874	34.573666	33.54489	36.08134	35.8564	36.377987	33.21786	31.3377	32.37403	31.573658	27.9298	27.76328	29.25694	27.490059	29.75726	31.418661	35.200478	36.90976	38.65996	36.92795	33.44233	32.98125	33.543842	31.475029	27.685953	25.749052	24.673285	21.361889	21.673187	21.899366	18.995596	17.169989	20.322134	19.576984	22.942741	25.75797	26.291077	28.841448	27.991035	31.486252	32.70488	36.274673	37.473392	39.75646	43.495243	44.220642	41.757053	43.191475	46.073948	49.591072	49.434673	46.4398	47.77012	50.93963	49.059692	47.18818	50.477474	52.511845	53.45546	52.69464	50.21832	51.251266	50.170742	48.16145	47.616997	44.96756	42.67257	39.101124	37.822124	37.666245	40.749622	41.064533	41.40444	45.19781	45.87336	44.08818	47.531727	49.722164
K-455-A	43.95081	43.706947	41.945995	38.47051	35.91038	32.245358	30.113363	26.58518	26.62153	30.059076	30.58093	31.192387	34.659363	37.042805	35.880856	38.382053	38.283237	38.51605	35.24442	33.668602	34.6511	33.499985	29.938025	30.055738	31.276953	29.261595	31.206572	32.810417	36.549892	37.943207	39.720524	38.29353	34.730347	34.49547	34.850597	33.021088	29.200365	27.594803	26.923553	23.815681	24.44703	24.36342	21.149984	19.582735	22.605482	22.796022	26.039751	28.700605	28.877914	31.198921	30.02554	33.359562	34.223915	37.860214	39.371002	41.681316	45.414062	46.371593	44.07954	45.423008	48.412624	51.835587	51.65888	48.52071	49.743675	52.83659	50.873962	48.83186	52.054234	54.05093	54.76829	54.086662	51.778873	53.009117	51.9406	50.136066	49.649254	46.834442	44.666977	41.15485	39.853638	39.38784	42.355385	42.655193	42.735165	46.545395	47.200134	45.171337	48.473423	50.883602
P-456-A	46.98034	46.91544	45.27138	41.84341	39.370148	35.655792	33.622093	30.152641	30.28938	33.737457	34.188004	34.83312	38.25	40.68026	39.610985	42.150394	42.03313	42.310417	39.054943	37.433624	38.38641	37.27343	33.72095	33.748474	34.923817	32.815857	34.80059	36.50251	40.240517	41.606434	43.438007	42.07218	38.51198	38.30857	38.62541	36.788353	32.96967	31.40039	30.665634	27.488485	28.069115	28.083673	24.932234	23.249582	26.209332	25.273153	28.335726	31.175814	31.279207	33.72298	32.679848	36.03554	36.727524	40.44181	42.04944	44.545326	48.23232	49.31011	46.94586	48.089546	50.984203	54.376797	53.990414	50.825	52.204784	55.173847	53.023758	51.05963	54.352715	56.161053	56.728806	55.882042	53.556133	54.734753	53.45657	51.680244	51.448044	48.658394	46.710716	43.152355	42.10951	41.642677	44.69619	45.231712	45.372074	49.190742	49.63048	47.465046	50.69469	53.130337
V-457-A	47.178555	47.414803	45.9769	42.66481	40.375965	36.58568	34.794277	31.476566	31.94471	35.46563	35.963646	36.9272	40.215763	42.526363	41.687084	44.415115	44.54401	44.883804	41.52081	39.996555	41.193233	40.056076	36.44777	36.67857	38.019257	36.05378	37.932037	39.422672	43.13182	44.368908	46.00716	44.632534	40.989742	40.60786	40.63623	38.686634	34.897503	33.599434	32.790955	29.564728	30.461424	30.739737	27.532576	26.16465	29.31717	26.295948	29.027649	31.807312	31.549269	33.90869	32.82818	36.087162	36.44762	40.229824	42.052948	44.75464	48.358593	49.68556	47.343784	48.203556	51.0465	54.331818	53.735954	50.480873	51.944355	54.73891	52.38901	50.430622	53.745457	55.351933	55.697563	54.744045	52.48862	53.71814	52.30623	50.68211	50.66125	47.813	46.12314	42.59224	41.76171	41.144768	44.205235	44.975464	45.10372	48.911293	49.101524	46.74171	49.844498	52.343796
Q-458-A	50.013367	50.410458	49.126934	45.86012	43.701717	39.887966	38.24315	34.97272	35.57984	39.12658	39.65318	40.678024	43.93814	46.225224	45.42752	48.176388	48.328964	48.64435	45.267994	43.77716	44.9563	43.777775	40.189537	40.4253	41.698944	39.645794	41.483624	43.008472	46.702232	47.8549	49.516808	48.238934	44.586067	44.257248	44.21193	42.30378	38.524826	37.31629	36.54201	33.320145	34.242065	34.524986	31.303795	29.91722	33.01977	29.543886	32.099102	34.91697	34.534363	36.889324	35.839344	39.03361	39.186005	42.99317	44.9418	47.76229	51.30455	52.76937	50.430862	51.11509	53.89575	57.112873	56.355934	53.06503	54.608932	57.269085	54.7692	52.84213	56.168877	57.605804	57.770294	56.713615	54.508457	55.74176	54.18089	52.652615	52.84474	49.996346	48.52521	45.013046	44.377308	43.688835	46.751213	47.688007	47.79896	51.58441	51.60154	49.09739	52.07921	54.63178
S-459-A	51.842155	52.37459	51.02223	47.87027	45.628464	41.81731	40.064335	36.936264	37.410496	40.85466	41.085506	42.10251	45.22723	47.652237	47.090576	49.94916	50.084743	50.65363	47.327724	45.63202	46.909687	45.9841	42.32176	42.384075	43.86286	41.957745	44.008064	45.572357	49.30595	50.635628	52.258873	50.786167	47.1469	46.620388	46.60872	44.484562	40.725647	39.398064	38.303432	34.909195	35.704998	36.314384	33.29513	31.797115	34.990692	29.54773	31.853716	34.839367	34.520477	37.0755	36.3601	39.631367	39.81469	43.629288	45.467712	48.465656	51.933132	53.386707	50.876595	51.37102	53.956272	57.170612	56.186817	52.97619	54.75913	57.308693	54.663605	52.956097	56.391754	57.629787	57.788784	56.489532	54.154976	55.185146	53.391354	51.773987	52.213356	49.52144	48.230747	44.665462	44.34195	43.855366	47.06615	48.277954	48.64447	52.4063	52.187084	49.72487	52.71832	55.113586
G-460-A	55.016773	55.64753	54.415417	51.279804	49.137356	45.313248	43.666046	40.54138	41.106106	44.578053	44.855354	45.88475	49.01523	51.425674	50.849716	53.694332	53.81778	54.33594	51.005486	49.341637	50.561943	49.580475	45.94588	46.000053	47.379086	45.361797	47.373695	48.996387	52.720154	53.978073	55.655365	54.286648	50.644424	50.206604	50.165665	48.10985	44.347996	43.071445	42.045746	38.67399	39.46421	40.01063	36.960354	35.417263	38.537445	33.18842	35.394543	38.392673	38.007744	40.542503	39.833843	43.043537	43.078934	46.894867	48.82355	51.88519	55.3053	56.852856	54.357613	54.736877	57.27546	60.432175	59.335724	56.108067	57.939163	60.3822	57.633644	55.949768	59.37824	60.484898	60.49579	59.124447	56.844543	57.87588	55.969147	54.43689	55.04533	52.36622	51.248585	47.716393	47.53134	46.986866	50.17711	51.49283	51.82659	55.56248	55.227448	52.65805	55.542454	57.982574
G-461-A	56.885082	57.338436	56.088474	52.823353	50.662968	46.85178	45.167202	41.87463	42.36136	45.864056	46.255974	47.091805	50.37065	52.810303	51.97807	54.644646	54.59007	54.925724	51.649258	50.02141	50.98246	49.876793	46.34036	46.30745	47.399883	45.127674	47.090607	48.899544	52.607323	53.8142	55.694748	54.511433	50.923447	50.76706	50.881504	49.04233	45.242786	43.878506	43.071632	39.797676	40.42633	40.64309	37.53773	35.796688	38.68126	35.307972	37.771904	40.817364	40.59581	43.143112	42.33295	45.577606	45.710682	49.52795	51.4431	54.374813	57.873047	59.336536	56.882984	57.445995	60.07926	63.29322	62.33832	59.10483	60.836708	63.384506	60.73478	58.963676	62.35634	63.594986	63.65435	62.39305	60.13612	61.22035	59.4008	57.839684	58.331505	55.61807	54.363895	50.816036	50.46526	49.897938	53.047073	54.184772	54.40262	58.168533	58.010693	55.45337	58.364178	60.880367
R-462-A	56.28288	56.512146	55.052116	51.708385	49.35667	45.589954	43.669632	40.287872	40.484043	43.905186	44.172653	44.757153	48.096	50.672768	49.726276	52.272446	52.01402	52.3778	49.20977	47.44437	48.23973	47.237144	43.732647	43.485542	44.507473	42.17944	44.28687	46.269577	50.002186	51.36899	53.38857	52.148453	48.636814	48.55743	48.911427	47.091812	43.274002	41.666275	40.81807	37.531967	37.88504	38.003864	35.017014	33.019363	35.765743	33.36923	36.051113	39.211273	39.298424	41.98815	41.28331	44.661316	45.092514	48.889637	50.59989	53.415752	56.988823	58.233425	55.703403	56.474174	59.119995	62.448063	61.629196	58.479935	60.202003	62.902534	60.393173	58.6575	62.079838	63.474342	63.755085	62.534035	60.158775	61.15465	59.407085	57.663635	58.002163	55.35832	53.886696	50.270912	49.79205	49.404957	52.613132	53.61378	53.913494	57.711224	57.723354	55.343132	58.406742	60.83685
S-463-A	52.918915	53.035927	51.50603	48.126347	45.726547	41.979008	40.01105	36.592186	36.75272	40.17816	40.500324	41.082874	44.455715	46.994644	45.993332	48.523743	48.292385	48.62248	45.434715	43.708923	44.534184	43.496674	39.98257	39.805073	40.859043	38.58267	40.65974	42.57352	46.31015	47.68312	49.659126	48.384045	44.863266	44.761078	45.121906	43.307583	39.488537	37.87707	37.070618	33.82107	34.22066	34.28888	31.256758	29.326656	32.120617	30.292103	33.12322	36.201767	36.31539	38.941856	38.130455	41.514748	42.04688	45.822662	47.492218	50.197365	53.816887	54.99462	52.514748	53.424747	56.159607	59.520096	58.855915	55.70057	57.30709	60.111053	57.72841	55.912342	59.296196	60.842976	61.232338	60.14159	57.7744	58.831966	57.246418	55.478783	55.614143	52.91762	51.26952	47.66118	46.9843	46.57777	49.7423	50.579594	50.827106	54.63809	54.805225	52.50098	55.63167	58.065907
V-464-A	51.37466	51.463898	49.74716	46.43097	43.85535	40.139866	37.960407	34.63324	34.55766	37.86272	37.904667	38.425056	41.704212	44.378376	43.54493	46.152294	45.893375	46.467175	43.334385	41.404934	42.342354	41.56557	37.969128	37.641544	38.95082	36.90315	39.200356	41.097275	44.875736	46.472298	48.373043	46.838818	43.34093	43.008476	43.452736	41.41565	37.615944	35.830303	34.71232	31.312908	31.573818	31.933064	29.102032	27.09071	30.018972	26.880707	29.686716	32.880077	33.175568	35.97072	35.406494	38.90571	39.650654	43.402046	44.867447	47.601894	51.21282	52.255444	49.6382	50.557465	53.193188	56.61168	55.91978	52.86234	54.579334	57.417862	55.062996	53.389065	56.842403	58.389404	58.939293	57.76007	55.251133	56.15069	54.52919	52.60609	52.730034	50.155575	48.444683	44.781338	44.16806	43.986397	47.260128	48.160423	48.6239	52.43045	52.567917	50.42856	53.672474	55.93516
S-465-A	49.147705	49.030952	47.13933	43.77896	41.055454	37.409576	35.044098	31.671385	31.354746	34.57995	34.553123	34.909256	38.234844	40.971138	40.04924	42.57977	42.22174	42.81584	39.741745	37.738453	38.617985	37.91153	34.320652	33.8998	35.23224	33.23596	35.621277	37.55359	41.343597	43.06019	44.98748	43.36505	39.91763	39.58045	40.17737	38.134483	34.34341	32.38974	31.237322	27.84927	27.949497	28.250069	25.498917	23.368319	26.270645	24.091682	27.14118	30.31781	30.84304	33.660423	33.10499	36.66375	37.670826	41.35609	42.645866	45.21564	48.88186	49.737057	47.11568	48.252243	50.940617	54.433296	53.93045	50.937653	52.562077	55.545235	53.372494	51.6791	55.103645	56.83297	57.581783	56.51796	53.96213	54.84458	53.386177	51.356087	51.24946	48.700294	46.751434	43.083206	42.25936	42.182583	45.43656	46.138683	46.622623	50.42985	50.768127	48.80597	52.162174	54.355442
V-466-A	47.736797	47.52149	45.41037	42.116238	39.19611	35.64319	33.025017	29.763647	29.108694	32.143288	31.799046	32.00821	35.243515	38.135334	37.34395	39.90102	39.4678	40.304634	37.33083	35.10378	36.05496	35.641808	32.00592	31.38631	32.96462	31.228027	33.84091	35.761642	39.560192	41.517555	43.378456	41.499046	38.124474	37.577557	38.315372	36.079945	32.34898	30.168365	28.69547	25.189165	25.048725	25.629063	23.174198	20.918337	23.896294	20.770426	23.893265	27.17446	28.001884	30.983953	30.693375	34.35695	35.664814	39.26771	40.284504	42.80324	46.462883	47.113594	44.367992	45.592834	48.193962	51.75774	51.29918	48.436024	50.12475	53.179615	51.106823	49.54791	53.00929	54.793537	55.751987	54.651836	51.963913	52.689503	51.25997	49.0576	48.860855	46.45091	44.368427	40.668137	39.833378	40.014694	43.34136	44.025536	44.71512	48.494015	48.874462	47.137466	50.611618	52.61404
T-467-A	47.51719	47.008232	44.787357	41.373783	38.372486	34.925888	32.188877	28.776949	27.88227	30.849007	30.603334	30.4917	33.890068	36.80797	35.686615	37.98796	37.31463	37.96727	35.09566	32.8717	33.51091	33.014503	29.490768	28.717632	30.014252	28.054863	30.699793	32.831306	36.62786	38.633793	40.6988	38.925323	35.64721	35.372566	36.371845	34.364765	30.637316	28.261671	27.028944	23.708225	23.26923	23.39042	20.952477	18.369068	21.036322	21.285946	24.72201	27.8716	28.940285	31.817198	31.391745	35.020416	36.530178	40.030582	40.934147	43.1823	46.904728	47.366035	44.712902	46.23481	48.944466	52.55833	52.36276	49.549126	51.04884	54.254814	52.403793	50.747723	54.11438	56.115936	57.213276	56.303677	53.652718	54.43685	53.21047	50.972862	50.52729	48.104156	45.787594	42.138157	41.017376	41.199574	44.409023	44.787586	45.35149	49.115353	49.781326	48.167656	51.689674	53.713856
L-468-A	49.479618	48.812775	46.37403	43.009167	39.81905	36.534634	33.539257	30.233717	28.886223	31.542513	30.920708	30.393898	33.70558	36.860893	35.742374	37.87603	36.88078	37.732517	35.127716	32.597828	33.010002	32.8711	29.451769	28.198387	29.485373	27.591883	30.56049	32.941734	36.70337	39.006042	41.205296	39.28121	36.205704	35.93651	37.269592	35.226322	31.615114	28.889612	27.426577	24.122456	23.093912	23.274576	21.356401	18.329237	20.628664	21.30773	24.759731	28.056517	29.59378	32.671894	32.604855	36.308205	38.133976	41.511513	42.092384	44.248535	47.93781	48.120293	45.32215	46.960007	49.51782	53.20687	53.04089	50.420864	52.020767	55.281918	53.531887	52.065845	55.46721	57.49008	58.789886	57.801193	55.00219	55.56781	54.30275	51.858566	51.39815	49.189407	46.784004	43.11148	42.051556	42.55127	45.829357	46.20065	46.97851	50.687614	51.39284	50.00974	53.621403	55.44818
N-469-A	49.83911	49.41862	47.00912	43.78124	40.599987	37.249813	34.277332	31.15228	29.906069	32.552048	31.70474	31.414192	34.52634	37.729073	36.979706	39.361755	38.55538	39.677677	37.020443	34.399654	35.12557	35.175945	31.639784	30.45349	32.086655	30.486666	33.495075	35.682095	39.44739	41.78171	43.778214	41.675766	38.535717	37.948635	39.08935	36.76922	33.174015	30.548992	28.74318	25.218546	24.366604	25.094849	23.266788	20.504717	23.124477	20.104422	23.258974	26.762781	28.23352	31.502195	31.707245	35.481445	37.231773	40.666973	41.239296	43.640896	47.258255	47.536777	44.587345	45.961823	48.35711	52.025635	51.602673	49.00124	50.83032	53.96183	52.026817	50.72956	54.24059	56.055958	57.298363	56.091595	53.197712	53.621433	52.144547	49.65405	49.429646	47.314583	45.103268	41.368736	40.614185	41.23692	44.660603	45.335556	46.32406	50.03046	50.463398	49.048676	52.650757	54.37657
P-470-A	48.04108	47.57845	45.003887	41.90466	38.592896	35.375607	32.231644	29.328568	27.8097	30.20311	29.016632	28.650618	31.581911	34.892906	34.36595	36.816414	36.025475	37.429375	34.86949	32.06753	32.968887	33.33484	29.778545	28.479002	30.447147	29.247065	32.392426	34.42551	38.13813	40.650578	42.47298	40.10868	37.051956	36.17746	37.36248	34.82871	31.367535	28.62133	26.459728	22.866753	21.837065	22.99028	21.55875	18.886423	21.585272	16.808039	19.936035	23.48432	25.242174	28.618706	29.10681	32.91111	34.913532	38.217476	38.523922	40.87072	44.43771	44.539406	41.489796	42.91079	45.2005	48.90514	48.515713	46.047916	47.927498	51.09494	49.259457	48.097878	51.61699	53.462177	54.883293	53.652714	50.66354	50.947273	49.519344	46.89792	46.580032	44.605545	42.290348	38.567707	37.814926	38.67674	42.130787	42.799927	43.984283	47.624397	48.070404	46.874847	50.547756	52.07822
Q-471-A	49.651394	49.42298	46.901302	43.944485	40.676964	37.43034	34.3551	31.64124	30.244873	32.591328	31.222538	31.04184	33.74311	37.066006	36.85969	39.47026	38.808163	40.415462	37.859734	35.005745	36.097496	36.608578	33.02088	31.750994	33.898243	32.86053	36.019165	37.95212	41.645092	44.16767	45.867847	43.40569	40.329056	39.253418	40.29215	37.579414	34.166744	31.534424	29.15336	25.467688	24.582245	26.09993	24.760698	22.29899	25.100668	17.297674	19.919386	23.643192	25.322475	28.87166	29.673523	33.497036	35.391678	38.7215	39.010742	41.594856	45.053345	45.2433	42.049805	43.177628	45.25716	48.919636	48.24204	45.823757	47.95733	50.96267	48.930027	47.974632	51.59773	53.199806	54.551018	53.072754	49.982655	50.08741	48.404	45.724464	45.70012	43.863052	41.792328	38.022663	37.643982	38.650837	42.240696	43.238663	44.63765	48.248405	48.400978	47.17549	50.812237	52.228954
G-472-A	49.114433	49.04693	46.75112	43.715157	40.63062	37.199776	34.370853	31.501518	30.529531	33.20488	32.22074	32.36926	35.222416	38.34955	38.058563	40.776127	40.32761	41.694435	38.905476	36.312214	37.49047	37.64254	33.970245	33.04418	35.076206	33.822613	36.751102	38.599728	42.353203	44.62261	46.305126	44.035362	40.779648	39.800034	40.591423	37.96476	34.40838	32.050667	29.936195	26.226768	25.803822	27.129372	25.291468	23.036106	26.066256	18.587389	21.231466	24.847698	26.013962	29.393581	29.821257	33.60313	35.140682	38.644894	39.30083	42.014954	45.522903	46.013577	42.954273	43.95057	46.18547	49.77818	49.0353	46.40066	48.463017	51.400913	49.217793	48.0707	51.685505	53.23458	54.342186	52.902985	49.95258	50.276714	48.56904	46.104862	46.1658	44.097992	42.16485	38.387978	37.99555	38.661583	42.216312	43.264694	44.444607	48.13474	48.216858	46.709545	50.25381	51.89809
L-473-A	45.400703	45.27993	42.965115	39.91989	36.8298	33.401817	30.571018	27.707748	26.77423	29.49534	28.608288	28.90827	31.797964	34.825794	34.53706	37.333725	37.050297	38.380222	35.49104	33.004585	34.359764	34.431004	30.705574	30.002289	32.175983	31.084124	33.89356	35.52152	39.257244	41.462887	42.99088	40.675354	37.370388	36.27352	36.952175	34.27642	30.725143	28.458649	26.341217	22.617716	22.426123	23.837812	21.905209	19.929203	23.178219	15.522146	18.415993	21.884321	22.94997	26.202307	26.425362	30.200483	31.785757	35.28128	35.965916	38.58648	42.15051	42.65198	39.687107	40.80137	43.18703	46.78927	46.21381	43.50998	45.40519	48.435486	46.366627	45.07301	48.625233	50.328827	51.48678	50.221565	47.34315	47.812664	46.316776	43.916275	43.738167	41.54102	39.435127	35.68956	35.038673	35.59232	39.068882	39.940685	41.017982	44.724014	44.95309	43.476135	47.05341	48.743324
D-474-A	45.23986	45.205555	42.773895	39.94015	36.768456	33.476467	30.542582	28.023808	26.902313	29.32197	28.014887	28.333351	30.898537	34.018852	34.109634	37.022907	36.803074	38.479813	35.71622	33.05143	34.62009	35.048965	31.339302	30.526756	33.025642	32.331326	35.256847	36.734272	40.387817	42.750244	44.088142	41.518772	38.312588	36.8915	37.551933	34.622475	31.254692	28.94828	26.41947	22.64479	22.350336	24.29965	22.82183	21.028656	24.276459	13.27662	15.766698	19.420187	20.721708	24.208437	24.92992	28.739733	30.506083	33.880455	34.290627	37.000664	40.4467	40.82842	37.679855	38.660053	40.815594	44.430874	43.71117	41.16373	43.266235	46.23513	44.13999	43.103592	46.728645	48.314426	49.602146	48.162376	45.126972	45.351097	43.741085	41.171535	41.085457	39.106384	37.047947	33.275227	32.86418	33.748497	37.34101	38.409416	39.8061	43.42488	43.490917	42.208916	45.82829	47.261845
F-475-A	47.576496	47.769226	45.504356	42.71215	39.678993	36.291515	33.544376	31.036505	30.185602	32.722248	31.51089	31.992647	34.509903	37.560425	37.734497	40.712624	40.569057	42.216583	39.39429	36.796257	38.382557	38.725765	34.9956	34.250362	36.67903	35.85213	38.733913	40.243946	43.928448	46.199734	47.553875	45.066906	41.790726	40.40035	40.928005	38.00561	34.59391	32.439777	29.987463	26.206005	26.079847	27.985737	26.336891	24.563217	27.836159	16.296137	18.31494	21.949352	22.921219	26.390944	27.141996	30.889698	32.349735	35.812626	36.40662	39.33498	42.70189	43.28827	40.119267	40.810642	42.855568	46.38239	45.39643	42.80134	45.067394	47.85197	45.52094	44.56309	48.252113	49.596638	50.680923	49.049416	46.014057	46.19329	44.3311	41.832817	42.07661	40.11409	38.367653	34.577744	34.4949	35.306713	38.963535	40.313213	41.73861	45.35894	45.160755	43.696068	47.212475	48.684704
V-476-A	45.512043	45.8357	43.787437	40.931858	38.089504	34.553246	32.06724	29.450037	29.029087	31.854464	31.048693	31.87587	34.522488	37.331364	37.420643	40.497948	40.603596	42.0107	38.96562	36.659958	38.371967	38.3705	34.581985	34.22368	36.584583	35.64689	38.2616	39.5968	43.29789	45.307846	46.57265	44.25155	40.820873	39.476524	39.72949	36.887104	33.382133	31.542046	29.357304	25.61096	25.982018	27.722546	25.641861	24.195143	27.677197	16.694973	18.796696	22.164837	22.572514	25.756392	26.024038	29.688507	30.799015	34.412094	35.379246	38.36884	41.79364	42.666424	39.689938	40.31636	42.575535	46.025513	45.0713	42.24596	44.34622	47.10373	44.69565	43.47809	47.11464	48.483646	49.352673	47.85356	45.00179	45.472385	43.704544	41.4617	41.66103	39.41338	37.72067	33.962906	33.732616	34.141857	37.705635	39.010654	40.16363	43.856163	43.662807	41.938335	45.37055	47.087482
Q-477-A	42.301853	42.65165	40.539364	37.80697	34.93762	31.476059	28.970768	26.585676	26.157825	28.85646	27.93769	28.96592	31.432253	34.155853	34.47574	37.686157	37.99801	39.542873	36.485233	34.21586	36.19713	36.300694	32.506805	32.31231	34.93707	34.3457	36.88617	37.93734	41.552975	43.56823	44.585243	42.106308	38.69841	37.07707	37.190113	34.173412	30.797215	29.072744	26.6899	22.952232	23.547039	25.632273	23.71848	22.681086	26.289429	13.264084	15.209671	18.468237	18.76875	21.947252	22.283558	25.965261	27.18004	30.74568	31.62015	34.61006	38.01998	38.871475	35.88395	36.50952	38.785038	42.244343	41.344215	38.520107	40.591007	43.391575	41.050278	39.83248	43.46503	44.901318	45.876408	44.431557	41.55572	42.03471	40.390175	38.12123	38.161186	35.893517	34.080544	30.322327	30.00064	30.46746	34.042347	35.323288	36.563663	40.232788	40.060932	38.45272	41.943302	43.567448
Y-478-A	44.33901	44.84935	42.718506	40.191944	37.326508	33.978123	31.473724	29.3742	28.856903	31.314465	30.080437	31.093988	33.269333	36.05527	36.682182	39.948288	40.265915	42.06325	39.129883	36.717323	38.779194	39.14331	35.38368	35.03948	37.811577	37.39293	40.05474	41.099606	44.67289	46.801533	47.745766	45.125904	41.797237	40.00405	40.11734	36.954185	33.719414	31.969507	29.33669	25.605444	26.05144	28.428312	26.823042	25.758934	29.285118	14.139923	15.326558	18.682825	19.065853	22.422485	23.289333	26.907007	28.123604	31.570284	32.255962	35.413036	38.640263	39.460747	36.299076	36.642334	38.60444	42.0149	40.822002	38.150627	40.519867	43.143173	40.649437	39.74999	43.476315	44.649063	45.633663	43.898746	40.866898	41.05566	39.129482	36.72308	37.07555	35.062923	33.50203	29.72367	29.864576	30.635838	34.336975	35.958958	37.515244	41.073303	40.60488	39.09712	42.54805	43.935814
K-479-A	46.024246	46.727608	44.824795	42.26984	39.592735	36.118057	33.8552	31.653503	31.467701	34.141174	33.17364	34.34009	36.608616	39.27788	39.830044	43.122723	43.515453	45.15058	42.09853	39.830112	41.86293	42.008102	38.215378	38.005863	40.63271	39.993122	42.551567	43.630222	47.25238	49.22199	50.211082	47.754982	44.319935	42.65	42.618874	39.555023	36.225574	34.652428	32.239994	28.524721	29.167871	31.336922	29.42608	28.359455	31.93929	17.700424	18.800207	21.976036	21.949606	25.083712	25.689411	29.171457	29.97976	33.531433	34.534546	37.825813	41.012554	42.094288	39.03781	39.17417	41.14998	44.439957	43.08469	40.29151	42.67617	45.13498	42.444477	41.477337	45.196743	46.19129	46.894432	45.084644	42.170338	42.468815	40.390793	38.192284	38.795643	36.676735	35.407207	31.679842	31.987555	32.483765	36.138905	37.915237	39.321056	42.89715	42.25368	40.47441	43.775578	45.325752
L-480-A	42.884747	43.65055	41.90344	39.300728	36.776657	33.212124	31.168165	28.9202	29.08349	31.95024	31.33068	32.787663	35.142647	37.57624	38.051537	41.409767	42.029076	43.46151	40.24463	38.244778	40.402103	40.276848	36.470894	36.6095	39.20564	38.556976	40.86209	41.728844	45.319496	47.069077	47.931816	45.594547	42.064068	40.39834	40.12832	37.131485	33.77519	32.490414	30.301853	26.676624	27.749853	29.799534	27.605017	26.90305	30.614391	17.022295	18.271975	21.119116	20.6118	23.420496	23.520523	26.917177	27.466904	31.135752	32.44774	35.719704	38.982616	40.27307	37.422283	37.596542	39.82371	43.064823	41.853046	38.851994	40.999626	43.504345	40.837852	39.574905	43.21524	44.33676	44.9135	43.322334	40.593636	41.21106	39.351643	37.385098	37.785473	35.36729	34.016132	30.336412	30.354254	30.46225	33.99633	35.623016	36.75107	40.39652	39.854767	37.887875	41.15195	42.92898
A-481-A	40.888756	41.748356	39.934242	37.554768	35.019226	31.60164	29.559498	27.687151	27.805708	30.417057	29.568066	31.195984	33.236717	35.59069	36.4073	39.88552	40.68755	42.339153	39.18734	37.173027	39.580437	39.65971	35.894157	36.103714	38.963947	38.682884	40.970306	41.594803	45.07429	46.87687	47.493073	44.964363	41.511944	39.538837	39.151737	35.953907	32.806034	31.623495	29.176584	25.61721	26.812086	29.24653	27.356632	26.983343	30.713062	14.788641	15.414307	18.052307	17.358988	20.179363	20.579752	23.932909	24.557552	28.124609	29.270573	32.628506	35.786304	37.054214	34.12483	34.154358	36.25903	39.48155	38.186234	35.24196	37.497284	39.96335	37.283817	36.159042	39.845985	40.91559	41.60258	39.93071	37.099983	37.60282	35.737053	33.68513	34.067657	31.724897	30.373379	26.674295	26.824152	27.11465	30.727453	32.501255	33.86443	37.435272	36.77237	34.964264	38.273727	39.849808
E-482-A	43.828506	44.865585	43.122746	40.88749	38.421246	35.06336	33.08887	31.353756	31.465284	33.971783	32.974117	34.56928	36.45747	38.846203	39.823517	43.318604	44.099037	45.873425	42.78613	40.686886	43.092724	43.29181	39.53393	39.62677	42.515865	42.236683	44.61502	45.3047	48.791275	50.643776	51.267002	48.700405	45.272972	43.258125	42.87048	39.625935	36.532158	35.332954	32.79309	29.22649	30.291346	32.81536	31.030834	30.525553	34.211445	17.558035	17.702904	20.338171	19.659464	22.492006	23.23312	26.423798	26.897036	30.342907	31.428467	34.93011	37.89064	39.209927	36.195206	35.91395	37.728283	40.83627	39.22267	36.39345	38.904926	41.125504	38.244194	37.39186	41.130444	41.8764	42.44292	40.47765	37.57262	37.846096	35.648396	33.57493	34.375107	32.24946	31.282211	27.634811	28.282976	28.733753	32.38918	34.49984	36.05674	39.506126	38.52499	36.708954	39.888424	41.312847
K-483-A	44.399857	45.560204	44.059093	41.727627	39.45902	35.95846	34.23257	32.31613	32.77161	35.546024	34.91205	36.642895	38.721012	40.9756	41.76397	45.25554	46.106915	47.635628	44.398834	42.4938	44.84767	44.75236	40.965252	41.243187	43.95165	43.43027	45.652687	46.352116	49.88108	51.53148	52.204323	49.847755	46.303673	44.463055	43.93098	40.844967	37.633297	36.62245	34.381866	30.849052	32.134262	34.374886	32.232807	31.760036	35.504055	20.357603	20.796278	23.299921	22.302917	24.84813	25.107063	28.166471	28.242422	31.812094	33.282528	36.807602	39.7983	41.371544	38.55036	38.216553	40.18735	43.19224	41.58225	38.57776	40.9379	43.077225	40.10039	39.024014	42.685577	43.385483	43.662815	41.785664	39.10055	39.637226	37.461273	35.684902	36.548836	34.2027	33.390778	29.83917	30.397951	30.428442	33.941975	36.02084	37.269	40.767197	39.759914	37.633415	40.661118	42.358597
F-484-A	40.866657	42.156086	40.781097	38.556255	36.45039	32.981735	31.492884	29.777489	30.52193	33.287106	32.835297	34.875504	36.833664	38.8258	39.72681	43.305943	44.430107	45.897747	42.585724	40.906574	43.466713	43.261883	39.51738	40.101204	42.894978	42.553288	44.555138	44.96021	48.383945	49.874355	50.311527	47.966824	44.408676	42.423977	41.629646	38.51941	35.43034	34.732082	32.572105	29.2031	30.869444	33.175266	30.99291	30.966007	34.77013	19.315983	19.524445	21.554317	20.037964	22.195913	22.1491	25.014896	24.823446	28.412985	30.09122	33.638523	36.603466	38.362343	35.704826	35.297718	37.40034	40.321667	38.781834	35.63321	37.836823	39.96666	36.99496	35.733265	39.338966	40.1007	40.301773	38.569637	36.009457	36.777325	34.79062	33.20212	33.890865	31.32024	30.47659	26.99591	27.395739	27.14355	30.562185	32.609776	33.728287	37.227646	36.21626	33.988754	36.9848	38.779636
V-485-A	41.878654	43.30236	41.88094	39.912994	37.803375	34.51538	33.00665	31.628252	32.230667	34.711056	33.949657	36.003128	37.648388	39.648552	40.872993	44.51111	45.688583	47.405987	44.216976	42.42496	45.110302	45.162197	41.456234	41.94166	44.921673	44.816036	46.914486	47.250675	50.612186	52.218353	52.53053	50.012913	46.54919	44.34708	43.54391	40.271233	37.362984	36.642624	34.22289	30.88241	32.446117	35.053223	33.182026	33.19442	36.958908	19.726091	19.254307	21.133625	19.596113	21.777927	22.258835	24.970072	24.807922	28.175566	29.607134	33.28061	36.01351	37.73367	34.942593	34.23185	36.005596	38.836926	37.011803	34.025734	36.509586	38.43853	35.330746	34.412178	38.090427	38.57985	38.81628	36.79084	34.068596	34.53758	32.286884	30.584023	31.573965	29.259071	28.694458	25.245056	26.131361	26.199734	29.70552	32.094547	33.56493	36.896156	35.582794	33.530827	36.47534	37.959248
K-486-A	45.382057	46.86338	45.520683	43.507374	41.431416	38.08252	36.584885	35.060986	35.662903	38.238014	37.491825	39.433033	41.17778	43.271202	44.408283	48.00966	49.07184	50.75883	47.560295	45.704704	48.267002	48.289097	44.543884	44.914936	47.791756	47.494385	49.671387	50.180984	53.62102	55.238094	55.69129	53.24355	49.73936	47.668217	46.93231	43.722176	40.712276	39.906654	37.538548	34.11388	35.53636	38.027927	36.05488	35.81425	39.570156	22.84676	22.523157	24.625967	23.27558	25.54103	26.062954	28.75485	28.503998	31.850327	33.322613	37.020008	39.693565	41.44549	38.641365	37.83629	39.490513	42.251644	40.274704	37.35288	39.927822	41.70594	38.489403	37.678963	41.338085	41.6292	41.702347	39.53207	36.852135	37.225945	34.758865	33.12223	34.41376	32.232697	31.930403	28.56097	29.661648	29.735529	33.19662	35.690205	37.138657	40.425476	38.984814	36.842655	39.649994	41.147366
Q-487-A	43.980175	45.60667	44.526962	42.489666	40.660175	37.236378	36.05317	34.48628	35.474728	38.23707	37.862457	40.03059	41.87497	43.741642	44.76298	48.385048	49.62102	51.075356	47.733612	46.141216	48.74688	48.484844	44.750942	45.405773	48.172096	47.773277	49.71589	50.09082	53.501614	54.87699	55.25672	52.991566	49.4027	47.413948	46.448845	43.373363	40.3437	39.828934	37.744076	34.43847	36.18475	38.47638	36.22655	36.214638	40.02315	24.375805	24.230648	26.071257	24.313782	26.192757	26.184841	28.668758	27.994131	31.418852	33.28985	36.97262	39.66128	41.687557	39.13562	38.298096	40.165	42.80741	40.917095	37.78641	40.11826	41.844822	38.592964	37.479313	41.01896	41.334713	41.1336	39.155464	36.752308	37.490925	35.195435	33.91408	35.105186	32.621273	32.384727	29.148365	30.032745	29.61824	32.87878	35.27874	36.380314	39.694668	38.266994	35.825626	38.475746	40.262043
G-488-A	41.898926	43.699474	42.68161	40.904648	39.19863	35.943752	34.923542	33.731133	34.814945	37.36479	36.924923	39.298363	40.85173	42.524803	43.82217	47.522415	48.976658	50.541763	47.242416	45.741047	48.55731	48.38762	44.723957	45.520943	48.4566	48.33895	50.190376	50.316063	53.602016	54.943863	55.075207	52.707108	49.18598	46.961082	45.815952	42.63212	39.824543	39.510193	37.327587	34.17749	36.101624	38.61049	36.54689	36.855892	40.662548	23.914465	23.2456	24.623043	22.512266	24.055208	24.13628	26.3156	25.440548	28.689178	30.551535	34.301403	36.79512	38.930298	36.441166	35.353058	37.097046	39.594418	37.583065	34.458607	36.83352	38.406826	35.07854	34.0461	37.5736	37.75225	37.508392	35.452606	33.052837	33.787273	31.47783	30.299215	31.546799	29.054817	29.000195	25.88794	26.963753	26.518404	29.722178	32.31417	33.538536	36.720486	35.088745	32.692017	35.268738	36.916172
E-489-A	45.22651	47.03437	45.92688	44.22437	42.422676	39.229717	38.058388	36.904514	37.761444	40.190838	39.48798	41.700905	43.16079	44.991318	46.40189	50.09358	51.42504	53.162807	49.960857	48.267483	51.041008	51.065895	47.383095	47.960136	50.95297	50.85122	52.883205	53.14237	56.468777	57.96334	58.165054	55.695404	52.217136	49.955555	48.948833	45.684258	42.88329	42.37934	40.010895	36.762665	38.43456	41.069485	39.165787	39.248074	43.02379	25.49316	24.610706	26.17379	24.35976	26.140259	26.676529	28.89047	28.196386	31.291027	32.881935	36.6771	39.028973	41.0328	38.379868	37.136814	38.570633	41.027466	38.771755	35.867805	38.51144	39.919262	36.500114	35.82728	39.40223	39.325294	39.115036	36.763252	34.214085	34.58221	31.946224	30.614904	32.23757	30.103651	30.310373	27.231026	28.725784	28.646952	31.92209	34.730785	36.228966	39.28704	37.46524	35.24128	37.763412	39.14724
E-490-A	47.734936	49.593178	48.628403	46.82049	45.10693	41.80202	40.71791	39.36336	40.346535	42.964905	42.434757	44.622955	46.264233	48.11435	49.353634	53.0171	54.294758	55.89195	52.610756	50.96016	53.62643	53.49404	49.77079	50.357765	53.20326	52.873158	54.88127	55.254223	58.64918	60.05959	60.38055	58.054535	54.49808	52.40831	51.3944	48.24742	45.31841	44.82753	42.622902	39.325546	41.000053	43.43791	41.317448	41.261066	45.05421	28.471987	27.893385	29.625572	27.850868	29.641232	29.960394	32.18367	31.333681	34.50118	36.282818	40.064472	42.446606	44.552944	41.980606	40.748207	42.242702	44.647316	42.38259	39.430054	41.999443	43.336693	39.87138	39.10584	42.60701	42.45846	42.03334	39.712204	37.33235	37.80881	35.143932	33.998222	35.722137	33.545055	33.86903	30.863993	32.3085	32.034004	35.20778	37.97168	39.27094	42.34696	40.516506	38.101685	40.4814	42.0352
E-491-A	45.768044	47.73956	47.01143	45.191616	43.707485	40.362926	39.56685	38.199326	39.515648	42.273	42.074566	44.462124	46.180676	47.814102	48.94733	52.61842	54.059135	55.443153	52.04505	50.643665	53.353535	52.970055	49.276012	50.127716	52.878815	52.486332	54.267036	54.4934	57.83943	59.02531	59.259743	57.0983	53.484238	51.461716	50.238926	47.222286	44.30331	44.083076	42.13523	38.9707	40.93304	43.19814	40.86066	41.03691	44.859634	29.222048	28.804033	30.306366	28.19681	29.646648	29.488604	31.51828	30.313507	33.531616	35.660744	39.39484	41.800472	44.13776	41.80832	40.590656	42.311333	44.62419	42.495914	39.344406	41.64878	42.977386	39.524403	38.441776	41.816277	41.746193	41.09422	39.010735	36.903023	37.75658	35.32797	34.50164	36.036556	33.55122	33.85904	30.970627	32.14509	31.421665	34.39271	37.018852	37.97951	41.07726	39.303722	36.628376	38.869522	40.703274
V-492-A	42.68965	44.797195	44.15575	42.53296	41.192005	37.98226	37.377422	36.304817	37.766605	40.37989	40.22155	42.81238	44.323063	45.739216	47.04889	50.77018	52.42268	53.83414	50.44923	49.18967	52.0747	51.703808	48.08382	49.119274	51.98259	51.816845	53.462524	53.44079	56.66409	57.77304	57.77926	55.569183	52.00655	49.80883	48.39902	45.332672	42.603268	42.607212	40.65265	37.660683	39.83585	42.22123	39.989143	40.49334	44.3143	28.178286	27.451626	28.52389	26.077158	27.151201	26.895868	28.627407	27.189438	30.27462	32.48449	36.22334	38.496582	40.960648	38.762142	37.398556	39.114815	41.301865	39.17094	35.965	38.19006	39.43492	35.96553	34.824753	38.14829	38.04852	37.338894	35.30447	33.27361	34.26056	31.949627	31.287012	32.733013	30.129072	30.513184	27.764475	28.940392	28.050589	30.901985	33.59168	34.539753	37.54823	35.67516	32.979153	35.154854	36.9643
A-493-A	45.069965	47.272648	46.600384	45.164	43.809063	40.726727	40.071957	39.182255	40.50141	42.935375	42.541237	45.089993	46.40581	47.863873	49.382328	53.130756	54.778084	56.373333	53.080883	51.70497	54.642887	54.462227	50.849987	51.767227	54.74459	54.696323	56.453453	56.442787	59.653378	60.86952	60.8321	58.500324	54.99593	52.6733	51.297905	48.122753	45.48707	45.41946	43.27674	40.261604	42.30843	44.879803	42.837585	43.278816	47.085278	29.9014	28.814203	29.839455	27.479652	28.58638	28.734127	30.34395	28.955376	31.803833	33.78379	37.580936	39.61679	42.03432	39.748184	38.113552	39.48904	41.53361	39.11573	36.11371	38.58145	39.561653	35.96425	35.189327	38.518627	38.079727	37.326355	34.975784	32.857952	33.526028	30.902592	30.232178	32.080402	29.79943	30.56577	27.960615	29.603264	28.992874	31.83959	34.812855	36.042	38.85202	36.69392	34.165962	36.20973	37.71041
S-494-A	47.29407	49.57913	49.093067	47.595562	46.378082	43.2182	42.70287	41.670837	43.152622	45.74806	45.54302	48.11182	49.569603	50.998486	52.376743	56.106403	57.749973	59.200638	55.82694	54.533962	57.403076	57.05599	53.421085	54.39785	57.247658	57.015842	58.707203	58.749928	61.998604	63.09744	63.12631	60.942863	57.37011	55.19058	53.75916	50.70435	47.983036	47.98543	46.014847	42.989502	45.08873	47.48646	45.244614	45.625164	49.449394	33.066963	32.209335	33.33838	30.967299	32.041367	31.965094	33.536896	31.966648	34.84686	37.025776	40.78911	42.822895	45.364864	43.197086	41.555355	42.99183	44.94999	42.536514	39.487434	41.843403	42.726086	39.10277	38.219337	41.428074	40.90719	39.90271	37.624138	35.738663	36.548794	33.949203	33.513355	35.427864	33.098705	33.983086	31.489214	33.060196	32.230923	34.92682	37.836258	38.837284	41.626247	39.45496	36.734234	38.578457	40.252743
H-495-A	44.591797	46.94202	46.649178	45.13551	44.115807	40.942856	40.67864	39.651154	41.407887	44.09799	44.18689	46.914494	48.4341	49.663177	50.933094	54.64859	56.429993	57.685627	54.227196	53.163216	56.062813	55.501396	51.916267	53.127033	55.890053	55.628914	57.107334	57.00327	60.18533	61.0865	61.026703	58.987244	55.38643	53.265686	51.658627	48.731373	46.04396	46.286816	44.550713	41.67347	44.01435	46.25355	43.855106	44.46002	48.28119	32.83178	32.136875	33.06208	30.436632	31.210497	30.692635	32.094658	30.245756	33.16732	35.644447	39.32396	41.40881	44.125034	42.183254	40.62621	42.313595	44.227562	42.017353	38.778385	40.846077	41.793835	38.243885	37.017384	40.10665	39.754436	38.605427	36.625587	34.98292	36.17885	33.891594	33.694275	35.306892	32.661606	33.40895	30.994637	32.22079	30.98381	33.48867	36.198883	36.86598	39.693233	37.648216	34.705536	36.464123	38.423508
H-496-A	41.177086	43.60839	43.35648	42.004333	41.086136	38.044052	37.924896	37.156673	39.00889	41.553642	41.672123	44.550552	45.891148	46.933556	48.339836	52.078896	54.0266	55.304325	51.875385	50.92967	53.96496	53.42639	49.92052	51.275826	54.129204	54.07523	55.4417	55.12634	58.19195	59.042255	58.78891	56.698154	53.159664	50.889538	49.14384	46.177795	43.666397	44.086384	42.346157	39.635406	42.137295	44.467865	42.185654	43.067375	46.863117	31.14917	30.236523	30.788193	27.911684	28.34602	27.7184	28.85544	26.828365	29.62877	32.167446	35.82093	37.814247	40.615025	38.793083	37.16318	38.88386	40.71653	38.564434	35.266445	37.228207	38.159843	34.635986	33.31422	36.36612	36.062553	34.916283	33.029987	31.439829	32.791004	30.67933	30.598711	32.03342	29.24696	29.976198	27.677986	28.823135	27.424873	29.816498	32.53319	33.176933	35.947334	33.86558	30.915583	32.66584	34.621464
E-497-A	39.593468	42.007465	41.931095	40.439045	39.67756	36.547626	36.63106	35.712612	37.82004	40.545788	40.99933	43.95044	45.469234	46.38542	47.561523	51.2465	53.24186	54.271103	50.742783	49.999706	52.97448	52.1777	48.703968	50.242706	52.930992	52.735504	53.911858	53.542873	56.58378	57.23859	56.994667	55.100548	51.508533	49.400978	47.54522	44.763916	42.20096	42.796616	41.348915	38.743958	41.418858	43.491024	40.982906	41.976074	45.749977	31.491941	30.933409	31.460617	28.495382	28.774529	27.65976	28.760391	26.557236	29.483698	32.319088	35.837578	37.97976	40.88747	39.264038	37.855305	39.880627	41.74399	39.86857	36.402855	38.04835	39.13471	35.756744	34.05889	36.98342	36.94545	35.714222	34.19502	32.838715	34.539062	32.7577	32.810513	33.90507	30.851776	31.314438	29.028664	29.71694	27.947432	30.169346	32.552647	32.78257	35.6603	33.84387	30.66342	32.37494	34.6935
A-498-A	40.061794	42.193745	41.843254	40.067043	38.99907	35.682766	35.430847	34.19223	36.084705	38.951317	39.31381	42.07095	43.803112	44.973778	45.983986	49.64238	51.42113	52.46409	48.924343	48.003376	50.83998	50.07535	46.51091	47.868526	50.50635	50.163612	51.495007	51.344017	54.513107	55.308464	55.282494	53.35894	49.71707	47.72569	46.102467	43.298958	40.524605	40.846424	39.3348	36.532913	39.02812	41.04423	38.471634	39.21094	43.01204	29.010672	28.755936	29.66725	26.98202	27.693687	26.671347	28.246841	26.45105	29.673655	32.356796	35.90992	38.339863	41.020046	39.160995	38.04103	40.178493	42.33892	40.57149	37.1074	38.860157	40.253586	36.953964	35.27182	38.388042	38.599773	37.693516	36.15678	34.510696	36.044632	34.204403	33.85837	34.851524	31.831024	31.938549	29.296427	29.848715	28.343025	30.891932	33.1526	33.499634	36.620655	35.0579	32.008892	34.074696	36.38456
A-499-A	37.419167	39.507114	38.98456	37.302254	36.121395	32.890167	32.544395	31.51578	33.300545	35.992115	36.193707	39.002594	40.561176	41.705208	42.89115	46.594414	48.43662	49.62493	46.153572	45.187126	48.142666	47.538292	44.003265	45.35524	48.150993	48.042583	49.409073	49.144886	52.254467	53.1505	53.00411	50.9157	47.342854	45.158695	43.53802	40.589012	37.933594	38.246704	36.559948	33.80225	36.321903	38.541046	36.180824	37.071075	40.863476	25.989601	25.481375	26.1695	23.366087	23.982979	23.064657	24.62268	22.913523	26.137562	28.700684	32.30144	34.739212	37.348557	35.415607	34.296036	36.424217	38.65007	36.915768	33.456303	35.25826	36.7547	33.4946	31.848677	35.06736	35.38795	34.708218	33.156227	31.335323	32.813137	31.043	30.542927	31.378952	28.332401	28.282324	25.558645	26.079817	24.675243	27.350054	29.659687	30.19904	33.358566	31.807835	28.913296	31.187551	33.356285
F-500-A	34.484352	36.57191	36.2193	34.46493	33.475464	30.214962	30.143797	29.097624	31.195572	33.989155	34.54841	37.50197	39.13902	40.055687	41.079582	44.73487	46.706585	47.662663	44.113674	43.410088	46.373	45.53027	42.074043	43.682095	46.36	46.227325	47.347923	46.91846	49.941257	50.62585	50.387905	48.458035	44.865917	42.75995	40.960922	38.17089	35.5569	36.141335	34.75126	32.20506	34.980995	36.98006	34.466244	35.62378	39.364048	25.976894	25.724825	26.16266	23.182716	23.429604	21.929707	23.29368	21.335491	24.614628	27.486198	30.90414	33.441914	36.172688	34.504787	33.587334	36.014088	38.216858	36.794094	33.183678	34.61148	36.24716	33.177284	31.144587	34.198967	34.807465	34.079643	32.928837	31.35901	33.202408	31.835323	31.517109	31.949116	28.638706	28.317802	25.711031	25.715885	23.879137	26.298458	28.235435	28.346687	31.585104	30.31407	27.230488	29.483017	31.976475
P-501-A	36.026424	37.883293	37.482304	35.407146	34.305145	30.84081	30.627413	29.13216	31.203882	34.27019	34.98255	37.758976	39.725998	40.802868	41.496338	45.063606	46.83972	47.620033	43.9961	43.264088	46.01575	45.002808	41.482044	43.023983	45.49754	45.059944	46.198624	45.981	49.122166	49.77848	49.784473	48.00984	44.326885	42.498726	40.848255	38.215538	35.352726	35.7895	34.58164	31.911398	34.58822	36.305126	33.527752	34.4458	38.193787	26.233652	26.512398	27.359129	24.687054	25.274006	23.65051	25.366884	23.67994	27.14563	30.00341	33.317905	36.080147	38.68119	36.96271	36.341114	38.919075	41.28537	40.012783	36.391987	37.762794	39.58171	36.61514	34.49868	37.55428	38.33584	37.681232	36.62905	35.04049	36.871265	35.511272	35.05348	35.424316	32.12291	31.588041	28.820082	28.623568	26.858812	29.34592	31.028341	30.983755	34.358864	33.367195	30.276815	32.605774	35.239513
I-502-A	37.106922	38.77427	38.015106	35.875774	34.405247	30.901754	30.241253	28.664862	30.321508	33.31855	33.6538	36.234627	38.20372	39.57691	40.357204	43.960472	45.547066	46.563553	43.019627	41.976143	44.69778	43.947956	40.330364	41.5822	44.188347	43.798054	45.222145	45.193485	48.44158	49.38235	49.519848	47.533047	43.871452	41.96114	40.579723	37.751553	34.79276	34.86313	33.320667	30.398125	32.801353	34.736958	32.129784	32.780003	36.58545	23.377274	23.621975	24.789602	22.384262	23.446163	22.281757	24.417557	23.204468	26.78986	29.289873	32.73266	35.596428	37.94011	35.893333	35.335392	37.78634	40.357674	38.990944	35.488277	37.14914	39.095905	36.102955	34.252243	37.53284	38.323097	37.97157	36.676155	34.73029	36.222927	34.649166	33.81123	34.27538	31.16724	30.511364	27.464514	27.450436	26.157866	29.01387	30.848202	31.219616	34.681267	33.673695	30.862524	33.471855	35.82374
A-503-A	33.789463	35.477184	34.647327	32.646595	31.177828	27.78387	27.181978	25.911076	27.615423	30.429422	30.724768	33.478844	35.23315	36.44548	37.416233	41.076977	42.837383	43.9397	40.43732	39.471024	42.371925	41.711792	38.16638	39.54609	42.3074	42.20416	43.547832	43.285034	46.411846	47.357006	47.278034	45.168087	41.579845	39.446728	37.944263	35.00008	32.22985	32.4528	30.81746	28.052649	30.631018	32.749207	30.344034	31.326017	35.100616	21.264277	21.217731	21.943098	19.243603	19.977451	18.683746	20.672941	19.399885	22.981148	25.488348	28.9298	31.786467	34.146202	32.148346	31.595058	34.112	36.68276	35.423996	31.883226	33.4547	35.48577	32.584114	30.654295	33.94186	34.87635	34.67348	33.491867	31.517078	33.084785	31.721294	30.870857	31.072525	27.867153	27.02672	24.003098	23.798203	22.424965	25.27748	27.060587	27.479687	30.962528	30.009718	27.287445	30.030447	32.32682
V-504-A	31.72186	33.27787	32.56043	30.344044	28.990213	25.475311	25.068398	23.57928	25.590885	28.619139	29.34052	32.159725	34.117245	35.16326	35.837727	39.409943	41.218643	42.027336	38.422672	37.704914	40.532314	39.576385	36.08511	37.696724	40.26797	40.03813	41.14662	40.794464	43.882565	44.62091	44.54295	42.633087	38.98883	37.030827	35.41605	32.68204	29.848782	30.2835	29.022087	26.436247	29.238167	31.016758	28.36023	29.539793	33.25652	21.657627	22.083776	22.688334	20.005838	20.475765	18.556122	20.464312	19.11222	22.761028	25.506598	28.677404	31.697233	34.08616	32.335148	32.102505	34.926556	37.514862	36.60779	32.969284	34.163113	36.37273	33.71255	31.434362	34.540764	35.79099	35.586056	34.794647	33.045372	34.90013	33.889027	33.16108	33.003677	29.62	28.484308	25.56834	24.821281	23.108952	25.697065	26.991154	26.945585	30.527859	29.972036	27.129337	29.868753	32.472332
V-505-A	34.330467	35.584003	34.623974	32.13196	30.464151	26.797712	25.959166	24.003426	25.659496	28.871088	29.460466	31.949692	34.20475	35.59761	36.026997	39.522957	41.011356	41.81769	38.21283	37.252064	39.847927	38.916496	35.303413	36.639866	39.102493	38.607403	39.93531	39.923145	43.193897	44.099415	44.342194	42.440453	38.738533	36.997314	35.71839	33.017776	29.901297	29.924414	28.60801	25.727228	28.214321	29.863537	27.066685	27.800291	31.571333	20.557236	21.479975	22.689774	20.524143	21.61717	19.980839	22.407658	21.591257	25.354132	27.817686	30.959133	34.157543	36.27432	34.28958	34.296486	37.106037	39.90788	39.02294	35.478348	36.822254	39.187527	36.565968	34.427288	37.64629	38.95965	38.932682	38.03054	36.08133	37.71433	36.54125	35.524796	35.441887	32.21319	30.933214	27.776386	27.068142	25.729593	28.548992	29.783516	29.889181	33.558704	33.148193	30.47031	33.35337	35.867218
A-506-A	34.422733	35.608303	34.34613	31.974617	30.02586	26.457394	25.26165	23.50468	24.747793	27.717527	27.842327	30.24902	32.320885	33.911358	34.609722	38.19126	39.615704	40.746006	37.26369	36.026295	38.723072	38.143734	34.486042	35.589615	38.304638	38.052685	39.627773	39.654163	42.939262	44.11922	44.332615	42.148438	38.533104	36.55153	35.441628	32.47143	29.425446	29.183216	27.4238	24.369669	26.654816	28.70687	26.26031	26.899931	30.71198	17.466469	18.09155	19.41226	17.343037	18.779324	17.650473	20.369287	19.948397	23.725597	25.8253	29.11011	32.308826	34.223934	31.956589	31.924322	34.567013	37.496613	36.499836	33.078102	34.68372	37.10758	34.462723	32.592422	35.989445	37.267498	37.504303	36.38681	34.14527	35.48406	34.173485	32.863308	32.823364	29.775663	28.411743	25.06628	24.545967	23.641605	26.759819	28.198214	28.752401	32.424255	31.910862	29.523258	32.61313	34.80341
S-507-A	30.62251	31.806513	30.568403	28.25313	26.398237	22.873882	21.881985	20.368963	21.890364	24.787931	25.127611	27.81394	29.744455	31.037786	31.808313	35.427097	37.102722	38.16118	34.651596	33.65854	36.532463	35.871452	32.322395	33.722237	36.499996	36.485558	37.82254	37.529926	40.65732	41.701595	41.665043	39.470802	35.894066	33.755707	32.411476	29.423002	26.555658	26.64309	24.996193	22.232887	24.884604	26.953508	24.582493	25.730247	29.467257	16.81165	17.299759	17.964603	15.501556	16.335754	14.649967	17.143139	16.577356	20.379934	22.6441	25.798353	29.048637	31.042204	28.982016	29.070925	31.924538	34.813877	34.071823	30.561377	31.875563	34.41606	31.960783	29.84294	33.124035	34.645576	34.95934	34.135025	32.031815	33.600395	32.654076	31.472198	31.048584	27.825775	26.208979	23.006165	22.036863	20.833445	23.768322	24.920437	25.268963	28.986843	28.690502	26.313835	29.472689	31.757973
G-508-A	30.574768	31.456636	30.204792	27.532679	25.620577	21.90472	20.849916	18.793463	20.414457	23.654226	24.366	26.900797	29.211908	30.533604	30.849995	34.321415	35.853096	36.611355	32.998737	32.116264	34.77596	33.826218	30.254448	31.732555	34.25531	33.95743	35.187378	35.002003	38.205486	39.143894	39.29596	37.302734	33.629112	31.79677	30.541288	27.791449	24.679598	24.732597	23.454819	20.70471	23.399618	25.02025	22.283897	23.383432	27.10307	17.323597	18.565447	19.450203	17.395325	18.291561	16.245937	18.826868	18.465624	22.252811	24.546047	27.379303	30.80533	32.671284	30.747618	31.223446	34.287434	37.249336	36.800674	33.289116	34.34961	37.06153	34.824226	32.512726	35.655674	37.42128	37.77264	37.199043	35.217907	36.90848	36.139854	34.964	34.345592	31.083704	29.24446	26.085981	24.756826	23.457762	26.202038	26.904547	26.901361	30.683332	30.78345	28.392172	31.543982	34.0301
I-509-A	33.52136	34.167667	32.61043	29.831831	27.557148	23.84436	22.239532	19.909927	20.885107	24.108358	24.397472	26.517395	29.001232	30.767475	31.002884	34.42333	35.594456	36.53264	33.012123	31.729294	34.197334	33.48003	29.775322	30.818913	33.366463	32.92807	34.527893	34.717815	38.09881	39.347466	39.795647	37.67132	34.01513	32.278934	31.453613	28.620068	25.315054	24.789906	23.20232	20.049543	22.243744	23.960617	21.293173	21.814634	25.622957	15.196606	16.8428	18.420885	16.990646	18.646189	17.224516	20.311104	20.53364	24.331476	26.199692	29.076962	32.581406	34.129333	31.876804	32.48003	35.392727	38.554195	38.02499	34.672268	36.004772	38.809097	36.558594	34.520763	37.826225	39.555363	40.115356	39.315735	37.060184	38.429142	37.430656	35.920364	35.440598	32.413673	30.503073	27.103142	25.981184	25.200327	28.239185	29.060452	29.412245	33.208214	33.294365	31.140593	34.436047	36.69287
W-510-A	32.084423	32.73339	30.9551	28.393583	25.951078	22.411337	20.603493	18.708048	19.407425	22.283113	22.16201	24.390017	26.55428	28.350418	28.965609	32.51845	33.799324	35.054638	31.65271	30.229788	32.935093	32.55263	28.881365	29.860977	32.724075	32.699905	34.39793	34.41724	37.694656	39.11708	39.35924	36.954277	33.424896	31.332315	30.50813	27.386612	24.307371	23.731234	21.70706	18.543589	20.742636	22.96758	20.778488	21.522478	25.30289	12.237535	13.421815	14.762015	13.205556	14.966369	13.852967	17.132616	17.692608	21.445414	23.014791	25.97427	29.459068	30.870888	28.446785	29.023947	31.846191	35.079086	34.532803	31.267557	32.718422	35.583305	33.385303	31.508633	34.900475	36.656612	37.45045	36.5748	34.148785	35.348564	34.383755	32.700882	32.11144	29.195604	27.138657	23.666513	22.547009	22.060251	25.260002	26.170715	26.86299	30.63026	30.667961	28.787516	32.23668	34.22079
E-511-A	28.949234	29.431423	27.679665	24.956148	22.565222	18.92568	17.261236	15.240033	16.326162	19.395456	19.77351	22.239016	24.505346	25.994047	26.400934	29.921078	31.391579	32.381157	28.863558	27.773478	30.545055	29.882591	26.294212	27.653873	30.425016	30.46208	31.842712	31.595549	34.768715	35.98072	36.08056	33.786823	30.216705	28.13913	27.10931	24.09494	21.021423	20.78469	19.11452	16.265759	18.946005	20.892784	18.52659	19.81377	23.503603	13.239861	14.662496	15.360936	13.649544	14.697522	12.74703	15.763252	16.26868	19.973974	21.733488	24.356525	27.960735	29.40141	27.293812	28.175077	31.293936	34.479176	34.307365	30.966251	31.992666	35.005173	33.08184	30.878775	34.05562	36.11789	36.940407	36.45185	34.260296	35.74551	35.17523	33.677605	32.702763	29.616116	27.30154	24.055769	22.373917	21.512032	24.36852	24.763683	25.033907	28.847473	29.284212	27.388489	30.83687	33.020992
L-512-A	31.155582	31.294727	29.424755	26.39296	23.817677	20.102663	18.113495	15.427958	16.135551	19.481142	19.946735	21.936462	24.659227	26.435171	26.351423	29.661167	30.75229	31.558634	28.0168	26.781107	29.200336	28.40102	24.706112	25.852354	28.381027	28.03642	29.55733	29.665382	33.030396	34.334766	34.806503	32.63482	28.99139	27.29375	26.63567	23.840227	20.428577	19.757837	18.284653	15.192409	17.532715	19.048029	16.31672	17.147972	20.910698	13.426227	15.713437	17.00666	16.037264	17.509619	15.762077	18.918926	19.727928	23.340693	24.92117	27.314034	31.006893	32.201595	30.05865	31.232702	34.37041	37.661266	37.616844	34.36817	35.36709	38.484993	36.671177	34.488014	37.634388	39.787895	40.67787	40.22119	37.999058	39.416027	38.80946	37.18769	36.217564	33.222805	30.816532	27.513435	25.793821	25.096905	27.933142	28.135963	28.31831	32.12749	32.776386	30.943733	34.392086	36.61592
H-513-A	33.7063	33.80316	31.680439	28.778711	25.93922	22.39151	19.98146	17.475988	17.45493	20.460798	20.217403	21.835299	24.470997	26.684143	26.806475	30.13205	30.9413	32.12797	28.781607	27.068972	29.423117	29.076914	25.305983	25.930801	28.657154	28.397211	30.352793	30.747404	34.19513	35.86486	36.483887	34.065594	30.546944	28.74966	28.457718	25.46021	22.0925	20.878273	18.8299	15.344939	17.036526	19.005575	16.717453	16.943876	20.759134	10.441757	12.955126	14.922936	14.541095	16.768793	15.851445	19.4015	20.669386	24.244606	25.38585	27.93073	31.591558	32.52055	30.007519	31.141773	34.025562	37.4653	37.24013	34.172215	35.517235	38.64521	36.76071	34.9228	38.253567	40.27825	41.359818	40.61302	38.102062	39.163548	38.308228	36.371387	35.573303	32.84469	30.443987	26.93617	25.537672	25.386526	28.534071	29.016703	29.676466	33.446518	33.91577	32.323074	35.891907	37.81161
P-514-A	32.527714	32.70516	30.423313	27.81477	24.880413	21.56282	19.03784	17.131235	16.871557	19.407198	18.663847	20.454197	22.646378	24.866423	25.489538	28.981619	29.962475	31.515532	28.314344	26.482256	29.132444	29.160927	25.473415	26.058334	29.12855	29.348307	31.354216	31.515495	34.803684	36.60482	36.954395	34.263313	30.901836	28.701075	28.34041	25.044832	22.001036	20.827093	18.293072	14.874967	16.580294	19.182968	17.524164	18.060427	21.74879	7.5322523	9.4584	11.208433	10.768952	13.213731	12.769813	16.486332	18.091318	21.54685	22.358456	25.004206	28.597849	29.408922	26.707779	27.759218	30.511156	34.000053	33.71447	30.74775	32.23634	35.378216	33.522087	31.877129	35.281643	37.27851	38.552574	37.706764	35.046997	35.928356	35.08514	33.00201	32.13322	29.542158	27.04894	23.4986	22.159384	22.335571	25.618801	26.238316	27.259796	30.95735	31.316715	29.986158	33.650795	35.285965
R-515-A	36.155514	36.275158	33.866337	31.291368	28.219263	25.012526	22.258427	20.31123	19.566208	21.879925	20.667593	21.931557	24.111547	26.728512	27.361666	30.728518	31.333696	33.110172	30.106638	27.881832	30.29294	30.632511	26.91821	26.9801	30.048523	30.16058	32.538055	33.067184	36.45432	38.529285	39.12399	36.34065	33.075005	30.979687	30.985413	27.688272	24.61983	22.982372	20.2018	16.572096	17.493221	20.201178	18.818237	18.627941	22.243847	6.251861	8.541082	11.412121	11.8942795	15.050419	15.43798	19.245249	21.074032	24.414518	24.889648	27.595743	31.09056	31.662106	28.685167	29.677088	32.12868	35.703037	35.221024	32.464764	34.26915	37.35503	35.420155	34.10755	37.632645	39.459305	40.83205	39.712296	36.831264	37.373352	36.23869	33.881123	33.27418	30.981327	28.603558	24.919264	23.997301	24.642181	28.116026	28.980162	30.317339	33.936707	34.132473	32.946285	36.62869	38.05279
V-516-A	37.16532	37.59713	35.486248	32.91968	30.110224	26.721708	24.33564	22.312672	22.103045	24.694775	23.825249	25.339283	27.548811	29.976002	30.600126	34.02113	34.759407	36.36996	33.227806	31.192593	33.5999	33.692265	29.936064	30.174036	33.09311	32.960903	35.22271	35.766655	39.210915	41.090824	41.697273	39.090454	35.6884	33.69614	33.466583	30.257843	27.088827	25.736624	23.232052	19.64341	20.845814	23.306023	21.513224	21.309927	25.04035	9.827293	11.398669	14.083477	13.811081	16.739315	16.870155	20.530245	21.757416	25.3141	26.22471	29.215456	32.640236	33.58836	30.701256	31.326496	33.75516	37.188354	36.429153	33.498764	35.40301	38.27576	36.036674	34.668793	38.250053	39.83488	40.885086	39.624756	36.82074	37.471542	36.111492	33.94461	33.66625	31.224508	29.21263	25.499893	24.887756	25.221615	28.741457	29.913307	31.136454	34.805573	34.708267	33.170357	36.716866	38.3205
G-517-A	34.54179	35.201553	33.17776	30.875217	28.220205	24.950361	22.811827	21.2817	21.356445	23.74332	22.870186	24.818027	26.649359	28.771818	29.777462	33.36532	34.471546	36.180176	33.028862	31.192192	33.92632	34.056667	30.392893	30.930685	34.04445	34.255672	36.30675	36.474194	39.746605	41.503414	41.76681	39.074486	35.716644	33.41472	32.857094	29.497171	26.595482	25.631891	23.045712	19.708136	21.344177	24.082933	22.475893	22.857206	26.558252	9.659738	10.146579	12.052846	10.952965	13.583458	13.71104	17.245243	18.303446	21.84636	22.823818	25.974901	29.303852	30.432213	27.588211	27.979473	30.403812	33.751236	32.916378	29.902996	31.81355	34.616283	32.31623	30.93232	34.5272	36.064728	37.09582	35.83724	33.053036	33.76999	32.48878	30.417208	30.068829	27.529308	25.544233	21.857023	21.261444	21.516586	25.061039	26.380787	27.705967	31.333635	31.08472	29.55826	33.098164	34.627567
D-518-A	35.93181	36.474186	34.19838	32.078365	29.225304	26.229431	23.803383	22.567142	22.106043	24.02727	22.564444	24.22367	25.747833	28.107143	29.389921	32.94486	33.896347	35.95467	33.052185	30.914465	33.654575	34.208298	30.618341	30.821966	34.120975	34.588432	36.86885	37.100742	40.31159	42.33029	42.583454	39.660122	36.48933	34.02424	33.704773	30.193857	27.49102	26.232494	23.249691	19.90674	21.06949	24.170479	23.117632	23.314178	26.837748	7.4597883	7.1421885	9.544699	9.2356205	12.544335	13.699193	17.308062	18.919313	22.137262	22.505066	25.612564	28.816608	29.5792	26.433352	26.83764	28.95587	32.417824	31.502768	28.778368	30.952906	33.78046	31.566929	30.566942	34.23913	35.721786	37.051865	35.607773	32.567184	32.885315	31.495945	29.069164	28.745329	26.582958	24.504536	20.735645	20.395273	21.321095	25.008682	26.445831	28.218176	31.6896	31.381767	30.259802	33.879005	35.017895
L-519-A	39.314575	39.93906	37.75717	35.55009	32.73255	29.610462	27.20373	25.698856	25.259201	27.366236	25.946497	27.392094	29.09225	31.607521	32.731735	36.21087	36.955307	38.971546	36.062607	33.804245	36.334454	36.85802	33.1904	33.18447	36.337776	36.51131	38.953472	39.46928	42.818085	44.885166	45.361706	42.523087	39.28761	37.02268	36.82657	33.40614	30.520786	29.103065	26.20317	22.687895	23.584948	26.493408	25.247953	24.979555	28.549131	10.00482	10.091018	12.956518	12.892984	16.204556	17.366869	20.903889	22.252146	25.540539	26.037025	29.249758	32.381298	33.21251	30.028614	30.257414	32.204597	35.603306	34.444744	31.763716	34.123936	36.780163	34.364544	33.49914	37.22853	38.472504	39.629425	37.961823	34.88077	35.07372	33.3553	30.91161	30.995117	28.945097	27.207428	23.42052	23.48697	24.405363	28.140358	29.807583	31.578186	35.04592	34.536816	33.25029	36.77007	37.950706
I-520-A	37.965843	38.917473	37.038223	34.94275	32.429688	29.231272	27.24613	25.879667	25.990107	28.258907	27.199509	29.07702	30.708748	32.883533	34.100464	37.701168	38.76501	40.625263	37.55505	35.60167	38.308376	38.579773	34.912262	35.27462	38.404373	38.562275	40.75051	41.040104	44.344036	46.15524	46.45031	43.73362	40.394737	38.0724	37.509785	34.115646	31.268162	30.281046	27.603836	24.233894	25.639572	28.46072	26.93086	27.032845	30.719515	12.632981	12.320829	14.420407	13.319753	16.037477	16.760824	20.008577	20.73042	24.14641	25.095701	28.527245	31.568054	32.82073	29.839136	29.724504	31.741795	34.945923	33.617325	30.70609	33.025276	35.486187	32.837433	31.816305	35.536655	36.612617	37.457783	35.767612	32.84315	33.27276	31.502443	29.372435	29.612217	27.297976	25.858091	22.138304	22.341465	22.817225	26.499693	28.388264	30.001171	33.479237	32.72677	31.128674	34.502243	35.8526
L-521-A	36.962727	37.98788	36.02808	34.243217	31.742887	28.826233	26.866573	25.99847	25.989286	27.84071	26.482206	28.456966	29.64585	31.707819	33.31906	36.973705	38.1898	40.29038	37.37415	35.40558	38.306927	38.828594	35.28512	35.661312	38.996502	39.514957	41.68201	41.75985	44.904083	46.77585	46.837784	43.944992	40.75782	38.157505	37.52121	33.97317	31.435448	30.540775	27.636562	24.47079	25.880938	29.01755	27.895138	28.25761	31.819086	12.171015	10.729138	12.22819	10.901187	13.56034	14.916463	17.957905	18.84927	21.97063	22.569473	26.066015	28.907215	30.066833	26.961315	26.63914	28.423742	31.606834	30.150263	27.370665	29.874409	32.275116	29.630116	28.865986	32.639038	33.631535	34.66225	32.847275	29.760584	29.9663	28.176464	25.872158	26.088184	23.95299	22.502829	18.755095	19.218218	20.085617	23.856245	25.9466	27.920444	31.23128	30.320328	29.012026	32.41225	33.43397
A-522-A	40.309784	41.181847	39.040176	37.22489	34.529926	31.677097	29.427763	28.452883	28.023485	29.73142	28.01594	29.577248	30.752018	33.133736	34.73469	38.278183	39.185154	41.47585	38.731014	36.451935	39.171085	39.957767	36.40914	36.392445	39.734303	40.21671	42.659565	43.00028	46.20722	48.31688	48.565887	45.57143	42.469006	39.93042	39.607113	36.034576	33.45886	32.189144	29.084024	25.775015	26.66615	29.876173	28.989931	28.913696	32.36745	12.206322	10.748481	12.96002	12.666411	15.814002	17.713398	20.854893	22.111149	25.048286	25.25049	28.63804	31.401491	32.233654	28.905748	28.648603	30.12849	33.382618	31.822914	29.353996	32.08814	34.457687	31.86392	31.446293	35.251057	36.13683	37.331043	35.31608	32.045216	31.85839	29.83903	27.223646	27.657263	25.952145	24.566246	20.824615	21.582432	22.933376	26.744656	28.876968	31.080526	34.29429	33.36647	32.288555	35.69959	36.493553
H-523-A	42.500496	43.5751	41.64548	39.79143	37.25265	34.24899	32.186874	31.048328	30.882587	32.837826	31.345306	32.977604	34.302086	36.644005	38.140358	41.701416	42.614666	44.78001	41.925674	39.70946	42.36648	42.986015	39.362328	39.387627	42.611492	42.859787	45.292973	45.733013	49.031784	51.049248	51.382984	48.513676	45.296524	42.881916	42.47346	38.975403	36.257984	35.069927	32.127464	28.734097	29.712023	32.743702	31.560488	31.346935	34.903557	15.538779	14.448662	16.67805	16.073921	18.967573	20.544388	23.552996	24.346945	27.40216	27.942863	31.47727	34.167725	35.261257	32.037876	31.529486	32.95308	36.043026	34.2473	31.696657	34.498272	36.63294	33.788498	33.3705	37.179367	37.798904	38.67478	36.494045	33.314648	33.170628	30.876513	28.468712	29.314436	27.564129	26.61332	22.960781	24.015823	25.07636	28.843252	31.200022	33.275803	36.49386	35.324924	33.958828	37.19945	38.12742
L-524-A	40.336857	41.68406	39.97903	38.33695	36.06324	33.130703	31.422915	30.578327	30.789597	32.7152	31.428501	33.438652	34.573025	36.579826	38.26258	41.930958	43.17017	45.27155	42.33603	40.382996	43.260662	43.747807	40.17434	40.528538	43.813423	44.19933	46.396812	46.548027	49.73965	51.558792	51.642338	48.812836	45.57427	43.012688	42.27864	38.762672	36.20232	35.397156	32.565514	29.371555	30.76661	33.838062	32.576603	32.785923	36.400787	16.88529	15.36377	16.834126	15.408282	17.699196	19.060522	21.681263	22.006073	24.995573	25.788431	29.465687	31.994162	33.40419	30.360237	29.522938	30.95236	33.846542	31.910625	29.199583	31.972332	33.921696	30.909264	30.416857	34.20313	34.673023	35.34536	33.140068	30.066528	30.093323	27.797468	25.64735	26.572163	24.618114	23.91932	20.370913	21.593775	22.369762	26.057123	28.626278	30.66041	33.7988	32.39726	30.884996	33.990326	34.945618
H-525-A	40.635117	41.915592	40.03704	38.61806	36.25163	33.587505	31.752607	31.234722	31.15337	32.684	31.030582	32.924946	33.701794	35.734024	37.70198	41.339222	42.562958	44.91972	42.1924	40.111923	43.05524	43.844856	40.3843	40.595753	44.03356	44.699104	46.979454	47.062134	50.140564	52.10777	52.082912	49.071976	46.00363	43.256546	42.612244	38.98013	36.655834	35.7595	32.688557	29.618887	30.809217	34.125553	33.27711	33.529484	36.99131	16.487513	14.25302	15.405321	14.278136	16.609821	18.656979	21.12063	21.807325	24.417437	24.687927	28.294806	30.613882	31.749983	28.524431	27.582752	28.666182	31.574978	29.522577	27.10425	30.114832	32.023563	29.09895	28.997099	32.81484	33.21348	34.18211	31.821722	28.514765	28.137634	25.763435	23.257381	24.210508	22.660479	21.931555	18.397	19.953503	21.323675	25.053038	27.730648	30.15297	33.089638	31.618116	30.516865	33.661514	34.213978
K-526-A	44.403862	45.626747	43.68062	42.19043	39.717873	37.01252	35.01287	34.318596	34.03284	35.58181	33.76704	35.383186	36.23342	38.49658	40.392273	43.951183	44.935844	47.37822	44.730812	42.44153	45.21679	46.133274	42.635174	42.5708	45.960976	46.50193	48.985252	49.309017	52.475925	54.589188	54.747406	51.709236	48.652428	46.005802	45.568386	41.944695	39.51638	38.367672	35.21551	31.997807	32.85484	36.144707	35.34382	35.227615	38.646614	18.236269	16.233414	17.897469	17.362885	19.98985	22.202291	24.777744	25.587954	28.163002	28.294533	31.846622	34.11048	35.08462	31.750349	30.816162	31.664677	34.552334	32.368366	30.186928	33.35083	35.148415	32.20921	32.353924	36.16236	36.39252	37.35903	34.81038	31.437405	30.772213	28.137318	25.503431	26.783419	25.587967	25.062218	21.630552	23.404558	24.967762	28.679167	31.4049	33.90536	36.790462	35.260017	34.21484	37.304092	37.757923
K-527-A	45.385662	46.82324	45.12207	43.595562	41.313744	38.456932	36.690792	35.871387	35.9142	37.7255	36.20217	37.996845	39.011883	41.16644	42.956333	46.572727	47.653732	49.924583	47.116123	44.968475	47.75032	48.43502	44.861183	44.95385	48.24816	48.59632	50.988525	51.318516	54.553173	56.51307	56.692043	53.795326	50.6058	48.051693	47.45197	43.90121	41.35131	40.371025	37.408203	34.140633	35.21952	38.350746	37.22665	37.125465	40.67524	20.847124	19.159216	20.820633	19.851065	22.229853	24.003185	26.463757	26.79084	29.513676	30.067839	33.752594	35.99402	37.296288	34.137527	33.00926	33.94365	36.66162	34.339405	31.974846	35.07898	36.67851	33.515854	33.51915	37.29193	37.31951	37.91379	35.300014	32.11546	31.654722	28.867077	26.59842	28.166906	26.767113	26.611853	23.294188	25.163383	26.282656	29.902685	32.77251	35.052826	37.96603	36.24668	34.861675	37.76788	38.430744
C-528-A	43.038914	44.673702	43.11846	41.846302	39.77408	37.078846	35.582054	35.107708	35.374516	37.039192	35.602833	37.677734	38.439663	40.299923	42.309654	45.99498	47.353973	49.62586	46.809784	44.865578	47.85228	48.499516	45.009598	45.354023	48.74123	49.295673	51.497032	51.54624	54.64602	56.470966	56.395084	53.48584	50.336246	47.607857	46.75727	43.173256	40.837383	40.158688	37.236088	34.185417	35.55899	38.782185	37.71155	37.992447	41.547676	21.395187	19.26961	20.25232	18.731064	20.563139	22.291477	24.32981	24.354279	26.858624	27.475563	31.21608	33.23798	34.733673	31.719172	30.290121	31.140146	33.666874	31.21359	28.790129	31.90134	33.31843	30.048468	30.088196	33.825832	33.70828	34.208305	31.544264	28.397648	27.991976	25.196877	23.0846	24.722153	23.24281	23.326372	20.165108	22.262241	23.273085	26.778244	29.834198	32.16642	34.925415	32.999012	31.62207	34.40313	34.96434
P-529-A	42.472954	44.03366	42.32715	41.272797	39.139465	36.709126	35.13264	34.978565	35.021893	36.322975	34.607906	36.616833	37.03663	38.8543	41.120255	44.767765	46.15302	48.626373	45.997593	43.992107	47.05523	47.94585	44.58185	44.8537	48.37166	49.201893	51.4283	51.366142	54.335114	56.26187	56.051933	52.990715	50.00544	47.101048	46.298195	42.62525	40.532066	39.82297	36.725548	33.837307	35.08977	38.506588	37.793175	38.18599	41.598396	20.852228	18.188303	18.744215	17.395063	19.100092	21.335371	23.165121	23.494213	25.620043	25.763744	29.39979	31.209625	32.460186	29.327042	27.798569	28.334581	30.851778	28.315674	26.164536	29.462967	30.851782	27.696892	28.085222	31.831833	31.689411	32.505646	29.745707	26.379778	25.605	22.793724	20.314816	21.922428	20.822823	20.852827	17.754042	20.135519	21.66674	25.163553	28.275528	30.940874	33.49999	31.545654	30.576582	33.403027	33.586143
Y-530-A	40.931362	42.769073	41.32865	40.50519	38.676464	36.351875	35.148952	35.247627	35.63863	36.919094	35.442486	37.75624	38.03656	39.522297	41.90492	45.609825	47.27427	49.645435	46.94915	45.203773	48.423344	49.16279	45.857513	46.416695	49.94433	50.85214	52.861473	52.56265	55.431717	57.15926	56.73827	53.749832	50.754177	47.761467	46.667534	43.03002	41.087147	40.725246	37.784588	35.0911	36.679417	40.061867	39.248234	39.95937	43.41033	22.973421	20.219845	20.219196	18.24433	19.242476	21.1411	22.439795	22.220251	24.13593	24.547153	28.247566	29.800928	31.400307	28.543486	26.634558	27.12962	29.334528	26.61917	24.320574	27.559776	28.64549	25.277113	25.628222	29.29837	28.901377	29.429708	26.588406	23.363344	22.7661	19.880053	17.80076	19.623888	18.318243	18.83377	16.048183	18.69336	19.846457	23.108648	26.455206	29.039318	31.426462	29.177193	28.063643	30.649426	30.82024
S-531-A	37.80553	39.558144	38.096664	37.10323	35.241096	32.78854	31.59415	31.591549	32.097866	33.5241	32.232117	34.662228	35.11462	36.55959	38.796555	42.536552	44.25438	46.480835	43.670914	42.02956	45.263924	45.842163	42.508556	43.20694	46.68674	47.541477	49.4494	49.09977	51.980896	53.624065	53.208195	50.289875	47.2301	44.288548	43.13995	39.5399	37.52135	37.23644	34.40367	31.715525	33.482025	36.775963	35.823658	36.66246	40.155254	20.169281	17.616909	17.56628	15.25555	16.230528	17.801743	19.305878	19.069366	21.33797	22.014881	25.788671	27.685621	29.386196	26.565445	24.960356	25.960938	28.40784	26.057053	23.39033	26.352592	27.8244	24.564226	24.400124	28.14822	28.190252	28.77138	26.305712	23.17616	23.08112	20.663118	18.693352	19.864246	17.9561	17.871206	14.701581	16.729507	17.555574	21.010763	24.126907	26.494907	29.174713	27.213673	25.90479	28.730312	29.244022
V-532-A	37.272415	38.76979	37.012333	36.078716	33.991917	31.734625	30.269665	30.439146	30.567684	31.667786	30.02993	32.28093	32.502945	34.047153	36.444298	40.128235	41.757725	44.18644	41.562653	39.770767	43.009155	43.848663	40.608356	41.14104	44.724262	45.79331	47.794453	47.434998	50.235394	52.046566	51.60408	48.525803	45.619244	42.56653	41.595615	37.907566	36.0432	35.578842	32.53306	29.92609	31.45977	34.926334	34.337257	35.168446	38.505096	18.034903	15.044978	14.724331	12.772738	13.941003	16.190166	17.796545	18.23081	20.256042	20.316566	23.954395	25.86056	27.148842	24.064255	22.640547	23.49873	26.18324	23.954514	21.523588	24.631067	26.354603	23.36872	23.445335	27.251802	27.533005	28.611267	26.210602	22.823639	22.398092	20.163704	17.65566	18.449274	16.86717	16.254461	12.849322	14.861021	16.425264	20.03038	22.988123	25.69128	28.314459	26.578524	25.749935	28.792461	29.000149
P-533-A	37.856358	39.55524	37.952187	37.29534	35.416706	33.349033	32.11393	32.544605	32.796795	33.74348	32.126144	34.47581	34.460953	35.800217	38.377087	42.051502	43.820118	46.285255	43.722683	42.03319	45.353664	46.22155	43.06576	43.68274	47.29956	48.477947	50.401012	49.912926	52.61791	54.364655	53.773304	50.687496	47.8445	44.69573	43.58692	39.90329	38.2192	37.925583	34.91337	32.466114	34.07756	37.57179	37.048073	38.00733	41.30758	20.914776	17.780018	17.103706	15.020886	15.633219	17.852093	18.901876	19.005344	20.606094	20.609411	24.217983	25.716166	27.130472	24.19449	22.321207	22.805536	25.158672	22.592518	20.304916	23.580296	24.91261	21.74644	22.14512	25.887108	25.793346	26.761215	24.104698	20.674118	20.02289	17.524893	15.061699	16.272934	14.92812	14.922332	11.931194	14.586113	16.182573	19.525291	22.782894	25.619507	27.936647	25.853569	25.124405	27.915268	27.85763
F-534-A	41.082016	42.689106	40.951576	40.367077	38.36819	36.41517	34.99076	35.441673	35.4009	36.16186	34.240253	36.325485	36.15468	37.659973	40.344315	43.93441	45.53	48.195827	45.810265	43.91349	47.15515	48.27322	45.155136	45.515125	49.182373	50.429405	52.527973	52.1607	54.862953	56.785397	56.256203	53.055176	50.31418	47.13657	46.219406	42.486286	40.852215	40.335735	37.146965	34.658455	35.946056	39.547558	39.25594	39.998474	43.20393	22.375965	19.071728	18.592056	17.151318	18.075417	20.736479	21.83269	22.262762	23.603323	23.167004	26.589941	27.858835	28.92734	25.833654	23.902216	23.864613	26.12938	23.34831	21.599508	25.137295	26.266106	23.212511	24.159906	27.80992	27.475557	28.62157	25.71197	22.131512	20.844576	18.026182	15.151205	16.801476	16.307573	16.553532	13.9011545	16.88467	18.996347	22.204361	25.469467	28.542465	30.637218	28.493982	28.091274	30.784224	30.37495
Y-535-A	44.373447	46.115967	44.487457	43.982044	42.06684	40.115116	38.753246	39.17944	39.173927	39.966293	38.02966	40.068398	39.879833	41.405613	44.115704	47.689247	49.247833	51.951263	49.58823	47.648113	50.857384	52.01003	48.87204	49.163437	52.82312	54.019104	56.180153	55.878757	58.612843	60.554714	60.05216	56.852375	54.10144	50.937344	50.019833	46.28968	44.633476	44.097076	40.89883	38.353203	39.57276	43.171284	42.846584	43.468117	46.699593	25.747957	22.5223	22.25343	20.92723	21.875528	24.481497	25.478685	25.704645	26.938366	26.55436	29.942764	30.969215	32.08187	29.080217	26.913956	26.539276	28.486935	25.419743	23.951738	27.583092	28.29266	25.123785	26.386816	29.891382	29.119453	30.035698	26.83137	23.336124	21.726954	18.484127	15.79088	18.145645	18.119043	19.015669	16.827675	20.094421	22.10783	25.096638	28.524162	31.597593	33.49935	31.096266	30.668724	33.090702	32.5353
P-536-A	47.293674	48.850365	47.029804	46.371197	44.230278	42.210987	40.562626	40.794857	40.496986	41.280415	39.116714	40.854206	40.738873	42.55115	45.186413	48.684387	49.97677	52.800045	50.534943	48.349346	51.401398	52.725315	49.5549	49.55542	53.201073	54.332783	56.70567	56.629612	59.442764	61.573	61.255486	57.985584	55.262894	52.173595	51.514053	47.75737	45.992043	45.15254	41.81599	39.117847	39.99905	43.622437	43.41306	43.71946	46.88841	25.813028	22.686768	22.879946	22.145714	23.613216	26.476063	27.835121	28.428383	29.79213	29.200361	32.51482	33.668503	34.47869	31.271227	29.363804	28.89965	31.010834	28.037092	26.809631	30.50001	31.342783	28.349243	29.721046	33.23674	32.5567	33.640137	30.438385	26.882994	25.071543	21.845667	18.939499	21.212759	21.461788	22.096281	19.773504	22.87852	25.157022	28.277853	31.563705	34.708084	36.69165	34.4524	34.128223	36.67033	36.088554
T-537-A	50.048893	51.62844	49.800175	49.316742	47.209354	45.35598	43.717358	44.09875	43.705025	44.299717	41.997314	43.636734	43.309486	45.087627	47.85832	51.281246	52.544186	55.489388	53.373035	51.139103	54.179394	55.659855	52.57587	52.48336	56.163883	57.40605	59.82253	59.73466	62.478283	64.67275	64.30436	60.965958	58.34997	55.19525	54.574482	50.801384	49.17073	48.30501	44.903667	42.29279	43.049095	46.727062	46.691677	46.971214	50.044823	29.004768	25.783304	25.843903	25.286592	26.615286	29.616497	30.764545	31.39012	32.450832	31.621948	34.769405	35.61197	36.26191	33.100918	31.027172	30.121092	31.958305	28.815033	28.039194	31.817326	32.34687	29.461489	31.244497	34.58034	33.621723	34.75729	31.390491	27.857325	25.61576	22.267729	19.346064	21.905209	22.765896	23.71425	21.836802	25.145826	27.608196	30.49783	33.826633	37.10824	38.819183	36.450676	36.369125	38.729233	37.83456
F-538-A	53.77475	55.362877	53.530937	52.986485	50.8342	48.905968	47.195	47.44188	46.986794	47.65242	45.299095	46.811348	46.564514	48.47397	51.18348	54.57514	55.703983	58.683372	56.58827	54.241154	57.18404	58.714226	55.587906	55.34948	58.994255	60.1367	62.67136	62.732967	65.54703	67.81673	67.56338	64.21907	61.582565	58.49256	57.96933	54.196445	52.470234	51.47779	48.043488	45.320057	45.92802	49.578423	49.519398	49.591007	52.664993	31.686493	28.630884	28.996622	28.627048	30.157207	33.158092	34.43405	35.054977	36.197716	35.406155	38.558678	39.397305	40.010807	36.831295	34.773808	33.78195	35.548096	32.357285	31.706976	35.4956	35.908054	33.018536	34.883003	38.16399	37.058846	38.085613	34.62397	31.173489	28.837372	25.3795	22.61771	25.361027	26.351864	27.441349	25.619799	28.937553	31.362566	34.248077	37.60254	40.863823	42.5701	40.14818	40.01465	42.302807	41.404896
K-539-A	55.318256	56.690975	54.64928	54.056633	51.718742	49.861427	47.92072	48.138416	47.38415	47.88945	45.304127	46.533	46.212456	48.288376	50.99019	54.255917	55.172714	58.28385	56.366493	53.84164	56.65411	58.39371	55.337696	54.85646	58.495876	59.696373	62.368294	62.54928	65.3383	67.774445	67.611046	64.18064	61.66108	58.592243	58.2958	54.51412	52.824104	51.605515	48.05739	45.342453	45.643322	49.318905	49.494156	49.387947	52.303158	31.589472	28.565525	29.059832	29.17923	30.93574	34.173306	35.601906	36.59374	37.69249	36.59687	39.587807	40.465954	40.73451	37.410908	35.59856	34.491096	36.39146	33.367203	32.971115	36.773838	37.35668	34.719566	36.69114	39.967823	39.046665	40.367157	36.99163	33.434334	30.937246	27.659208	24.619596	27.067139	28.273893	29.023766	27.14259	30.296099	33.021553	35.963715	39.140152	42.51599	44.22881	42.00855	42.100594	44.53538	43.530815
E-540-A	58.916935	60.221382	58.104958	57.50669	55.09433	53.267426	51.22029	51.397217	50.490696	50.92874	48.21766	49.254673	48.899532	51.08039	53.76787	56.939445	57.698486	60.892784	59.095856	56.447235	59.146183	61.020744	58.002678	57.336872	60.94851	62.142487	64.927765	65.22654	68.016365	70.56327	70.480385	67.00656	64.55318	61.517757	61.36293	57.585014	55.89801	54.5346	50.92972	48.197227	48.28577	51.948677	52.237854	51.95845	54.776703	34.35723	31.436914	32.071304	32.452976	34.32166	37.641216	39.124546	40.233112	41.290718	40.070988	42.966454	43.786808	43.8875	40.536293	38.788467	37.52024	39.35902	36.358097	36.19609	40.00171	40.518955	38.00031	40.115864	43.316982	42.3364	43.71163	40.301876	36.768505	34.11166	30.84958	27.825018	30.284681	31.71198	32.473473	30.69019	33.82105	36.644463	39.5494	42.680977	46.105927	47.7582	45.55824	45.751167	48.161186	47.055515
G-541-A	60.48968	61.61994	59.356403	58.56391	55.970448	54.04594	51.783463	51.747715	50.63999	51.12711	48.31803	49.10671	48.90276	51.312656	53.83871	56.926804	57.44248	60.658527	58.917156	56.098457	58.617306	60.569386	57.532173	56.639137	60.17402	61.255737	64.19014	64.6985	67.55606	70.23086	70.33819	66.85687	64.4153	61.50404	61.567245	57.814514	56.006657	54.40616	50.76081	47.92052	47.745796	51.339825	51.67675	51.12716	53.8614	33.919395	31.256939	32.261204	33.01599	35.224113	38.590897	40.37265	41.712208	42.9647	41.708004	44.58911	45.636433	45.5824	42.096607	40.63947	39.53602	41.6108	38.795704	38.568027	42.343063	43.116653	40.674065	42.648846	45.945282	45.18555	46.666874	43.348015	39.74622	37.18838	34.007816	30.856222	33.10512	34.37614	34.82649	32.7829	35.69252	38.576973	41.648815	44.643417	48.041958	49.871746	47.864323	48.02593	50.614395	49.637405
M-542-A	59.140717	60.31857	58.121418	57.15458	54.55997	52.427174	50.17842	49.936314	48.958675	49.704624	47.054375	47.940865	48.002132	50.474766	52.84919	56.03468	56.567707	59.65235	57.723778	54.932705	57.448624	59.21818	56.04644	55.22375	58.709587	59.602993	62.53155	63.10974	66.088615	68.69775	68.89676	65.50223	62.909187	60.091503	60.109543	56.373947	54.37354	52.783333	49.208263	46.211964	46.14424	49.66689	49.756817	49.144424	52.02078	31.983839	29.506952	30.792135	31.408417	33.788372	36.983402	38.963364	40.17956	41.722225	40.751118	43.82247	45.10922	45.2754	41.765064	40.356106	39.581394	41.81782	39.013657	38.412243	42.16415	43.07832	40.440666	42.12941	45.565327	44.88957	46.200783	42.909798	39.3215	37.049175	33.79093	30.722425	33.004	33.8681	34.273075	31.949806	34.785866	37.447395	40.680595	43.71476	46.968777	49.016975	47.01967	46.899208	49.558277	48.857094
A-543-A	60.620007	61.937122	59.879356	58.831562	56.31418	54.01596	51.861683	51.470867	50.68056	51.661724	49.183712	50.19025	50.443447	52.91651	55.194065	58.461185	59.035667	62.007	59.9224	57.180126	59.697746	61.30109	58.01871	57.271473	60.702065	61.414284	64.33055	64.96836	68.04952	70.58162	70.84439	67.53712	64.80929	62.066826	62.00169	58.286495	56.133038	54.60021	51.111557	47.991776	48.051723	51.49363	51.331676	50.66253	53.672565	33.648468	31.348576	32.81242	33.185127	35.591053	38.576427	40.611095	41.57089	43.29394	42.617348	45.85111	47.204857	47.619682	44.16683	42.64817	42.007202	44.196865	41.281425	40.47452	44.220303	45.039997	42.196667	43.762165	47.226665	46.414963	47.453007	44.087494	40.6059	38.48336	35.06701	32.241943	34.757454	35.42202	36.04873	33.67924	36.58253	38.981064	42.243847	45.40089	48.525753	50.655018	48.52769	48.147686	50.71926	50.185505
L-544-A	59.352383	60.87712	59.01607	58.051743	55.71877	53.38853	51.459263	51.140053	50.625313	51.714703	49.4277	50.706177	50.968372	53.26445	55.596245	58.98039	59.774765	62.65073	60.420467	57.849834	60.515278	61.947487	58.614853	58.10669	61.566837	62.267487	65.04422	65.53788	68.622665	70.99853	71.14435	67.900696	65.08027	62.287262	61.99648	58.27845	56.12631	54.821735	51.423626	48.32101	48.677425	52.12513	51.77475	51.30935	54.465572	34.0755	31.674536	32.95399	32.888233	35.057186	37.85939	39.716362	40.344814	42.05988	41.617973	44.968575	46.235573	46.930904	43.613186	41.85161	41.24322	43.27491	40.202488	39.246693	42.980602	43.609394	40.579464	42.097797	45.52771	44.52391	45.30647	41.867157	38.50813	36.491615	32.95049	30.386889	33.139153	33.68697	34.622402	32.361576	35.419556	37.578465	40.754242	44.067234	47.105663	49.184364	46.86355	46.316628	48.723915	48.245552
E-545-A	58.76422	60.261406	58.424217	57.245415	54.87204	52.339546	50.37465	49.79991	49.353268	50.686573	48.541462	49.82241	50.363102	52.757885	54.884953	58.302048	59.034607	61.777504	59.41184	56.838215	59.427555	60.704887	57.269638	56.766365	60.13176	60.621464	63.41519	64.029976	67.22645	69.565796	69.8508	66.702644	63.765182	61.11387	60.84922	57.182743	54.8345	53.481308	50.17075	46.925926	47.304977	50.627224	50.05912	49.462723	52.700386	32.66208	30.578533	32.192146	32.100002	34.479042	37.076626	39.17999	39.758125	41.779903	41.588024	45.054688	46.590893	47.41262	44.06937	42.47026	42.19918	44.421604	41.4662	40.195637	43.84711	44.68311	41.562008	42.763397	46.30605	45.475838	46.1527	42.82132	39.491817	37.787403	34.28894	31.789593	34.41597	34.55665	35.314842	32.77105	35.62109	37.561733	40.887962	44.14022	47.004044	49.31717	47.10216	46.300987	48.813686	48.632816
D-546-A	56.47637	57.79691	55.799847	54.568756	52.061817	49.574276	47.45701	46.883392	46.25411	47.485554	45.219826	46.37585	46.891205	49.36616	51.47862	54.844063	55.49302	58.288784	55.99984	53.35425	55.90538	57.277477	53.882713	53.292072	56.677605	57.24063	60.07571	60.70485	63.870728	66.28701	66.59092	63.3902	60.519386	57.860634	57.71011	54.03301	51.71891	50.255173	46.876892	43.6525	43.90104	47.26101	46.839153	46.21563	49.37565	29.31709	27.206387	28.881699	29.04968	31.58612	34.330814	36.564976	37.42456	39.45742	39.0842	42.472523	44.122673	44.753773	41.30635	39.924576	39.729652	42.14449	39.366814	38.10494	41.739178	42.82226	39.850124	40.998913	44.60912	44.040237	44.973446	41.770454	38.30438	36.60605	33.27502	30.50597	32.824066	32.92834	33.326023	30.611298	33.284393	35.41204	38.840385	41.939026	44.86458	47.25232	45.242855	44.58018	47.284443	47.092163
Y-547-A	54.44537	55.905987	54.008865	52.999077	50.645714	48.306473	46.376015	46.07874	45.592983	46.690105	44.45628	45.826157	46.115982	48.365677	50.68202	54.108284	54.98631	57.808697	55.520298	53.023632	55.7591	57.121098	53.7855	53.39462	56.883232	57.634155	60.32512	60.718494	63.77838	66.09751	66.18461	62.954506	60.119038	57.30075	56.95675	53.238388	51.10078	49.859795	46.48342	43.413128	43.88698	47.356297	46.986538	46.66867	49.861023	29.257822	26.774742	27.98359	27.826416	30.007957	32.791237	34.708237	35.404736	37.20229	36.787437	40.170254	41.591873	42.3152	38.967926	37.329384	36.960327	39.18524	36.258724	35.071884	38.750828	39.632137	36.612907	37.910824	41.45084	40.712593	41.60948	38.326187	34.8766	33.073475	29.679905	26.962454	29.431608	29.678278	30.317888	27.820505	30.722523	32.868835	36.156925	39.38368	42.38663	44.59291	42.417595	41.843426	44.413567	44.0584
Q-548-A	54.1944	55.832287	54.137173	53.0769	50.87309	48.386257	46.641712	46.242374	46.04062	47.380066	45.40301	46.981285	47.44554	49.60359	51.829693	55.351364	56.354523	59.014725	56.540527	54.182026	56.96845	58.1005	54.672447	54.463673	57.898827	58.49736	61.090034	61.455643	64.58332	66.75336	66.838974	63.72784	60.75259	57.99332	57.483486	53.807846	51.553368	50.472412	47.24082	44.1062	44.823208	48.195488	47.534184	47.281757	50.626	30.128597	27.811678	29.069077	28.513338	30.585688	33.04049	34.928726	35.263165	37.231243	37.19593	40.733288	42.211884	43.256493	40.04155	38.27933	38.111164	40.261147	37.26467	35.795975	39.393642	40.180996	36.94981	38.03048	41.573116	40.72441	41.29101	37.994007	34.71338	33.189217	29.706703	27.340027	29.97396	29.892563	30.756983	28.24411	31.153698	32.911625	36.176334	39.507725	42.310055	44.589825	42.286037	41.396935	43.84588	43.714657
R-549-A	52.704777	54.190384	52.402195	51.115387	48.779762	46.143745	44.25672	43.623978	43.353573	44.84157	42.906433	44.394672	45.086815	47.387447	49.420593	52.929043	53.813797	56.395355	53.86088	51.447277	54.134933	55.19966	51.710266	51.44071	54.803646	55.264877	57.904697	58.39178	61.59743	63.792866	64.01747	60.952206	57.921967	55.284187	54.881573	51.244473	48.837704	47.632324	44.431526	41.18167	41.826954	45.110653	44.353886	43.961548	47.325897	27.143023	25.112968	26.724504	26.32439	28.702965	31.065783	33.275524	33.768234	36.019165	36.074528	39.64387	41.430077	42.43747	39.137463	37.67792	37.84048	40.268997	37.510025	35.81061	39.30758	40.43299	37.256775	38.036057	41.69926	41.179256	41.838062	38.73805	35.411057	34.14764	30.85255	28.37372	30.658443	30.228115	30.674507	27.815825	30.389238	32.079872	35.535812	38.68835	41.37397	43.903034	41.845135	40.840427	43.507736	43.620213
M-550-A	49.902096	51.33397	49.465134	48.309303	45.95982	43.48738	41.592896	41.187786	40.842377	42.115578	40.07085	41.599754	42.079384	44.28864	46.47965	49.98628	50.961597	53.629074	51.177807	48.798084	51.58921	52.753605	49.35088	49.136684	52.60104	53.281075	55.86111	56.188812	59.283726	61.489685	61.568615	58.421265	55.48661	52.712246	52.27588	48.587917	46.35508	45.208286	41.930695	38.82026	39.50254	42.91587	42.35644	42.16622	45.470207	24.819086	22.43109	23.714994	23.30793	25.564419	28.134827	30.219957	30.86651	32.934277	32.765877	36.264854	37.973038	38.865158	35.53233	34.06771	34.151577	36.61111	33.893917	32.272255	35.80076	36.992207	33.919117	34.784367	38.456944	38.03535	38.90859	35.854942	32.41297	31.057661	27.872526	25.185003	27.294859	26.951864	27.246817	24.386284	26.990406	28.899893	32.352993	35.474888	38.301113	40.751877	38.7457	37.954685	40.695084	40.649696
L-551-A	49.05552	50.745068	49.11995	48.121063	46.021873	43.574535	41.98376	41.72967	41.70814	43.03936	41.211884	43.033073	43.44923	45.40681	47.685642	51.281483	52.504086	55.07503	52.51544	50.34883	53.290382	54.2929	50.889362	50.936466	54.418392	55.12284	57.528225	57.67219	60.7247	62.75267	62.672146	59.59496	56.603134	53.761734	53.064003	49.390743	47.22395	46.365986	43.212067	40.19657	41.201794	44.60017	43.88251	43.948486	47.35299	26.637117	24.137693	25.051884	24.082434	25.898224	28.21739	29.969278	30.166553	32.13816	32.228718	35.823116	37.346672	38.55539	35.428684	33.63483	33.68387	35.88373	32.97058	31.232437	34.73717	35.642384	32.36188	33.21691	36.816013	36.124943	36.694935	33.534348	30.243624	28.992113	25.657425	23.31876	25.733208	25.288557	26.03086	23.402939	26.238146	27.842955	31.12659	34.453922	37.19209	39.520332	37.249027	36.292046	38.799946	38.77042
G-552-A	48.624863	50.28934	48.715782	47.469826	45.347485	42.660995	41.057045	40.498703	40.5941	42.225815	40.600536	42.441383	43.18175	45.224976	47.255436	50.880154	52.04563	54.445347	51.727535	49.584522	52.44243	53.24712	49.732517	49.814167	53.180637	53.64583	56.046055	56.307964	59.47957	61.44538	61.509796	58.5543	55.42688	52.751045	52.062584	48.461792	46.070827	45.185528	42.159737	38.992332	40.06087	43.296925	42.301678	42.249245	45.757683	25.545183	23.477192	24.779469	23.733797	25.76879	27.753551	29.791363	29.887333	32.236618	32.664795	36.358498	38.18315	39.539864	36.435726	34.85439	35.295727	37.66435	34.93314	32.87173	36.20806	37.32592	33.997063	34.45701	38.124138	37.635708	38.05681	35.07464	31.900171	31.045063	27.85087	25.687056	27.885101	26.974031	27.491695	24.596502	27.084488	28.34819	31.756512	34.962856	37.44026	40.028717	37.90309	36.630703	39.229317	39.568214
Y-553-A	51.943245	53.708057	52.236336	50.983757	48.924965	46.181404	44.633698	43.989292	44.150547	45.876167	44.29949	46.1177	46.922848	48.995243	50.982765	54.6046	55.72973	58.10456	55.35868	53.196613	56.000835	56.768696	53.215466	53.256374	56.56794	56.911915	59.35113	59.70404	62.931644	64.88683	65.01989	62.11046	58.93712	56.326992	55.63691	52.065487	49.60286	48.70551	45.722492	42.494064	43.529713	46.698223	45.602413	45.423286	48.956123	29.024666	27.105051	28.529697	27.506208	29.530245	31.427702	33.424393	33.360405	35.707237	36.240177	39.954487	41.697697	43.133717	40.078846	38.38055	38.714672	40.94249	38.07403	36.08328	39.4464	40.36055	36.94155	37.487495	41.0814	40.363285	40.574158	37.468056	34.414845	33.4967	30.134665	28.172539	30.66136	29.878675	30.6931	27.96734	30.580988	31.738457	35.048706	38.343307	40.763603	43.290447	41.021954	39.645294	42.073376	42.42126
Q-554-A	53.305794	54.980213	53.49341	52.000862	49.861523	46.924973	45.282394	44.32471	44.476204	46.430206	44.95431	46.661663	47.750988	49.975864	51.720634	55.313473	56.285408	58.54512	55.719864	53.501076	56.151306	56.808105	53.172264	53.127346	56.30322	56.400215	58.905067	59.45438	62.79961	64.76267	65.095474	62.28169	59.0205	56.599815	56.018307	52.524563	49.852795	48.82672	45.932194	42.554207	43.49953	46.496502	45.210606	44.792385	48.35448	29.175316	27.705593	29.545061	28.675339	30.966148	32.670403	34.95101	34.928715	37.552525	38.25167	41.99066	43.97583	45.42191	42.332993	40.86019	41.435154	43.82361	41.10211	38.96027	42.22864	43.327545	39.924995	40.240646	43.88257	43.33421	43.500828	40.52067	37.51852	36.795597	33.52488	31.584505	33.917915	32.916553	33.515434	30.59487	32.939396	33.94691	37.35678	40.50987	42.756905	45.482056	43.375507	41.81862	44.337803	44.934425
V-555-A	56.849777	58.44802	56.858883	55.340042	53.090397	50.16667	48.37439	47.356613	47.31504	49.210125	47.570847	49.07481	50.15562	52.533596	54.2679	57.794556	58.593784	60.94833	58.220203	55.841366	58.375484	59.17	55.539783	55.279896	58.43238	58.488396	61.14274	61.852127	65.23237	67.32651	67.7752	64.91152	61.694202	59.315117	58.89938	55.391155	52.69126	51.477913	48.495327	45.057102	45.752743	48.75355	47.57932	46.929558	50.40682	31.367357	29.947105	31.964312	31.4276	33.895905	35.79997	38.16604	38.327957	40.90105	41.41667	45.108086	47.058987	48.3367	45.142784	43.702347	44.105236	46.50172	43.72578	41.78476	45.159847	46.221752	42.86924	43.381	47.020336	46.402195	46.657875	43.574604	40.50019	39.53786	36.165936	34.09063	36.538563	35.81258	36.43898	33.554176	35.99256	37.21942	40.653896	43.8147	46.178963	48.864933	46.75529	45.324436	47.855476	48.323914
K-556-A	59.531734	61.047573	59.428112	57.740406	55.414288	52.370426	50.48045	49.228058	49.12502	51.15639	49.550713	50.904797	52.18111	54.70207	56.25187	59.72208	60.351707	62.641308	59.896248	57.43607	59.805267	60.556507	56.883736	56.49025	59.51387	59.36383	62.105812	63.016666	66.4845	68.61844	69.25479	66.45847	63.200966	60.986855	60.70296	57.26274	54.414394	53.05665	50.131077	46.58882	47.13378	49.984135	48.709858	47.805355	51.25009	33.020992	31.947681	34.26371	33.92026	36.579823	38.39543	40.94834	41.17578	43.90104	44.47857	48.164608	50.25489	51.49642	48.261726	46.971592	47.477962	49.969173	47.267605	45.286243	48.627457	49.786064	46.452183	46.87293	50.536777	49.996582	50.235638	47.19901	44.144207	43.24093	39.890762	37.80748	40.20357	39.41589	39.934135	36.953434	39.253242	40.43334	43.92333	46.995647	49.271717	52.067898	50.05704	48.540127	51.120197	51.71503
D-557-A	62.120377	63.50866	61.73026	60.032207	57.561256	54.575153	52.500538	51.238636	50.885597	52.787415	50.9723	52.096165	53.314846	55.985004	57.546257	60.9273	61.373894	63.78723	61.18498	58.553665	60.80773	61.74644	58.1154	57.488297	60.507248	60.381657	63.274727	64.32051	67.787575	70.0799	70.80852	67.93035	64.76043	62.55919	62.466473	59.000416	56.17219	54.612106	51.569946	48.008053	48.275436	51.157085	50.07877	48.975655	52.290615	34.183002	33.107708	35.540188	35.55623	38.381977	40.440807	43.078045	43.563572	46.2141	46.541363	50.149292	52.216877	53.23059	49.874428	48.668312	49.015373	51.554714	48.85798	47.08597	50.521523	51.711033	48.480488	49.087967	52.76689	52.23873	52.663944	49.564236	46.38627	45.245834	41.86169	39.568905	41.96791	41.436783	41.877254	38.897842	41.24255	42.6949	46.231754	49.273426	51.70303	54.466324	52.50742	51.181637	53.838585	54.27617
S-558-A	64.08402	65.64655	64.00547	62.432484	60.098244	57.144306	55.225346	54.074654	53.87052	55.76823	54.004597	55.265476	56.394356	58.95265	60.619965	64.05588	64.624695	67.04439	64.409386	61.85278	64.19772	65.10436	61.47013	60.94515	64.001564	63.91053	66.743645	67.70377	71.152954	73.37826	74.018776	71.14888	67.95536	65.69043	65.46554	61.97909	59.19889	57.774742	54.751003	51.22789	51.631382	54.553043	53.431072	52.444695	55.810345	37.39694	36.147507	38.38194	38.17308	40.798634	42.826942	45.267685	45.530396	48.0733	48.475365	52.127953	54.022896	55.16986	51.898483	50.455063	50.652576	52.99283	50.11714	48.405838	51.882008	52.818848	49.484688	50.210827	53.807285	53.020813	53.255302	50.031395	46.96576	45.76	42.246433	40.157448	42.813976	42.398277	43.16615	40.3868	42.942894	44.313347	47.72929	50.92535	53.36003	55.992584	53.824677	52.451725	54.91454	55.282074
K-559-A	61.893566	63.605328	62.078186	60.67568	58.48541	55.62039	53.875076	52.932377	52.885025	54.71452	53.00135	54.470127	55.444134	57.820606	59.648823	63.16183	63.940117	66.37328	63.704437	61.278126	63.79923	64.67598	61.06276	60.72824	63.889046	63.950623	66.66049	67.411385	70.78999	72.9211	73.37177	70.47995	67.28725	64.8819	64.469055	60.939117	58.279713	57.05713	54.033546	50.60658	51.230377	54.26005	53.1446	52.426994	55.865192	36.782658	35.24761	37.17631	36.675304	39.045864	41.05607	43.2646	43.337284	45.73995	46.18475	49.86227	51.594296	52.86873	49.697765	48.045006	48.15206	50.331257	47.34229	45.63722	49.11789	49.879265	46.476955	47.26592	50.797897	49.85591	49.982292	46.700405	43.704002	42.49076	38.92792	36.98512	39.772705	39.38848	40.37762	37.758747	40.46903	41.769794	45.07307	48.383984	50.836468	53.341396	51.01938	49.648113	51.975555	52.263485
V-560-A	58.386425	60.173176	58.713177	57.4104	55.31574	52.51082	50.889595	50.093784	50.1686	51.955864	50.30874	51.9478	52.829803	55.057266	56.978226	60.547726	61.494743	63.908764	61.201714	58.897644	61.554527	62.38166	58.789673	58.627438	61.85965	62.040897	64.63144	65.203835	68.51959	70.56355	70.86428	67.96758	64.776	62.272694	61.71437	58.163757	55.595238	54.53603	51.532616	48.191193	49.00747	52.10363	50.98315	50.50094	53.9937	34.485226	32.76294	34.455505	33.70672	35.887413	37.84471	39.90738	39.858303	42.196075	42.69431	46.390644	48.06354	49.438305	46.343353	44.5967	44.732853	46.857655	43.85385	42.070858	45.517933	46.24482	42.804985	43.5489	47.068306	46.117245	46.207535	42.9466	39.971714	38.83994	35.301445	33.42699	36.202312	35.722244	36.766315	34.190117	36.933414	38.15371	41.40725	44.75779	47.196373	49.658085	47.28728	45.902348	48.19417	48.476746
E-561-A	56.483257	58.40292	57.13138	55.813793	53.883705	51.00305	49.5874	48.762337	49.108246	51.05646	49.66116	51.50917	52.492195	54.573864	56.4299	60.06565	61.16788	63.421196	60.567886	58.443295	61.172016	61.783276	58.155773	58.21465	61.404335	61.51099	63.94755	64.41817	67.73992	69.6126	69.85376	67.07353	63.790657	61.3213	60.58176	57.092342	54.484493	53.626175	50.783638	47.467537	48.54544	51.55092	50.2064	49.88559	53.481926	34.225033	32.602673	34.198925	33.087887	35.07755	36.707706	38.67884	38.321404	40.75811	41.571014	45.336697	47.05216	48.684147	45.74352	43.93846	44.283787	46.355537	43.37938	41.346245	44.65013	45.349895	41.801907	42.294094	45.781036	44.825935	44.67011	41.504387	38.709515	37.89841	34.427937	32.848343	35.59049	34.779205	35.90299	33.33739	35.97814	36.83886	40.017803	43.37543	45.59696	48.105793	45.692577	44.056072	46.244865	46.745403
Q-562-A	56.33157	58.460403	57.389378	56.26005	54.547916	51.757378	50.589905	49.95607	50.51851	52.429523	51.15064	53.20364	54.05802	55.92931	57.906025	61.59506	62.898067	65.11855	62.225723	60.26085	63.1247	63.66283	60.06817	60.31912	63.553577	63.747623	66.04537	66.33663	69.588905	71.33286	71.4076	68.657104	65.369286	62.8102	61.864765	58.380154	55.887043	55.26025	52.48487	49.286743	50.584385	53.621708	52.237514	52.14866	55.789047	36.341022	34.530056	35.796906	34.358643	35.99514	37.497997	39.148006	38.47588	40.73179	41.67173	45.44003	46.933754	48.762047	46.003597	43.93655	44.17455	45.983826	42.86755	40.84526	44.100376	44.51088	40.866703	41.41079	44.75374	43.534927	43.119465	39.884586	37.29179	36.52771	33.003036	31.775002	34.720493	33.93595	35.425293	33.152943	35.950924	36.616497	39.57108	43.05568	45.21615	47.540325	44.90909	43.204826	45.128002	45.57465
Q-563-A	53.54968	55.78032	54.78887	53.847042	52.26591	49.617577	48.608547	48.218433	48.887154	50.667084	49.421932	51.635704	52.307087	53.98391	56.108932	59.828125	61.311947	63.54528	60.66889	58.833874	61.838688	62.37552	58.85001	59.261314	62.577084	62.94804	65.12086	65.20503	68.34987	70.01627	69.90127	67.124985	63.88701	61.19605	60.098026	56.590626	54.264576	53.822636	51.05652	48.00991	49.47897	52.59891	51.288795	51.462986	55.103615	35.321438	33.253445	34.149475	32.455173	33.773758	35.25296	36.62336	35.79784	37.856167	38.793957	42.53588	43.856415	45.774406	43.13571	40.898594	41.060654	42.715786	39.540413	37.523243	40.748898	41.018272	37.342873	37.93389	41.209	39.88558	39.41538	36.150177	33.604588	32.85883	29.336323	28.256708	31.256105	30.471405	32.14093	30.058462	32.963463	33.56539	36.3777	39.93817	42.125362	44.305363	41.558147	39.905865	41.720608	42.06168
D-564-A	52.596825	54.970673	54.20559	53.244705	51.85863	49.13818	48.36141	47.92227	48.87285	50.82156	49.853275	52.24385	53.034256	54.566624	56.589947	60.346363	61.958576	64.00982	60.998398	59.347393	62.386444	62.69704	59.150974	59.7658	63.003384	63.27044	65.28738	65.2922	68.43847	69.92372	69.76824	67.135155	63.813377	61.19165	59.921062	56.508934	54.142487	53.90113	51.33076	48.325256	50.02667	53.01145	51.472466	51.776222	55.48839	36.2671	34.374847	35.20204	33.200592	34.31079	35.398922	36.652752	35.4812	37.62631	38.918842	42.68851	44.04323	46.224392	43.7818	41.516197	41.902668	43.477005	40.37288	38.11487	41.131268	41.355236	37.604424	37.896286	41.08133	39.749767	38.964985	35.84991	33.58471	33.235806	29.864542	29.18026	32.07957	30.939238	32.6788	30.66308	33.38558	33.553593	36.22219	39.7425	41.64134	43.85007	41.07251	39.12476	40.77382	41.379642
N-565-A	52.06979	54.285686	53.41458	52.20065	50.665504	47.76604	46.834614	46.12441	47.013817	49.136288	48.20999	50.494473	51.51965	53.212177	55.036507	58.77354	60.24302	62.21965	59.150806	57.42863	60.3469	60.59089	56.975895	57.509174	60.655434	60.75091	62.830414	62.991425	66.23323	67.75335	67.76836	65.186516	61.79962	59.319916	58.173363	54.80161	52.25531	51.872913	49.340733	46.20385	47.8224	50.695557	49.034077	49.162212	52.894775	34.13486	32.552563	33.71495	31.85815	33.267754	34.26641	35.8586	34.844765	37.301304	38.671883	42.48917	44.1504	46.267776	43.70676	41.724216	42.378754	44.235382	41.319138	38.890995	41.869556	42.426525	38.726505	38.78281	42.11746	41.10639	40.46832	37.511585	35.12993	34.931812	31.676405	30.748981	33.380527	31.999886	33.339848	30.969336	33.422096	33.571835	36.467613	39.83206	41.64244	44.11954	41.58461	39.529705	41.431885	42.271687
F-566-A	50.219837	52.320168	51.261642	50.10314	48.431103	45.63172	44.550602	43.96846	44.662724	46.60284	45.474472	47.689873	48.56804	50.303486	52.249737	55.973656	57.415176	59.531452	56.56829	54.75607	57.709232	58.125584	54.55384	55.001892	58.2487	58.51209	60.656754	60.784386	63.97825	65.61402	65.582344	62.870777	59.57075	56.97953	55.916496	52.454777	50.002705	49.529728	46.841934	43.73297	45.250053	48.269073	46.82505	46.981106	50.65907	31.2825	29.465868	30.542364	28.803576	30.280914	31.564821	33.19342	32.43213	34.804382	35.906765	39.708652	41.355522	43.29324	40.601974	38.64989	39.201412	41.15116	38.234356	35.91077	39.01565	39.674877	36.0391	36.250675	39.68601	38.76789	38.42255	35.404346	32.772198	32.363407	29.071308	27.824219	30.405716	29.164186	30.369518	27.90181	30.45083	30.905243	33.928566	37.31632	39.357815	41.827335	39.3417	37.528343	39.61382	40.2578
L-567-A	47.750004	50.026814	49.150505	48.188225	46.74003	44.065723	43.253662	42.91259	43.83285	45.697556	44.715847	47.159393	47.888733	49.36205	51.42146	55.182983	56.854244	58.912357	55.921402	54.314384	57.414547	57.744503	54.24341	54.92605	58.21436	58.61081	60.569332	60.463036	63.54457	65.03077	64.79371	62.115646	58.838764	56.144848	54.858177	51.41588	49.12598	48.92472	46.331036	43.405502	45.179424	48.217533	46.76564	47.23092	50.919712	31.546228	29.544859	30.18543	28.055862	29.078735	30.165798	31.421902	30.331408	32.51636	33.770195	37.555767	39.01938	41.16562	38.688034	36.530727	37.08048	38.818325	35.859592	33.44952	36.437622	36.911865	33.204346	33.346607	36.671402	35.62254	35.076866	32.07905	29.618229	29.398783	26.174139	25.271612	27.87082	26.478786	27.92846	25.713871	28.310339	28.500198	31.30058	34.76771	36.720318	39.04179	36.401566	34.51294	36.406136	37.045174
K-568-A	47.032085	49.31587	48.55871	47.40243	46.016582	43.157345	42.434425	41.856678	42.97094	45.097347	44.3773	46.88142	47.87077	49.336742	51.167885	54.9366	56.60616	58.462612	55.327816	53.821976	56.85817	56.958733	53.39756	54.185665	57.341114	57.531776	59.406387	59.346195	62.493355	63.855568	63.70554	61.182793	57.79479	55.26129	53.921394	50.591778	48.14364	48.009438	45.610573	42.632202	44.533085	47.37358	45.64855	46.094677	49.849815	31.339247	29.723755	30.54854	28.29393	29.35232	30.028566	31.423964	30.154224	32.628426	34.232487	38.047592	39.743664	42.045742	39.660587	37.691757	38.593468	40.43998	37.684147	35.00186	37.769444	38.422123	34.72465	34.465973	37.785713	36.949543	36.24514	33.503788	31.228718	31.420446	28.432238	27.695766	30.013329	28.216036	29.431707	27.06204	29.279686	29.08693	31.897238	35.19005	36.81988	39.34193	36.861668	34.65549	36.570625	37.595253
R-569-A	46.512745	48.55177	47.540817	46.186348	44.536022	41.579056	40.562195	39.80059	40.67406	42.830627	41.9657	44.286175	45.392704	47.075897	48.81278	52.550686	54.03693	55.948902	52.84763	51.172718	54.1072	54.296932	50.690342	51.29968	54.447754	54.5882	56.605038	56.70067	59.919666	61.42678	61.425488	58.841904	55.455517	52.976944	51.844788	48.476307	45.91185	45.536526	43.032448	39.919052	41.625572	44.479465	42.806065	43.05739	46.796944	28.188326	26.711533	27.853634	25.88609	27.345076	28.196995	29.980831	29.103182	31.795227	33.223244	37.05523	39.0043	41.076183	38.468025	36.781467	37.797	39.946365	37.33778	34.65025	37.4961	38.48408	34.902534	34.61747	38.11547	37.585598	37.229664	34.553318	32.00738	32.091846	29.152311	27.969992	30.062134	28.259766	29.03845	26.301996	28.360018	28.43718	31.545084	34.705402	36.450924	39.185722	36.959225	34.88099	37.135582	38.17392
M-570-A	44.07441	46.134686	45.068245	43.913925	42.283672	39.515636	38.53485	38.07691	38.905697	40.820705	39.83917	42.244835	43.092403	44.646217	46.596455	50.35192	51.963783	53.98677	50.97447	49.339474	52.407864	52.71994	49.202602	49.874477	53.151188	53.5435	55.5083	55.422825	58.52175	60.046673	59.864914	57.17338	53.888275	51.227276	50.027096	46.576824	44.218334	43.93393	41.329113	38.366234	40.135223	43.1545	41.70143	42.17746	45.86287	26.607756	24.729506	25.466393	23.339	24.54963	25.588728	27.145233	26.293734	28.765299	30.018469	33.84155	35.639652	37.678524	35.073486	33.25301	34.14396	36.235687	33.574738	30.942347	33.85487	34.80103	31.225243	31.06844	34.59197	34.040424	33.82826	31.093172	28.421585	28.407942	25.475471	24.205671	26.267433	24.515005	25.334478	22.660019	24.881687	25.104496	28.202526	31.467142	33.40303	36.01979	33.71345	31.829092	34.12103	34.945934
S-571-A	42.19724	44.469658	43.687984	42.625698	41.284077	38.532402	37.90314	37.542454	38.73055	40.731167	40.064922	42.71934	43.57386	44.858925	46.7779	50.562405	52.389084	54.23013	51.11151	49.739655	52.89648	52.985474	49.507427	50.45989	53.680355	54.060944	55.79828	55.526955	58.55598	59.85662	59.53376	56.97875	53.65101	50.998047	49.54248	46.19165	43.899902	43.929947	41.55217	38.74718	40.8285	43.72515	42.09534	42.837925	46.558533	28.003685	26.217226	26.637327	24.075947	24.805655	25.352146	26.564234	25.206007	27.640482	29.292263	33.10241	34.820507	37.180237	34.875336	32.935757	34.00192	35.89459	33.294025	30.444284	33.091087	33.901184	30.254683	29.797411	33.17275	32.566086	32.002705	29.431267	27.0946	27.520546	24.79675	24.045067	25.992908	23.881683	24.873333	22.4452	24.48424	24.150211	26.971422	30.221834	31.845816	34.40979	32.00793	29.82337	31.886597	32.947235
G-572-A	41.816597	43.96509	43.17726	41.820248	40.40943	37.423172	36.734516	36.031174	37.29396	39.574318	39.09814	41.707794	42.87639	44.26415	45.905117	49.671383	51.39643	53.06705	49.829422	48.471287	51.506535	51.41556	47.857693	48.820568	51.901493	52.05027	53.777077	53.633236	56.76379	58.01542	57.856323	55.425983	51.990185	49.528885	48.12868	44.875816	42.36544	42.33873	40.108475	37.184986	39.289486	41.98751	40.10783	40.72989	44.506046	26.846178	25.540146	26.307617	23.807491	24.779655	24.989887	26.54253	25.224016	28.041368	29.927727	33.734833	35.78402	38.15115	35.837112	34.229095	35.64582	37.758667	35.41971	32.37916	34.844864	35.95407	32.41322	31.60904	35.01896	34.737995	34.196766	31.899305	29.635725	30.322748	27.825571	27.012897	28.638857	26.258356	26.833742	24.139782	25.717583	25.168741	28.103626	31.076195	32.42609	35.2658	33.164654	30.763762	32.98593	34.403522
M-573-A	40.58817	42.501514	41.418873	39.98226	38.303688	35.32608	34.339916	33.623543	34.599644	36.772278	36.063923	38.537975	39.6771	41.22273	42.901318	46.656345	48.267277	50.071335	46.91629	45.396164	48.412834	48.493187	44.930065	45.739677	48.89992	49.145947	51.00039	50.91561	54.05786	55.477028	55.36621	52.801205	49.421463	46.901207	45.677315	42.32397	39.80823	39.575886	37.159462	34.1665	36.10709	38.933514	37.23686	37.78388	41.525024	23.262188	21.863268	22.738522	20.4278	21.701754	22.21764	24.072735	23.202488	26.117138	27.70347	31.521832	33.732285	35.838825	33.296883	31.89463	33.337852	35.704487	33.475716	30.489744	33.070847	34.463467	31.053383	30.326693	33.903786	33.87981	33.749805	31.468336	28.895876	29.390406	26.943554	25.681131	27.081686	24.768703	24.940603	21.930061	23.426338	23.25465	26.482517	29.377779	30.968363	33.935566	32.036007	29.902323	32.459793	33.733646
I-574-A	37.614346	39.664402	38.672752	37.48588	35.98115	33.204647	32.451363	32.109863	33.237812	35.202934	34.550076	37.243523	38.120502	39.386223	41.262833	45.047935	46.89649	48.712765	45.594543	44.256428	47.446064	47.530952	44.08611	45.101864	48.34937	48.83423	50.515804	50.158646	53.140488	54.458763	54.098038	51.500725	48.203426	45.50869	44.08127	40.700863	38.434753	38.466507	36.07756	33.33801	35.50199	38.41552	36.855724	37.763626	41.446575	23.07258	21.321701	21.559849	18.818598	19.505672	19.913748	21.320618	20.171303	22.86776	24.51838	28.343435	30.380472	32.638763	30.258558	28.665272	30.108503	32.32905	30.102396	27.029068	29.521706	30.83409	27.400513	26.601917	30.145546	30.11222	29.962454	27.743223	25.220121	25.882967	23.613377	22.53142	23.762981	21.259111	21.49525	18.644157	20.155802	19.791239	22.895683	25.893024	27.511911	30.362528	28.342955	26.231222	28.74523	29.950378
R-575-A	36.82369	39.065792	38.398193	37.187607	35.975315	33.1183	32.718945	32.307518	33.83093	36.00496	35.745586	38.620365	39.638485	40.697872	42.412003	46.194088	48.179295	49.746597	46.488956	45.40081	48.592567	48.389984	44.95415	46.21496	49.32583	49.670605	51.143333	50.691322	53.65452	54.734528	54.32575	51.929527	48.546707	45.96687	44.32165	41.10282	38.8039	39.11074	37.025234	34.38847	36.818497	39.50041	37.656734	38.716576	42.440796	25.283964	23.866415	24.026466	21.03689	21.373083	21.139585	22.293283	20.604609	23.368383	25.52277	29.280252	31.312853	33.88106	31.821638	30.219622	31.888666	33.93258	31.826101	28.556644	30.715132	31.921757	28.469402	27.297066	30.641096	30.598549	30.044605	28.069117	25.967518	27.096397	25.056053	24.485863	25.6146	22.804802	23.163523	20.585646	21.77375	20.757702	23.520678	26.373913	27.520208	30.380375	28.35586	25.82692	28.088997	29.680143
L-576-A	36.451275	38.413643	37.551193	35.997963	34.541405	31.45049	30.792383	30.010824	31.42838	33.823326	33.604374	36.341995	37.65068	38.915665	40.38047	44.134964	45.942318	47.431988	44.110584	42.92728	45.98549	45.716923	42.193233	43.36335	46.38801	46.560738	48.110233	47.82775	50.90595	52.04843	51.836533	49.474747	46.016014	43.588966	42.114216	38.926277	36.39671	36.510788	34.45318	31.646324	33.996773	36.560093	34.572956	35.46216	39.22699	22.636864	21.664623	22.23104	19.454273	20.22471	19.845692	21.545813	20.224298	23.398018	25.543346	29.268518	31.68524	34.065403	31.858097	30.687767	32.635845	35.00133	33.168972	29.834743	31.91744	33.51588	30.25393	28.900187	32.33751	32.684757	32.39588	30.625454	28.407827	29.547316	27.655014	26.763563	27.587135	24.708708	24.522411	21.576862	22.326818	21.405321	24.416182	26.93587	27.979807	31.140074	29.525309	27.015242	29.58855	31.36283
Y-577-A	34.349564	36.190662	35.097103	33.655113	32.04372	29.1051	28.293211	27.774607	28.987467	31.119139	30.671272	33.42325	34.50955	35.757744	37.422245	41.19939	43.051064	44.70772	41.49714	40.252823	43.415806	43.343845	39.88639	41.02144	44.197094	44.6287	46.211395	45.81866	48.80838	50.064613	49.736458	47.205578	43.85776	41.241096	39.809803	36.483936	34.12014	34.19267	31.935905	29.215736	31.536594	34.31424	32.622074	33.657944	37.348705	19.93428	18.590338	18.818644	15.90999	16.587772	16.470879	18.1953	17.15241	20.283278	22.154152	25.91556	28.358421	30.582094	28.24306	27.120995	29.05977	31.552885	29.796381	26.494026	28.648827	30.425053	27.27011	25.993109	29.550535	30.079206	30.143705	28.391415	25.93886	26.954758	25.19551	24.030666	24.581808	21.712736	21.212622	18.091276	18.77128	18.115402	21.340273	23.875296	25.209637	28.3936	26.860968	24.651663	27.48629	29.029696
A-578-A	32.283905	34.434624	33.6552	32.510746	31.28369	28.546223	28.209194	28.067026	29.637388	31.63601	31.43027	34.454018	35.318428	36.178703	37.97559	41.759834	43.897446	45.453506	42.234787	41.28445	44.591473	44.3986	41.0763	42.496727	45.669147	46.239616	47.569805	46.894115	49.715076	50.75473	50.166756	47.715607	44.419228	41.702106	39.959553	36.70661	34.597847	35.07064	33.005463	30.603872	33.212364	35.93911	34.255188	35.647743	39.274517	22.4728	20.94496	20.561993	17.240133	17.075556	16.5424	17.491375	15.729228	18.56566	20.799282	24.529402	26.694786	29.272314	27.295227	25.871302	27.826893	29.99441	28.215208	24.77368	26.695518	28.22334	24.983904	23.495909	26.893087	27.295813	27.054953	25.42831	23.276146	24.665043	23.131447	22.470766	22.932024	19.792036	19.583643	16.903013	17.545187	16.290499	19.122656	21.774061	22.893896	25.905386	24.136404	21.687819	24.277693	25.934025
A-579-A	31.67919	33.7935	33.180614	31.75309	30.626484	27.641115	27.453466	26.962667	28.826351	31.174566	31.358927	34.4213	35.618984	36.448067	37.906887	41.651527	43.769283	45.044834	41.66521	40.8703	44.069572	43.574337	40.205784	41.77325	44.75254	45.07276	46.268875	45.6318	48.51443	49.38251	48.89521	46.656002	43.23185	40.73845	38.924633	35.85437	33.550076	34.135628	32.379555	29.960943	32.73285	35.152695	33.117184	34.5197	38.19579	22.973724	22.045101	21.922836	18.649328	18.549843	17.36539	18.488438	16.55558	19.70558	22.337864	25.91174	28.321674	30.99222	29.20005	28.093246	30.381325	32.597816	31.101204	27.528166	29.11424	30.788145	27.702147	25.831963	29.063782	29.700851	29.292627	28.010487	26.155909	27.856663	26.551626	26.057575	26.324701	23.01698	22.592266	19.943895	20.059145	18.39369	21.017708	23.228367	23.8067	27.007086	25.564907	22.784922	25.318815	27.440268
I-580-A	30.833578	32.576893	31.605686	29.900698	28.404278	25.26306	24.68098	23.956343	25.577085	28.000992	28.074608	31.008558	32.364113	33.401512	34.74028	38.479424	40.4419	41.75813	38.38013	37.4359	40.572186	40.143578	36.713455	38.16055	41.15972	41.469322	42.77955	42.252567	45.208885	46.22612	45.869797	43.54458	40.105022	37.63696	36.03063	32.886787	30.435652	30.785194	28.915375	26.358835	29.040152	31.484924	29.481663	30.802998	34.488106	19.354795	18.68804	18.756657	15.65202	15.921825	14.710874	16.445084	15.12829	18.634573	21.02552	24.5581	27.327183	29.685509	27.66513	26.992783	29.475975	32.036114	30.800564	27.256517	28.84497	30.929195	28.080366	26.186657	29.547438	30.56974	30.598988	29.433784	27.329866	28.87307	27.686005	26.763842	26.715935	23.463043	22.455488	19.438612	19.156155	17.81555	20.766052	22.660177	23.350988	26.805277	25.787018	23.283092	26.2154	28.279987
I-581-A	27.917845	29.723558	28.703285	27.282026	25.863804	22.998154	22.573994	22.386904	24.036436	26.097813	26.110165	29.238173	30.233854	30.999727	32.61442	36.38104	38.56703	39.977318	36.70317	35.888912	39.210236	38.895405	35.624355	37.211388	40.341476	40.980732	42.164314	41.36132	44.121807	45.11348	44.487675	42.0517	38.756416	36.04346	34.283108	31.049828	28.93488	29.50526	27.570621	25.32998	28.153885	30.758287	29.06627	30.741524	34.28354	18.954824	17.840805	17.153301	13.659187	13.166304	11.780994	13.012394	11.464655	14.878823	17.29647	20.852364	23.544502	25.974146	24.058386	23.311989	25.863224	28.372108	27.262878	23.663141	25.11562	27.275206	24.543606	22.542313	25.898085	27.08843	27.301323	26.296494	24.190126	25.843697	24.9785	24.101248	23.681095	20.303078	19.061956	16.166382	15.590196	14.056486	16.978107	18.855797	19.659117	23.096642	22.096483	19.744448	22.832827	24.77357
Q-582-A	26.196518	28.295012	27.7341	26.394964	25.45885	22.623781	22.804031	22.702766	24.884212	27.058443	27.56715	30.894848	31.92618	32.335564	33.804665	37.510086	39.90058	41.01835	37.648216	37.19666	40.527874	39.90079	36.733807	38.638344	41.60183	42.162273	43.042526	42.044613	44.694996	45.37223	44.601376	42.404625	39.078136	36.464626	34.38535	31.38557	29.373613	30.374142	28.85832	26.900087	30.01281	32.323414	30.401745	32.32674	35.820293	22.15965	21.293129	20.444853	16.875425	15.867988	13.811114	14.328776	11.941332	15.133758	18.159561	21.473349	24.009598	26.806454	25.384487	24.568844	27.277092	29.475327	28.508593	24.774803	25.788332	27.759644	25.073809	22.66919	25.703495	26.899572	26.692331	26.033878	24.428976	26.561937	25.986712	25.63949	25.12296	21.514502	20.492525	18.100763	17.269442	14.96652	17.217215	18.836618	18.962463	22.330267	21.348	18.503931	21.268503	23.67337
L-583-A	27.164104	29.065279	28.558378	26.799711	25.815145	22.643995	22.774408	22.095835	24.43797	27.03834	27.847885	31.065569	32.518906	33.063663	34.124733	37.763165	39.997906	40.868126	37.34833	36.934692	40.078655	39.188053	35.92408	37.857563	40.609875	40.8444	41.684868	40.84885	43.63334	44.21647	43.665092	41.666466	38.187096	35.86754	33.852787	31.036585	28.70578	29.65322	28.402996	26.30425	29.448095	31.438103	29.136267	30.920153	34.481277	22.325693	22.090143	21.737423	18.459143	17.910494	15.586591	16.60691	14.5381775	17.945389	21.016832	24.144693	26.923267	29.61221	28.203224	27.729052	30.606287	32.928158	32.118847	28.38431	29.289248	31.386461	28.804892	26.295542	29.238844	30.555504	30.282614	29.746744	28.233671	30.394478	29.777641	29.377724	28.900166	25.315292	24.185196	21.661556	20.664892	18.428043	20.640438	21.896648	21.675661	25.157534	24.508177	21.557623	24.241634	26.90627
R-584-A	26.04989	27.556337	26.878084	24.71754	23.544924	20.129211	20.123693	19.037174	21.47429	24.332914	25.416718	28.557987	30.303667	30.888506	31.605635	35.1591	37.294456	37.963196	34.36155	34.0218	37.042526	35.966858	32.69032	34.7005	37.30727	37.41088	38.166992	37.365128	40.19092	40.728886	40.29413	38.39149	34.84225	32.693882	30.750313	28.05251	25.534924	26.471342	25.454	23.392519	26.620232	28.335102	25.843378	27.692297	31.208958	21.004175	21.340021	21.125769	18.14939	17.739098	15.018273	16.379816	14.78906	18.3471	21.327217	24.15271	27.241392	29.69186	28.311972	28.350128	31.489885	34.011715	33.569824	29.860613	30.543028	32.96231	30.688797	28.02441	30.892307	32.587635	32.562424	32.288586	30.764175	32.93497	32.522995	31.938833	31.15757	27.587652	26.013817	23.38523	21.900154	19.751757	21.928041	22.623041	22.148882	25.797077	25.701227	22.912191	25.770386	28.542143
W-585-A	28.217875	29.449818	28.74689	26.226479	24.937378	21.305483	21.100378	19.373053	21.756697	24.974659	26.240892	29.127087	31.276855	32.068382	32.37381	35.802383	37.687195	38.141273	34.449623	34.072254	36.829792	35.539204	32.172684	34.108654	36.469646	36.198586	36.97408	36.425915	39.408886	39.91	39.774113	38.063423	34.391644	32.59774	30.846107	28.362722	25.513105	26.250687	25.478178	23.24608	26.346336	27.698492	24.8403	26.40904	29.9628	21.505144	22.443272	22.751982	20.194998	20.271864	17.623917	19.382702	18.15994	21.757406	24.616484	27.309612	30.53964	32.82678	31.387781	31.66893	34.86391	37.503357	37.12996	33.45369	34.145016	36.651096	34.41882	31.76274	34.619755	36.361633	36.32929	36.05849	34.518402	36.637093	36.12477	35.438934	34.73586	31.218699	29.594025	26.829218	25.340782	23.357367	25.58848	26.131971	25.550991	29.226099	29.315481	26.531197	29.344566	32.202972
P-586-A	26.691788	27.939095	27.607794	25.036472	24.17636	20.620611	20.974247	19.268784	22.115602	25.373348	27.148346	30.124113	32.307774	32.75349	32.820335	36.091656	38.118965	38.21738	34.476467	34.503216	37.190247	35.55218	32.374996	34.63401	36.74006	36.382187	36.775272	36.015293	38.834408	38.97455	38.71978	37.319035	33.65565	32.06122	30.03901	27.913252	25.199696	26.376108	26.139221	24.32747	27.631334	28.581106	25.565168	27.412573	30.762344	24.531677	25.594074	25.659222	23.061377	22.732405	19.691084	20.974781	19.453701	22.775278	25.874731	28.228971	31.37697	33.794918	32.74568	33.133923	36.483612	38.949238	38.80916	35.085896	35.39815	37.86558	35.8136	32.881622	35.441097	37.3152	37.11055	37.190693	35.990326	38.39644	38.16582	37.74976	36.860268	33.223537	31.58511	29.104353	27.340181	24.987675	26.762175	26.919374	25.800978	29.359066	29.70216	26.76159	29.314785	32.45634
Y-587-A	28.411053	29.242733	28.757027	25.836647	24.776583	21.100588	21.174982	18.892715	21.581884	25.087212	27.027042	29.704624	32.238117	32.854637	32.50029	35.59297	37.35575	37.228893	33.44849	33.46172	35.860374	34.017956	30.816315	33.010067	34.840816	34.15163	34.52015	33.98336	36.91544	37.02671	37.067333	35.851364	32.113518	30.887236	29.107397	27.226969	24.24305	25.209734	25.26026	23.404814	26.545488	27.076283	23.7793	25.409008	28.679796	24.742435	26.33387	26.74175	24.564846	24.577679	21.587408	23.20477	22.129559	25.481773	28.373304	30.549723	33.86167	36.033306	34.91769	35.625225	39.05407	41.67546	41.687843	38.021465	38.312595	40.95077	39.024433	36.103207	38.669704	40.690956	40.625797	40.74508	39.46466	41.79027	41.545467	40.957005	40.013355	36.43784	34.611137	31.992447	30.10903	27.960758	29.816946	29.75928	28.615921	32.21428	32.825336	30.027897	32.656063	35.78767
G-588-A	28.11143	28.46791	27.590927	24.38961	22.93542	19.171747	18.8003	16.090523	18.530035	22.160868	24.145649	26.59783	29.340656	30.101578	29.485815	32.47553	34.05081	33.86703	30.085365	30.021301	32.290665	30.423515	27.184475	29.324884	31.09473	30.358974	30.77628	30.332468	33.348324	33.594875	33.79434	32.515858	28.744514	27.619677	26.091946	24.229355	21.046204	21.781672	21.926828	20.075726	23.137106	23.45685	20.083073	21.725214	24.932835	22.755146	24.722849	25.217325	23.447485	23.640425	20.687443	22.577543	22.08019	25.413494	27.968246	29.921852	33.412617	35.240932	34.026543	35.115635	38.619377	41.428944	41.671524	38.117245	38.36937	41.258102	39.55678	36.683357	39.28176	41.546627	41.810425	41.987797	40.5409	42.725056	42.569603	41.724377	40.573147	37.104866	34.944534	32.217197	30.097021	28.23228	30.17824	29.841728	28.800568	32.461716	33.401436	30.920708	33.781498	36.76033
N-589-A	24.523842	24.762346	23.960655	20.742054	19.497854	15.819881	15.901938	13.477179	16.412775	19.878809	22.247517	24.935614	27.472582	27.811949	27.196728	30.134573	31.998453	31.663837	27.884516	28.20016	30.62772	28.633493	25.62194	28.138073	29.91998	29.498241	29.565887	28.678782	31.433687	31.458006	31.30747	30.064379	26.363575	25.084217	23.198801	21.434986	18.547009	19.843548	20.309162	19.025612	22.407545	22.647526	19.49146	21.73689	24.687351	23.402126	25.165186	25.121395	23.217833	22.863316	19.56772	20.97442	20.401846	23.425632	26.013092	27.605867	31.03666	32.865753	31.968414	33.21444	36.842175	39.53105	40.05645	36.529167	36.440105	39.379463	37.947685	34.899426	37.26306	39.742916	40.079548	40.566357	39.303852	41.643272	41.82213	41.10499	39.647038	36.139256	33.817284	31.35244	28.892199	26.829206	28.408226	27.659582	26.305338	29.867186	31.120966	28.751612	31.554214	34.577557
R-590-A	23.467964	23.68847	22.462765	19.328161	17.625338	13.815666	13.3977785	11.122526	13.868881	17.267498	19.27521	22.119217	24.499918	24.979252	24.705788	27.883574	29.811186	29.867632	26.12266	26.154621	28.85126	27.246939	24.098524	26.47267	28.658566	28.601595	28.959532	28.03844	30.837488	31.214987	30.955362	29.279762	25.620213	23.88529	22.099085	19.811377	16.922817	18.00859	17.892616	16.39453	19.879774	20.647518	17.814613	20.190744	23.30484	20.055443	21.630064	21.408804	19.494572	19.127092	15.878058	17.483261	17.247532	20.380096	22.743593	24.450062	27.989449	29.679382	28.560204	29.84815	33.440647	36.258595	36.765053	33.29739	33.349213	36.400677	34.98828	32.083344	34.602074	37.124886	37.710243	38.06977	36.588818	38.749107	38.90813	37.998646	36.469963	33.05824	30.582146	28.018396	25.51711	23.692522	25.478357	24.796991	23.791971	27.46358	28.68569	26.552382	29.623547	32.39731
Q-591-A	20.498898	20.394857	18.918276	15.702475	13.853402	10.034664	9.751776	7.826716	11.0243	14.15545	16.476728	19.536388	21.67303	21.7777	21.54534	24.707048	26.892895	26.914778	23.214643	23.520174	26.407104	24.824287	21.900686	24.550726	26.82942	27.182331	27.30988	25.991928	28.53526	28.858444	28.268343	26.463675	22.92727	20.898184	18.866816	16.47963	13.918253	15.47461	15.524925	14.668487	18.389915	19.160883	16.758171	19.675968	22.4619	20.195312	21.577824	20.81105	18.975302	18.10497	14.657067	15.803734	15.847082	18.548111	20.680428	21.915712	25.45514	26.957472	26.073174	27.663336	31.35983	34.135742	34.98519	31.635492	31.379719	34.566883	33.50784	30.52945	32.846027	35.636757	36.45685	37.079433	35.67598	37.861195	38.343643	37.435196	35.5629	32.222336	29.485037	27.161343	24.289248	22.480005	23.944334	22.771961	21.613386	25.181288	26.809196	25.009207	28.125973	30.773342
E-592-A	20.870274	20.931305	19.090279	16.218748	13.940322	10.24323	9.221422	7.921002	10.393156	13.215254	14.787487	18.031626	19.893332	20.252653	20.58107	24.041315	26.248444	26.803352	23.224176	23.092844	26.23951	25.18442	22.12452	24.453487	27.156511	27.823326	28.338541	27.115097	29.708187	30.418726	29.788618	27.572388	24.157648	21.707472	19.900478	16.962276	14.5268	15.624523	14.776375	13.514252	17.184458	18.69048	16.737322	19.529099	22.499853	17.140581	18.159632	17.17467	15.220022	14.329598	10.946693	12.431092	12.894622	15.811525	17.690874	19.239513	22.897802	24.306477	23.065014	24.578691	28.194113	31.12481	31.8318	28.519289	28.530294	31.78966	30.64315	27.876514	30.429222	33.16225	34.192398	34.580635	32.913334	34.87554	35.24884	34.136826	32.279972	29.044401	26.213017	23.733103	20.91377	19.406702	21.204731	20.286963	19.664366	23.355299	24.772196	23.187561	26.56799	28.914541
I-593-A	20.678162	21.286104	19.575342	17.281431	15.249436	11.951407	11.244268	10.94321	13.053382	15.301094	16.25659	19.674158	21.033503	21.362946	22.323507	25.953463	28.31064	29.222477	25.801298	25.506126	28.844063	28.123873	25.090347	27.240377	30.177305	31.039785	31.715584	30.476835	33.001965	33.804283	33.016205	30.64624	27.372236	24.661423	22.778345	19.641926	17.572578	18.61	17.273476	15.848776	19.33641	21.366055	19.729517	22.33243	25.415289	16.603575	16.867317	15.519501	12.910149	11.604487	8.033298	9.38741	9.468759	12.737296	14.8464985	16.928982	20.517933	22.229525	20.83225	21.888622	25.410807	28.293242	28.714321	25.29189	25.514215	28.65444	27.266027	24.570908	27.304043	29.855894	30.840183	31.040411	29.283415	31.21993	31.506592	30.44012	28.675936	25.381247	22.676155	20.16637	17.485558	15.872016	17.88075	17.392094	17.108587	20.900269	21.894024	20.229158	23.71841	25.946709
H-594-A	23.32976	24.348402	22.873587	20.794832	18.937544	15.702903	14.993774	14.484961	16.338669	18.67084	19.22875	22.477396	23.850266	24.481712	25.600027	29.28887	31.49356	32.575333	29.167795	28.603907	31.883953	31.288902	28.087984	29.973896	32.964714	33.646782	34.569286	33.58917	36.28225	37.185974	36.559944	34.184597	30.848177	28.214909	26.461704	23.30105	21.064585	21.794086	20.19723	18.27032	21.494244	23.736452	21.9555	24.120314	27.469204	16.088528	16.061937	15.101836	12.101843	11.27474	8.240932	10.056056	9.6045885	13.339404	15.649471	18.382048	21.80028	23.751524	22.066921	22.574429	25.844486	28.710787	28.627827	25.096117	25.771143	28.67245	26.817339	24.311813	27.32517	29.478956	30.233082	30.0361	28.119858	29.96214	29.84957	28.769466	27.426535	24.072464	21.735779	18.945402	16.847483	15.266299	17.747519	18.058449	18.155478	21.965498	22.31702	20.349321	23.803677	26.016474
P-595-A	26.542656	27.300356	25.463436	23.283306	20.957264	17.719894	16.223019	15.337772	16.375383	18.706326	18.632608	21.505451	23.026611	24.232424	25.377153	29.099327	30.946018	32.32105	28.997282	27.938612	31.113483	30.837265	27.448414	28.884363	32.015957	32.64814	33.978046	33.34773	36.24052	37.50691	37.163857	34.585358	31.249855	28.638197	27.355488	24.01275	21.527775	21.58491	19.482653	17.005398	19.798958	22.357002	20.720285	22.422632	25.911871	12.506368	12.578468	12.169163	9.527781	9.867677	7.8578124	10.864105	11.4558	15.167737	16.77782	19.67216	23.168596	24.698519	22.491415	23.098288	26.140953	29.289616	29.030697	25.685276	26.802706	29.79527	27.860693	25.768583	29.032341	31.069153	32.067387	31.517675	29.218344	30.627895	30.179054	28.660044	27.518978	24.44625	22.03366	18.824104	17.079409	16.317177	19.316866	19.932669	20.622257	24.386549	24.611479	22.962545	26.547817	28.417803
H-596-A	27.447582	28.57622	26.869953	25.137045	23.02369	20.101715	18.84821	18.503704	19.475822	21.401127	20.978703	23.887453	24.962952	26.094957	27.68285	31.461222	33.41232	35.03298	31.856497	30.726568	34.01716	33.97684	30.65985	31.991447	35.261707	36.05982	37.46533	36.785755	39.59732	40.90979	40.425827	37.7441	34.521984	31.727468	30.363684	26.922731	24.714476	24.824009	22.511135	20.104712	22.708616	25.542343	24.178122	25.78708	29.250805	13.496267	12.526517	11.782611	8.484639	8.610323	7.425431	10.070162	10.278777	13.923171	15.477652	18.828167	22.024523	23.74908	21.382338	21.40643	24.152689	27.197592	26.527678	23.156769	24.631338	27.38931	25.145996	23.30621	26.75948	28.47177	29.412426	28.543648	26.080463	27.340254	26.666176	25.128078	24.223627	21.170355	19.029932	15.70115	14.469696	13.8648405	17.1783	18.45656	19.620758	23.248089	22.928467	21.297846	24.850368	26.463259
G-597-A	24.270788	25.698057	24.275202	22.851257	21.165583	18.473598	17.87367	18.105675	19.597813	21.309748	21.26433	24.527666	25.301052	25.883713	27.621254	31.390339	33.706562	35.175835	32.00039	31.273226	34.722507	34.519405	31.409227	33.10533	36.33416	37.302635	38.374958	37.33869	39.919373	40.961075	40.15366	37.571293	34.426964	31.50709	29.742136	26.395449	24.54708	25.211834	23.204712	21.309963	24.259537	26.9525	25.622652	27.672949	30.988626	16.615486	15.474186	13.992487	10.356848	8.993674	6.791949	8.046996	7.1131697	10.847599	13.036161	16.386358	19.452997	21.60534	19.689007	19.509478	22.45285	25.221846	24.698061	21.128975	22.213312	24.896242	22.716227	20.500856	23.783695	25.613916	26.4079	25.850279	23.697226	25.364016	25.08517	23.9724	22.773775	19.424341	17.289986	14.411832	12.740959	11.274718	14.207932	15.353903	16.202911	19.854805	19.530792	17.700603	21.223759	23.019262
L-598-A	24.13124	26.055748	25.049343	24.088102	22.900175	20.52097	20.462559	21.072872	22.813667	24.33414	24.368704	27.742113	28.229095	28.518036	30.464968	34.207886	36.71771	38.177414	35.060608	34.50747	38.033924	37.807983	34.810627	36.62246	39.846775	40.88273	41.832138	40.64596	43.10278	43.991924	42.991474	40.477394	37.403378	34.416733	32.40991	29.149216	27.557554	28.499489	26.608902	24.909046	27.90534	30.593645	29.285913	31.416054	34.706673	19.97315	18.442936	16.760838	12.972229	11.155258	9.364027	9.290349	7.0177913	10.160197	12.797026	16.315218	18.853996	21.480652	19.866814	19.012808	21.728369	24.085964	23.249332	19.546131	20.63707	22.90369	20.415579	18.128315	21.390034	22.891092	23.33346	22.692856	20.718256	22.633419	22.368637	21.683596	20.639187	17.071354	15.460512	12.987907	11.741897	9.601899	12.275914	14.017723	14.867462	18.280775	17.355238	15.190847	18.493132	20.315117
N-599-A	23.780624	25.54348	24.227787	23.602335	22.254513	20.31511	20.056536	21.166012	22.491104	23.46119	23.075579	26.394651	26.42344	26.636166	28.961054	32.688	35.24831	36.976982	34.09405	33.444187	37.072765	37.166077	34.319927	36.01405	39.399918	40.758293	41.770424	40.482983	42.78933	43.83573	42.69243	39.966656	37.108246	33.88911	31.980846	28.575562	27.319317	28.170107	26.014442	24.519833	27.328842	30.264835	29.425838	31.626017	34.73487	19.366695	17.318588	15.012366	11.236854	8.726307	7.6143346	6.805677	5.10498	7.648064	9.570119	13.295496	15.74021	18.16673	16.328623	15.357535	18.00643	20.503057	19.71944	16.080069	17.318695	19.800854	17.476124	15.416178	18.852835	20.527626	21.501507	20.822569	18.546484	20.185997	20.1386	19.16195	17.714535	14.280827	12.156875	9.615851	7.994299	6.2314715	9.4365015	11.377674	13.025707	16.289228	15.361413	13.939481	17.497929	18.714104
H-600-A	27.541817	29.199827	27.72455	26.923016	25.278921	23.140425	22.412527	23.125622	24.074556	25.176405	24.38641	27.421858	27.580748	28.265799	30.600113	34.36575	36.639587	38.58121	35.724056	34.698753	38.23096	38.52811	35.502716	36.856983	40.324665	41.568573	42.896126	41.908264	44.41094	45.69822	44.798294	41.96073	39.039253	35.875633	34.267323	30.742466	29.213533	29.624334	27.153404	25.222485	27.702702	30.839859	30.014603	31.812304	35.061363	17.801214	15.436739	13.586751	9.903976	8.513258	8.736727	9.250409	8.648264	11.099686	12.263	16.078857	18.426704	20.483519	18.127344	17.003475	19.161678	21.829222	20.553175	17.150244	19.09225	21.39765	18.754457	17.353298	21.028513	22.25981	23.255287	21.982615	19.272736	20.346033	19.614067	18.166508	17.318655	14.210536	12.437852	9.17419	8.83528	8.482224	12.11588	14.539362	16.598284	19.675974	18.442595	17.170614	20.57408	21.492996
G-601-A	28.1079	30.1882	29.155521	28.54232	27.31758	25.190842	24.915663	25.646832	26.983744	28.235067	27.732616	30.895367	31.079239	31.56782	33.865982	37.62386	40.025574	41.82467	38.88944	38.046154	41.592743	41.710667	38.687393	40.196316	43.585506	44.72203	45.928104	44.87554	47.364986	48.465294	47.48953	44.799133	41.81919	38.711533	36.875416	33.47307	31.959269	32.619564	30.364328	28.472782	31.111208	34.116726	33.061714	34.899345	38.230076	21.197271	18.939991	17.318426	13.662628	12.257657	12.043134	11.953807	10.232337	12.360104	14.132601	17.912481	19.824383	22.3487	20.397161	18.757895	20.697618	22.870975	21.258245	17.74679	19.636581	21.395254	18.355635	16.867662	20.44105	21.201914	21.613766	20.175694	17.722029	19.118374	18.212044	17.356369	16.952122	13.583554	12.744614	10.110009	10.454323	9.248131	12.312203	15.191095	16.94354	19.791128	18.001675	16.216387	19.221035	20.313099
W-602-A	26.828157	29.039913	28.088802	27.961348	26.980946	25.336937	25.321342	26.588995	27.909544	28.7203	28.157665	31.392689	31.135637	31.281107	33.864574	37.54759	40.147335	42.019836	39.264977	38.57869	42.23579	42.46542	39.661865	41.268543	44.71386	46.121887	47.19196	45.901073	48.162266	49.202774	47.965908	45.22446	42.44546	39.163425	37.19032	33.80792	32.703243	33.57431	31.340525	29.813808	32.47168	35.53277	34.762802	36.8301	39.9806	23.27041	20.723682	18.522985	14.926333	12.768725	12.703971	11.541886	9.605652	10.556137	12.028079	15.66674	17.025581	19.708277	18.02655	15.91832	17.650131	19.500317	17.828148	14.258431	16.079035	17.658653	14.5841875	13.110792	16.71186	17.439795	18.023746	16.646929	14.167882	15.719917	15.266229	14.67255	13.811811	10.221421	9.413482	7.482956	7.907392	6.3987164	9.095792	12.398247	14.510439	16.929085	14.801226	13.400362	16.338945	16.984142
R-603-A	28.983612	30.8864	29.546492	29.403439	28.052223	26.502645	26.016144	27.289818	28.105946	28.66416	27.60009	30.571686	30.123188	30.539293	33.31996	36.98442	39.39438	41.562527	38.988102	37.996227	41.62424	42.187145	39.382114	40.686413	44.262497	45.800682	47.106415	45.95221	48.23911	49.54707	48.399754	45.452316	42.77699	39.406597	37.725044	34.18884	33.105125	33.62162	31.050982	29.411707	31.722546	35.02027	34.567284	36.429752	39.51188	21.692558	18.728542	16.434505	13.181428	11.355486	12.427963	11.699499	10.956676	11.697545	12.018629	15.667383	16.9813	19.069304	16.812199	14.657198	15.945634	18.136927	16.203646	12.967627	15.487285	17.22708	14.2242775	13.581005	17.38657	18.04989	19.226572	17.4726	14.388598	15.047149	14.234328	12.744743	11.915436	8.87362	7.639272	4.6598153	6.269954	6.8437805	10.09312	13.422564	16.224758	18.47535	16.475212	15.847962	18.870089	18.907927
W-604-A	31.994234	33.977814	32.713364	32.335407	30.909557	29.036875	28.415895	29.281815	30.10497	30.997978	29.910217	32.7721	32.61695	33.33414	35.957584	39.674698	41.90773	44.08026	41.39581	40.2281	43.762165	44.29469	41.299377	42.456615	46.01223	47.320705	48.796673	47.873913	50.35929	51.734577	50.793488	47.875526	45.04705	41.80385	40.2252	36.668587	35.270943	35.593235	32.95666	30.960323	33.16759	36.476425	35.803974	37.37431	40.637543	21.881855	18.964914	17.347265	14.221699	13.309448	14.51359	14.53596	13.714621	15.053163	15.678104	19.391165	20.789545	22.85364	20.480686	18.357574	19.408018	21.519258	19.247437	16.24519	18.982836	20.379148	17.10221	16.727453	20.472881	20.659306	21.414175	19.227556	16.121475	16.507181	14.869258	13.318059	13.562849	10.911082	10.683106	7.8544874	10.008982	10.493296	13.64861	17.04041	19.608547	21.928864	19.739271	18.721466	21.514458	21.724846
L-605-A	32.114708	34.436947	33.535122	33.4735	32.442806	30.755367	30.550795	31.633926	32.747604	33.594357	32.721886	35.740913	35.45093	35.871708	38.565456	42.2555	44.680424	46.758022	44.071342	43.121613	46.72387	47.146473	44.23729	45.57889	49.100178	50.44249	51.754307	50.668713	53.049965	54.248676	53.13582	50.31207	47.514	44.23904	42.424026	38.965023	37.73531	38.342285	35.881977	34.06611	36.445568	39.674644	38.93138	40.663998	43.922115	25.600157	22.7269	20.979395	17.754122	16.414122	17.205025	16.565845	15.04915	15.841574	16.75892	20.294706	21.157011	23.59009	21.6837	19.076088	19.858519	21.356892	18.813868	15.817199	18.403801	19.16236	15.575346	15.262811	18.790205	18.437029	18.696625	16.2888	13.408968	14.08743	12.379632	11.678041	12.283081	9.429159	10.375968	8.777537	11.202809	10.989867	13.325061	17.007668	19.392946	21.282547	18.576424	17.393976	19.674177	19.757828
A-606-A	31.583559	33.782017	32.726307	32.970566	31.926493	30.622786	30.382662	31.834284	32.719418	33.140408	32.04212	34.98678	34.304813	34.572777	37.52121	41.118626	43.598602	45.833088	43.368835	42.423565	46.07849	46.713966	43.987732	45.285686	48.88558	50.49276	51.782585	50.566658	52.773045	54.038246	52.771008	49.82757	47.236977	43.808964	42.03256	38.541065	37.624805	38.237915	35.67956	34.114635	36.37436	39.70989	39.314285	41.159603	44.230396	26.010754	22.861614	20.64779	17.641842	15.916668	17.101671	15.992895	14.884798	14.8768635	15.042978	18.307169	18.72706	20.915066	19.002684	16.096785	16.448696	17.819298	15.117789	12.307322	15.183694	15.882622	12.3570795	12.593272	16.193619	15.8589945	16.723524	14.253332	10.927527	11.151962	9.769904	8.647914	8.652861	5.8171606	6.854498	5.8870053	8.940462	9.506389	11.536404	15.29052	18.163258	19.645325	16.903036	16.485193	18.780308	18.209
Q-607-A	34.187576	36.123783	34.751713	34.76366	33.34537	31.896072	31.208033	32.427967	32.934795	33.35392	31.891808	34.56234	33.93016	34.582184	37.543045	41.143497	43.35984	45.79973	43.408585	42.138935	45.70021	46.56072	43.73956	44.728966	48.397816	49.977055	51.5283	50.54491	52.875996	54.386196	53.317467	50.23711	47.641006	44.232063	42.751915	39.13993	38.05735	38.292973	35.467873	33.653736	35.591427	39.078156	38.81591	40.363033	43.444637	24.23756	20.880259	18.952288	16.37457	15.358263	17.2773	16.869577	16.498882	16.878376	16.56437	19.891186	20.576002	22.23966	19.787327	17.156214	17.238115	19.02551	16.205555	13.867997	17.19175	18.121693	14.842881	15.561165	19.20344	18.919113	20.09743	17.447704	13.88365	13.233662	11.216284	8.909083	9.530301	7.931589	8.436266	6.443414	9.964832	11.615193	14.224319	17.77889	20.89381	22.558218	20.09927	19.889145	22.387094	21.736692
I-608-A	36.92574	39.059605	37.88188	37.841663	36.52153	34.89999	34.285667	35.304726	35.94721	36.601482	35.22457	37.897045	37.43836	38.184944	41.054832	44.693943	46.86418	49.26383	46.77881	45.47111	48.99406	49.78019	46.846176	47.80642	51.44538	52.860996	54.474037	53.59879	56.041523	57.529785	56.545815	53.524033	50.817497	47.486076	45.9777	42.382156	41.130814	41.346806	38.547733	36.54456	38.48742	41.94456	41.482513	42.878468	46.094822	26.447329	23.195026	21.723186	19.167831	18.522203	20.280584	20.07215	19.347708	19.967506	20.043287	23.429285	24.037638	25.877611	23.547682	20.803001	20.728962	22.198168	19.114973	16.95389	20.237467	20.678629	17.152313	17.997349	21.45686	20.618233	21.240206	18.202028	14.836769	14.054646	11.246494	9.422107	11.320308	10.102154	11.636891	10.133107	13.586584	14.736736	17.1548	20.856262	23.736979	25.338428	22.581755	22.019037	24.171255	23.61694
L-609-A	36.533794	38.88263	37.956833	38.27488	37.281445	35.94077	35.665707	36.994076	37.823593	38.30509	37.06803	39.880825	39.190243	39.607273	42.6055	46.19176	48.566166	50.912884	48.489605	47.399338	51.01012	51.74929	48.956646	50.096153	53.729694	55.273983	56.710342	55.624184	57.906887	59.24781	58.048058	55.07492	52.46481	49.05225	47.33938	43.82233	42.824383	43.30914	40.644886	38.89735	40.99334	44.408684	43.992	45.61285	48.76305	29.624784	26.35058	24.541065	21.837494	20.64625	22.12522	21.283787	20.169462	20.18256	20.279448	23.388979	23.436846	25.482164	23.593225	20.436024	20.034725	20.873442	17.574823	15.584133	18.703447	18.508265	14.839349	15.980144	19.11577	17.759247	18.12932	14.850044	11.596037	10.747853	7.772253	6.8533945	9.1556	8.123561	10.769576	10.546313	14.024314	14.804289	16.442347	20.233265	23.043968	24.135714	21.024967	20.622118	22.288351	21.381779
N-610-A	36.894493	39.01954	37.851234	38.319176	37.184536	36.103905	35.650337	37.18279	37.703167	37.838596	36.313583	38.949867	37.95718	38.37032	41.55637	45.038746	47.354336	49.887142	47.688213	46.50147	50.104233	51.091408	48.435158	49.433807	53.13743	54.89011	56.385586	55.269325	57.437862	58.912857	57.656197	54.547157	52.118923	48.60224	47.03155	43.4669	42.67388	43.03762	40.22707	38.620544	40.504814	44.03026	43.94439	45.561764	48.542347	29.373995	25.877333	23.810373	21.467958	20.220306	22.148092	21.1994	20.624117	20.215357	19.597736	22.41363	22.191277	23.773886	21.734146	18.506851	17.55651	18.369783	14.893973	13.474435	16.942507	16.7549	13.402975	15.246335	18.335295	17.084484	18.173477	14.92839	11.293357	9.45864	6.582068	3.9489858	6.3736134	6.6887903	9.186098	9.409736	13.1312685	14.746804	16.279001	19.895168	23.09008	23.932547	20.999582	21.270117	23.050592	21.64271
M-611-A	40.330303	42.38444	41.098816	41.370975	40.03297	38.758224	38.049862	39.32756	39.66948	39.925694	38.209442	40.65518	39.793144	40.51706	43.651707	47.150616	49.253952	51.90271	49.707474	48.279484	51.78931	52.892788	50.117588	50.884907	54.61336	56.26032	57.968304	57.071228	59.381935	61.015877	59.94281	56.770794	54.282185	50.82177	49.43922	45.802692	44.809566	44.90965	41.939484	40.076206	41.73763	45.338867	45.245796	46.577988	49.622257	29.684786	26.144852	24.521366	22.507254	21.874323	24.126688	23.689037	23.352339	23.331089	22.682518	25.619673	25.607155	26.969559	24.643326	21.616407	20.546488	21.531672	18.01223	16.915274	20.51282	20.355244	17.121822	19.064648	22.135748	20.77738	21.753864	18.348576	14.834356	12.691649	9.345255	6.6687403	9.680757	10.482928	12.645061	12.231103	16.02724	17.896935	19.798225	23.406742	26.627953	27.64119	24.766172	24.9138	26.740213	25.42688
E-612-A	43.454487	45.653885	44.50907	44.793484	43.53759	42.186535	41.53683	42.71883	43.13834	43.51414	41.832146	44.27175	43.48357	44.255463	47.36071	50.876198	52.952354	55.59704	53.363564	51.90541	55.393627	56.474697	53.637886	54.37309	58.091206	59.649223	61.406624	60.57661	62.949753	64.57761	63.545326	60.399376	57.854805	54.428566	53.02508	49.39421	48.317493	48.406887	45.44148	43.46921	45.1172	48.71137	48.514194	49.74137	52.86238	32.637005	29.159883	27.80518	25.820803	25.367245	27.541779	27.1762	26.63188	26.696026	26.249563	29.20288	29.086544	30.54742	28.329107	25.21236	24.009773	24.70798	21.061838	20.16205	23.659512	23.101696	19.809847	21.860125	24.695587	22.892685	23.442785	19.80029	16.625858	14.363185	10.641993	8.881255	12.459948	13.473652	16.080126	15.856133	19.638178	21.24826	23.00777	26.693739	29.77812	30.680908	27.601688	27.578808	29.096497	27.774004
P-613-A	43.667778	46.001823	45.00621	45.096546	43.890724	42.273003	41.69638	42.634773	43.26362	43.96221	42.485725	45.033386	44.543037	45.387913	48.313038	51.92465	54.00385	56.50504	54.07163	52.644344	56.115086	56.99758	54.0147	54.822292	58.47667	59.819195	61.56997	60.821835	63.32977	64.87686	63.946564	60.9081	58.18952	54.87519	53.401764	49.798885	48.49551	48.62114	45.752167	43.604534	45.38379	48.886593	48.396385	49.55771	52.83509	32.569973	29.308727	28.263437	26.053923	25.770926	27.65162	27.498894	26.640142	27.121744	27.177908	30.391596	30.567064	32.343067	30.14549	27.115362	26.35691	27.204374	23.663744	22.275005	25.623087	25.182796	21.644005	23.188385	26.132233	24.349535	24.431944	20.824265	17.89361	16.299227	12.582738	11.476816	14.910881	15.074555	17.669334	17.027117	20.67282	21.799717	23.743597	27.5258	30.338343	31.510494	28.367838	27.828897	29.325686	28.4434
L-614-A	46.371964	48.655754	47.59421	47.451557	46.093357	44.24539	43.49031	44.139614	44.69184	45.59087	44.059048	46.482956	46.2127	47.31078	50.105797	53.746998	55.653267	58.17187	55.67474	54.08172	57.45243	58.341267	55.227127	55.878136	59.50301	60.66984	62.576317	62.03836	64.699615	66.33872	65.60109	62.563663	59.743847	56.533096	55.194416	51.56398	50.030415	49.960075	47.02766	44.640747	46.28165	49.772373	49.17038	50.073395	53.431274	32.85471	29.73787	29.162981	27.160437	27.36028	29.321291	29.594984	28.85047	29.713705	29.87175	33.230103	33.672897	35.38958	32.99669	30.158083	29.520632	30.59359	27.100012	25.673883	29.081093	28.813677	25.275803	26.69856	29.742193	28.045742	28.059696	24.478	21.594013	20.062263	16.343887	15.089758	18.467512	18.555672	20.87635	19.789743	23.359957	24.527744	26.768997	30.533463	33.296284	34.70656	31.651588	30.91587	32.526077	31.86291
S-615-A	48.642323	51.098965	50.240116	50.125732	48.923298	47.018482	46.419827	47.013096	47.740833	48.771973	47.38242	49.886353	49.697132	50.74551	53.49281	57.162342	59.118435	61.558285	58.98088	57.454643	60.83151	61.610123	58.45262	59.17377	62.75882	63.826622	65.695946	65.162506	67.86005	69.413635	68.675865	65.71611	62.827686	59.661522	58.224457	54.638596	53.050194	53.071095	50.228855	47.804413	49.537373	52.963833	52.20311	53.09535	56.52673	36.067524	33.080128	32.615223	30.496832	30.65695	32.394928	32.601467	31.568638	32.45666	32.86849	36.2361	36.59091	38.49884	36.27263	33.32443	32.688683	33.536938	29.98613	28.552681	31.81664	31.273607	27.664501	29.027512	31.87332	29.892662	29.485497	25.861212	23.360394	21.994192	18.27926	17.656841	21.180614	21.221363	23.839394	22.96971	26.486391	27.3278	29.371336	33.174088	35.738827	37.05535	33.838676	32.89101	34.19759	33.620636
D-616-A	47.8157	50.324436	49.570404	49.256893	48.087822	45.9633	45.425224	45.793797	46.700626	48.004276	46.82656	49.413296	49.491325	50.57901	53.134476	56.860855	58.817783	61.096966	58.352222	56.883488	60.22622	60.8043	57.546066	58.351017	61.848103	62.721172	64.54942	64.07591	66.87018	68.33196	67.68627	64.8455	61.82024	58.77911	57.28925	53.76215	51.98931	52.052624	49.33875	46.80413	48.65946	51.95779	50.93747	51.79417	55.33022	35.20947	32.48911	32.251186	29.958586	30.2246	31.648104	32.038544	30.79553	32.040546	32.84634	36.3724	37.015724	39.14052	36.93363	34.135345	33.913757	34.9542	31.563324	29.721333	32.836678	32.520073	28.79451	29.68929	32.643963	30.863995	30.222921	26.787273	24.42737	23.604105	20.05926	19.605804	22.860281	22.280956	24.68575	23.481173	26.739765	27.197258	29.383026	33.146854	35.44691	37.03008	33.88826	32.537197	33.905857	33.757874
V-617-A	45.356297	47.71196	46.80421	46.310356	44.981323	42.747253	42.062263	42.310368	43.14155	44.50932	43.31515	45.85982	46.052742	47.24404	49.71032	53.44633	55.332962	57.593987	54.81919	53.29856	56.602917	57.16988	53.8757	54.643448	58.125427	58.95971	60.820976	60.4041	63.24058	64.746414	64.179276	61.32959	58.276993	55.277264	53.871124	50.32865	48.46722	48.43942	45.703796	43.105198	44.93101	48.215538	47.178974	47.995068	51.53656	31.446743	28.794592	28.660746	26.384575	26.8239	28.265656	28.904568	27.830832	29.336054	30.155815	33.78498	34.728287	36.788826	34.41828	31.856104	31.911657	33.3004	30.088547	28.008316	31.153608	31.256662	27.548918	28.19801	31.410002	30.038311	29.667517	26.393045	23.764597	23.113483	19.696985	18.801819	21.705523	20.772154	22.706482	21.030523	24.127777	24.649212	27.157549	30.847076	33.171524	35.041794	32.124622	30.721394	32.452114	32.495674
T-618-A	42.39976	44.8172	43.968067	43.696594	42.508907	40.488464	39.976826	40.521595	41.432674	42.60346	41.45555	44.136505	44.111214	45.06058	47.665295	51.386806	53.449738	55.703682	52.985245	51.622116	55.03861	55.606724	52.434975	53.360134	56.886925	57.909023	59.620506	58.988308	61.676285	63.097694	62.334	59.47133	56.513126	53.395863	51.851105	48.31913	46.68215	46.85057	44.16135	41.793087	43.765987	47.08393	46.16714	47.25419	50.722736	30.811571	27.968494	27.347456	24.8288	24.788391	26.162033	26.389194	25.173563	26.350458	27.114483	30.654829	31.382162	33.525513	31.3235	28.590366	28.588734	29.80927	26.584072	24.468805	27.547928	27.539263	23.809446	24.48546	27.646248	26.232328	25.894953	22.61763	19.960447	19.38858	16.05683	15.339139	18.162779	17.123444	19.246195	17.870752	21.04438	21.485722	23.774248	27.51966	29.894104	31.580765	28.567936	27.29689	28.954603	28.83754
A-619-A	42.600307	45.259937	44.724136	44.578056	43.685665	41.697025	41.50401	42.110058	43.31603	44.57339	43.683384	46.54008	46.53624	47.278484	49.84838	53.58358	55.80474	57.909653	55.106213	53.944233	57.412064	57.79866	54.647537	55.771828	59.240868	60.2158	61.767433	61.018127	63.66432	64.90088	64.03662	61.300495	58.30264	55.211456	53.458008	50.0241	48.431973	48.84305	46.342144	44.069912	46.256355	49.465176	48.382576	49.615833	53.127182	33.715656	31.000895	30.275274	27.500143	27.152426	28.12256	28.048336	26.367931	27.423372	28.537699	32.008095	32.55415	34.999355	33.127106	30.233269	30.288229	31.179249	27.955019	25.75177	28.540777	28.19831	24.395004	24.88611	27.758997	26.05757	25.174845	21.944435	19.813488	19.647814	16.485128	16.63466	19.471947	18.239471	20.734354	19.796349	22.803535	22.705244	24.576826	28.319084	30.375748	31.878174	28.66718	27.125515	28.355307	28.369747
T-620-A	42.854828	45.46806	44.936874	44.49346	43.51942	41.249897	40.98783	41.26584	42.550167	44.10406	43.348286	46.18668	46.49435	47.39193	49.734886	53.508278	55.63058	57.61556	54.667923	53.470257	56.848663	57.08765	53.810772	54.919178	58.294975	59.041008	60.62946	60.027954	62.812527	64.02849	63.335606	60.691895	57.553368	54.618942	52.912254	49.519997	47.678024	48.014126	45.590427	43.134933	45.338634	48.42576	47.10173	48.189102	51.798687	32.67383	30.272022	29.928017	27.14686	27.114971	27.868053	28.177298	26.462461	28.005949	29.424345	33.048485	33.981747	36.493134	34.518585	31.898886	32.327755	33.520405	30.485184	28.004698	30.71366	30.711357	26.907703	27.002237	30.02034	28.635103	27.7055	24.717527	22.631403	22.785593	19.784178	19.734928	22.301512	20.680973	22.734367	21.29673	23.993893	23.68422	25.843441	29.462944	31.29657	33.157047	30.153105	28.261967	29.685436	30.145866
L-621-A	40.178158	42.62057	41.904865	41.319523	40.178265	37.842823	37.43415	37.657322	38.852478	40.413773	39.62211	42.432392	42.796932	43.762352	46.056515	49.833973	51.909485	53.897713	50.946796	49.70886	53.071693	53.32757	50.041378	51.12513	54.507748	55.271416	56.87993	56.296284	59.09274	60.360394	59.708267	57.02998	53.892235	50.96102	49.32973	45.906475	44.02449	44.28777	41.827034	39.351234	41.539307	44.636597	43.347073	44.445244	48.038536	28.943254	26.567108	26.21654	23.405087	23.452932	24.220705	24.723068	23.18696	24.954304	26.347227	30.056316	31.261429	33.683666	31.559114	29.168774	29.85032	31.365429	28.52783	25.850182	28.575535	28.991829	25.254833	25.13378	28.399616	27.446398	26.872261	24.064356	21.68355	21.955276	19.145426	18.648563	20.792515	18.852232	20.38592	18.505405	21.004566	20.767366	23.251675	26.789534	28.690336	30.820147	28.058496	26.188667	28.018705	28.60684
L-622-A	37.71193	40.306656	39.7517	39.457848	38.56241	36.48118	36.35667	36.928062	38.27953	39.637222	38.9549	41.93773	42.06418	42.71858	45.154297	48.909157	51.202316	53.151947	50.252666	49.226814	52.710384	52.934105	49.791416	51.074722	54.48473	55.43383	56.8528	56.021107	58.645824	59.782627	58.898426	56.237644	53.19865	50.150917	48.322308	44.939922	43.320217	43.851562	41.489296	39.292217	41.66465	44.764378	43.57593	44.97684	48.48674	29.774912	27.242138	26.367634	23.287954	22.72376	23.297989	23.224043	21.367208	22.703375	24.153463	27.735292	28.635542	31.24202	29.40875	26.785002	27.415209	28.637178	25.802034	23.067408	25.608212	25.797777	22.022566	21.837778	24.95687	23.875174	23.148853	20.37929	18.16536	18.722563	16.15885	16.152855	18.117224	15.964179	17.791517	16.410803	18.899517	18.35925	20.439281	24.050922	25.903578	27.76938	24.817875	22.983057	24.595562	25.062632
F-623-A	38.25159	41.042393	40.79785	40.480167	39.834805	37.664413	37.80943	38.273167	39.923843	41.490406	41.106277	44.209965	44.497314	45.039837	47.323906	51.086037	53.459953	55.213707	52.185955	51.326904	54.796406	54.78938	51.621395	53.06686	56.36663	57.162197	58.44959	57.585266	60.227016	61.18122	60.28924	57.798866	54.67023	51.735947	49.747463	46.495975	44.808636	45.522522	43.38279	41.20069	43.74957	46.67648	45.234005	46.686516	50.2612	32.245094	29.98411	29.221323	25.99795	25.347939	25.46661	25.307524	23.043577	24.471237	26.357775	29.879507	30.777065	33.643448	32.07353	29.466766	30.277843	31.326984	28.597992	25.74288	27.960598	27.992624	24.226559	23.713617	26.563389	25.37785	24.125042	21.581806	19.940413	20.947884	18.624783	19.185637	21.085701	18.75433	20.672588	19.499664	21.661034	20.578915	22.338627	25.799593	27.19849	29.031849	26.040022	23.787552	25.034767	25.865557
D-624-A	38.064568	40.7144	40.385746	39.72202	38.919537	36.457092	36.461338	36.572548	38.247723	40.095142	39.812904	42.861134	43.45801	44.183422	46.230946	50.014397	52.258045	53.908005	50.758675	49.839	53.20393	53.07626	49.79117	51.195232	54.404007	54.98748	56.325783	55.619728	58.39699	59.36151	58.657047	56.238148	52.98409	50.20708	48.31028	45.0914	43.1489	43.746975	41.666393	39.302765	41.840946	44.648148	42.99499	44.297783	47.9506	30.306948	28.379395	27.988014	24.8075	24.510538	24.43604	24.742321	22.5731	24.545124	26.644552	30.292427	31.629911	34.456676	32.726547	30.471746	31.639254	33.053406	30.541222	27.480085	29.660913	30.118313	26.42937	25.602324	28.633724	27.86195	26.773838	24.472504	22.720129	23.839481	21.60404	21.769669	23.423569	20.852747	22.216831	20.488834	22.299856	21.139297	23.270779	26.52983	27.758017	30.002247	27.340746	24.85523	26.43608	27.662605
F-625-A	34.8587	37.397385	36.913597	36.27503	35.388153	33.00632	32.964516	33.232643	34.846344	36.55357	36.226887	39.314312	39.805176	40.461464	42.575268	46.354153	48.647873	50.333378	47.235317	46.343357	49.76255	49.69337	46.473537	47.91565	51.176655	51.90881	53.20759	52.40095	55.102276	56.095795	55.31039	52.821606	49.63518	46.76706	44.871292	41.605137	39.77234	40.400448	38.278435	36.030323	38.60986	41.474052	39.964054	41.417667	45.00159	27.405872	25.37327	24.69209	21.377403	20.84888	20.740417	20.949154	18.82778	20.810938	22.86464	26.53819	27.97902	30.76123	28.997107	26.849031	28.18092	29.75506	27.422482	24.224379	26.356075	27.09671	23.497938	22.503273	25.698057	25.269901	24.52226	22.38763	20.411953	21.654242	19.702677	19.630667	20.823761	17.978975	18.938957	17.032898	18.62113	17.424986	19.713316	22.936508	24.273634	26.650625	24.136562	21.759108	23.681362	24.897095
L-626-A	33.00577	35.799904	35.63366	35.299515	34.791576	32.65633	33.032303	33.615498	35.49496	37.0635	36.9626	40.23819	40.54911	40.85198	43.03716	46.77502	49.30098	50.869213	47.788986	47.171413	50.684517	50.500328	47.42755	49.111988	52.342632	53.191788	54.255775	53.20115	55.730465	56.521572	55.506084	53.110516	50.000214	47.07353	44.92376	41.769302	40.18704	41.150974	39.226616	37.27558	40.069775	42.853092	41.35979	43.104687	46.60829	29.75119	27.682169	26.583641	23.056797	21.923723	21.449986	21.000956	18.371769	19.87999	22.183996	25.646664	26.750635	29.820202	28.487959	26.132624	27.471884	28.659258	26.406324	23.143707	24.901884	25.3412	21.762072	20.520437	23.399832	22.82604	21.676521	19.768375	18.289204	20.037922	18.516804	19.122944	20.076866	17.02031	18.260798	17.009865	18.387737	16.625635	18.254393	21.435398	22.468664	24.537537	21.81382	19.238081	20.740911	22.050219
E-627-A	34.426926	37.305824	37.36691	36.860523	36.485672	34.156616	34.665928	34.974693	37.070984	38.925556	39.071487	42.36997	42.938118	43.26733	45.22865	48.964447	51.464005	52.84785	49.630737	49.09137	52.5247	52.123905	48.979404	50.737495	53.83378	54.4519	55.454784	54.472237	57.081432	57.741688	56.822624	54.599598	51.36873	48.620876	46.409973	43.387104	41.62947	42.654716	40.923733	38.885246	41.762882	44.356987	42.57661	44.247795	47.831165	31.627777	29.88747	29.098059	25.585567	24.651274	23.866936	23.61964	20.83924	22.61169	25.222425	28.640568	29.87758	33.052273	31.821009	29.60491	31.099014	32.27381	30.10403	26.797934	28.384842	28.795929	25.267967	23.837166	26.524532	25.935558	24.453335	22.734013	21.613625	23.5054	21.984312	22.755611	23.818024	20.775167	22.002314	20.699389	21.877956	19.895155	21.420498	24.362944	24.985672	27.127575	24.529854	21.618626	22.866407	24.557432
V-628-A	33.049168	35.696815	35.559383	34.717274	34.115665	31.538097	31.8588	31.891563	33.96214	36.0119	36.215717	39.458782	40.2623	40.745598	42.516533	46.261875	48.64503	49.963642	46.669357	46.06824	49.421883	48.95446	45.730984	47.45054	50.49056	50.986916	52.03351	51.161747	53.866318	54.57105	53.799263	51.59414	48.281593	45.635	43.53302	40.50891	38.5558	39.46482	37.75893	35.601288	38.472115	40.98234	39.083263	40.677505	44.295723	28.52325	27.067749	26.494503	23.014214	22.319021	21.33572	21.51209	18.907013	21.20896	23.933207	27.446457	29.133915	32.18694	30.770584	28.944696	30.780706	32.351807	30.436466	26.96508	28.53573	29.442608	26.049713	24.374535	27.295609	27.205835	26.109278	24.593042	23.193336	25.078976	23.651726	23.943348	24.686779	21.452354	22.046652	20.209978	20.98426	19.00495	20.94743	23.647251	24.199837	26.781275	24.6001	21.628365	23.386421	25.339775
C-629-A	29.686806	32.30639	32.083317	31.386747	30.804243	28.406975	28.806728	29.148151	31.217472	33.04119	33.237934	36.57612	37.18008	37.48146	39.375446	43.107227	45.615044	46.96518	43.746525	43.241814	46.690205	46.28286	43.177624	44.992096	48.09654	48.809288	49.762115	48.708866	51.27706	51.972958	51.03623	48.759518	45.55253	42.765106	40.590298	37.52748	35.78826	36.82568	35.1089	33.173252	36.133198	38.70412	37.000595	38.835995	42.34528	26.776056	25.171883	24.155817	20.508972	19.351707	18.205772	18.017715	15.254956	17.422009	20.19673	23.665554	25.348967	28.43506	27.119324	25.341084	27.323591	28.921995	27.218082	23.6417	25.034801	26.129223	22.87822	20.980377	23.947285	24.166435	23.327694	22.05543	20.59729	22.677752	21.650848	21.893965	22.139755	18.67871	18.920673	17.15262	17.568707	15.346897	17.222265	19.843925	20.418055	23.057583	20.976063	18.066088	20.09142	22.043688
G-630-A	29.169296	32.071014	32.1299	31.867777	31.640173	29.605745	30.345411	31.088575	33.263996	34.819023	35.05959	38.506176	38.813423	38.81376	40.895237	44.577923	47.280586	48.632164	45.510864	45.185722	48.73226	48.34297	45.396015	47.34377	50.475533	51.364075	52.1693	50.90355	53.292995	53.86922	52.698826	50.44188	47.36389	44.462917	42.09839	39.095715	37.664963	38.944416	37.299686	35.630676	38.669865	41.265682	39.70643	41.742313	45.153862	29.68025	27.833008	26.437546	22.717846	21.085346	19.962221	19.08076	15.982047	17.386269	20.155708	23.401361	24.55802	27.864815	26.917887	24.765276	26.513716	27.642427	25.84414	22.343506	23.523046	24.155832	20.85537	18.947048	21.598454	21.478125	20.236568	19.023891	17.992176	20.38377	19.617216	20.463612	20.691072	17.22793	17.976933	16.951813	17.516834	15.011289	16.165518	18.923271	19.397934	21.539024	19.048073	16.075916	17.562399	19.394825
N-631-A	27.160969	30.18535	30.578568	30.257166	30.346766	28.285149	29.399035	30.088257	32.614056	34.321404	34.97512	38.534664	38.993454	38.783413	40.631138	44.24627	47.05159	48.119354	44.89933	44.84803	48.354042	47.67957	44.80183	46.98663	49.949158	50.73013	51.29518	49.91113	52.229885	52.55799	51.327072	49.290703	46.177277	43.418465	40.858852	38.075764	36.66583	38.223293	36.92585	35.43603	38.68727	41.0105	39.242325	41.448593	44.815678	30.866426	29.378553	27.97407	24.19598	22.382584	20.641832	19.608952	16.183918	17.642756	20.864363	23.832153	25.101189	28.57665	27.97967	26.109423	28.20483	29.280748	27.871515	24.25812	24.922955	25.673792	22.674572	20.261984	22.557974	22.767756	21.311104	20.723654	20.19798	22.986698	22.657309	23.690395	23.565052	19.954203	20.374512	19.4636	19.397331	16.391348	17.10603	19.262552	18.993454	21.19805	19.074165	15.659437	16.90877	19.384428
A-632-A	24.708302	27.481453	27.590492	27.031544	26.889482	24.69379	25.672445	26.315584	28.808977	30.544794	31.22625	34.78631	35.324986	35.15888	36.92614	40.55103	43.317753	44.372025	41.131954	41.059086	44.554028	43.8807	40.994644	43.18079	46.14529	46.953587	47.526474	46.146652	48.481106	48.87042	47.681442	45.59286	42.46486	39.69526	37.20132	34.36695	32.90549	34.422024	33.118557	31.653126	34.933327	37.232224	35.495216	37.761734	41.089893	27.63312	26.303164	24.836462	21.0548	19.174915	17.144825	16.233335	12.844445	14.735048	18.096773	21.117846	22.814293	26.162016	25.43077	23.950844	26.393692	27.839628	26.74708	23.00194	23.59454	24.886103	22.107645	19.46359	22.00165	22.798084	21.906849	21.521498	20.643982	23.359035	23.199669	23.762054	23.214224	19.459787	19.166546	17.85586	17.235327	14.145959	15.203714	17.042505	16.742254	19.44273	17.81729	14.477861	16.46594	19.071472
L-633-A	24.517601	27.300648	27.21803	27.032366	26.815529	24.969524	25.831966	26.895517	29.102957	30.429623	30.77188	34.31641	34.47265	34.233856	36.3471	39.980034	42.810833	44.113018	41.057564	40.894035	44.501335	44.108482	41.318485	43.40556	46.54017	47.624973	48.278458	46.812984	49.03975	49.572723	48.243916	45.95358	42.990055	39.98887	37.544895	34.554073	33.357616	34.810352	33.252888	31.896671	35.051476	37.60361	36.225742	38.542828	41.783123	27.32698	25.535637	23.683489	19.877275	17.664856	16.09582	14.697936	11.324495	12.579119	15.612965	18.720192	20.068195	23.427925	22.665335	20.82557	23.016466	24.322966	23.067617	19.358894	20.090849	21.255281	18.36451	15.873584	18.580105	19.266047	18.586117	18.02117	16.93617	19.610723	19.573162	20.15963	19.470602	15.702229	15.519938	14.515146	14.107803	11.033658	11.992159	14.329729	14.607437	17.065096	15.007985	11.992013	14.168564	16.25426
M-634-A	23.933802	27.064297	27.461195	27.672606	27.96298	26.449436	27.77365	29.094479	31.52414	32.71291	33.27316	36.90811	36.905056	36.338024	38.47635	42.008266	45.020153	46.184692	43.178516	43.279438	46.917526	46.406857	43.779488	46.055916	49.114765	50.260067	50.696682	49.032375	51.08377	51.397747	49.863724	47.714558	44.849606	41.85321	39.17734	36.37362	35.436035	37.188675	35.859867	34.771034	38.04018	40.471256	39.0929	41.586166	44.737	30.972189	29.17151	27.151646	23.352411	20.871307	19.16839	17.266212	13.6656065	14.112105	17.202791	19.835762	20.632948	24.243515	24.02934	21.968962	24.006645	24.767027	23.584347	19.995056	20.24616	20.905376	18.147358	15.448691	17.520628	17.951843	16.648132	16.511572	16.226282	19.368855	19.755375	21.01569	20.260336	16.574886	16.840635	16.638002	16.220499	12.879915	12.738159	14.806677	14.525488	16.337803	13.987889	10.620981	11.868045	14.229824
K-635-A	20.80472	23.96014	24.557814	24.643476	25.164877	23.631363	25.27994	26.589314	29.300537	30.585714	31.529722	35.244392	35.387215	34.630383	36.52079	39.973495	43.0608	43.96339	40.883114	41.23238	44.821667	44.068794	41.529335	44.013256	46.91616	47.999752	48.21723	46.434612	48.4041	48.52208	46.933487	44.956253	42.078815	39.19803	36.370457	33.7572	32.864124	34.862167	33.854065	32.980072	36.42261	38.59186	37.0842	39.75725	42.8146	30.695889	29.265667	27.223131	23.444044	20.818098	18.499226	16.502258	12.726106	13.315069	16.82832	19.1251	20.233637	23.88237	23.942472	22.388142	24.883202	25.786951	25.133368	21.461617	21.217167	22.27478	19.982817	16.818878	18.620691	19.687164	18.57446	19.070885	18.982386	22.25169	22.966347	24.070387	22.915657	19.154024	18.79961	18.450441	17.279402	13.620136	13.236275	14.387126	13.24469	15.372784	13.81475	10.115996	11.540745	14.629226
Q-636-A	19.183722	22.033014	22.136189	22.172852	22.345797	20.864481	22.262562	23.771866	26.249954	27.324818	28.070871	31.769346	31.777246	31.05019	33.073936	36.5606	39.630703	40.68735	37.686413	37.925797	41.566998	40.99504	38.479294	40.87708	43.88797	45.13918	45.44639	43.655094	45.606926	45.899246	44.303436	42.137344	39.325054	36.29562	33.59036	30.803783	29.98886	31.871252	30.680618	29.866735	33.239235	35.5409	34.26997	36.987663	39.96649	27.718184	26.199343	23.924442	20.192741	17.340122	15.000573	12.769704	8.987541	9.54903	13.115078	15.532808	16.944218	20.478012	20.35555	19.018309	21.73888	22.968756	22.537668	18.787607	18.565283	20.13532	18.024315	14.7742605	16.946705	18.53631	18.164228	18.64809	18.052149	21.097544	21.938742	22.576101	21.027983	17.233004	16.229893	15.6662	14.011359	10.288638	10.123395	11.1188965	10.287497	12.977001	11.767461	8.443102	11.023009	13.770149
Y-637-A	20.344692	23.283985	23.36683	23.92051	24.159021	23.12024	24.452564	26.315578	28.522093	29.202658	29.627575	33.26823	32.876785	32.041615	34.40607	37.852234	40.98627	42.25901	39.46417	39.644466	43.36499	43.041264	40.640865	42.941574	46.077988	47.55341	47.917027	46.05184	47.88195	48.262886	46.52401	44.221966	41.590546	38.38628	35.714725	32.853058	32.317024	34.146503	32.757477	32.041534	35.262157	37.76809	36.795555	39.51125	42.41533	29.229807	27.280731	24.723877	21.046162	17.980198	16.259619	13.579749	10.062681	9.421194	12.364637	14.670001	15.315876	18.972555	19.008377	17.07061	19.354172	20.157774	19.496775	15.836607	15.597689	16.746155	14.50253	11.294014	13.437931	14.77433	14.392705	14.849007	14.355138	17.53528	18.663874	19.599169	17.927448	14.210053	13.582737	13.77524	12.489627	8.80949	7.8060594	9.486721	9.318554	11.22405	9.068345	5.934453	8.437294	10.573523
Q-638-A	20.613256	23.913738	24.55944	25.446766	26.194883	25.394026	27.130753	29.079052	31.509727	32.173325	32.825237	36.51228	36.068085	34.993996	37.305733	40.64472	43.901234	45.01189	42.23765	42.647526	46.357048	45.88627	43.602394	46.060257	49.096825	50.55515	50.7329	48.73132	50.433186	50.594147	48.708378	46.58151	44.01246	40.875057	38.00443	35.356796	34.98207	37.05415	35.89651	35.3403	38.65396	41.021397	39.965065	42.778103	45.644905	32.97693	31.069378	28.527056	24.848213	21.76999	19.969288	17.192678	13.641172	12.677186	15.506363	17.289694	17.36578	21.14906	21.694302	19.588427	21.604654	21.820768	21.169329	17.758871	17.09556	17.565916	15.480256	12.248708	13.478365	14.374801	13.127058	14.100664	14.568929	18.139786	19.549805	21.136786	19.607475	16.094784	16.083382	16.855112	15.832158	12.261799	10.544708	11.8090105	10.937877	11.861549	9.409987	5.899701	6.513964	9.212098
V-639-A	22.338448	25.585423	26.150558	27.43344	28.181133	27.729269	29.36358	31.574356	33.75703	34.08859	34.460747	38.06435	37.27896	36.122467	38.70851	41.985085	45.273273	46.573933	43.999516	44.349735	48.110832	47.867386	45.69296	48.05285	51.192604	52.850838	53.082806	51.023323	52.614475	52.865723	50.86331	48.612495	46.213886	42.932632	40.119045	37.411934	37.269413	39.274826	37.948456	37.47891	40.646366	43.178524	42.38806	45.195045	47.985355	34.63271	32.400467	29.650743	26.093649	22.913553	21.60993	18.604025	15.415685	13.744204	15.824903	17.333912	16.640787	20.340553	21.059105	18.472578	19.91767	19.584534	18.726316	15.632205	14.880753	14.68177	12.59656	9.636187	10.42157	10.800759	9.322905	10.473959	11.38593	15.107683	16.940407	18.90732	17.27033	14.103248	14.583331	16.156233	15.542675	12.425865	10.100458	11.689536	11.475266	11.373724	8.076987	5.752851	5.264594	6.4972243
Q-640-A	23.543581	26.465525	26.486183	27.569143	27.815712	27.22675	28.394646	30.55859	32.40366	32.654453	32.643333	36.135086	35.276836	34.38728	37.146587	40.51571	43.6614	45.22544	42.70448	42.757347	46.538445	46.546997	44.269783	46.395767	49.681664	51.404427	51.879112	49.974167	51.681725	52.202385	50.333195	47.860714	45.44617	42.059185	39.487366	36.53936	36.282917	37.978767	36.326572	35.668953	38.647232	41.403694	40.78098	43.429127	46.255344	31.842102	29.378496	26.589214	23.109776	20.010145	19.184877	16.305737	13.472526	11.823328	13.446701	15.4324665	14.893551	18.407263	18.568727	15.743907	17.04647	17.068508	15.844961	12.542116	12.484788	12.611368	9.964709	7.2498064	9.324832	9.7541685	9.307618	9.416651	9.053349	12.470192	14.06784	15.578407	13.839871	10.472553	10.85092	12.386553	12.069176	9.289902	7.400995	9.9934845	10.987229	11.380686	7.891843	6.466516	7.7102585	7.815533
F-641-A	25.56063	28.556423	28.618902	29.30875	29.41636	28.364492	29.40612	31.165382	33.118404	33.766342	33.790802	37.294685	36.76801	36.171722	38.774704	42.27367	45.295883	46.834126	44.122658	44.03485	47.77463	47.68874	45.184933	47.24845	50.525127	52.0127	52.610985	50.898067	52.826702	53.379097	51.711525	49.280666	46.651543	43.379696	40.857754	37.854855	37.232914	38.799747	37.10106	36.10334	39.107754	41.87275	40.9769	43.44143	46.474865	31.358566	28.96877	26.555994	22.930092	20.231104	19.394512	17.074009	14.014863	13.376801	15.446974	18.002094	18.014875	21.474352	21.200577	18.46349	19.799986	20.151766	18.52976	15.170376	15.752642	15.889538	12.798224	10.650273	12.965106	12.838013	11.828663	11.106758	10.453536	13.596582	14.245915	15.744622	14.840278	11.3152895	12.199836	12.924636	13.1897545	10.437918	9.818295	12.75431	13.64054	14.665787	11.433531	9.253608	10.431296	11.225468
W-642-A	27.350819	30.576359	30.99609	31.947735	32.373608	31.488777	32.768906	34.60072	36.676857	37.294342	37.41181	40.940945	40.335327	39.593517	42.21896	45.656895	48.760868	50.239765	47.56023	47.592594	51.341457	51.200066	48.76258	50.9035	54.144634	55.636497	56.14286	54.348698	56.19966	56.628334	54.856293	52.5165	49.934727	46.68078	44.035416	41.14532	40.633705	42.337868	40.743336	39.821987	42.86709	45.587337	44.65326	47.157833	50.18845	35.11769	32.691013	30.301182	26.697372	24.017302	23.197605	20.790092	17.676702	16.786015	18.761406	20.973375	20.497543	23.99655	24.065022	21.109013	22.05932	21.826317	20.057854	17.089935	17.43518	16.773354	13.764941	11.974715	13.417947	12.433784	10.362121	9.671862	10.136081	13.531199	14.338629	16.639265	16.091187	13.058917	14.702542	15.98806	16.561872	13.985506	12.842485	15.513609	16.070324	16.384146	12.878292	10.817439	10.624048	11.125895
K-643-A	28.29351	31.350721	31.53892	32.746277	33.05339	32.45685	33.568832	35.646713	37.43281	37.710106	37.529392	40.943066	40.01584	39.235992	42.108517	45.481506	48.575832	50.260483	47.78706	47.72542	51.509117	51.61995	49.29112	51.306046	54.652237	56.35781	56.9399	55.10699	56.858517	57.424	55.569206	53.071484	50.6576	47.25718	44.719322	41.742535	41.440647	43.03831	41.2599	40.43793	43.310043	46.1887	45.5592	48.058758	50.979015	35.439056	32.731518	30.114172	26.707615	23.930973	23.573578	20.980688	18.306993	16.8504	18.09299	20.067415	19.066216	22.319012	22.4037	19.11527	19.514309	18.907776	16.899168	14.290339	14.76853	13.603441	10.494087	9.390604	10.738236	9.145241	7.362288	6.0172462	6.401797	9.93734	11.262127	13.818042	13.025157	10.421527	12.487641	14.518041	15.415617	13.448507	11.989074	14.833282	16.023132	15.798961	12.023914	11.097193	10.887136	10.047075
M-644-A	29.881468	32.76039	32.612053	33.456787	33.356403	32.42417	33.14885	34.958122	36.55412	36.992493	36.574924	39.89063	39.11678	38.696503	41.569572	45.06271	47.970867	49.809334	47.270645	46.925224	50.67916	50.90691	48.38959	50.19737	53.623177	55.23319	56.05147	54.44186	56.39375	57.163376	55.52384	52.904938	50.3658	46.97394	44.642193	41.487442	40.906654	42.21019	40.196136	39.06374	41.794643	44.81317	44.155582	46.426727	49.46741	32.906525	30.095871	27.699276	24.327646	21.905745	21.914534	19.791817	17.356012	16.482225	17.621698	20.165379	19.655382	22.706417	22.144327	18.861805	19.23617	19.202988	16.769974	13.996895	15.37795	14.68786	11.072216	10.486405	12.843324	11.46071	10.525773	8.235312	6.7837334	9.366757	9.485402	11.483997	11.295327	8.425023	10.808021	12.19082	13.754779	12.248549	11.893499	15.328884	17.06322	17.52572	13.925223	12.897649	13.628821	13.050945
L-645-A	31.611458	34.699562	34.837368	35.576035	35.6389	34.507736	35.38311	36.978127	38.802334	39.517784	39.294334	42.677887	42.12501	41.746975	44.468685	48.006626	50.918236	52.62815	49.94579	49.651043	53.379116	53.434296	50.81801	52.694782	56.05277	57.480183	58.268845	56.710094	58.750443	59.411194	57.82962	55.338905	52.670715	49.39212	46.967888	43.886017	43.137768	44.509747	42.612736	41.349068	44.18281	47.109486	46.193993	48.40989	51.577267	34.996708	32.34014	30.22766	26.748543	24.544346	24.324179	22.424192	19.676714	19.216171	20.812212	23.440714	23.075663	26.274382	25.78297	22.591785	23.059837	22.965258	20.51502	17.815857	19.070608	18.196285	14.676128	13.970287	15.910965	14.235332	12.422757	10.238678	9.723938	12.160746	11.76103	14.084738	14.597056	12.002125	14.511206	15.515185	17.117825	15.3402195	15.099081	18.380032	19.629484	20.161236	16.56664	14.920428	15.126913	15.081294
I-646-A	33.036255	36.22497	36.553177	37.629448	37.92621	37.088886	38.136757	39.955536	41.7884	42.30237	42.074776	45.459435	44.68531	44.111	46.950054	50.39787	53.405704	55.128166	52.56545	52.377834	56.139275	56.237434	53.754055	55.683067	59.048138	60.599308	61.30173	59.614254	61.514057	62.105873	60.367203	57.892376	55.353256	52.015553	49.50534	46.494125	45.970963	47.46236	45.609783	44.518604	47.3501	50.28381	49.48378	51.79278	54.88049	38.41394	35.648445	33.377537	29.976927	27.617594	27.465057	25.285942	22.575308	21.620235	22.96015	25.187937	24.27534	27.423403	27.27952	23.874279	23.91918	23.216097	20.711073	18.501678	19.467644	17.866354	14.611721	14.343078	15.484602	13.069351	10.62456	8.315187	8.924003	11.372228	11.471422	14.569936	15.1139555	13.19711	16.114822	17.826048	19.474224	17.835377	16.972084	20.0242	21.187452	21.045492	17.277948	16.078165	15.469013	14.808595
L-647-A	34.41555	37.378326	37.343994	38.38088	38.360394	37.537975	38.250107	40.087727	41.600536	41.958057	41.387005	44.613007	43.698956	43.30682	46.30713	49.761967	52.64211	54.597366	52.155205	51.736504	55.49244	55.842785	53.339233	55.05101	58.528587	60.180332	61.07254	59.488396	61.42658	62.23858	60.568638	57.91066	55.42706	51.995674	49.68945	46.52234	45.993763	47.237423	45.128067	43.943184	46.555115	49.669197	49.082264	51.25301	54.313175	37.03647	34.033287	31.744528	28.558804	26.365267	26.730572	24.706612	22.450777	21.445635	22.236937	24.564528	23.592249	26.401356	25.901196	22.33648	21.947044	21.31287	18.39977	16.491364	18.063871	16.40543	12.914878	13.51786	15.091242	12.484954	10.961087	7.645997	6.8573446	8.312508	7.7686834	10.910051	11.870223	10.49552	13.881255	15.707515	17.91214	16.99805	16.512634	19.863146	21.667496	21.580645	17.812159	17.199646	17.1405	15.921594
I-648-A	36.60308	39.529484	39.380684	40.100883	39.857075	38.700027	39.189983	40.713596	42.17679	42.78705	42.131393	45.294895	44.615376	44.52333	47.434185	50.991257	53.717926	55.723038	53.16639	52.551685	56.25737	56.61436	53.922672	55.496136	58.991352	60.471592	61.536705	60.16058	62.29549	63.21488	61.74676	59.061497	56.42385	53.0641	50.880314	47.622448	46.802467	47.844303	45.618195	44.13341	46.66438	49.828274	49.09858	51.044987	54.248466	36.240814	33.258537	31.33079	28.17972	26.423061	26.959688	25.42349	23.24261	22.826948	23.755709	26.483637	25.944115	28.689743	27.775328	24.326712	24.033026	23.837128	20.730316	18.71607	20.750343	19.46087	15.78768	16.403217	18.440374	16.079124	14.723685	11.415016	10.066356	10.749219	8.858069	11.255066	13.135914	11.791507	15.1706	16.215	18.825941	18.122486	18.379456	21.96637	23.870121	24.271425	20.604551	19.63227	19.950338	19.158628
K-649-A	38.392727	41.510902	41.656216	42.500385	42.51023	41.398933	42.117943	43.655098	45.304203	45.97832	45.486668	48.72707	48.0676	47.85369	50.725956	54.26584	57.076385	58.980827	56.38513	55.897278	59.61534	59.8577	57.184998	58.867294	62.313927	63.74725	64.71606	63.277187	65.38003	66.167015	64.6325	62.05148	59.39983	56.078568	53.75997	50.597477	49.81007	51.00064	48.904514	47.464027	50.096874	53.18461	52.34107	54.340046	57.574196	39.79884	36.89596	35.01515	31.796339	29.991602	30.318968	28.675055	26.245993	25.758305	26.898367	29.470278	28.744072	31.627905	30.994326	27.497972	27.156721	26.62231	23.585176	21.736856	23.433546	21.757044	18.287363	18.81429	20.295015	17.571878	15.516232	12.45679	12.173167	13.070879	11.575228	14.43921	16.345587	15.217467	18.647299	19.901321	22.34551	21.354578	21.250317	24.656502	26.2088	26.336647	22.580471	21.438942	21.140572	20.409454
E-650-A	39.372635	42.425346	42.51177	43.62033	43.65853	42.829132	43.535168	45.3136	46.808662	47.19681	46.54547	49.71384	48.774315	48.449642	51.499176	54.94902	57.789303	59.811825	57.39598	56.907875	60.65425	61.061802	58.5225	60.159245	63.664837	65.28813	66.2535	64.72582	66.69878	67.53474	65.87908	63.213196	60.72286	57.292206	54.99965	51.82383	51.261253	52.45083	50.280113	48.992485	51.528553	54.700085	54.094185	56.149975	59.26874	41.398014	38.306805	36.207253	33.146385	31.20191	31.765	29.89707	27.691875	26.75149	27.449942	29.714933	28.551737	31.211008	30.715725	27.0441	26.217327	25.252281	22.099514	20.804792	22.467972	20.300457	17.090988	18.247702	19.31784	16.148283	14.268565	10.940949	10.867757	11.128769	9.9113655	13.236728	15.133477	14.786421	18.467117	20.300724	22.85319	22.212275	21.769842	25.078787	26.846373	26.519741	22.710327	22.172646	21.651585	20.2566
D-651-A	39.88994	42.7231	42.469536	43.469017	43.197193	42.331924	42.72111	44.465122	45.67527	45.96163	45.023304	48.031475	47.021084	46.894825	50.03753	53.491596	56.187283	58.397633	56.072956	55.367973	59.08472	59.699913	57.13125	58.563446	62.149387	63.83293	64.97343	63.563206	65.58764	66.62502	65.064896	62.2468	59.789246	56.304127	54.213795	50.907913	50.30333	51.25323	48.86873	47.482464	49.81212	53.11822	52.683556	54.596416	57.684933	39.231888	35.981007	33.91497	31.078852	29.339163	30.323631	28.664526	26.869473	25.987906	26.276684	28.654404	27.580072	29.926262	29.060095	25.373592	24.27784	23.542381	20.11373	19.037693	21.232605	19.261417	15.936089	17.634512	19.166376	16.16528	15.148123	11.415809	10.124485	9.244471	6.9992576	9.934122	12.394605	12.618508	16.423744	18.129559	21.0741	21.041178	21.013836	24.499262	26.737095	26.595676	22.880966	22.67709	22.70711	21.089342
Y-652-A	40.101494	42.855778	42.440014	43.110573	42.596523	41.42193	41.588505	43.05194	44.20209	44.71152	43.712406	46.66809	45.89501	46.04082	49.07414	52.623524	55.176857	57.41195	54.972473	54.097713	57.762295	58.36867	55.634926	56.95072	60.540726	62.06903	63.35487	62.131004	64.33126	65.46942	64.10382	61.26074	58.662296	55.249287	53.28246	49.894577	49.024853	49.788956	47.311195	45.674625	47.93754	51.26938	50.714996	52.442657	55.639038	36.712788	33.514378	31.741962	28.926336	27.541367	28.640993	27.404985	25.703714	25.33988	25.770166	28.536793	27.952324	30.293365	29.027119	25.515644	24.710533	24.556673	21.083006	19.62551	22.192844	20.809256	17.210865	18.629812	20.77864	18.249023	17.451162	13.765716	11.81241	10.998139	7.9320364	9.695913	12.638794	12.426823	16.023106	16.943655	20.126009	20.220573	20.858473	24.553642	26.894743	27.290188	23.688484	23.142279	23.678497	22.504793
F-653-A	42.081753	45.002617	44.80345	45.409023	45.026463	43.707508	44.001663	45.314335	46.651615	47.376247	46.539993	49.567284	48.96708	49.12897	52.05118	55.646374	58.21764	60.348186	57.78577	56.958263	60.61072	61.073536	58.256725	59.635273	63.17273	64.5512	65.813065	64.62862	66.90325	67.95224	66.62943	63.8863	61.179554	57.849598	55.798904	52.462433	51.464733	52.292507	49.909874	48.173397	50.528355	53.78487	53.018284	54.702187	58.00414	39.097042	36.046413	34.49684	31.579052	30.312794	31.191301	30.057678	28.08499	27.94765	28.739727	31.584991	31.086487	33.621235	32.45263	28.977636	28.337053	28.131207	24.727219	23.162855	25.535433	24.057621	20.464779	21.579626	23.534437	20.8707	19.49541	15.9914255	14.698544	14.341479	11.577258	13.508782	16.415932	15.972184	19.498772	20.24145	23.293705	23.035646	23.641777	27.307682	29.3397	29.776041	26.107529	25.167048	25.406086	24.542143
P-654-A	45.004932	47.90504	47.677658	48.442745	48.06232	46.893623	47.145557	48.57061	49.781548	50.342968	49.352528	52.293198	51.51723	51.669235	54.71935	58.26141	60.81153	63.059845	60.621128	59.736702	63.39422	64.000916	61.242073	62.53564	66.12551	67.606064	68.91984	67.72591	69.94923	71.06369	69.69329	66.878334	64.26246	60.864574	58.8596	55.495064	54.605427	55.382328	52.90943	51.211094	53.45108	56.78978	56.17433	57.82369	61.07372	41.864017	38.668873	37.077087	34.34356	33.10761	34.222908	33.025154	31.225872	30.846552	31.33097	33.99407	33.20321	35.531857	34.39943	30.800694	29.722391	29.209139	25.65725	24.623316	27.049095	25.197569	21.833683	23.459957	25.110361	22.1108	20.830708	17.211403	16.078152	15.047362	12.245605	14.240111	17.412615	17.757986	21.4638	22.532854	25.749403	25.806501	26.246738	29.867123	32.04716	32.182884	28.466816	27.884401	27.917665	26.647778
R-655-A	45.10971	47.80431	47.27751	47.89457	47.225124	45.985687	45.93999	47.282406	48.237633	48.747498	47.51705	50.29591	49.51124	49.875774	52.96112	56.504467	58.89712	61.292923	58.919777	57.831142	61.438026	62.212547	59.414238	60.512253	64.155045	65.65646	67.13503	66.07282	68.35907	69.65444	68.39993	65.46441	62.862957	59.446438	57.638905	54.170723	53.20821	53.751225	51.099335	49.288486	51.330025	54.76766	54.282253	55.774883	58.999718	39.333637	36.037518	34.549614	32.05005	31.07766	32.548527	31.616333	30.192844	29.953836	30.138926	32.919323	32.307396	34.36538	32.8796	29.373413	28.180809	27.990929	24.314888	23.382757	26.209059	24.676876	21.272625	23.15106	25.199953	22.476683	21.802145	18.024685	16.12128	14.491822	11.091942	12.1299925	15.687505	16.363192	19.91226	20.651756	24.127548	24.682148	25.544434	29.256727	31.77098	32.13771	28.560661	28.169863	28.680456	27.33979
I-656-A	45.870667	48.59522	48.087963	48.442608	47.695866	46.171017	46.061	47.120567	48.153744	48.946415	47.80058	50.589603	50.08526	50.625736	53.546654	57.17271	59.484127	61.808144	59.279037	58.12378	61.679028	62.339844	59.38883	60.458828	64.05464	65.35048	66.896774	65.9808	68.423645	69.72023	68.624245	65.746826	62.988033	59.68414	57.906754	54.431507	53.2181	53.683933	51.051624	49.02759	51.08727	54.470512	53.766304	55.112682	58.463596	38.650337	35.526707	34.381355	31.832304	31.157713	32.523384	31.92613	30.407236	30.628647	31.13363	34.186687	33.95105	36.14652	34.495632	31.152138	30.318146	30.47428	26.873175	25.553604	28.427162	27.225605	23.639149	25.106113	27.419561	24.925903	24.06263	20.391264	18.47102	17.300508	13.844155	14.553002	18.070196	18.177124	21.485954	21.643143	25.080217	25.453833	26.677593	30.462639	32.835533	33.569107	30.044882	29.22692	29.90357	29.012255
E-657-A	48.701183	51.552128	51.21174	51.668278	51.06642	49.580643	49.59587	50.67846	51.80445	52.61741	51.53234	54.356155	53.832798	54.30952	57.243492	60.862892	63.21871	65.517975	62.980675	61.875645	65.44365	66.069084	63.123486	64.23273	67.817	69.09284	70.609	69.66868	72.10029	73.33988	72.20461	69.367584	66.60335	63.30433	61.454628	58.01584	56.82609	57.363766	54.779095	52.768013	54.8651	58.227486	57.471996	58.825073	62.199913	42.40747	39.31027	38.197906	35.6337	34.92338	36.20441	35.513973	33.849064	33.97649	34.559673	37.519367	37.10626	39.36577	37.879814	34.441555	33.47836	33.357018	29.73049	28.593092	31.311026	29.78859	26.301554	27.837059	29.82966	27.04012	25.84291	22.220314	20.786179	19.641415	16.409996	17.559738	21.07454	21.365768	24.837536	25.24249	28.636272	28.868965	29.850216	33.59164	35.825684	36.35311	32.721107	31.869467	32.1894	31.238075
A-658-A	50.684853	53.39933	52.86432	53.370724	52.61373	51.223553	51.04931	52.1944	53.077255	53.714222	52.380913	55.043327	54.36622	54.938587	57.989113	61.555286	63.807735	66.27778	63.886414	62.63264	66.17282	67.00866	64.10351	65.04048	68.69122	70.07397	71.71311	70.82712	73.238144	74.62938	73.51201	70.54977	67.878784	64.512794	62.808735	59.2959	58.1697	58.546036	55.79954	53.781425	55.67732	59.151577	58.605858	59.86041	63.160336	42.98539	39.731052	38.6171	36.330402	35.753315	37.383247	36.756535	35.418007	35.41337	35.61014	38.47666	37.943836	39.89988	38.26689	34.814728	33.494858	33.331615	29.59009	28.877361	31.801601	30.214611	26.898571	28.873606	30.861143	28.026249	27.224829	23.474348	21.767626	19.981617	16.59342	17.284506	20.991821	21.920605	25.368675	25.846272	29.428932	30.12038	31.173887	34.913403	37.426907	37.856544	34.27206	33.78311	34.224026	32.946854
I-659-A	50.692734	53.26197	52.52397	52.785225	51.78479	50.20602	49.785755	50.719933	51.451435	52.193882	50.741844	53.278618	52.751072	53.566063	56.53566	60.13135	62.21883	64.74396	62.324394	60.894947	64.35694	65.24843	62.246193	63.02451	66.67431	67.95984	69.74702	69.034996	71.56523	73.083435	72.13667	69.12768	66.39374	63.08653	61.54778	57.972454	56.669098	56.834553	53.983955	51.785866	53.53656	57.035545	56.474476	57.53418	60.865005	40.405216	37.197723	36.356434	34.245865	34.025627	35.836067	35.57662	34.472595	34.7939	34.9466	38.005962	37.804028	39.63879	37.689175	34.42766	33.256996	33.515396	29.784695	28.91239	32.0834	30.913492	27.49974	29.381023	31.753166	29.248686	28.735449	24.958694	22.793915	20.952549	17.29188	17.233341	21.01234	21.807947	24.942223	24.887114	28.546297	29.470072	30.969698	34.76166	37.405186	38.179016	34.743027	34.17183	35.01655	33.927193
T-660-A	51.593864	54.267864	53.668842	53.780743	52.839226	51.061077	50.71395	51.44823	52.35132	53.347687	52.070484	54.682774	54.38848	55.252098	58.071445	61.732265	63.820415	66.22049	63.64479	62.24962	65.686966	66.409325	63.298847	64.1368	67.71886	68.81717	70.58956	69.94738	72.58144	74.021835	73.16087	70.25479	67.38479	64.18337	62.587162	59.05393	57.57512	57.775604	55.023205	52.699696	54.547626	57.9503	57.14743	58.145393	61.589027	41.267338	38.26694	37.66316	35.416885	35.314323	36.8818	36.769966	35.440075	36.050583	36.563717	39.779484	39.780968	41.837257	39.91141	36.71598	35.849003	36.2172	32.558674	31.359646	34.42289	33.347206	29.78834	31.308329	33.72798	31.265945	30.412037	26.738922	24.794283	23.419867	19.83341	20.015865	23.695885	24.000124	27.082071	26.78288	30.309025	30.896126	32.483593	36.295643	38.703674	39.659023	36.204468	35.25109	36.03857	35.300907
S-661-A	54.937435	57.68954	57.18759	57.292164	56.40651	54.577065	54.270912	54.93226	55.890495	56.970806	55.7314	58.3421	58.107662	58.998566	61.785683	65.45821	67.53051	69.91183	67.300285	65.895096	69.312386	70.000435	66.8488	67.67397	71.23347	72.2526	74.04764	73.45547	76.13443	77.55733	76.73242	73.86022	70.94613	67.783485	66.17095	62.654736	61.115902	61.314762	58.584908	56.199593	58.042915	61.417934	60.531925	61.45772	64.94407	44.61713	41.69496	41.230354	39.008575	38.98415	40.49784	40.425053	39.01024	39.665737	40.272415	43.488785	43.458332	45.562057	43.68344	40.46136	39.559223	39.826847	36.148533	35.01398	38.017582	36.804955	33.27118	34.789715	37.07492	34.471275	33.409065	29.773235	28.07827	26.747393	23.24527	23.615948	27.313707	27.66766	30.815657	30.56268	34.067535	34.56321	36.086452	39.891403	42.202934	43.109795	39.60065	38.555103	39.167465	38.47144
S-662-A	55.200687	58.105618	57.83306	57.944836	57.249435	55.36901	55.27022	55.89215	57.08331	58.306335	57.291508	60.04144	59.91226	60.69298	63.39514	67.100555	69.275116	71.508255	68.78235	67.52214	70.964645	71.46826	68.29307	69.27458	72.7709	73.69471	75.37253	74.724754	77.41044	78.681885	77.82443	75.07552	72.08923	68.986725	67.226715	63.793064	62.219707	62.581173	60.0079	57.642757	59.660915	62.93071	61.855618	62.864063	66.41432	46.462204	43.680412	43.21485	40.77596	40.6196	41.825287	41.656452	39.940586	40.647453	41.565464	44.79446	44.768936	47.113747	45.422333	42.170074	41.459137	41.62825	38.022854	36.682922	39.46915	38.168934	34.58104	35.823147	37.963802	35.29414	33.84569	30.370632	29.05559	28.146383	24.851099	25.661842	29.229136	29.249674	32.46914	32.285294	35.62684	35.735928	37.094616	40.8597	42.89514	43.780174	40.215363	38.899834	39.27	38.796715
G-663-A	56.446445	59.268276	58.897392	58.768253	57.91399	55.82187	55.56116	55.928635	57.060997	58.462963	57.428276	60.087006	60.16576	61.151257	63.720085	67.45402	69.48578	71.7069	68.91097	67.52689	70.878006	71.35841	68.074326	68.94174	72.39183	73.149216	74.9398	74.471375	77.28854	78.62803	77.94892	75.21408	72.13391	69.13615	67.494225	64.04505	62.267353	62.469494	59.867836	57.318623	59.24047	62.4681	61.282246	62.087814	65.69279	45.73005	43.116596	42.982662	40.66863	40.83931	42.073105	42.239788	40.63395	41.672432	42.669853	46.057148	46.322865	48.633667	46.738926	43.65821	43.12811	43.59635	40.026928	38.523716	41.427326	40.416817	36.7509	37.846134	40.23168	37.785408	36.446648	32.986057	31.447054	30.586752	27.1656	27.607761	31.16382	31.006542	33.981144	33.38793	36.691833	36.853336	38.528145	42.30082	44.335793	45.509987	42.06261	40.585957	41.20994	40.965904
Q-664-A	53.105045	55.85783	55.414352	55.19123	54.269943	52.122265	51.815617	52.138405	53.265068	54.702938	53.694283	56.363033	56.502396	57.50945	60.026726	63.770412	65.79232	67.98071	65.156906	63.778515	67.12253	67.57143	64.2771	65.162346	68.60025	69.3465	71.12287	70.654915	73.48098	74.82091	74.164604	71.43577	68.34018	65.36103	63.73796	60.288277	58.476063	58.665844	56.076923	53.51966	55.466564	58.67525	57.469505	58.297935	61.90566	42.034664	39.458908	39.32835	36.963596	37.156784	38.346237	38.594147	37.018265	38.185257	39.23509	42.693253	43.12583	45.45063	43.487072	40.511833	40.17097	40.837826	37.349693	35.642063	38.565563	37.79698	34.070145	34.992325	37.56537	35.347458	34.135666	30.711813	28.972322	28.258741	24.81549	25.075228	28.513601	28.09107	30.886042	30.07456	33.30239	33.433456	35.26122	39.023098	41.05798	42.405846	39.05367	37.504875	38.34421	38.23742
M-665-A	50.534084	53.41501	53.150276	53.10555	52.4021	50.39554	50.332485	50.85039	52.156982	53.5216	52.667698	55.499363	55.53106	56.298203	58.86658	62.604385	64.80675	66.90943	64.07664	62.894558	66.33004	66.685486	63.477077	64.55977	67.99651	68.83845	70.4392	69.77711	72.48848	73.68396	72.8585	70.18732	67.13278	64.10036	62.29815	58.90879	57.2516	57.672462	55.204506	52.83075	54.97189	58.148323	56.935696	58.008053	61.593956	42.03453	39.40164	38.95166	36.32958	36.141003	37.106827	37.01677	35.17977	36.12481	37.301586	40.657356	40.908047	43.405922	41.69609	38.59606	38.28816	38.730923	35.286938	33.507896	36.220284	35.267788	31.540506	32.353172	34.73278	32.397907	30.94459	27.60542	26.15523	25.711119	22.472712	23.215702	26.536636	25.953348	28.931633	28.43907	31.574142	31.420963	32.937534	36.67215	38.55743	39.720074	36.27134	34.67675	35.266933	35.15092
G-666-A	49.324974	52.21945	52.03482	51.79591	51.115868	48.92233	48.910038	49.22391	50.680958	52.275265	51.615852	54.50286	54.768646	55.566616	57.94887	61.7177	63.91008	65.85912	62.89019	61.767376	65.15716	65.33071	62.05121	63.20847	66.550156	67.219666	68.76987	68.158554	70.94246	72.05015	71.31068	68.7565	65.59316	62.68726	60.848835	57.530426	55.71907	56.177723	53.842793	51.39637	53.636482	56.67676	55.24423	56.291607	59.944347	40.87681	38.499554	38.224136	35.483746	35.37457	36.053337	36.123665	34.13581	35.39192	36.892307	40.35783	40.88614	43.53785	41.833088	38.90854	38.973415	39.628815	36.356396	34.230373	36.815395	36.132088	32.341587	32.72792	35.225792	33.161324	31.59118	28.478945	27.087051	27.088333	24.011595	24.72757	27.783072	26.697897	29.404966	28.605806	31.474468	31.013952	32.658096	36.30567	37.944016	39.36587	36.046856	34.10642	34.79672	35.096317
S-667-A	46.05966	48.868553	48.562393	48.317913	47.5592	45.40289	45.332172	45.717846	47.11257	48.62601	47.919765	50.81021	51.020824	51.802006	54.21838	57.981888	60.185616	62.163555	59.22981	58.10524	61.51888	61.737904	58.492867	59.655754	63.030663	63.78803	65.3277	64.669136	67.41397	68.55486	67.78139	65.17737	62.055367	59.099583	57.284607	53.932953	52.174473	52.62476	50.25162	47.856945	50.102123	53.182697	51.84018	52.96074	56.575817	37.45379	34.999702	34.589844	31.803755	31.620909	32.340298	32.39132	30.478085	31.73244	33.165768	36.657898	37.254498	39.86306	38.098846	35.22659	35.371456	36.15946	32.94562	30.71556	33.343742	32.84562	29.035656	29.363625	32.028557	30.156206	28.812918	25.69509	24.044735	24.087698	21.01341	21.536213	24.453718	23.20452	25.77274	24.858019	27.707834	27.302702	29.057919	32.723114	34.46386	35.976486	32.72226	30.8492	31.770098	32.055065
F-668-A	45.144474	48.060276	47.864964	47.917885	47.34313	45.449802	45.562637	46.258106	47.69997	48.985615	48.28096	51.259163	51.214737	51.76657	54.348522	58.074406	60.43126	62.43762	59.597584	58.600796	62.11125	62.375805	59.26076	60.532063	63.959263	64.90788	66.3334	65.482895	68.07664	69.15279	68.18114	65.55327	62.547153	59.468876	57.52965	54.19207	52.67848	53.29885	50.947453	48.768417	51.09565	54.228035	53.034515	54.36502	57.901497	38.813038	36.156254	35.36178	32.469437	31.894728	32.61186	32.23588	30.196941	31.006332	32.32159	35.62569	35.850857	38.506092	36.97624	33.870514	33.777107	34.203487	30.913868	28.868484	31.38231	30.517296	26.750689	27.274654	29.668232	27.488464	25.985664	22.782324	21.37482	21.382181	18.406902	19.42993	22.402245	21.35852	24.297184	23.928165	26.863638	26.409304	27.75541	31.447865	33.21639	34.36307	30.921854	29.249489	29.8495	29.83184
I-669-A	46.400993	49.47866	49.546314	49.63775	49.284313	47.373608	47.7102	48.373318	50.035736	51.439693	50.948425	54.030373	54.0666	54.50497	57.004105	60.733654	63.175983	65.04201	62.11776	61.2626	64.7794	64.87769	61.760117	63.1669	66.52088	67.37826	68.68983	67.78893	70.37422	71.29892	70.29135	67.79309	64.7368	61.727375	59.648617	56.41364	54.88739	55.666145	53.47857	51.336296	53.802536	56.82006	55.459145	56.851402	60.42794	41.800667	39.293125	38.52269	35.50072	34.818504	35.24322	34.757164	32.439175	33.244183	34.833363	38.07048	38.23683	41.084625	39.777588	36.650948	36.661976	36.91371	33.7086	31.597836	33.850178	32.81936	29.099686	29.405443	31.528975	29.232939	27.30063	24.32748	23.44452	23.800047	21.122232	22.570677	25.405073	24.21863	27.209442	26.99963	29.733381	28.92144	30.009354	33.589203	35.037758	36.082275	32.600426	30.687067	30.928492	31.111307
R-670-A	44.061863	47.138943	47.27316	47.19077	46.86826	44.807163	45.213375	45.72426	47.538628	49.127384	48.835506	51.982094	52.21321	52.644478	54.971622	58.71796	61.169395	62.881546	59.84266	59.071377	62.553837	62.479477	59.323025	60.825382	64.08999	64.820335	66.054436	65.16397	67.7875	68.61825	67.66331	65.27383	62.135494	59.232338	57.105732	53.945274	52.309906	53.154198	51.108696	48.946915	51.528065	54.411255	52.870243	54.291935	57.905502	39.874332	37.599846	36.91518	33.75709	33.075138	33.18387	32.798756	30.319637	31.402096	33.311447	36.630123	37.074635	40.064804	38.781757	35.855343	36.26145	36.740604	33.75601	31.289251	33.38297	32.675434	28.930075	28.764105	31.020853	29.083963	27.109928	24.429436	23.562422	24.39411	21.947586	23.299257	25.773615	24.053566	26.696762	26.191696	28.59756	27.452362	28.645336	32.104294	33.295246	34.609173	31.29404	29.037792	29.42629	30.052233
L-671-A	41.157562	44.177624	44.1944	44.2202	43.854816	41.932503	42.312943	43.015156	44.74491	46.150307	45.770805	48.92902	48.997818	49.352753	51.792305	55.519703	58.01796	59.79973	56.845753	56.085995	59.62175	59.64377	56.56479	58.076294	61.40439	62.29791	63.51221	62.527103	65.06548	65.93827	64.89058	62.417908	59.36883	56.360233	54.2383	51.029102	49.53477	50.399055	48.290993	46.245655	48.825195	51.78651	50.41688	51.956078	55.497078	37.353237	34.916615	33.97228	30.76899	29.884838	30.0772	29.514925	27.08906	27.983803	29.746939	33.03211	33.39607	36.341938	35.061745	32.087555	32.455917	32.935184	29.96294	27.478912	29.600786	28.937662	25.175976	25.052895	27.404093	25.531847	23.755789	20.995178	19.919582	20.77255	18.378136	19.71718	22.053463	20.253128	22.905111	22.503452	24.941032	23.859707	25.020018	28.54215	29.898254	31.16557	27.817762	25.733091	26.266869	26.720129
K-672-A	41.3104	44.5063	44.783607	45.086136	45.014103	43.31616	43.977818	44.906086	46.78662	48.067677	47.814194	51.078583	50.99121	51.095848	53.60547	57.2846	59.942276	61.65783	58.743816	58.170315	61.769527	61.732903	58.76926	60.43448	63.74804	64.735695	65.79227	64.63135	67.03499	67.765335	66.54128	64.13485	61.162937	58.110218	55.816998	52.697823	51.40298	52.488438	50.503666	48.660416	51.36208	54.28316	52.943634	54.667507	58.153156	40.385857	37.898136	36.69982	33.39465	32.171604	32.199543	31.238558	28.584476	29.07935	30.884336	33.921234	33.92603	37.00424	36.074284	32.92805	33.160004	33.219563	30.279036	27.940323	29.756037	28.676062	25.038025	24.927757	26.813913	24.6136	22.390078	19.77234	19.343252	20.430212	18.41895	20.423851	22.642483	20.963848	23.893589	24.057724	26.388355	25.06932	25.677696	29.086908	30.235043	31.092825	27.588507	25.545435	25.519066	25.834747
Q-673-A	42.03123	45.314716	45.80239	45.974075	46.038795	44.194065	45.00331	45.747368	47.838993	49.348267	49.333015	52.66188	52.786243	52.875275	55.199757	58.890007	61.562565	63.100796	60.05621	59.58521	63.13869	62.894707	59.881077	61.649788	64.85049	65.65871	66.62925	65.49318	67.946045	68.53762	67.367455	65.11895	62.0467	59.134514	56.7556	53.752064	52.33408	53.514175	51.709747	49.826313	52.64264	55.40262	53.824	55.53773	59.083775	41.914204	39.68279	38.65929	35.26771	34.105278	33.813206	32.95325	30.092916	30.829964	32.979145	36.033634	36.215763	39.448452	38.615395	35.61726	36.12337	36.254665	33.48001	30.950552	32.561886	31.602407	28.017775	27.539223	29.336	27.309345	24.844599	22.59116	22.453157	23.867199	22.049807	24.05285	26.10625	24.161058	26.8673	26.849447	28.90318	27.257334	27.848112	31.078651	31.856972	32.847733	29.479525	27.06831	26.906061	27.665392
F-674-A	38.753967	41.975613	42.40825	42.445583	42.463936	40.53417	41.343708	42.028553	44.173176	45.75143	45.832066	49.191174	49.41086	49.495533	51.723873	55.417484	58.088108	59.55153	56.459805	56.029556	59.566032	59.24882	56.230824	58.049534	61.210697	61.989002	62.915462	61.76974	64.22885	64.79565	63.65031	61.431675	58.331295	55.45755	53.075306	50.09337	48.631496	49.83717	48.09816	46.234894	49.114105	51.806816	50.17542	51.941086	55.47775	38.74327	36.641544	35.59804	32.119694	30.905245	30.406233	29.592775	26.661509	27.589407	29.924213	33.044174	33.472748	36.759983	35.898205	33.09051	33.91427	34.29471	31.723448	28.909134	30.433432	29.839478	26.250315	25.39983	27.413097	25.800903	23.517063	21.479033	21.147896	22.884787	21.253796	23.025621	24.711473	22.332241	24.660553	24.38174	26.145145	24.284943	25.006876	28.149303	28.810928	30.073957	26.876488	24.251133	24.392668	25.479025
L-675-A	36.82084	40.111767	40.605453	40.951756	41.123398	39.493515	40.452435	41.473667	43.609108	44.915325	44.970882	48.38821	48.341335	48.20102	50.590874	54.228386	57.03401	58.53562	55.56415	55.248684	58.868298	58.62404	55.75596	57.657917	60.87132	61.863564	62.688126	61.354862	63.647865	64.17648	62.835167	60.572628	57.615246	54.611435	52.136257	49.163826	47.97229	49.321243	47.588562	45.960285	48.88505	51.632298	50.19916	52.164692	55.590214	38.955902	36.665092	35.244724	31.709217	30.112703	29.624174	28.37459	25.369154	25.799726	27.99172	30.889301	30.96598	34.29181	33.67494	30.6979	31.366144	31.441525	28.90601	26.202923	27.52996	26.668467	23.167263	22.364628	24.113493	22.318447	19.874893	17.899036	17.884247	19.835516	18.582455	20.766804	22.213444	19.877277	22.389439	22.624151	24.341421	22.402325	22.669075	25.788671	26.472193	27.36793	24.002266	21.584108	21.423033	22.224077
E-676-A	38.607574	42.043587	42.79942	43.35159	43.777847	42.30476	43.478836	44.6109	46.862293	48.114674	48.27318	51.743214	51.615234	51.31433	53.726315	57.316788	60.218884	61.654644	58.70545	58.522373	62.164272	61.857807	59.06329	61.063812	64.2443	65.259636	65.97495	64.541336	66.74872	67.15416	65.703674	63.52384	60.61364	57.615517	55.017185	52.14238	51.071926	52.57063	50.945393	49.431522	52.4224	55.119846	53.67025	55.719563	59.11943	42.73563	40.433838	38.934464	35.382195	33.653835	33.08523	31.628733	28.511604	28.674492	30.86863	33.540024	33.324673	36.714207	36.370575	33.28164	33.792442	33.50835	30.98972	28.49632	29.579256	28.328753	25.004808	24.285095	25.539309	23.42421	20.545372	18.781666	19.418653	21.416294	20.411356	23.024853	24.4992	22.420362	25.14565	25.763279	27.45011	25.424025	25.282162	28.242628	28.712194	29.22624	25.788254	23.440273	22.682518	23.362589
K-677-A	37.398834	40.884434	41.830635	42.22265	42.783615	41.175243	42.513397	43.48106	45.952206	47.412857	47.84395	51.38192	51.46735	51.122547	53.32024	56.902134	59.82531	61.054245	57.98175	57.93447	61.52383	60.9927	58.179283	60.31012	63.360462	64.21812	64.810104	63.370396	65.59737	65.84819	64.437035	62.425983	59.433342	56.58227	53.893433	51.15597	49.988686	51.608673	50.199062	48.70003	51.82419	54.3313	52.66339	54.753017	58.174862	42.65995	40.640472	39.250877	35.60074	33.871956	32.916306	31.535553	28.216585	28.640263	31.209866	33.880344	33.927917	37.461983	37.21351	34.36728	35.26651	35.162796	32.910088	30.13743	30.98277	30.03511	26.797606	25.5792	26.839195	25.136744	22.206888	20.918707	21.653986	24.018309	23.221699	25.675747	26.857718	24.387732	26.721838	27.076073	28.368021	25.971525	25.84074	28.540606	28.583948	29.327042	26.147987	23.377731	22.623915	23.902332
C-678-A	33.81662	37.256924	38.11247	38.510296	39.03933	37.482597	38.832043	39.900963	42.360985	43.740215	44.188057	47.74988	47.787468	47.377773	49.584354	53.150356	56.104324	57.327736	54.28314	54.2745	57.883125	57.367348	54.60598	56.772472	59.833157	60.77386	61.32647	59.82185	61.996357	62.258636	60.801346	58.7552	55.804058	52.90837	50.21364	47.46255	46.368477	48.026775	46.62887	45.22994	48.386982	50.8906	49.30153	51.4924	54.85299	39.63543	37.6238	36.070187	32.369884	30.464014	29.389618	27.877106	24.50796	24.875542	27.506151	30.15152	30.27842	33.842735	33.626408	30.882057	31.969887	31.989494	29.917347	26.969591	27.697134	26.99597	23.796276	22.295595	23.688395	22.317291	19.581646	18.48915	19.089975	21.739788	21.21813	23.537878	24.32263	21.555073	23.59498	23.918127	24.94535	22.379625	22.192083	24.817753	24.819204	25.677898	22.570745	19.705702	19.173517	20.621174
L-679-A	33.842262	37.331158	38.21699	38.968548	39.612194	38.382206	39.803307	41.193405	43.556015	44.636024	44.963787	48.52651	48.2678	47.6871	50.09697	53.601673	56.650597	57.97263	55.08192	55.12087	58.800335	58.42156	55.796	57.972183	61.10735	62.25992	62.775085	61.132103	63.159824	63.43454	61.805763	59.682655	56.887875	53.852116	51.116455	48.34865	47.51735	49.24243	47.782715	46.56348	49.68589	52.289303	50.930573	53.236176	56.49772	41.05815	38.8067	36.964935	33.304214	31.146605	30.25941	28.386705	25.08567	24.89057	27.206413	29.594099	29.249489	32.77454	32.778305	29.790674	30.542341	30.150394	28.01787	25.354664	25.942898	24.78988	21.710604	20.481976	21.47104	19.6865	16.675272	15.581409	16.66201	19.354755	19.16122	21.915287	22.620893	20.156084	22.517376	23.426878	24.574778	22.140131	21.48193	24.119667	24.264011	24.591112	21.23235	18.788383	17.773975	18.655272
Q-680-A	34.92296	38.54403	39.76572	40.62964	41.56985	40.430176	42.11235	43.518036	46.071808	47.194347	47.73818	51.364212	51.13475	50.39344	52.711426	56.1556	59.291874	60.452267	57.53434	57.757427	61.422028	60.883728	58.32553	60.645596	63.683468	64.78476	65.14079	63.404366	65.35437	65.4423	63.732185	61.77045	58.991875	56.039307	53.158516	50.557003	49.796543	51.706196	50.44729	49.340763	52.571815	55.037178	53.570183	55.96414	59.20372	44.401943	42.27067	40.42599	36.721985	34.482365	33.368538	31.388935	27.945948	27.662981	30.12429	32.29082	31.825321	35.433697	35.7187	32.784912	33.579697	32.97513	31.010534	28.429367	28.69329	27.372337	24.551441	23.186567	23.712482	21.899952	18.558073	17.962921	19.595741	22.394728	22.450869	25.399199	26.025198	23.634054	25.957205	27.008215	27.963879	25.34034	24.38679	26.712477	26.453272	26.53755	23.323622	20.797522	19.236488	20.296993
H-681-A	33.048912	36.670006	37.985897	38.614964	39.60012	38.277534	40.05056	41.264923	43.98932	45.32346	46.093597	49.75938	49.75913	49.032665	51.13454	54.582233	57.7008	58.68703	55.64734	55.9543	59.557552	58.829205	56.23253	58.640774	61.56407	62.51127	62.786182	61.07685	63.07215	63.056507	61.421276	59.591022	56.71937	53.905754	50.981453	48.48039	47.589867	49.566376	48.48063	47.358654	50.68807	52.98531	51.324768	53.730957	56.990116	42.97465	41.115093	39.39876	35.6304	33.437897	31.98509	30.14591	26.56047	26.6166	29.43204	31.665936	31.571213	35.27728	35.545162	32.898556	34.109478	33.82024	32.092205	29.195393	29.344852	28.474134	25.674236	23.837486	24.577997	23.305298	20.166334	19.871843	21.261253	24.287058	24.362314	26.998865	27.404001	24.614576	26.500082	27.166441	27.762096	24.840578	24.045446	26.150131	25.536963	26.005728	23.108969	20.130657	18.833052	20.577438
K-682-A	29.820108	33.41083	34.608376	35.359715	36.318634	35.152744	36.928326	38.34955	40.998215	42.14425	42.8582	46.531776	46.3827	45.560238	47.751083	51.170082	54.334526	55.374035	52.418026	52.747646	56.39191	55.75061	53.238472	55.656	58.62708	59.727764	59.98269	58.18558	60.095932	60.127373	58.40542	56.489334	53.7074	50.79149	47.870583	45.32603	44.5857	46.590855	45.46586	44.482418	47.805923	50.150944	48.660065	51.17554	54.34463	40.461285	38.524307	36.578346	32.80847	30.391298	28.917934	26.84244	23.25842	23.053942	25.806908	27.93016	27.761969	31.476925	31.830275	29.21118	30.492891	30.209225	28.643217	25.6805	25.67285	24.92532	22.22231	20.182468	20.930815	19.903246	16.924828	16.87396	18.244198	21.505035	21.928171	24.494762	24.501213	21.563124	23.220425	24.02981	24.39792	21.379692	20.362106	22.38146	21.77936	22.191843	19.272411	16.315231	15.074955	16.850546
D-683-A	29.200268	32.684555	33.753967	34.10648	34.876373	33.361794	35.016426	36.12354	38.83699	40.263195	41.063633	44.72515	44.85875	44.227276	46.229424	49.714867	52.76976	53.739986	50.64179	50.896214	54.473843	53.72836	51.07858	53.466866	56.382244	57.29724	57.610413	55.956337	58.01854	58.075706	56.53399	54.65749	51.72272	48.924866	46.073524	43.512608	42.505375	44.417114	43.323048	42.1619	45.506927	47.77243	46.085945	48.493885	51.750957	38.080444	36.37202	34.678337	30.882109	28.696278	27.042463	25.330263	21.705748	22.097485	25.139864	27.55018	27.902878	31.61336	31.688002	29.332287	30.94795	31.125765	29.607885	26.365103	26.556593	26.314768	23.466055	21.21212	22.47675	21.876913	19.314241	19.092161	19.854721	23.021658	23.116837	25.229195	25.276512	22.048168	23.34994	23.561537	23.787252	20.670763	20.191153	22.223911	21.5617	22.611124	19.97778	16.649221	16.158377	18.421938
I-684-A	30.555334	33.846184	34.57367	34.581684	34.961685	33.11387	34.40876	35.22188	37.78567	39.40446	40.031303	43.60438	43.91986	43.607555	45.57382	49.16308	52.043346	53.12872	49.95599	49.9598	53.495663	52.830143	49.996	52.201485	55.169678	55.963	56.49262	55.061134	57.323544	57.56659	56.242912	54.2633	51.198544	48.427124	45.769814	43.05215	41.76044	43.399887	42.11704	40.656292	43.8879	46.24439	44.482536	46.665634	50.049057	35.63326	33.949997	32.54289	28.787107	26.970226	25.507847	24.265804	20.813591	21.752962	24.767618	27.579151	28.300259	31.881289	31.504263	29.20431	30.84955	31.406702	29.670063	26.324512	26.993265	27.025827	23.887362	21.835093	23.672935	23.114008	20.923874	20.143986	20.217592	23.031672	22.57786	24.273552	24.637264	21.36181	22.62308	22.299047	22.788956	19.928144	20.158978	22.538998	22.284922	23.821692	21.196348	17.89266	18.138689	20.290094
P-685-A	32.22897	35.457584	36.25994	35.95933	36.313965	34.18704	35.460537	35.907467	38.593758	40.52472	41.320305	44.85911	45.475994	45.299953	47.023067	50.621307	53.402004	54.339466	51.02939	51.02981	54.457687	53.612392	50.672474	52.88373	55.724483	56.26376	56.790707	55.496975	57.882366	58.055286	56.899548	55.06442	51.861763	49.289093	46.658005	44.03816	42.499268	44.097195	42.949005	41.33261	44.586376	46.77617	44.741558	46.787663	50.254032	36.357426	34.981163	33.924538	30.21639	28.713604	27.079592	26.229446	22.825022	24.220695	27.414183	30.308577	31.3312	34.888863	34.406353	32.318985	34.13964	34.895073	33.199963	29.779284	30.49496	30.702671	27.563253	25.444551	27.353437	26.91329	24.734	23.969221	23.969238	26.680637	26.01381	27.528305	28.04272	24.745747	25.861835	25.177345	25.593523	22.743603	23.260778	25.493324	25.045599	26.84537	24.48133	21.01896	21.370836	23.79142
V-686-A	31.108744	34.12807	34.771423	34.10876	34.274742	31.87488	33.015545	33.161842	35.87925	38.03664	38.937138	42.425716	43.295387	43.260612	44.769913	48.372967	51.040176	51.884132	48.480522	48.44192	51.77848	50.831142	47.81129	50.002995	52.761166	53.145645	53.69559	52.515587	55.00238	55.190887	54.191517	52.40541	49.10322	46.659645	44.1153	41.521805	39.772667	41.285336	40.20936	38.487038	41.747746	43.813305	41.62032	43.58914	47.087597	33.817013	32.74538	31.908894	28.254988	26.965944	25.110413	24.62828	21.342682	23.234594	26.57289	29.55936	31.01603	34.475487	33.81944	32.083466	34.214203	35.340115	33.839775	30.256956	30.995771	31.656689	28.58869	26.268389	28.441265	28.4421	26.636286	25.962421	25.622126	28.288727	27.593542	28.68239	29.008747	25.53745	26.1608	25.007183	25.108242	22.245533	23.141136	25.16389	24.621328	26.873348	24.902689	21.345482	22.231697	24.919765
P-687-A	33.6263	36.45652	36.77161	35.885883	35.67255	33.04569	33.77159	33.653786	36.113865	38.392155	39.032204	42.371178	43.367645	43.6648	45.1804	48.85713	51.325176	52.329536	48.907654	48.58027	51.86032	51.05528	47.87002	49.81829	52.642277	52.924637	53.731728	52.797874	55.46982	55.87887	55.093792	53.181072	49.795364	47.365692	45.058823	42.306633	40.31595	41.496525	40.18017	38.142048	41.207035	43.397255	41.185017	42.861874	46.475548	32.24353	31.163065	30.679602	27.168964	26.353771	24.861673	24.881458	21.94052	24.18811	27.301409	30.573675	32.22247	35.496002	34.439285	32.701656	34.71549	36.085964	34.34807	30.809914	31.980696	32.743523	29.473246	27.471338	29.999998	29.895044	28.321293	27.193232	26.387646	28.65431	27.48373	28.213675	28.889067	25.562923	26.234747	24.681253	25.137638	22.705101	24.159214	26.49031	26.399235	28.866259	26.81568	23.453283	24.705042	27.120754
K-688-A	36.68762	39.50442	39.91788	38.888435	38.694534	35.931126	36.637466	36.25585	38.755886	41.231846	41.955368	45.223434	46.413414	46.817726	48.17525	51.83635	54.210022	55.119884	51.624207	51.275078	54.449165	53.529324	50.274166	52.184883	54.896305	54.959232	55.78575	54.991947	57.7562	58.115128	57.472897	55.682343	52.21232	49.95287	47.687443	45.029526	42.87238	43.989952	42.766644	40.601635	43.617485	45.675728	43.266838	44.764828	48.429874	34.56605	33.695763	33.52475	30.140995	29.597946	28.116642	28.363894	25.507374	27.874548	31.007717	34.28647	35.98889	39.253616	38.161526	36.456787	38.45258	39.83002	38.024048	34.51978	35.7401	36.436485	33.124058	31.186533	33.663498	33.43738	31.709278	30.521349	29.797594	31.981457	30.634941	31.39089	32.29672	29.075895	29.865738	28.246836	28.804073	26.450296	27.947218	30.252014	30.075762	32.539734	30.511461	27.096315	28.19386	30.666376
G-689-A	36.7557	39.325806	39.58114	38.204746	37.80926	34.798832	35.314884	34.565308	37.02962	39.740826	40.545197	43.69456	45.162453	45.74414	46.855698	50.48783	52.697567	53.507168	49.936634	49.521523	52.554657	51.534286	48.19807	50.041756	52.63572	52.49092	53.36518	52.741806	55.62211	56.006813	55.568054	53.847996	50.28717	48.207134	46.081398	43.48169	41.091393	42.06157	40.91743	38.613976	41.569138	43.466316	40.877213	42.209843	45.90155	32.819817	32.32571	32.476982	29.260698	29.035892	27.425625	28.096272	25.491392	28.243376	31.399622	34.702557	36.753937	39.877033	38.62806	37.25343	39.4752	41.152866	39.514805	35.92673	37.16352	38.206245	34.980484	32.92245	35.566246	35.66189	34.2042	33.09536	32.146713	34.27628	32.919567	33.33351	34.092876	30.794653	31.188444	29.200838	29.506876	27.240755	29.02666	31.121462	30.886631	33.661346	31.967173	28.550121	29.996952	32.626213
F-690-A	33.02192	35.552788	35.82965	34.443256	34.125893	31.156158	31.823456	31.179962	33.787434	36.45607	37.423943	40.669003	42.100266	42.513023	43.585644	47.18507	49.497517	50.216824	46.645645	46.38648	49.46373	48.369205	45.12012	47.11961	49.69822	49.656727	50.382862	49.59624	52.376225	52.674168	52.11728	50.42333	46.900085	44.786007	42.55358	40.004036	37.718822	38.8642	37.84685	35.734318	38.84363	40.674126	38.11255	39.686264	43.306587	30.94394	30.518261	30.408333	27.077204	26.56144	24.612497	25.116055	22.398968	25.163054	28.464424	31.628511	33.76942	36.915855	35.817066	34.62759	37.070084	38.790913	37.429028	33.74466	34.724735	35.966106	32.933254	30.598957	33.18422	33.606327	32.29329	31.500305	30.608824	32.95835	31.950272	32.348526	32.69531	29.206196	29.261686	27.302595	27.188421	24.681452	26.335157	28.138636	27.671438	30.54129	29.105309	25.634241	27.216852	30.035288
L-691-A	32.453056	34.752583	35.029476	33.329514	32.98653	29.840181	30.513805	29.534063	32.259163	35.15967	36.393833	39.565945	41.267918	41.70405	42.45652	45.963974	48.18473	48.67432	45.021523	44.859734	47.785576	46.468277	43.220222	45.28789	47.66782	47.416172	48.03568	47.31432	50.129314	50.31357	49.888035	48.374275	44.783142	42.904068	40.70459	38.343327	35.902058	37.06667	36.315975	34.228695	37.376644	38.910168	36.12005	37.666042	41.24379	30.541767	30.57344	30.644396	27.470581	27.078781	24.810478	25.547472	23.008142	25.986174	29.365353	32.367073	34.77502	37.821598	36.760277	35.94007	38.645542	40.542625	39.46018	35.71228	36.510838	38.029938	35.19478	32.647423	35.203407	35.960083	34.801975	34.25916	33.366333	35.794487	34.94913	35.195618	35.293636	31.71785	31.398338	29.278	28.768543	26.209284	27.884762	29.287022	28.539965	31.597528	30.586493	27.098654	28.831636	31.87313
T-692-A	31.28882	33.67542	34.320538	32.686966	32.733162	29.725782	30.820482	29.927017	32.95099	35.843853	37.427677	40.69034	42.391094	42.546196	43.153416	46.546585	48.900845	49.13231	45.458973	45.60899	48.503407	46.941547	43.850178	46.16409	48.37263	48.08741	48.41237	47.50725	50.166485	50.062572	49.509068	48.236027	44.687004	42.93642	40.520157	38.426796	36.138298	37.62742	37.233494	35.44213	38.758812	40.039314	37.157852	38.924946	42.368237	33.126152	33.27496	33.139393	29.903524	29.191036	26.58151	26.974867	24.212507	26.946287	30.516333	33.22901	35.5368	38.706474	37.990196	37.250336	40.0867	41.811726	40.947197	37.166534	37.604527	39.06781	36.41791	33.6169	35.862076	36.727448	35.38319	35.208588	34.680843	37.38907	36.853443	37.363056	37.249477	33.575123	33.219536	31.367395	30.577314	27.701807	28.951412	30.008726	28.793768	31.694962	30.88145	27.255196	28.673134	31.973907
S-693-A	30.836124	33.004784	33.76501	31.912773	32.076862	29.031637	30.266493	29.14622	32.322773	35.35078	37.253292	40.44774	42.340294	42.411194	42.70323	45.94605	48.254944	48.20307	44.48809	44.834095	47.56917	45.746536	42.7467	45.190403	47.15351	46.690323	46.807	45.887077	48.493397	48.18292	47.692318	46.671497	43.111214	41.622807	39.175896	37.368736	35.04107	36.653072	36.620163	34.992744	38.356274	39.28705	36.227295	38.0413	41.353107	34.065907	34.575756	34.497128	31.406736	30.692644	27.808681	28.254272	25.63077	28.37666	31.981895	34.440357	36.887115	39.974133	39.397194	38.96625	42.005386	43.798973	43.209343	39.406166	39.610268	41.25259	38.821434	35.831684	37.951206	39.086338	37.830532	37.927357	37.48434	40.29488	39.953087	40.41554	40.07257	36.3394	35.715042	33.839973	32.712517	29.765484	30.89765	31.548206	30.016932	32.96158	32.54392	28.944954	30.370327	33.843414
S-694-A	34.456753	36.679863	37.52351	35.678997	35.858612	32.788155	33.95965	32.709846	35.820885	38.931564	40.79086	43.914944	45.893894	46.068405	46.317837	49.556267	51.782707	51.709858	47.97356	48.25823	50.91045	49.05137	46.002148	48.360863	50.24783	49.610287	49.77701	49.001812	51.674694	51.343674	50.976883	50.045635	46.45188	45.088776	42.70831	40.954414	38.53097	40.038094	40.002163	38.24144	41.505535	42.39066	39.22564	40.830414	44.180134	36.770004	37.31207	37.450905	34.405323	33.88371	31.161812	31.717106	29.083595	31.848026	35.442104	38.004585	40.390198	43.522697	42.88771	42.322372	45.255917	46.999916	46.23335	42.444393	42.775265	44.261856	41.682896	38.804844	40.926483	41.83097	40.374256	40.319862	39.929977	42.688232	42.149544	42.696777	42.617283	38.94289	38.56295	36.676186	35.800816	32.915558	34.10327	34.951397	33.498196	36.363976	35.75199	32.092594	33.33675	36.773544
F-695-A	35.424816	37.509495	37.98436	35.972507	35.75396	32.47913	33.236546	31.781225	34.634457	37.836563	39.43398	42.436436	44.51033	44.979355	45.2686	48.5939	50.65008	50.766006	47.01994	47.01369	49.64352	47.959248	44.742546	46.866657	48.85942	48.17299	48.616013	48.06373	50.92042	50.8559	50.67308	49.548424	45.880077	44.463966	42.317497	40.347984	37.70777	38.887108	38.58199	36.525833	39.6236	40.65537	37.493633	38.846485	42.32299	34.06619	34.65642	35.072052	32.16368	31.998077	29.519625	30.464064	28.091814	31.135012	34.571995	37.36496	39.92105	42.910477	41.95074	41.40873	44.284775	46.24215	45.335526	41.561913	42.192993	43.804516	41.092384	38.399097	40.81485	41.698048	40.45071	40.101547	39.36398	41.87717	41.076973	41.337757	41.406113	37.808155	37.3748	35.19935	34.491287	31.8918	33.477642	34.548355	33.4588	36.53319	35.836372	32.28355	33.86933	37.1342
W-696-A	33.94455	35.72142	36.0637	33.78434	33.452934	30.07522	30.755196	29.044374	31.911049	35.233814	37.006294	39.905556	42.158745	42.64639	42.682148	45.902016	47.862427	47.81682	44.047638	44.106155	46.60575	44.78352	41.599068	43.76224	45.605236	44.80532	45.16449	44.6479	47.512074	47.39847	47.31691	46.293743	42.603554	41.357765	39.28786	37.459064	34.722366	35.884144	35.784008	33.800793	36.89673	37.685814	34.40991	35.775497	39.16489	32.460022	33.39337	33.87225	31.145035	31.042404	28.364191	29.480766	27.36966	30.527351	33.910423	36.53122	39.30561	42.125534	41.167934	40.97236	44.045033	46.177555	45.536674	41.747265	42.245342	44.138363	41.630764	38.804993	41.23811	42.450367	41.464684	41.294872	40.459354	42.987015	42.349266	42.411774	42.204815	38.558174	37.749187	35.44176	34.388996	31.828707	33.459816	34.19211	32.976013	36.204266	35.891155	32.450325	34.27264	37.609673
R-697-A	35.92136	37.663162	38.237988	35.927612	35.809227	32.501698	33.359417	31.551386	34.515396	37.892494	39.87972	42.72101	45.078094	45.480354	45.31244	48.401073	50.331676	50.054035	46.273945	46.49909	48.84816	46.808353	43.722637	45.96598	47.569767	46.570557	46.747414	46.2505	49.050472	48.716156	48.696075	47.94704	44.276344	43.288223	41.18053	39.631027	36.912464	38.177147	38.365704	36.5105	39.59378	40.103508	36.692646	38.016167	41.276978	35.895454	36.98934	37.518612	34.848278	34.71965	31.943419	32.981262	30.820618	33.875034	37.322224	39.80368	42.536785	45.395912	44.586285	44.44009	47.56046	49.61862	49.046497	45.246708	45.608715	47.448147	44.99412	42.08019	44.360775	45.569054	44.434418	44.397076	43.745953	46.380165	45.803894	45.99647	45.78955	42.11748	41.35538	39.138813	38.030075	35.365467	36.829117	37.423832	35.98466	39.110043	38.885387	35.377792	36.984833	40.440964
S-698-A	39.153034	41.03394	41.59081	39.355053	39.163727	35.81894	36.544346	34.72823	37.562138	40.95421	42.743656	45.55266	47.90496	48.456978	48.40055	51.56809	53.437923	53.29439	49.512394	49.567425	51.92287	49.99589	46.809982	48.897636	50.566936	49.507202	49.857075	49.508694	52.4059	52.185307	52.25168	51.429707	47.72854	46.703735	44.679054	43.009064	40.212814	41.312454	41.302795	39.238914	42.204395	42.85574	39.450928	40.554714	43.915977	37.475758	38.455452	39.17127	36.5006	36.562584	34.03629	35.175407	32.9723	36.07552	39.497463	42.185497	44.849087	47.765335	46.817116	46.455402	49.416958	51.44322	50.615784	46.835968	47.418785	49.09551	46.43295	43.69256	46.060993	47.00081	45.7155	45.42937	44.738438	47.255993	46.421986	46.649193	46.748928	43.16027	42.6688	40.41303	39.635128	37.075447	38.67073	39.582176	38.348278	41.439762	40.91993	37.35862	38.881355	42.240314
