	I-142-A	Y-143-A	N-144-A	S-145-A	F-146-A	Y-147-A	V-148-A	Y-149-A	C-150-A	K-151-A	G-152-A	P-153-A	C-154-A	Q-155-A	R-156-A	V-157-A	Q-158-A	P-159-A	G-160-A	K-161-A	L-162-A	R-163-A	V-164-A	Q-165-A	C-166-A	S-167-A	T-168-A	C-169-A	R-170-A	Q-171-A	A-172-A	T-173-A	L-174-A	T-175-A	L-176-A	T-177-A	Q-178-A	G-179-A	P-180-A	S-181-A	C-182-A	W-183-A	D-184-A	D-185-A	V-186-A	L-187-A	I-188-A	P-189-A	N-190-A	R-191-A	M-192-A	S-193-A	G-194-A	E-195-A	C-196-A	Q-197-A	S-198-A	P-199-A	H-200-A	C-201-A	P-202-A	G-203-A	T-204-A	S-205-A	A-206-A	E-207-A	F-208-A	F-209-A	F-210-A	N-211-A	C-212-A	G-213-A	A-214-A	H-215-A	P-216-A	T-217-A	S-218-A	D-219-A	K-220-A	E-221-A	T-222-A	S-223-A	V-224-A	A-225-A	L-226-A	H-227-A	L-228-A	I-229-A	A-230-A	T-231-A	N-232-A	S-233-A	R-234-A	N-235-A	I-236-A	T-237-A	C-238-A	I-239-A	T-240-A	C-241-A	T-242-A	D-243-A	V-244-A	R-245-A	S-246-A	P-247-A	V-248-A	L-249-A	V-250-A	F-251-A	Q-252-A	C-253-A	N-254-A	S-255-A	R-256-A	H-257-A	V-258-A	I-259-A	C-260-A	L-261-A	D-262-A	C-263-A	F-264-A	H-265-A	L-266-A	Y-267-A	C-268-A	V-269-A	T-270-A	R-271-A	L-272-A	N-273-A	D-274-A	R-275-A	Q-276-A	F-277-A	V-278-A	H-279-A	D-280-A	P-281-A	Q-282-A	L-283-A	G-284-A	Y-285-A	S-286-A	L-287-A	P-288-A	C-289-A	V-290-A	A-291-A	G-292-A	C-293-A	P-294-A	N-295-A	S-296-A	L-297-A	I-298-A	K-299-A	E-300-A	L-301-A	H-302-A	H-303-A	F-304-A	R-305-A	I-306-A	L-307-A	G-308-A	E-309-A	E-310-A	Q-311-A	Y-312-A	N-313-A	R-314-A	Y-315-A	Q-316-A	Q-317-A	Y-318-A	G-319-A	A-320-A	E-321-A	E-322-A	C-323-A	V-324-A	L-325-A	Q-326-A	M-327-A	G-328-A	G-329-A	V-330-A	L-331-A	C-332-A	P-333-A	R-334-A	P-335-A	G-336-A	C-337-A	G-338-A	A-339-A	G-340-A	L-341-A	L-342-A	P-343-A	E-344-A	P-345-A	D-346-A	Q-347-A	R-348-A	K-349-A	V-350-A	T-351-A	C-352-A	E-353-A	G-354-A	G-355-A	N-356-A	G-357-A	L-358-A	G-359-A	C-360-A	G-361-A	F-362-A	A-363-A	F-364-A	C-365-A	R-366-A	E-367-A	C-368-A	K-369-A	E-370-A	A-371-A	Y-372-A	H-373-A	E-374-A	G-375-A	E-376-A	C-377-A	V-393-A	D-394-A	E-395-A	R-396-A	A-397-A	A-398-A	E-399-A	Q-400-A	A-401-A	R-402-A	W-403-A	E-404-A	A-405-A	A-406-A	S-407-A	K-408-A	E-409-A	T-410-A	I-411-A	K-412-A	K-413-A	T-414-A	T-415-A	K-416-A	P-417-A	C-418-A	P-419-A	R-420-A	C-421-A	H-422-A	V-423-A	P-424-A	V-425-A	E-426-A	K-427-A	N-428-A	G-429-A	G-430-A	C-431-A	M-432-A	H-433-A	M-434-A	K-435-A	C-436-A	P-437-A	Q-438-A	P-439-A	Q-440-A	C-441-A	R-442-A	L-443-A	E-444-A	W-445-A	C-446-A	W-447-A	N-448-A	C-449-A	G-450-A	C-451-A	E-452-A	W-453-A	N-454-A	R-455-A	V-456-A	C-457-A	M-458-A	G-459-A	D-460-A	H-461-A	W-462-A	F-463-A	D-464-A	V-465-A
S-0-B	35.909607	35.450245	32.062904	31.542683	27.972818	26.334108	22.795267	21.681871	20.059343	18.36408	17.611668	20.792862	23.165024	22.71074	25.027649	25.85729	26.057037	27.320265	24.554546	24.434952	24.1044	22.819715	23.02283	21.706707	22.751122	20.457468	21.373617	20.874483	18.665022	21.264578	23.495476	26.438683	27.184595	30.68028	31.088703	34.39333	34.728054	32.52	30.823023	33.581474	31.821337	28.52646	28.11597	28.21356	24.97788	23.130426	23.722258	21.574316	23.787327	26.919413	28.392485	30.12028	30.249819	31.029617	28.541958	30.24058	28.095964	30.338715	30.595491	27.623533	28.85749	26.283148	28.170212	25.649794	24.140493	20.821669	21.157398	18.884352	20.07844	19.563257	21.503254	24.846405	25.67602	23.876234	22.607533	19.022425	16.555819	16.519537	12.780179	13.623501	14.934465	17.06493	18.377192	21.821554	24.51299	26.735813	29.719923	30.25459	32.877483	34.987503	38.389393	40.112984	42.663372	43.714455	43.436176	44.282204	41.9899	42.950855	43.12141	44.21626	46.161335	45.009373	43.64277	40.28285	37.162117	34.37119	35.03171	33.25442	34.955418	34.811565	34.81249	38.13826	41.115868	42.393715	39.206707	39.995094	38.847664	37.755623	37.01626	33.701046	35.627876	37.48834	34.26073	32.863247	36.129826	36.055126	32.58907	33.49026	36.8418	35.63354	32.78322	35.198936	37.742	35.333385	36.2736	32.86093	32.934345	30.83239	30.440079	29.116203	27.351961	26.483994	25.71547	27.293928	28.941597	32.193466	34.63395	36.928146	38.863697	42.027817	41.095165	40.985264	39.787178	36.684193	35.087673	32.15112	29.2307	26.537292	23.71821	23.155552	21.39571	25.011772	25.420313	23.464624	27.026783	27.7644	26.016035	23.252243	25.445019	27.309305	24.170813	22.993353	26.510965	26.172977	23.147812	25.015112	28.209019	26.44016	25.145088	28.716108	30.231882	27.959272	29.055939	32.68363	32.325115	31.145891	34.29264	32.816597	34.33079	33.434116	34.637085	37.675503	37.612698	37.46791	34.1822	32.411537	30.494051	29.451468	29.568048	29.68991	31.057085	34.19806	35.99457	38.456047	42.04182	42.230316	43.357296	42.09767	38.447575	36.984474	33.893238	32.169453	29.02707	28.721867	26.53779	27.294355	26.487354	30.244997	33.48362	35.926666	38.265377	40.31191	41.308037	43.24441	41.047146	44.05184	45.10425	42.09713	44.53812	44.530876	45.11317	48.87019	51.61157	53.500412	53.223816	50.824615	46.04314	49.136845	50.33776	51.25103	48.09459	45.99715	48.22523	47.67622	43.911934	43.198914	41.063026	43.223763	46.393436	47.221466	46.61046	49.557068	52.01817	50.260822	50.636505	47.464775	47.913334	46.62017	48.026905	48.228947	49.976566	47.91424	48.32472	49.350693	51.58185	52.422005	52.052856	50.573048	47.014946	45.726032	42.516853	39.928394	39.02384	36.835815	35.73633	36.77669	36.47074	40.009064	40.959347	44.65361	45.73528	48.830364	48.372917	50.007645	48.006557	44.433952	43.570484	40.236286	40.444427	38.994778	41.06521	40.353737	40.869938	43.291733	41.695404	40.52407	37.091496	34.297104	30.61444	31.420803	33.14114	30.328125	27.589764	29.83172	31.870785	31.431068	32.85211	34.05256	35.338543
M-1-B	33.91888	33.38118	29.864098	29.318607	25.637432	23.653906	19.990837	18.509855	17.042274	15.053099	14.748753	18.173086	20.27296	19.424871	21.733269	22.678581	23.237978	24.826145	22.335207	22.747492	22.684704	21.983593	22.61465	21.912342	23.397396	21.164345	22.704416	22.425482	19.746721	22.235113	23.945955	27.13954	27.619902	30.889778	30.96026	34.2536	34.175137	31.699167	29.673056	32.127968	30.064358	26.591198	26.450697	26.936947	23.604008	21.49202	22.492346	20.889774	23.588923	26.35855	27.971142	30.115864	30.489067	31.681707	29.45918	31.285694	29.521309	32.10354	32.47897	29.29806	30.334913	27.42216	28.862823	25.985867	24.104464	20.526497	20.302423	17.664526	18.32779	17.75479	19.286644	22.846462	23.516079	22.106268	21.41269	17.84502	16.012869	16.122278	12.329271	12.217571	13.0863495	14.521634	15.591125	19.22414	21.600372	24.089613	26.831305	27.31587	30.13366	32.303505	35.592575	37.55638	40.00871	40.86281	40.454906	41.102764	38.673027	39.57697	39.601555	40.703213	42.76934	41.68863	40.49082	37.129475	34.145454	31.352642	31.906128	30.09836	31.951176	31.764101	32.000473	35.258022	38.38657	39.515274	36.33511	36.896984	35.692387	34.415977	33.66775	30.285221	32.089657	33.90141	30.691736	29.185678	32.39849	32.366043	28.872551	29.696852	33.061573	31.923317	29.046368	31.435167	34.031895	31.715223	32.69481	29.326582	29.601217	27.658556	27.528107	26.497929	24.888348	23.705032	22.68586	23.967354	25.564796	28.77543	31.35328	33.639317	35.41153	38.66546	37.789215	37.86834	36.82456	33.88079	32.10408	29.066517	26.104725	23.649632	20.730362	19.835615	17.981745	21.605436	21.788311	19.79845	23.401247	24.00369	22.286392	19.505632	21.693197	23.497662	20.358242	19.226458	22.7774	22.448008	19.523918	21.48821	24.68127	23.031534	21.938215	25.520056	27.047874	25.024212	26.273182	29.817087	29.565786	28.695585	31.836197	30.289877	31.614758	30.514292	31.797705	34.674774	34.6612	34.31873	31.03796	29.46128	27.392138	26.62361	26.796484	27.266584	28.870243	32.138668	34.24403	36.669	40.24938	40.283695	41.13526	39.909847	36.198574	34.79681	31.566454	30.185955	27.179033	27.1071	24.865734	25.141905	24.269804	27.945427	31.102411	33.736008	35.829826	37.95729	38.75745	40.69475	38.481693	41.36853	42.24295	39.230892	41.69158	41.868805	42.650455	46.40755	49.27143	51.07711	50.641403	48.089504	42.53832	45.658962	46.98185	47.945118	44.74738	42.719215	45.08475	44.550655	40.767845	40.23582	38.264812	40.609173	43.670593	44.381557	43.94466	47.011234	49.40976	47.79936	48.39989	45.365887	46.059402	44.97148	46.601215	46.892834	48.870316	47.03727	47.425323	48.731342	50.998085	51.569176	51.226902	49.530056	46.003075	44.533894	41.17272	38.636604	37.416195	35.074493	34.30029	35.363594	35.4408	39.07697	40.35918	44.111042	45.363514	48.55306	48.397144	50.055508	47.839108	44.250862	43.184017	39.701153	39.58776	37.813694	39.65005	38.69581	39.370934	42.016396	40.669334	39.814804	36.38469	33.66424	29.934023	30.34101	31.891117	29.25637	26.301601	28.144093	30.151497	30.036873	31.179499	32.007088	33.07452
L-2-B	34.970955	34.550385	30.98335	30.584736	26.837526	24.401789	20.627918	18.501554	16.95826	14.256393	14.135914	17.454641	19.590164	18.285992	20.94867	22.41885	23.424671	25.53826	23.51784	24.443306	24.804848	24.551252	25.554598	25.193363	26.899893	24.731874	26.432106	26.157965	23.360743	25.697128	27.174458	30.504162	30.970173	34.12082	34.06292	37.349964	37.018265	34.358353	32.12922	34.31524	32.000996	28.395239	28.492516	29.333021	25.97138	23.656036	24.922482	23.749144	26.70372	29.230703	30.954262	33.318966	33.805786	35.156937	33.009697	34.80267	33.119473	35.778008	36.241848	33.05418	34.074364	31.0892	32.38196	29.375135	27.337572	23.66535	23.078627	20.176367	20.266527	19.373016	20.237934	23.871758	24.031929	22.782148	22.565151	19.256426	18.021498	18.6632	15.016554	14.047888	14.948563	15.640257	16.573633	20.359615	22.24396	25.092346	27.431442	27.784931	30.823397	32.95433	36.081753	38.356853	40.722904	41.24463	40.705643	41.000572	38.336136	39.14534	38.81159	39.867672	42.220676	41.212864	40.3308	36.92723	34.18497	31.464567	31.955742	30.182177	32.29563	32.00272	32.563896	35.63931	38.97556	39.937534	36.82591	37.01958	35.731842	34.089542	33.253437	29.716997	31.119802	32.910522	29.827019	27.931694	30.918474	31.082853	27.476799	27.863161	31.216911	30.26463	27.1284	29.182688	31.939125	29.72708	31.089392	27.944887	28.554546	26.640503	27.003262	26.111431	25.00816	23.726189	22.122595	22.960924	24.793646	28.029127	30.940928	33.317795	34.74064	38.15289	37.264942	37.725906	36.816498	34.139374	32.2319	28.971928	26.116796	24.030918	21.157042	19.59199	17.752935	21.3183	20.843267	18.744015	22.35771	22.397354	20.463663	17.299812	19.049616	21.175085	18.34162	16.686428	20.22685	20.435867	17.516178	19.015285	22.46231	21.293242	19.982838	23.347641	25.290642	23.578411	24.51304	28.073101	28.27962	27.487232	30.366377	28.449898	29.39982	27.984644	28.971195	31.746996	31.475555	31.02983	27.644896	26.156569	24.311342	23.719154	24.28972	25.03953	27.03243	30.16818	32.484394	35.121876	38.58414	38.295773	38.95503	37.500324	33.74762	32.117813	28.743181	27.461824	24.374874	24.139603	21.66588	21.790903	21.207563	24.878801	27.861551	30.662954	32.761524	35.097847	36.01003	38.164463	36.17607	39.12795	39.774265	36.603775	38.865803	38.93127	39.888866	43.672466	46.655495	48.590504	48.234215	45.598763	41.728546	44.931705	46.515434	47.6097	44.34425	42.46211	45.079865	44.58159	40.78903	40.57367	38.873573	41.463615	44.35037	44.8845	44.68989	47.90963	50.19091	48.75411	49.63536	46.782448	47.7143	46.86195	48.667084	48.981354	51.1165	49.44365	49.727005	51.225857	53.575703	53.96712	53.710697	51.882042	48.41226	46.8365	43.36032	40.908558	39.423107	36.934322	36.44593	37.44956	37.834457	41.536236	43.06082	46.83036	48.232513	51.44665	51.46496	53.079224	50.717728	47.157806	45.90964	42.354126	41.975304	39.957535	41.64449	40.41034	41.113308	43.972755	42.759693	42.17912	38.828518	36.078625	32.31658	32.344604	33.90077	31.524632	28.351772	29.80448	31.90163	32.16174	33.110935	33.561043	34.417015
I-3-B	35.536568	34.82556	31.130663	30.42705	26.647629	24.03724	20.302458	17.92927	17.06448	14.179515	15.022008	18.520811	20.060669	18.083477	20.457214	21.824028	23.399918	25.695967	23.890682	25.262896	25.51648	25.676891	26.656677	26.594517	28.273235	25.888212	27.875443	28.053513	25.206966	27.725525	28.999277	32.289288	32.347187	35.3208	34.860165	37.958607	37.40041	34.729652	32.16043	34.02012	31.376163	27.641872	27.6437	28.96019	25.803976	23.076777	24.29176	23.6216	26.84021	29.04327	31.109428	33.754814	34.639122	36.33155	34.5133	36.591587	35.18025	37.938774	38.20715	34.841625	35.49493	32.355755	33.301956	30.062252	28.061775	24.354565	23.684023	20.903126	20.87725	20.393183	21.067787	24.827978	25.061226	24.3504	24.608135	21.332048	20.449152	20.783052	17.202602	15.992574	16.088976	16.006866	16.118608	19.807463	21.141642	23.970528	25.951302	26.615643	29.921215	32.316795	35.210835	37.705914	39.781944	40.217663	39.349014	39.445904	36.58096	37.07326	36.65305	37.961605	40.428234	39.724144	39.09027	35.831455	33.32209	30.568415	30.648514	28.584433	30.58585	29.930798	30.477846	33.32946	36.764763	37.81153	34.89292	34.976284	33.924057	32.220448	31.681639	28.192364	29.51357	30.952154	27.760702	25.886915	28.658213	28.56114	24.851778	25.24341	28.410788	27.230738	24.028605	26.109528	28.697994	26.308737	27.738226	24.640793	25.178122	23.130825	23.632465	22.724672	21.926449	20.722221	18.811623	19.601645	21.717394	25.088568	28.144783	30.745707	32.11297	35.50033	34.392952	34.999943	33.98487	31.42934	29.633984	26.20646	23.60971	21.615221	19.053122	17.094059	15.764944	19.38085	18.507015	16.883146	20.621605	20.29942	18.797903	15.611166	16.944773	18.709415	15.777709	13.859417	17.16811	17.270906	14.104799	15.485474	18.897678	17.666351	16.211107	19.583857	21.535725	19.828894	20.736282	24.282413	24.549309	23.817745	26.659966	24.737371	25.683578	24.311935	25.464506	28.268187	28.218504	27.88293	24.646355	23.036293	20.940855	20.271736	20.651419	21.466152	23.488428	26.712626	29.169483	31.720613	35.182377	34.877506	35.428757	34.08859	30.32879	28.87296	25.509949	24.449848	21.600409	21.80844	19.630165	19.342535	18.339233	21.896233	24.973087	27.737095	29.631914	31.845835	32.568573	34.608425	32.53028	35.42041	36.09227	32.98354	35.353695	35.557617	36.495586	40.25769	43.23551	45.06177	44.606636	41.954117	39.134117	42.468708	44.06339	45.392517	42.220367	40.23281	42.968906	42.719585	38.933594	38.75995	37.345303	39.971725	42.653866	43.280487	43.384052	46.61465	48.97422	47.802338	48.82941	46.07657	47.278427	46.46673	48.528027	49.0983	51.458492	50.02692	50.48027	52.172497	54.39264	54.559776	54.148872	52.08493	48.59321	46.75026	43.22666	40.66888	38.892323	36.500088	36.385033	37.647327	38.31817	42.000366	43.69469	47.48292	48.823994	52.172882	52.39474	54.180553	51.769108	48.15643	46.935093	43.295074	42.79189	40.57434	41.941006	40.670715	41.685223	44.629005	43.726864	43.319656	39.910336	37.396767	33.697067	33.5657	34.76378	32.403107	29.276442	30.419731	32.20675	32.530163	33.046402	33.167164	33.605938
K-4-B	37.38452	36.69092	32.98361	32.312794	28.556503	25.649075	21.979828	19.173996	18.499977	15.223617	16.414028	19.64651	20.97213	18.50794	20.966589	22.676527	24.714155	27.378017	26.001291	27.774406	28.26002	28.758896	29.923695	30.08713	31.851511	29.46078	31.546612	31.806036	28.918911	31.393358	32.52317	35.861748	35.837463	38.700035	38.082157	41.11115	40.35587	37.597107	34.845013	36.425808	33.561844	29.771038	29.890854	31.54005	28.479548	25.582092	26.898115	26.60518	29.965797	31.932411	34.132782	36.94275	37.980854	39.822514	38.11519	40.22759	38.90009	41.70167	41.96802	38.573906	39.144096	35.95755	36.76164	33.427456	31.383097	27.662458	26.804577	23.96138	23.59624	23.017614	23.215576	26.943659	26.83626	26.37259	27.025938	23.988194	23.502548	24.068272	20.614483	19.01371	19.017548	18.381042	18.20797	21.787062	22.557386	25.538483	27.044558	27.697464	31.178785	33.58154	36.229958	38.99572	40.887577	41.03283	39.958775	39.69808	36.602375	36.884026	36.1231	37.474968	40.204636	39.68442	39.41125	36.213985	34.021328	31.367725	31.256926	29.162676	31.285906	30.42112	31.203688	33.76687	37.348763	38.28803	35.54312	35.290653	34.279808	32.279236	31.788954	28.261307	29.165756	30.41608	27.363457	25.1838	27.578705	27.555895	23.77322	23.709879	26.710506	25.625118	22.17494	23.860579	26.49399	24.144434	25.999924	23.220581	24.029455	21.970907	22.992456	22.193031	22.032642	20.868616	18.363857	18.678528	21.108328	24.46862	27.81659	30.544607	31.557402	35.017975	33.814198	34.803688	33.862133	31.621618	29.815096	26.210018	23.902857	22.315933	20.03967	17.47666	16.473001	19.84021	18.244188	16.82286	20.427437	19.406725	17.94679	14.507483	15.011091	16.896923	14.410206	11.753755	14.748571	15.467781	12.285991	12.854445	16.495754	15.843142	14.024821	17.025488	19.453056	18.110064	18.566257	22.074974	22.867918	22.207346	24.687366	22.38152	22.912409	21.238138	22.097883	24.825848	24.58122	24.227386	20.945227	19.323174	17.397001	16.848148	17.619602	18.742558	21.174034	24.223192	26.90382	29.623873	32.929825	32.300987	32.63774	31.101738	27.318287	25.685753	22.195663	21.317799	18.501564	18.724096	16.471146	15.819386	14.944249	18.429087	21.358974	24.265236	26.09952	28.472008	29.259645	31.480635	29.61841	32.56002	33.02518	29.779493	31.97386	32.087963	33.173424	36.949585	40.02712	41.95041	41.561283	38.84448	38.370243	41.798473	43.607	45.131454	41.971493	40.08693	43.048264	42.927795	39.181454	39.280006	38.201027	40.992386	43.43663	43.954422	44.34966	47.668648	49.946434	49.004913	50.27943	47.712276	49.158062	48.528	50.77122	51.427605	53.943794	52.69068	53.11725	54.978264	57.21093	57.20029	56.805397	54.598198	51.155807	49.17725	45.5896	43.075848	41.056305	38.622787	38.803734	40.085003	41.02148	44.71266	46.591858	50.376804	51.787586	55.17477	55.554283	57.352287	54.8467	51.25071	49.92924	46.240765	45.54261	43.132805	44.306423	42.84742	43.953945	47.042927	46.313972	46.129612	42.777943	40.31497	36.636677	36.236588	37.346386	35.177666	31.963976	32.77117	34.515263	35.093018	35.365486	35.13979	35.299152
V-5-B	40.282196	39.3517	35.587223	34.620373	30.8943	28.05279	24.501747	21.768631	21.564451	18.401194	19.944881	23.212055	24.281656	21.561144	23.73643	25.24176	27.547861	30.163534	28.781956	30.631523	30.849586	31.376953	32.27697	32.367912	33.862305	31.19025	33.213993	33.81718	31.124054	33.855213	35.09643	38.284874	38.011047	40.850544	40.017864	42.8597	42.130535	39.530514	36.61534	38.050446	35.0196	31.205124	31.003523	32.925762	30.147604	26.967745	27.921638	27.809153	31.155903	33.01064	35.525925	38.381355	39.71015	41.663513	40.133106	42.473118	41.18222	43.883583	43.86662	40.413277	40.706005	37.565586	38.277603	34.904293	33.133015	29.503172	28.903625	26.353308	26.22359	26.026445	26.353092	30.113785	30.170353	29.894108	30.593636	27.483654	26.89311	27.171995	23.651081	22.299427	21.982986	21.226086	20.544876	23.916496	24.380205	27.108906	28.386938	29.437695	33.05635	35.701332	38.16235	41.0037	42.62841	42.805676	41.434814	41.066326	37.83732	37.746952	36.968616	38.62417	41.404102	41.215073	41.135635	38.12528	36.11832	33.446472	32.950703	30.555502	32.402637	31.108715	31.667582	33.951298	37.524185	38.700367	36.232327	36.010357	35.359722	33.43349	33.318703	29.93789	30.802927	31.637215	28.497557	26.454372	28.529356	28.135794	24.3163	24.266964	26.88578	25.438623	21.956131	23.565722	25.827885	23.139242	25.131474	22.500507	22.9795	20.510899	21.522429	20.319807	20.619942	20.00231	17.263638	17.810602	20.749746	24.287592	27.68376	30.72097	31.761421	35.07361	33.496906	34.55326	33.31559	31.145103	29.699085	25.974228	24.141743	22.488092	20.77975	18.094868	17.873938	21.189606	19.34977	18.607613	22.181204	20.844759	19.92254	16.641645	16.51898	17.91215	15.535523	12.56833	14.795814	15.439772	11.921358	11.77895	15.247367	14.492059	11.9302025	14.715626	17.307844	15.687709	15.61675	19.265127	20.212952	19.179255	21.477919	19.061464	19.726913	18.339066	19.22237	22.254135	22.21847	22.375885	19.362253	17.19362	15.200386	13.994147	14.477262	15.217423	17.554935	20.540009	23.14599	25.919056	29.214676	28.621283	29.09675	27.585562	23.818836	22.271269	18.914103	17.893312	15.197032	15.829353	14.125837	13.452373	11.9204235	15.407757	18.63818	21.2485	23.13752	25.269302	26.09122	28.222767	26.317102	29.385572	30.07288	26.8642	29.13525	29.15127	29.973743	33.74781	36.70534	38.63144	38.338085	35.770676	38.57187	42.141247	43.874287	45.68555	42.702007	40.643604	43.649498	43.851543	40.15189	40.173626	39.344543	42.03301	44.284264	45.005737	45.650593	48.88848	51.302006	50.583435	51.875942	49.333492	50.926174	50.198902	52.587914	53.477207	56.09582	54.953537	55.580338	57.4716	59.54686	59.46844	58.881332	56.55044	53.054424	50.888283	47.34631	44.66588	42.52796	40.3158	40.689888	42.245087	43.235992	46.856117	48.704952	52.48433	53.712692	57.19639	57.598984	59.57729	57.15487	53.500397	52.337456	48.640858	48.017307	45.597786	46.589905	45.247837	46.579834	49.625328	49.05429	48.846176	45.41519	43.123272	39.501175	39.18878	40.07054	37.786263	34.72068	35.49601	36.965984	37.395164	37.399685	37.075382	36.92025
K-6-B	40.976337	40.065884	36.333126	35.430862	31.78226	28.697718	25.291172	22.254227	22.251806	18.935764	20.790545	23.768826	24.513004	21.43506	23.527264	25.255821	27.928293	30.826035	29.880981	32.104424	32.579884	33.47995	34.637283	35.04493	36.737465	34.17739	36.40718	37.029827	34.18409	36.780712	37.76626	41.041584	40.68965	43.363857	42.37529	45.165257	44.17583	41.441956	38.37417	39.508545	36.30671	32.492733	32.527523	34.71723	31.999886	28.769041	29.958141	30.23645	33.73314	35.301353	37.83518	40.87222	42.300163	44.43001	43.02692	45.363003	44.23481	47.065914	47.139854	43.638313	43.88264	40.632668	41.13958	37.65729	35.725464	32.07371	31.16877	28.509148	27.983305	27.679113	27.54908	31.220324	30.993137	31.015352	32.12034	29.25931	29.097725	29.56139	26.216883	24.452385	24.00257	22.7369	21.861288	25.05354	24.99693	27.848494	28.647997	29.595942	33.30054	35.884853	38.08061	41.15279	42.600395	42.476307	40.94685	40.23571	36.835537	36.582306	35.476967	37.123146	40.117157	40.08396	40.341908	37.42282	35.743538	33.213814	32.567707	30.227625	32.206196	30.807714	31.668617	33.666183	37.34552	38.317112	36.006077	35.42057	34.75698	32.552353	32.450996	29.097569	29.552324	30.202251	27.275803	24.987942	26.658804	26.370264	22.589779	22.089705	24.497017	23.219158	19.580265	20.748943	23.050432	20.51652	22.90249	20.670366	21.540539	19.294012	20.92269	20.113516	20.995481	20.201616	16.989315	16.828075	19.836569	23.172804	26.777626	29.8019	30.43431	33.79599	32.2344	33.67722	32.639908	30.854763	29.307974	25.52277	23.940344	22.827982	21.33804	18.195328	18.166233	21.057886	18.62375	18.08748	21.345858	19.417877	18.63335	15.395125	14.45831	15.761865	13.989688	10.557693	12.149447	13.42643	10.254866	9.089192	12.655652	12.72363	10.076597	12.232946	15.299241	14.39052	13.978054	17.357393	18.891453	18.251814	20.11147	17.33641	17.361837	15.452626	16.089083	18.879293	18.696684	18.658464	15.610715	13.587928	11.587083	10.82201	11.858415	13.347712	16.269426	19.078703	22.077858	24.88154	27.959414	26.974792	27.022444	25.38077	21.59134	19.953403	16.386778	15.951689	13.573587	14.450229	12.775761	11.167365	9.713537	12.837929	15.756199	18.66315	20.22522	22.57156	23.269655	25.562279	23.863064	26.848166	27.184626	23.851559	25.96736	26.062468	27.196508	30.96595	34.099106	36.035057	35.672737	32.933125	36.918068	40.515278	42.46346	44.402805	41.43313	39.53544	42.732666	43.006256	39.38409	39.704643	39.192493	42.045635	44.057693	44.61198	45.512554	48.83053	51.111843	50.60646	52.151672	49.825874	51.64931	51.15036	53.7032	54.64435	57.41554	56.472954	57.04156	59.126156	61.228138	60.94235	60.407265	57.93619	54.526085	52.251472	48.645542	46.07622	43.70383	41.412716	42.075844	43.58852	44.86877	48.490643	50.561035	54.321625	55.673824	59.173416	59.780254	61.73379	59.17735	55.564728	54.252445	50.509705	49.64415	47.01544	47.803745	46.25003	47.658306	50.848133	50.469444	50.52262	47.17936	44.952133	41.373478	40.756493	41.533714	39.48794	36.340565	36.7498	38.176792	38.89748	38.675873	37.995697	37.600723
T-7-B	44.290176	43.28129	39.548637	38.52218	34.934933	31.84448	28.563662	25.517822	25.737856	22.449892	24.42626	27.298164	27.904259	24.67598	26.62471	28.326868	31.195522	34.133354	33.303356	35.62865	36.032795	37.000004	38.06184	38.45971	40.02265	37.32626	39.510624	40.30595	37.56771	40.27836	41.30949	44.51678	44.03868	46.68009	45.557274	48.222595	47.208958	44.55325	41.37639	42.353382	39.032047	35.237167	35.12757	37.521366	35.00211	31.629864	32.629726	33.071228	36.547424	37.997143	40.71191	43.78578	45.392876	47.596767	46.30132	48.75082	47.63976	50.411415	50.334446	46.812183	46.902847	43.690712	44.134617	40.636402	38.855946	35.269066	34.470116	31.950712	31.477583	31.30943	31.140745	34.788204	34.539192	34.678867	35.870193	33.037106	32.885998	33.292442	29.928194	28.221653	27.674364	26.308195	25.202032	28.224384	27.887476	30.590063	31.106495	32.242123	36.008995	38.684	40.666714	43.839596	45.059475	44.8439	43.084503	42.172256	38.649372	38.081955	36.826233	38.646587	41.743385	41.98912	42.509777	39.762623	38.33221	35.871075	34.9628	32.49597	34.320034	32.61968	33.417572	35.079407	38.74193	39.80078	37.77287	37.078197	36.661102	34.421684	34.559086	31.351923	31.595716	31.902668	29.076918	26.810162	28.038681	27.565613	23.885471	23.167297	25.100426	23.682446	20.059332	20.822012	22.753664	20.099012	22.784348	20.99313	21.738132	19.307646	21.1488	20.150833	21.656862	21.303562	17.878902	17.628479	20.936445	24.201881	27.834553	31.02353	31.48437	34.699093	32.87586	34.520134	33.343365	31.799938	30.529222	26.714922	25.620588	24.670752	23.664537	20.42282	20.903297	23.555145	20.857927	20.780947	23.807297	21.520311	21.085829	18.050909	16.474516	17.421118	16.140678	12.612971	13.155851	14.646824	11.741699	9.485874	12.483367	12.982247	9.744707	10.854176	14.303733	13.578857	12.209512	15.4392605	17.528	16.648705	17.897793	14.732326	14.406185	12.482004	12.724175	15.753099	15.557876	16.065475	13.337955	10.68794	8.931212	7.423384	8.760301	10.210471	13.446524	15.867167	18.94877	21.90973	24.7822	23.544445	23.530073	21.71615	17.934166	16.175522	12.594568	12.25845	10.156804	11.524734	10.5229025	8.431894	6.2893257	9.153716	12.22195	14.965334	16.524836	18.80668	19.628428	22.026604	20.520819	23.665148	24.017809	20.599762	22.597225	22.488453	23.507553	27.292902	30.403042	32.43708	32.2311	29.583422	37.707623	41.381344	43.357773	45.549847	42.739845	40.811718	44.091846	44.619095	41.095757	41.48045	41.25928	44.077126	45.854454	46.48045	47.63596	50.90809	53.216743	52.935497	54.572758	52.34531	54.324093	53.834415	56.513912	57.60645	60.470886	59.644096	60.308304	62.451397	64.469696	64.09649	63.4633	60.888783	57.477024	55.06758	51.487064	48.853863	46.360416	44.198334	45.044933	46.696835	48.069	51.64061	53.735252	57.479984	58.747047	62.30013	62.957935	65.008545	62.47788	58.84599	57.594604	53.84514	52.97043	50.29509	50.932827	49.391174	50.93265	54.130512	53.88003	53.98062	50.622215	48.492302	44.951786	44.316437	44.96764	42.921944	39.83635	40.15155	41.430027	42.13814	41.720463	40.897686	40.253796
L-8-B	44.312756	43.176086	39.488163	38.368664	34.92373	31.762014	28.739075	25.64475	26.279982	23.141167	25.523668	28.243532	28.373833	24.881636	26.451738	28.048191	31.218067	34.22879	33.721214	36.338627	36.808556	38.11912	39.301533	40.009563	41.687042	39.060917	41.48459	42.426514	39.571644	42.208767	42.96863	46.180252	45.497704	47.92024	46.55609	49.082066	47.815662	45.1079	41.767216	42.407013	38.929745	35.196526	35.214794	37.884956	35.54516	32.113663	33.23406	34.09898	37.682358	38.782635	41.55071	44.799683	46.582813	49.01263	47.94671	50.473457	49.61111	52.51723	52.45477	48.848248	48.777683	45.444733	45.5974	41.988037	40.11647	36.576374	35.56012	33.091496	32.378338	32.335857	31.907705	35.44463	35.154575	35.680214	37.2128	34.54052	34.708324	35.04761	31.870256	29.940876	29.058435	27.24639	25.78796	28.482796	27.637865	30.251144	30.299294	31.487244	35.28495	37.98062	39.652798	42.970913	43.92338	43.52212	41.54461	40.3788	36.748783	35.925724	34.493443	36.4276	39.61074	40.110542	40.914207	38.371685	37.26578	34.932564	33.748272	31.242085	33.0023	31.117617	32.068954	33.392902	37.07198	38.00919	36.21627	35.273125	34.988552	32.646317	32.972496	29.949072	29.94921	29.9066	27.236887	25.000957	25.797092	25.186176	21.657366	20.749136	22.280104	20.816456	17.250362	17.722597	19.409273	16.7773	19.67855	18.295532	19.235298	17.04821	19.373945	18.810951	20.800512	20.322313	16.653967	15.8176985	19.094038	22.085573	25.761154	28.93819	29.106249	32.238182	30.357819	32.277893	31.227627	30.052225	28.79463	25.021366	24.293056	23.819107	23.183086	19.731804	20.594564	22.764423	19.723757	20.129156	22.766245	20.126427	20.186134	17.59228	15.481037	15.789718	14.999206	11.647066	11.090468	12.672412	10.379072	7.2471786	9.577854	10.776048	7.749274	7.785263	11.498516	11.605869	10.092879	12.771333	15.303279	15.039249	15.908891	12.658584	11.710837	9.256275	9.763538	12.496256	12.697129	13.048895	10.6800785	8.21522	5.5627155	4.6610093	6.150013	8.806229	12.370735	14.750253	18.24262	20.866175	23.550426	22.112518	21.56418	19.957626	16.227919	14.867987	11.295916	12.128068	11.122015	13.160295	12.711325	9.765406	7.503048	8.862341	11.346875	14.132471	14.824296	17.013779	17.247404	19.50431	17.945074	20.803524	20.869228	17.481588	19.602787	19.936985	21.25158	24.95947	28.200836	30.003887	29.50132	26.637533	35.000595	38.691498	40.748215	43.093647	40.39333	38.52861	41.907604	42.59182	39.18832	39.746525	39.848625	42.71348	44.223576	44.78746	46.20554	49.47066	51.71023	51.67475	53.492313	51.463615	53.66574	53.33383	56.185493	57.407436	60.42944	59.837288	60.54092	62.864582	64.81991	64.22395	63.55864	60.821365	57.490704	54.93289	51.341324	48.77771	46.063374	43.93284	45.0905	46.79579	48.435345	51.946545	54.223076	57.921486	59.233906	62.818962	63.695034	65.78373	63.16226	59.56655	58.244457	54.470203	53.409817	50.564667	50.933186	49.288773	50.9984	54.262844	54.268753	54.588543	51.29199	49.3381	45.903194	45.05398	45.468052	43.590935	40.55055	40.538094	41.616886	42.49173	41.770584	40.624176	39.675205
T-9-B	46.221222	45.33598	41.711403	40.86638	37.41531	34.093807	31.01679	27.708954	27.980715	24.609327	26.66993	29.067532	29.412119	25.983828	27.870218	29.873554	33.008858	36.230362	35.905582	38.560486	39.303658	40.606102	41.97122	42.65578	44.448105	41.911037	44.257236	44.97296	42.07502	44.604763	45.399345	48.71884	48.25229	50.74917	49.54382	52.196144	50.92792	48.1152	44.846165	45.5383	42.10619	38.364178	38.561768	41.13995	38.640984	35.317284	36.593422	37.336098	40.92538	42.141293	44.797108	48.014103	49.64057	51.96649	50.732132	53.109818	52.111965	55.007072	55.079426	51.539806	51.666294	48.361916	48.664783	45.09083	43.118965	39.50445	38.386158	35.71243	34.81945	34.427612	33.757027	37.226604	36.58493	36.958607	38.531116	36.027584	36.305885	36.997524	33.82137	31.717333	31.19293	29.44059	28.323954	31.155682	30.3598	33.187466	33.200977	34.09264	37.84463	40.32743	41.988514	45.38867	46.434254	45.811424	43.939777	42.587025	38.91816	38.206573	36.482403	38.17144	41.527256	41.918396	42.87613	40.25739	39.25823	37.04747	36.069187	33.813896	35.821106	34.114506	35.309628	36.61426	40.335793	41.070667	39.241673	38.073956	37.576515	34.98783	35.047485	31.934212	31.570898	31.698635	29.325098	26.744434	27.336279	27.146982	23.729727	22.274359	23.774794	22.809679	19.15868	18.954393	20.876709	18.744629	22.005384	21.029173	22.356638	20.454248	22.996475	22.56139	24.610725	24.038767	20.338087	19.225168	22.303766	25.067549	28.81348	31.822927	31.670113	34.88293	33.183304	35.331615	34.49643	33.498573	32.095154	28.357267	27.551516	27.271187	26.438148	22.885435	23.388391	25.450705	22.231201	22.2556	24.693447	21.7774	21.405588	18.62549	16.08271	16.950079	16.815424	13.210569	12.594778	15.019464	13.234352	9.886798	12.197186	14.09813	11.412095	10.897478	14.693416	15.220092	13.388775	15.663131	18.58347	18.305305	18.660316	15.118163	13.467836	10.531351	9.60016	11.8773575	10.929388	11.074921	8.201679	5.638822	4.825758	4.8958898	8.14835	10.794367	14.572638	16.192781	19.592133	22.518833	24.820833	22.883186	22.136127	19.97425	16.367	14.286458	10.495846	11.389634	10.168035	11.461698	10.593837	7.0869994	6.181608	7.0943074	8.758848	12.141027	13.051921	15.902061	16.679392	19.513243	18.677052	21.625628	21.226868	17.552393	18.970703	18.800316	20.46546	24.188168	27.5966	29.746464	29.549965	26.658895	37.208153	40.823166	43.113014	45.41384	42.639046	41.02214	44.513268	45.07193	41.711437	42.518253	42.670776	45.677887	47.155846	47.508587	48.937138	52.29309	54.37097	54.323387	56.26792	54.32775	56.53718	56.34743	59.16541	60.252296	63.249435	62.622074	63.15831	65.498314	67.586044	67.001625	66.48285	63.793396	60.509018	58.036488	54.39646	51.943012	49.23652	46.956936	48.06788	49.589123	51.248684	54.819553	57.146408	60.856636	62.29631	65.82976	66.69159	68.66253	65.97606	62.41587	60.96765	57.18831	56.03845	53.15437	53.612717	51.805393	53.351116	56.706547	56.622902	57.01798	53.798157	51.68937	48.195522	47.219193	47.834705	46.09447	42.90431	42.8403	44.143932	45.20149	44.618275	43.43541	42.60078
G-10-B	43.137188	42.434486	38.837685	38.214497	34.71857	31.320154	28.138233	24.726978	24.697424	21.210167	23.089367	25.404444	25.894688	22.567726	24.692566	26.90402	29.89473	33.18853	32.883675	35.502354	36.44021	37.727238	39.274204	40.004593	41.97686	39.62406	42.008682	42.490894	39.46893	41.824265	42.54415	45.96206	45.674824	48.19536	47.152046	49.951565	48.675568	45.742348	42.589336	43.410526	40.092354	36.335552	36.759636	39.14316	36.42111	33.270992	34.801804	35.40507	39.022156	40.3441	42.78729	45.97437	47.388027	49.62736	48.258026	50.47194	49.442062	52.40105	52.6736	49.17781	49.50559	46.168297	46.548836	42.997456	40.835224	37.149242	35.859383	32.987263	31.92767	31.276232	30.485968	33.926826	33.14404	33.4019	34.967636	32.547012	32.92488	33.812225	30.709572	28.44026	28.107256	26.392946	25.580475	28.564133	27.967928	31.020288	31.2284	31.825592	35.514816	37.83152	39.67233	43.02909	44.3166	43.682884	42.059975	40.817448	37.23156	36.86541	35.16991	36.606403	39.94497	40.02303	40.792175	37.970745	36.78639	34.55893	33.891117	31.84546	34.109226	32.74418	34.116364	35.727745	39.504654	40.072403	37.952328	36.78486	35.96423	33.29082	33.019886	29.713715	29.394796	29.919308	27.540405	24.769209	25.726229	25.87878	22.346931	20.875952	22.906946	22.242922	18.453787	18.485077	20.96158	19.055716	22.162672	20.820799	22.44113	20.774765	23.25702	23.056578	24.610138	23.576637	19.968557	18.763174	21.549446	24.328663	28.127235	30.940445	30.830032	34.251774	32.86993	34.92016	34.30219	33.134983	31.39197	27.661505	26.376049	26.06893	24.752262	21.191793	21.139809	23.30791	20.172787	19.661533	22.203533	19.425419	18.560825	15.485362	13.181057	14.657474	14.386911	10.603094	10.864192	13.573983	11.738689	8.98439	12.103171	13.898822	11.677503	12.137067	15.774311	16.210083	15.174279	17.724815	20.219528	20.1534	21.08939	17.79802	16.510275	13.575861	13.123644	15.105209	14.076795	13.416046	9.995206	8.603031	7.5299387	8.346269	11.043263	13.676554	17.321966	19.387949	22.7527	25.6483	28.175045	26.437952	25.775637	23.716026	20.071882	18.020977	14.220629	14.742713	12.898494	13.541681	11.699958	8.701592	8.539356	10.446894	12.110124	15.6478	16.72003	19.672163	20.411919	23.181772	22.187376	25.008272	24.551054	20.942019	22.414976	22.401316	24.206135	27.90481	31.348202	33.450165	33.1366	30.14359	36.555923	40.09046	42.447296	44.48458	41.505325	40.00179	43.471394	43.7336	40.277554	41.127148	41.03029	44.14154	45.829445	46.027897	47.225147	50.670403	52.66081	52.39895	54.316288	52.32452	54.404346	54.27465	56.972073	57.86968	60.78083	60.049572	60.430374	62.73744	64.95145	64.43535	64.06714	61.48274	58.22626	55.904667	52.219078	49.878693	47.26883	44.806496	45.75664	47.07473	48.684593	52.31848	54.661194	58.38342	59.96048	63.42232	64.251976	66.0842	63.33919	59.819206	58.254894	54.4808	53.28301	50.410408	51.020794	49.12515	50.49412	53.885395	53.669598	54.074074	50.91042	48.670116	45.135273	44.095123	44.882614	43.223835	39.923252	39.88032	41.39308	42.559704	42.182774	41.083	40.500687
K-11-B	43.987072	43.426044	39.80348	39.279915	35.66469	32.352318	28.942528	25.602842	25.128235	21.50454	22.875326	25.28251	26.314129	23.312326	25.826431	28.14302	30.810045	34.02131	33.408108	35.7188	36.600163	37.52977	38.953087	39.355476	41.20044	38.78579	40.89788	41.21189	38.330406	40.746357	41.75586	45.1618	45.099483	47.840534	47.048565	49.97687	48.958767	46.090054	43.106956	44.247692	41.084854	37.285835	37.57129	39.690315	36.8164	33.735687	35.1257	35.31543	38.800953	40.45988	42.85049	45.849277	47.08499	49.08304	47.475895	49.596756	48.29636	51.098003	51.35658	47.96687	48.467953	45.275692	45.961575	42.54119	40.48832	36.77483	35.71476	32.802986	31.98618	31.184496	30.64612	34.17186	33.400246	33.2307	34.42746	31.869455	31.91486	32.918686	29.634827	27.59839	27.671715	26.442781	26.014246	29.292875	29.18161	32.287342	32.9159	33.47977	37.12437	39.413788	41.53004	44.743576	46.266304	45.8015	44.369194	43.348537	39.862225	39.692837	38.153214	39.505672	42.761944	42.632965	43.159225	40.169655	38.701862	36.37071	35.95083	33.938316	36.229156	34.99772	36.204987	38.076965	41.827805	42.527805	40.234142	39.29325	38.389854	35.824886	35.4096	31.96635	31.861149	32.669796	30.167322	27.405764	28.70322	28.932228	25.301401	24.022919	26.30802	25.616434	21.821533	22.089447	24.63555	22.62257	25.572788	23.939323	25.316788	23.370316	25.467108	24.85176	26.09336	25.252188	21.843721	21.152882	24.03036	27.047882	30.796337	33.65241	33.79842	37.2578	35.871323	37.693382	36.9235	35.456707	33.759537	29.9939	28.464172	27.737228	26.155094	22.815203	22.468773	25.048203	22.250616	21.344774	24.20624	21.77988	20.485674	17.049004	15.327461	17.324572	16.6178	12.826864	13.938737	16.390362	14.046443	11.912791	15.324521	16.534748	13.967562	14.978168	18.560293	18.357103	17.217167	20.188614	22.464539	21.85802	22.972576	19.657684	18.777819	16.245848	15.599685	17.97262	16.701517	16.438251	12.994069	11.1990795	10.739836	10.580178	13.122585	14.965461	18.39739	20.378973	23.38654	26.581682	29.203184	27.580437	27.368246	25.086905	21.418837	19.009584	15.259892	14.824343	12.134913	11.928705	9.367725	7.388398	7.8746796	10.781799	12.840139	16.214588	18.06935	21.059685	22.346544	25.2552	24.33736	27.454351	27.271439	23.610485	24.976778	24.514063	26.008411	29.773708	33.084904	35.429108	35.43059	32.656708	39.783134	43.31042	45.587196	47.52023	44.470016	42.900417	46.281204	46.433994	42.886387	43.574894	43.209187	46.26227	48.170628	48.43908	49.41492	52.854725	54.91025	54.43724	56.18797	54.01859	55.891636	55.61119	58.144844	58.92179	61.67703	60.719334	61.05867	63.18325	65.457985	65.16164	64.82447	62.400337	59.07038	56.89131	53.226006	50.81905	48.42193	45.94588	46.60095	47.86684	49.21109	52.89435	55.051537	58.81138	60.337467	63.762547	64.371895	66.16372	63.515213	59.965656	58.47463	54.73391	53.72263	51.02453	51.897175	50.103497	51.30074	54.62137	54.14904	54.33632	51.12179	48.701965	45.066948	44.240883	45.276905	43.460938	40.121258	40.404945	42.116585	43.118477	43.037407	42.24919	41.946407
E-12-B	41.241936	40.71695	37.07528	36.589695	32.907246	29.6977	26.152197	22.932749	22.232788	18.623081	19.79483	22.427584	23.691687	20.91268	23.564379	25.79853	28.200726	31.272259	30.4085	32.512707	33.33718	34.088642	35.47603	35.77542	37.629143	35.27184	37.340107	37.541256	34.64846	37.03211	38.096737	41.50768	41.544506	44.355507	43.697678	46.710503	45.80253	42.943756	40.087082	41.43029	38.40869	34.607803	34.891346	36.78551	33.781254	30.818005	32.236843	32.19614	35.62646	37.444546	39.709953	42.61468	43.70635	45.59663	43.888634	45.941704	44.58353	47.376575	47.6938	44.336365	44.94153	41.76893	42.555206	39.191765	37.106976	33.375553	32.356163	29.402672	28.69263	27.842981	27.502924	31.08998	30.457678	30.09841	31.083342	28.394875	28.274035	29.248907	25.916435	23.977194	24.17186	23.19124	22.991285	26.434725	26.69017	29.831383	30.813942	31.31608	34.89051	37.161575	39.51853	42.57162	44.29881	44.031483	42.794933	42.05547	38.716366	38.793903	37.512413	38.792843	41.879425	41.52591	41.73329	38.60353	36.833572	34.3888	34.177155	32.201298	34.517242	33.49712	34.608067	36.79021	40.50447	41.248837	38.727028	38.014614	36.985523	34.575363	34.03202	30.489504	30.722145	31.805134	29.116547	26.472612	28.242231	28.488861	24.759722	23.8677	26.540651	25.787897	22.0487	22.849762	25.56253	23.463316	26.03754	23.929962	25.181873	23.213266	24.948664	24.284863	24.977877	23.955326	20.836273	20.466393	23.168882	26.328184	29.975853	32.756805	33.200947	36.72223	35.463234	36.990494	36.20313	34.43171	32.623043	28.89622	26.992802	25.966112	24.03115	20.927517	20.206915	23.087963	20.687294	19.42494	22.581615	20.641645	19.088013	15.470563	14.581709	16.80851	15.453033	11.900283	13.980097	15.94424	13.243572	12.130738	15.864324	16.42296	14.110979	16.012304	19.239862	18.602123	18.094282	21.36379	23.09209	22.456125	24.1434	21.165909	20.840977	18.59296	18.541607	21.056896	20.133808	19.74224	16.27028	14.650595	13.576045	13.308509	15.178706	16.758148	19.86054	22.299234	25.187197	28.266813	31.182644	29.931808	29.957151	27.919744	24.176682	22.008638	18.32437	17.609215	14.702592	14.481999	11.80966	10.672323	10.688717	14.011283	16.444502	19.65284	21.575876	24.371796	25.515976	28.20126	26.927055	30.007992	30.05553	26.518229	28.188383	27.9238	29.282032	33.06875	36.306892	38.526665	38.400196	35.632824	39.522762	43.00523	45.14949	46.88393	43.738235	42.092613	45.334904	45.318092	41.67336	42.17922	41.506203	44.503128	46.650608	46.961506	47.67836	51.105457	53.21201	52.51722	54.099007	51.77691	53.462566	53.077045	55.470257	56.14353	58.782837	57.68	57.995052	60.00734	62.31253	62.14886	61.840973	59.532143	56.169556	54.11087	50.461132	48.04795	45.81618	43.302418	43.737087	44.941284	46.11707	49.823917	51.878117	55.650448	57.173275	60.559544	61.062183	62.809986	60.201855	56.64873	55.18506	51.468475	50.560314	47.97451	49.012783	47.305233	48.40137	51.654346	51.03407	51.08619	47.84352	45.347973	41.675835	40.98259	42.127274	40.21495	36.8742	37.358234	39.168873	40.059334	40.178963	39.61668	39.553333
I-13-B	42.55569	42.00664	38.33277	37.7593	34.009083	31.032593	27.366526	24.426584	23.554728	20.073933	20.887472	23.742495	25.37444	22.926466	25.65865	27.700338	29.799582	32.61671	31.342054	33.07112	33.619644	33.958973	35.032356	34.932022	36.498722	33.96985	35.71755	35.907673	33.268196	35.834972	37.254135	40.542282	40.675144	43.68663	43.193237	46.229763	45.62453	42.945217	40.2306	41.85413	38.973774	35.17485	35.151237	36.828014	33.82565	30.87357	31.958868	31.52662	34.755367	36.87158	39.177433	41.86787	42.889286	44.5663	42.7119	44.778183	43.181545	45.762314	45.923836	42.651653	43.297554	40.306458	41.357243	38.14294	36.3143	32.639458	32.01505	29.219929	28.95551	28.215382	28.334469	32.002167	31.61639	30.91677	31.452908	28.52019	27.899918	28.731316	25.183352	23.73503	24.153933	23.72839	23.69755	27.28213	27.968647	30.949926	32.309822	32.984947	36.511124	38.87549	41.435196	44.30106	46.137554	46.134487	44.971222	44.489006	41.25225	41.365726	40.330345	41.69519	44.6352	44.230316	44.207726	41.032467	39.02069	36.45249	36.30086	34.213238	36.355576	35.307835	36.097134	38.436386	42.057888	43.05342	40.47913	40.080666	39.157684	36.988533	36.518024	32.976284	33.52129	34.660263	31.780546	29.348562	31.345335	31.413837	27.6291	27.066673	29.781404	28.78108	25.117853	26.198841	28.756416	26.397385	28.774513	26.42855	27.265879	24.948992	26.21674	25.05937	25.487608	24.84068	22.01757	22.267136	25.116	28.503754	32.01553	34.916687	35.692352	39.134712	37.730442	38.976986	37.91548	35.85045	34.255154	30.533848	28.581306	27.083109	25.12628	22.376781	21.684546	24.911448	22.924753	21.646181	25.059826	23.505531	21.94767	18.314949	17.919512	20.088295	18.29958	14.979033	17.269276	18.76625	15.653253	14.915963	18.582966	18.549673	15.911699	18.115166	21.171389	19.903858	19.287058	22.839888	24.276094	23.103687	24.954418	22.110237	22.275648	20.528955	20.535015	23.438564	22.618122	22.696796	19.369621	17.28326	16.301176	15.267137	16.717407	17.508976	20.174704	22.57403	25.038128	28.23322	31.264896	30.281944	30.776503	28.729284	25.018457	22.804358	19.34682	17.902391	14.598417	14.038546	11.418055	11.481473	11.291571	15.018898	17.854895	20.640942	23.032137	25.5988	27.025747	29.638248	28.277966	31.566236	31.989927	28.50816	30.255	29.740887	30.695778	34.503895	37.536385	39.850914	39.933754	37.41021	42.279594	45.79218	47.750916	49.47497	46.36409	44.539074	47.64466	47.65947	43.959282	44.197166	43.318672	46.14723	48.452255	48.96139	49.52043	52.85934	55.114735	54.281975	55.64152	53.12605	54.624985	54.001125	56.261173	56.923206	59.422802	58.1292	58.526432	60.335464	62.595398	62.643635	62.254436	60.072315	56.61414	54.63305	51.060295	48.503563	46.483494	44.096073	44.2794	45.5679	46.45134	50.14291	51.95266	55.740536	57.096848	60.47727	60.750206	62.54868	60.106213	56.50267	55.224697	51.562344	50.923473	48.557636	49.782665	48.29784	49.337543	52.442635	51.634026	51.408924	48.07131	45.509697	41.792126	41.42921	42.68358	40.517815	37.272892	38.131844	39.966343	40.546932	40.85937	40.627556	40.730705
E-14-B	40.258724	39.851246	36.228638	35.809547	32.041595	29.200161	25.446985	22.693352	21.427101	18.058771	18.388657	21.305187	23.285793	21.264526	24.160591	26.167433	27.863659	30.511871	29.012444	30.449781	31.01831	31.111765	32.19601	31.950382	33.563995	31.180738	32.825066	32.76027	30.105568	32.557217	34.05248	37.36699	37.717094	40.821358	40.563457	43.731182	43.258698	40.57166	38.06919	39.935818	37.27757	33.53294	33.580967	34.924953	31.746305	29.04125	30.20757	29.448988	32.561295	34.888577	36.960056	39.49689	40.263832	41.753925	39.716476	41.61895	39.905323	42.464752	42.766205	39.577988	40.439663	37.499897	38.72658	35.626442	33.728344	30.04759	29.443857	26.562374	26.38321	25.457691	25.75802	29.398195	29.070423	28.066477	28.308174	25.307673	24.485016	25.412502	21.842587	20.52149	21.282001	21.27406	21.693169	25.418789	26.55533	29.572388	31.297686	31.784876	35.143845	37.372807	40.16752	42.840885	44.922546	45.065544	44.171055	43.9421	40.8939	41.30926	40.468082	41.66055	44.438206	43.758224	43.435337	40.121387	37.835873	35.224026	35.379795	33.457153	35.670784	34.93522	35.694805	38.329308	41.88253	42.837402	40.03069	39.806927	38.686794	36.638165	35.95036	32.342834	33.12828	34.58896	31.66415	29.311968	31.68521	31.893911	28.132526	27.811659	30.832283	29.932213	26.379921	27.754435	30.487556	28.221153	30.307919	27.671017	28.499205	26.31658	27.301567	26.215809	26.099377	25.215721	22.764183	23.199802	25.718704	29.082872	32.443497	35.15814	36.12608	39.614506	38.42464	39.427742	38.44467	36.15318	34.40317	30.805475	28.478037	26.773533	24.42125	22.014582	20.821964	24.21005	22.685658	20.971714	24.487951	23.434551	21.555197	17.912504	18.275135	20.668076	18.54664	15.679726	18.588348	19.776506	16.693808	16.755829	20.485365	20.107786	17.905008	20.57706	23.319218	21.887165	21.799793	25.414566	26.455526	25.37345	27.59604	25.0251	25.447998	23.770557	24.041016	26.883863	26.138569	25.97217	22.537134	20.7339	19.551281	18.735046	19.963974	20.735641	23.185282	25.815985	28.189014	31.259882	34.43842	33.671116	34.257698	32.34312	28.618284	26.517689	23.082548	21.604486	18.275444	17.60456	14.879193	15.186382	15.0793295	18.812033	21.628708	24.438107	26.813057	29.363941	30.704887	33.226696	31.705885	34.919846	35.39284	31.971827	33.833515	33.445168	34.42062	38.229137	41.253475	43.50205	43.493362	40.934597	42.868507	46.27482	48.153873	49.63338	46.421074	44.6163	47.58083	47.366062	43.612938	43.734657	42.544136	45.330246	47.867435	48.341843	48.61043	51.939754	54.17585	53.094887	54.299297	51.66193	52.937355	52.252182	54.3212	54.80589	57.14609	55.67694	55.97819	57.652447	59.989326	60.195732	59.90079	57.88249	54.425552	52.631516	49.083374	46.585655	44.779415	42.313877	42.217342	43.347473	44.02865	47.741653	49.437252	53.22083	54.61961	57.915794	58.059875	59.74941	57.336555	53.76142	52.470646	48.85714	48.31059	46.082706	47.52935	46.098347	46.947407	49.98124	48.967667	48.60988	45.291706	42.59664	38.841988	38.60277	40.057198	37.847095	34.583	35.665535	37.68199	38.187687	38.792904	38.819702	39.244232
I-15-B	40.5526	39.96963	36.3177	35.66505	31.8902	29.378605	25.627855	23.298521	22.167702	19.174408	19.466513	22.679987	24.69405	22.901936	25.569263	27.147196	28.607288	30.881744	28.955553	30.033583	30.173857	29.904783	30.573313	29.976059	31.244196	28.641373	30.041052	30.123262	27.730097	30.435637	32.228382	35.35116	35.637436	38.86647	38.65298	41.75704	41.550785	39.093407	36.68879	38.75991	36.225025	32.526577	32.21114	33.38426	30.317413	27.599382	28.366796	27.296515	30.1984	32.733936	34.88727	37.240067	38.03405	39.398895	37.341343	39.35914	37.52944	39.91491	39.984314	36.814613	37.58285	34.77961	36.15202	33.16713	31.566498	27.995644	27.83089	25.2547	25.61099	25.04031	25.899694	29.5916	29.70691	28.573286	28.429008	25.143845	23.806633	24.299053	20.559015	19.880682	20.549978	21.014273	21.357769	25.049139	26.519516	29.231613	31.275043	32.042885	35.33745	37.73082	40.655533	43.114323	45.208416	45.67006	44.78	44.83848	41.91482	42.295822	41.777374	43.136547	45.70297	45.05538	44.498714	41.2297	38.741524	36.003704	36.09011	33.98339	35.907085	35.087807	35.463154	38.21132	41.61947	42.852993	40.047634	40.18382	39.25767	37.538338	37.0457	33.53807	34.70875	36.095837	32.94453	30.940214	33.508884	33.409863	29.636618	29.760023	32.760376	31.526863	28.13588	29.887846	32.39466	29.849466	31.62061	28.723642	29.09328	26.645401	27.10759	25.631502	25.158365	24.606897	22.572163	23.614233	26.178772	29.707584	32.84725	35.659664	37.00509	40.348984	39.00205	39.666924	38.402695	35.82374	34.322823	30.800196	28.481037	26.321354	24.054674	22.100367	21.092424	24.72348	23.667315	22.158846	25.861296	25.223156	23.606289	20.16229	20.925169	22.971945	20.394718	17.866776	20.817629	21.408064	18.024971	18.51919	22.059069	21.050589	18.769485	21.752632	24.13485	22.15665	22.223373	25.978218	26.565943	25.148754	27.642052	25.41287	26.37416	25.193068	25.79856	28.917173	28.514603	28.671877	25.417377	23.300833	21.84778	20.547552	21.188503	21.38896	23.305704	26.062468	28.089733	31.021103	34.359997	33.98851	34.934616	33.24491	29.5685	27.713146	24.522408	22.72223	19.425854	18.974998	16.727688	17.463154	16.793766	20.59644	23.76366	26.211367	28.698215	30.91152	32.216217	34.48383	32.704227	35.955067	36.803383	33.547268	35.649914	35.28745	35.91844	39.70891	42.532932	44.687572	44.688286	42.308956	44.0048	47.430607	49.050503	50.53011	47.408955	45.373707	48.15183	48.023087	44.244633	44.038204	42.67095	45.223885	47.881325	48.610573	48.74907	51.936737	54.35721	53.186012	54.14218	51.32095	52.43692	51.48405	53.45451	54.00785	56.24284	54.648426	55.119644	56.617237	58.82728	59.19383	58.744293	56.804745	53.255222	51.482235	48.042213	45.375957	43.756573	41.495876	41.2129	42.514767	42.935677	46.58212	48.036903	51.81455	52.993896	56.30984	56.27425	58.077816	55.845478	52.213413	51.159367	47.60438	47.338448	45.324703	46.85881	45.714573	46.616905	49.460506	48.36099	47.733627	44.30096	41.667236	37.93434	38.05782	39.456745	36.960056	33.90085	35.320633	37.19544	37.323666	38.005745	38.332027	38.830135
D-16-B	39.11219	38.60382	35.034992	34.451736	30.719286	28.501154	24.767586	22.839788	21.443043	18.83731	18.654886	21.892427	24.155384	22.878273	25.511822	26.869951	27.853746	29.790142	27.535173	28.169645	28.157742	27.494127	27.992586	27.096764	28.2576	25.738363	26.907085	26.768913	24.487358	27.165056	29.160479	32.213326	32.699722	36.05635	36.099808	39.290806	39.315334	36.954666	34.816723	37.1731	34.922005	31.34597	30.974976	31.745975	28.59324	26.16758	26.849117	25.341824	27.993599	30.795216	32.71887	34.825336	35.36561	36.48297	34.236313	36.123238	34.128174	36.415936	36.538002	33.46966	34.42679	31.743845	33.353653	30.554821	29.0161	25.525127	25.569576	23.077404	23.741417	23.142918	24.390667	27.99103	28.328594	26.88039	26.292877	22.884153	21.122507	21.506014	17.726484	17.539894	18.523132	19.620312	20.368576	24.055529	26.02184	28.593483	31.025593	31.703455	34.770916	37.062572	40.19697	42.389904	44.681274	45.364624	44.714355	45.07158	42.37227	42.986202	42.719982	43.97284	46.322834	45.465878	44.596725	41.261948	38.511646	35.737118	36.06328	34.075287	35.939003	35.373013	35.602283	38.59421	41.85886	43.125645	40.156567	40.544952	39.52271	38.023495	37.416134	33.94138	35.39834	36.999096	33.80064	31.992105	34.856125	34.786118	31.094616	31.503605	34.67398	33.453415	30.234848	32.245483	34.79456	32.28709	33.759216	30.639502	30.889011	28.532084	28.64539	27.168938	26.180227	25.540041	23.981258	25.277311	27.528572	30.998272	33.900322	36.54296	38.12513	41.424854	40.22319	40.59336	39.332645	36.52458	34.989216	31.654882	29.080917	26.670305	24.157473	22.708982	21.377518	25.08127	24.574127	22.83485	26.545025	26.428577	24.691288	21.428604	22.783539	24.837614	22.012934	19.972418	23.216793	23.467968	20.171988	21.225739	24.677584	23.35313	21.417593	24.665451	26.731546	24.58764	25.036789	28.783152	28.999287	27.610966	30.371166	28.425545	29.629818	28.57874	29.388842	32.49985	32.195625	32.25309	28.965473	26.969519	25.377024	24.14933	24.592363	24.706072	26.375908	29.261635	31.143581	33.923714	37.362595	37.221092	38.289127	36.739105	33.080784	31.345936	28.215382	26.36889	23.090984	22.6098	20.369875	21.239765	20.57365	24.373173	27.564524	29.981201	32.468765	34.618572	35.857635	38.015274	36.090866	39.27997	40.22743	37.053055	39.26825	38.994625	39.579784	43.36036	46.13646	48.221058	48.157654	45.794144	45.236668	48.552906	50.025085	51.294502	48.141785	46.07693	48.66068	48.367146	44.573277	44.174686	42.50252	44.920155	47.789726	48.559704	48.408104	51.51834	53.9616	52.55529	53.29053	50.321827	51.177975	50.087433	51.838585	52.24948	54.29073	52.498024	52.936874	54.240772	56.470085	57.037254	56.623768	54.870724	51.308033	49.725586	46.36727	43.717503	42.374676	40.13311	39.5261	40.727734	40.859722	44.477276	45.728584	49.481335	50.618237	53.84861	53.627533	55.36262	53.229294	49.616905	48.640167	45.16998	45.095264	43.302162	45.06365	44.077847	44.815582	47.50685	46.192383	45.345943	41.910263	39.187714	35.455193	35.83838	37.39597	34.77275	31.807865	33.55443	35.526703	35.443653	36.425316	37.094593	37.90561
I-17-B	38.528854	37.71559	34.112408	33.181007	29.496635	27.606522	23.998945	22.507582	21.550755	19.404774	19.577269	23.083694	25.017836	23.747095	25.941647	26.774212	27.691895	29.260792	26.699043	27.137396	26.635273	25.807323	25.880255	24.818346	25.65835	22.859436	24.005415	24.254002	22.142693	25.136244	27.246965	30.089205	30.281733	33.634933	33.52044	36.559547	36.714897	34.56908	32.408012	34.816177	32.60005	29.080885	28.349884	29.087214	26.145494	23.625328	23.910748	22.283016	24.819134	27.668198	29.759674	31.81176	32.54122	33.72386	31.647062	33.79052	31.896156	34.13517	33.973583	30.792473	31.464518	28.780216	30.31339	27.502455	26.229498	22.849394	23.275204	21.188591	22.348507	22.324053	24.048012	27.669973	28.511745	27.246723	26.53939	22.91763	20.875135	20.578945	16.759876	17.144018	17.580786	18.835066	19.191269	22.662342	24.750933	26.936674	29.538116	30.561014	33.581825	36.087597	39.23018	41.253998	43.436455	44.40279	43.665512	44.252174	41.65978	42.16061	42.20538	43.668243	45.802025	45.068436	44.042202	40.84022	37.996925	35.12729	35.251713	33.039276	34.55604	33.84764	33.7081	36.73042	39.83357	41.35214	38.45343	39.159485	38.38882	37.22582	36.89873	33.602306	35.40471	36.812717	33.419395	32.007446	34.969448	34.5417	30.901585	31.753036	34.822426	33.270866	30.283472	32.649128	34.925987	32.200123	33.30954	29.99298	29.81958	27.323565	26.95925	25.256176	23.91035	23.513933	22.411446	24.195986	26.390903	29.922794	32.559235	35.262054	37.176155	40.286114	38.93924	38.996086	37.49891	34.479504	33.1917	29.983574	27.492613	24.73121	22.414623	21.420841	20.411633	24.203648	24.107676	22.741867	26.523726	26.74301	25.432552	22.484558	24.072939	25.644804	22.463911	20.803598	23.943914	23.59231	20.168848	21.628893	24.76993	22.896233	21.09413	24.556768	26.161737	23.650478	24.402956	28.118713	27.85149	26.36288	29.3893	27.873186	29.517912	28.871553	30.107866	33.341774	33.457317	33.693214	30.611732	28.462643	26.48696	25.022007	24.89291	24.693218	25.894655	28.973864	30.670593	33.14647	36.72154	36.954826	38.191742	36.981068	33.37993	32.02468	29.087345	27.265673	24.251608	24.252712	22.481586	23.23926	21.996294	25.703161	29.13218	31.324259	33.670258	35.494602	36.48881	38.320442	36.09057	39.168324	40.39871	37.44943	39.946754	39.878674	40.24285	43.970272	46.596478	48.464848	48.25828	45.991997	44.450127	47.76781	48.97155	50.265793	47.249695	44.96001	47.357414	47.200405	43.42314	42.719273	40.961746	43.139217	46.047462	47.07396	46.8754	49.827496	52.450542	51.047245	51.58615	48.49654	49.28862	47.970993	49.714645	50.286465	52.315323	50.52317	51.19616	52.4267	54.469395	55.072575	54.452705	52.676514	49.03779	47.378033	44.11838	41.29594	40.03483	38.03419	37.389244	38.842716	38.847363	42.370796	43.472992	47.212723	48.129204	51.427692	51.1552	53.066635	51.06636	47.38954	46.638218	43.194576	43.31966	41.64837	43.33962	42.62375	43.54594	46.070866	44.833275	43.821926	40.268463	37.74825	34.102333	34.758057	36.063335	33.191765	30.490032	32.411118	34.079247	33.650925	34.525734	35.360176	36.09709
E-18-B	37.60275	36.691612	33.18234	32.129715	28.570421	27.123999	23.698433	22.780376	21.894812	20.333265	20.354404	23.862858	25.739819	24.848303	26.751194	27.157658	27.68127	28.7743	25.85668	25.82452	24.919601	23.67368	23.324682	21.897232	22.412985	19.519352	20.422123	20.733164	18.86182	22.024887	24.37308	26.992659	27.169212	30.610443	30.619102	33.622906	34.048027	32.125706	30.195475	32.84224	30.904766	27.573868	26.604305	26.967978	24.127516	21.860218	21.820318	19.743996	21.929972	25.021107	26.989304	28.775671	29.395592	30.399307	28.272549	30.458628	28.495161	30.616331	30.321922	27.157255	27.811497	25.235239	26.92789	24.290554	23.257189	20.066673	20.933401	19.23974	20.94422	21.243473	23.487553	26.951881	28.211031	26.847116	25.764526	22.033897	19.556524	18.738152	15.014967	16.192034	16.52249	18.324987	18.761255	21.963144	24.434637	26.24647	29.174068	30.285183	33.057507	35.559895	38.818996	40.536972	42.786808	44.0491	43.44938	44.357067	42.00228	42.607643	42.973103	44.445435	46.3076	45.49371	44.18238	41.03332	37.994045	35.092266	35.286514	33.08549	34.360916	33.7801	33.351646	36.52478	39.40095	41.050415	38.099884	39.13827	38.430492	37.602413	37.33333	34.195545	36.326206	37.76981	34.306362	33.229137	36.38233	35.822342	32.31837	33.52804	36.619736	34.95887	32.224247	34.859886	37.02571	34.271446	35.024094	31.534908	31.106739	28.669989	27.870214	26.118996	24.276323	23.937473	23.422958	25.528517	27.423458	30.858654	33.15679	35.721287	37.927498	40.879402	39.585003	39.285545	37.70052	34.45782	33.284298	30.336512	27.757368	24.716526	22.390514	22.031544	20.988447	24.729172	25.202942	23.895723	27.601889	28.30054	27.127144	24.49545	26.473951	27.831772	24.443865	23.254787	26.445827	25.678507	22.362577	24.243212	27.151125	24.929022	23.440166	27.048418	28.255465	25.56528	26.65585	30.274744	29.584648	28.117035	31.360994	30.21623	32.14293	31.722992	33.218376	36.46383	36.786976	37.023335	34.008728	31.887983	29.720034	28.237463	27.814194	27.472404	28.347397	31.529501	33.053955	35.277973	38.929653	39.45193	40.811363	39.82925	36.286034	35.152634	32.333134	30.52087	27.63186	27.774292	26.14862	26.91926	25.516098	29.167458	32.667305	34.76578	37.044884	38.71026	39.563225	41.193775	38.773037	41.740017	43.12994	40.337303	42.99727	43.067146	43.324993	47.00965	49.54058	51.267017	50.956554	48.74525	45.269955	48.482407	49.44775	50.594738	47.64569	45.24946	47.396782	47.188572	43.44409	42.458893	40.45339	42.385666	45.44449	46.61991	46.18578	48.97728	51.689644	50.123756	50.393745	47.151054	47.706673	46.17088	47.73078	48.276516	50.139477	48.20269	48.97644	50.01216	51.95901	52.733913	52.031673	50.394157	46.72014	45.17595	42.054314	39.169453	38.184185	36.35004	35.432163	36.93344	36.635536	40.056953	40.905724	44.60049	45.355953	48.613846	48.167336	50.11894	48.276386	44.59142	44.03217	40.688046	41.077118	39.659405	41.475895	41.03617	41.925457	44.22377	42.87212	41.60525	38.006912	35.553623	31.994974	33.008358	34.278515	31.196238	28.762869	31.013561	32.56265	31.775137	32.819	34.005764	34.93651
P-19-B	34.780712	33.615246	30.061995	28.763945	25.237995	23.941088	20.656458	20.037155	19.606518	18.463974	18.946331	22.607216	24.007555	23.039833	24.490149	24.47073	25.02305	25.907108	22.91434	22.969734	21.827585	20.802568	20.413088	19.31689	19.985695	17.022928	18.502491	19.190079	16.98873	20.223038	22.206514	24.86196	24.650724	27.907133	27.592741	30.520771	30.73478	28.756245	26.640299	29.166504	27.132065	23.777672	22.774076	23.255318	20.458395	18.05716	18.058043	16.18287	18.646894	21.54186	23.623404	25.669758	26.527836	27.881498	26.058252	28.477747	26.920673	29.332748	29.036911	25.626104	25.988989	23.086315	24.353111	21.421366	20.205141	16.891861	17.636219	16.060757	17.86987	18.63663	21.03626	24.515688	26.102163	25.129519	24.282547	20.504374	18.241686	16.919909	13.322461	14.467467	14.005949	15.562619	15.561377	18.545433	21.000284	22.598402	25.573448	26.839586	29.581898	32.20809	35.418682	37.08163	39.23302	40.608105	39.950954	40.970497	38.702038	39.28217	39.841454	41.392227	43.092808	42.339874	40.943775	37.902267	34.849174	31.91383	31.968401	29.673143	30.776773	30.1947	29.655972	32.87955	35.68306	37.355164	34.401005	35.56486	34.939976	34.302193	34.176743	31.189772	33.54041	34.869053	31.334705	30.55618	33.783905	33.04205	29.664444	31.199543	34.243927	32.47034	29.997622	32.889168	34.91529	32.179794	32.588726	28.978775	28.42216	26.16393	25.153315	23.62611	21.440823	20.872847	20.722784	22.926079	24.510208	27.827682	29.901869	32.363598	34.72716	37.573692	36.333706	35.85778	34.296494	30.984512	29.790966	26.992178	24.34788	21.214518	18.88148	18.87884	17.918606	21.589788	22.41771	21.338715	24.971493	25.983229	25.143303	22.90078	25.12884	26.072884	22.491837	21.814678	24.93809	23.691048	20.555145	22.906664	25.499607	22.98631	21.981125	25.729015	26.506744	23.85077	25.437492	28.865156	27.837172	26.709442	30.172485	29.345066	31.381159	31.020441	32.886337	35.993458	36.61956	36.708168	33.82004	31.874739	29.341665	28.058796	27.338465	27.180578	27.95699	31.389616	33.086388	35.00778	38.733246	39.380016	40.560997	39.862762	36.315704	35.495148	32.664036	31.227106	28.627708	29.200104	27.706465	27.993477	26.296385	29.792822	33.30197	35.47323	37.416374	38.975426	39.46218	40.867123	38.221684	40.94532	42.329014	39.709476	42.570934	42.982758	43.32233	46.957844	49.513714	50.994503	50.40118	48.091457	42.086502	45.236134	46.059856	47.15176	44.264297	41.794014	43.82748	43.64072	39.92058	38.809273	36.763084	38.613842	41.683235	42.930313	42.483257	45.222	47.98854	46.455025	46.692863	43.443695	44.054504	42.50015	44.152008	44.818523	46.792625	44.988888	45.881306	47.042553	48.902866	49.532574	48.74095	46.97246	43.28325	41.613705	38.463783	35.533825	34.449	32.658665	31.862238	33.507294	33.33978	36.75527	37.72067	41.439793	42.19904	45.546772	45.282246	47.33271	45.410786	41.68629	41.11609	37.699238	38.00897	36.485703	38.127163	37.73462	38.82058	41.11813	39.965435	38.78646	35.128384	32.874084	29.376318	30.341667	31.315784	28.183247	25.845995	27.990644	29.28952	28.438925	29.278873	30.40392	31.22461
T-20-B	37.257927	35.858673	32.35517	30.747362	27.373756	26.420555	23.368784	23.05792	22.949432	22.004879	22.631927	26.297503	27.572182	26.569223	27.796175	27.493055	28.042515	28.647053	25.497059	25.33004	23.711363	22.431993	21.424131	19.94263	19.910099	16.533321	17.579542	18.81514	17.251398	20.82569	23.098642	25.294275	24.797459	28.058643	27.634174	30.277523	30.799686	29.234568	27.185394	29.753323	27.816654	24.637156	23.066797	23.492712	21.163927	18.710342	17.919056	15.82124	17.82957	20.834158	23.186024	24.97785	26.073496	27.34372	25.70101	28.380602	26.797522	28.89087	28.107128	24.715784	24.695238	22.038248	23.363186	20.616547	20.069792	17.173635	18.641844	17.79536	20.130388	21.378902	24.061403	27.420555	29.292912	28.386023	27.386534	23.599915	21.110369	19.35719	15.99775	17.649626	16.944223	18.56012	18.188822	20.766363	23.150787	24.262657	27.252836	28.90054	31.569952	34.373257	37.50409	39.003838	40.98121	42.597275	41.807655	42.974667	40.772556	41.14676	41.918766	43.69404	45.25059	44.683353	43.238655	40.36758	37.327866	34.365578	34.179516	31.667118	32.374058	31.533566	30.556976	33.659992	36.24894	38.253845	35.501312	36.962234	36.67809	36.336056	36.522068	33.73052	36.242626	37.3221	33.68004	33.176304	36.321476	35.261597	31.934523	33.68522	36.52176	34.448517	32.114964	35.1237	36.85483	33.891384	34.128838	30.499945	29.495375	26.980545	25.522696	23.55752	21.225805	21.267555	21.509478	24.187317	25.89585	29.268013	31.105665	33.702503	36.31503	38.92199	37.424915	36.6965	34.792747	31.326649	30.570343	27.900154	25.583895	22.155798	20.3318	20.68067	20.27107	23.866915	24.835995	24.184189	27.789495	28.829138	28.308338	26.174368	28.257835	28.940718	25.291348	24.60414	27.464268	25.980177	22.718784	24.975973	27.318058	24.50627	23.331467	27.001408	27.516565	24.504833	26.005207	29.377716	28.036957	26.57605	30.070723	29.572897	31.974821	32.05401	34.063095	37.336002	38.18997	38.603245	35.910553	33.693665	31.105846	29.449917	28.352798	27.717485	27.991125	31.339844	32.65374	34.359715	38.100197	39.083862	40.555244	40.063892	36.665558	36.069984	33.530716	31.907045	29.469276	30.219212	29.12227	29.619877	27.621107	31.016893	34.674744	36.5106	38.49744	39.742836	40.20719	41.374203	38.594707	41.306435	43.004566	40.571293	43.55369	43.93879	43.960835	47.513733	49.84384	51.228626	50.679596	48.59065	43.723804	46.902115	47.481976	48.687153	45.989952	43.30125	45.171722	45.20774	41.55221	40.15768	38.126427	39.681557	42.704754	44.25116	43.825207	46.356884	49.311264	47.836395	47.86608	44.51639	45.05356	43.221226	44.837273	45.69309	47.601715	45.775143	46.931755	47.93526	49.556667	50.2842	49.2432	47.49754	43.739143	42.00365	39.04204	35.901043	34.961163	33.55036	32.707985	34.644276	34.266518	37.490326	38.17999	41.824356	42.23793	45.623398	45.201324	47.456863	45.785465	42.022358	41.793167	38.491875	39.10626	37.806473	39.378414	39.317326	40.55807	42.620827	41.513897	40.109745	36.383007	34.362038	31.03887	32.33707	33.08356	29.73223	27.775816	30.090683	31.051798	29.795753	30.5091	31.817848	32.501167
D-21-B	40.056442	38.70971	35.10955	33.54178	30.049671	28.747808	25.511452	24.710367	24.559992	23.076382	23.810457	27.521936	28.921911	27.573713	29.077223	29.129326	30.043455	31.038832	28.11945	28.281603	26.919125	25.860077	25.066132	23.687346	23.713463	20.33319	21.26043	22.43312	20.931105	24.46029	26.765574	29.036995	28.60126	31.859856	31.385368	33.988102	34.428497	32.80927	30.599497	32.991978	30.823158	27.495232	25.952145	26.72269	24.420948	21.694584	20.967365	19.221235	21.365189	24.201214	26.740793	28.623804	29.832521	31.12414	29.479593	32.129524	30.441135	32.427166	31.586184	28.28408	28.260141	25.72408	27.070156	24.331356	23.820024	20.877996	22.161669	21.068363	23.0724	24.074501	26.42091	29.94873	31.506063	30.590511	29.77136	25.997097	23.659433	22.322987	18.752567	19.969158	19.47994	20.768948	20.30006	23.136848	25.181955	26.550474	29.250328	30.961306	33.888767	36.771717	39.79626	41.551235	43.423546	44.838737	43.85847	44.755074	42.31054	42.484413	43.00105	44.876637	46.679516	46.266678	45.09042	42.20017	39.333157	36.366875	36.035233	33.404552	34.22126	33.11587	32.248653	35.14474	37.905518	39.947357	37.331512	38.57276	38.369205	37.783848	38.03183	35.113525	37.3623	38.3181	34.66961	33.905624	36.8367	35.76743	32.26861	33.734955	36.468365	34.33899	31.75365	34.539204	36.247353	33.14488	33.7209	30.244795	29.258871	26.446146	25.219942	22.943201	21.141869	21.531467	21.25459	23.905855	26.105156	29.689217	31.831678	34.69941	37.126995	39.816845	38.09956	37.65047	35.63365	32.31631	31.66519	28.711004	26.640818	23.328766	21.714895	21.487658	21.34208	25.06361	25.483221	24.926754	28.673307	29.223879	28.668413	26.205122	27.838911	28.649908	25.142187	23.918308	26.615639	25.452677	21.923111	23.671635	26.165113	23.52398	21.803019	25.305859	26.149717	23.026266	24.026934	27.560875	26.520535	24.69611	27.980953	27.23562	29.610508	29.75919	31.549402	34.973476	35.72231	36.389404	33.73663	31.267506	28.88294	26.93031	25.89225	24.999853	25.259232	28.428118	29.613623	31.530455	35.223362	36.11985	37.7268	37.073784	33.700264	32.97065	30.518215	28.658155	26.155577	26.83532	25.897575	26.625216	24.588257	27.993387	31.7005	33.367786	35.527603	36.732044	37.40657	38.668896	36.026356	38.922676	40.682823	38.16291	41.03223	41.183666	41.072197	44.63713	46.911438	48.443104	48.100353	46.119118	44.543915	47.879772	48.61224	50.04904	47.352947	44.662254	46.7458	46.94289	43.257637	42.033787	40.261578	41.959618	44.8178	46.347336	46.173466	48.795475	51.747963	50.450542	50.66194	47.408215	48.136635	46.397415	48.1608	49.09371	51.110386	49.370148	50.510036	51.599342	53.241684	53.89088	52.845146	51.008076	47.250164	45.403297	42.38429	39.219273	38.08489	36.645393	36.01909	37.99433	37.788826	41.054104	41.846992	45.50698	45.932396	49.350193	48.97209	51.24779	49.55315	45.78574	45.514168	42.173645	42.683254	41.253197	42.73646	42.530098	43.818275	46.014084	44.969116	43.6814	39.965244	37.891956	34.499126	35.615925	36.40772	33.15503	31.025394	33.156143	34.18758	33.132	33.69763	34.758217	35.225426
K-22-B	41.587204	39.958744	36.303326	34.41505	30.986824	29.70844	26.628624	25.828568	26.183958	24.71668	25.947578	29.749636	30.792463	29.09591	30.319723	30.175495	31.41838	32.420967	29.61683	30.025173	28.476322	27.691393	26.760662	25.59387	25.45954	21.90215	22.994032	24.664465	23.263645	26.89226	29.017206	31.132801	30.281937	33.326412	32.46319	34.772057	35.094368	33.614807	31.153986	33.249184	30.85595	27.52974	25.687168	26.859612	24.948751	21.893295	20.82149	19.553537	21.755949	24.217293	27.143604	29.186604	30.831278	32.404327	31.147682	34.069607	32.654125	34.63348	33.52464	30.131721	29.654535	27.092003	28.064972	25.21174	24.931187	22.14479	23.49455	22.696362	24.701405	26.079996	28.350594	31.911505	33.583244	33.01942	32.47519	28.717598	26.595976	25.053339	21.59405	22.639267	21.652952	22.466902	21.387878	23.94474	25.556908	26.659014	29.067955	31.165611	34.216576	37.340694	40.139847	41.975677	43.54349	44.99158	43.712925	44.52993	41.996216	41.83571	42.40655	44.560272	46.349285	46.246067	45.228027	42.540173	39.86077	36.884293	36.161583	33.249874	33.770123	32.269497	31.155624	33.77926	36.480953	38.757706	36.42133	37.72578	37.878906	37.414917	38.027912	35.27845	37.539642	38.122528	34.391647	33.825897	36.53514	35.118736	31.65787	33.260616	35.692413	33.253822	30.799564	33.64334	34.99851	31.682615	32.139748	28.73554	27.373478	24.31859	22.837297	20.20191	18.540977	19.488285	19.3178	22.289185	24.70402	28.346235	30.391663	33.469986	35.985123	38.482243	36.463737	35.972084	33.67626	30.383883	30.102182	27.135798	25.501377	22.115454	21.088804	20.856546	21.386757	24.992355	25.284414	25.283796	28.985058	29.368864	29.265182	26.959436	28.296963	28.69269	25.186426	23.961195	26.22324	24.801521	21.215588	22.815386	24.928833	22.041939	20.201853	23.541924	24.085638	20.706226	21.643864	25.046465	23.759386	21.720665	25.015856	24.587374	27.258768	27.81189	29.83427	33.3205	34.39888	35.337467	32.989	30.337393	27.790491	25.569818	24.069868	22.830912	22.63686	25.808348	26.805262	28.449451	32.165203	33.30862	35.02177	34.640064	31.403017	31.015995	28.837873	27.063124	24.943264	26.087944	25.661108	26.217442	23.730019	26.85625	30.643799	32.014507	33.99386	34.85661	35.334293	36.303688	33.497707	36.2936	38.285973	35.989105	39.005848	39.26611	38.92749	42.38387	44.48926	45.845997	45.436676	43.595177	43.379974	46.79835	47.39733	49.060993	46.553005	43.68693	45.757984	46.25729	42.6357	41.30773	39.776134	41.349648	44.003777	45.74226	45.813423	48.336388	51.421642	50.366524	50.606598	47.408333	48.326412	46.522194	48.4808	49.69433	51.868927	50.33333	51.695946	52.89339	54.343807	54.830925	53.573715	51.549862	47.767582	45.675022	42.702015	39.388966	38.06432	36.866062	36.54222	38.81765	38.78367	41.947315	42.793625	46.421593	46.679146	50.20818	49.964424	52.4424	50.789013	46.98648	46.840687	43.482906	43.974808	42.45697	43.648396	43.52554	45.103832	47.282654	46.50539	45.299213	41.53689	39.729	36.449852	37.515923	37.968246	34.691708	32.714775	34.643826	35.330025	34.205467	34.37344	35.227592	35.304237
V-23-B	41.82853	40.188965	36.439785	34.56474	31.054329	29.408663	26.254137	25.025318	25.558779	23.745895	25.33096	29.140734	30.00601	27.901144	29.1586	29.227205	30.895664	32.26483	29.799402	30.681274	29.432547	29.104177	28.562405	27.819172	28.057343	24.615978	26.078444	27.693424	25.947823	29.445093	31.282701	33.635624	32.723114	35.63478	34.569847	36.887547	36.86458	35.148518	32.404156	34.184605	31.46926	27.966024	26.363567	27.987856	26.021523	22.686731	21.986055	21.299637	23.917627	26.027561	29.072517	31.451498	33.247566	35.083824	33.936584	36.86192	35.601536	37.791283	36.84229	33.36262	32.88038	30.118898	30.83764	27.749847	27.149487	24.1526	25.019709	23.886538	25.406937	26.641579	28.483574	32.16646	33.57312	33.250607	33.109657	29.436373	27.719156	26.466375	22.940071	23.37732	22.265562	22.501616	21.146954	23.813116	24.947845	26.304268	28.316435	30.435814	33.732494	36.922527	39.54119	41.67143	43.08817	44.27302	42.787212	43.294266	40.532455	40.181767	40.494907	42.727577	44.734264	44.79849	44.074047	41.416378	38.97257	36.028603	35.11742	32.116783	32.768784	31.05236	30.172422	32.58203	35.49834	37.67613	35.45356	36.449696	36.63755	35.91489	36.597256	33.788	35.788956	36.20059	32.50517	31.756918	34.226288	32.78325	29.235584	30.624107	32.917828	30.447924	27.852686	30.533255	31.836655	28.46102	29.15009	25.894548	24.63541	21.447586	20.319056	17.661816	16.567099	17.535301	16.772284	19.562134	22.323942	26.074312	28.402328	31.65948	33.9324	36.51914	34.38365	34.22113	31.967133	28.914154	28.576214	25.352303	23.914364	20.804766	19.94832	19.126738	19.942934	23.517569	23.298769	23.503098	27.211954	27.174341	27.20277	24.812014	25.743698	26.0365	22.684587	21.18035	23.163553	21.882332	18.19704	19.459234	21.550707	18.787563	16.659964	19.892912	20.616709	17.261116	17.980873	21.475924	20.45255	18.386623	21.602777	20.947857	23.51161	24.004944	26.019093	29.505737	30.620264	31.614967	29.360638	26.656721	24.076242	21.797472	20.251333	19.06245	19.025208	22.28176	23.531921	25.298836	29.026869	29.966736	31.514168	31.071733	27.766752	27.383314	25.148024	23.534882	21.54561	22.942644	22.658545	22.931162	20.253836	23.267904	27.050169	28.436583	30.2961	31.168816	31.586006	32.598484	29.823738	32.653618	34.56084	32.20639	35.206234	35.491795	35.22381	38.703316	40.8908	42.266014	41.836132	39.917755	41.25836	44.78776	45.563255	47.41223	44.895424	42.08254	44.377724	44.996445	41.367416	40.278168	39.043667	40.825188	43.28146	44.915897	45.269825	47.922245	50.94393	50.105133	50.615707	47.589794	48.78785	47.202854	49.391254	50.68843	53.07271	51.74086	53.05062	54.484833	55.992268	56.25116	55.03881	52.824703	49.08267	46.82253	43.711792	40.454742	38.801453	37.4701	37.490532	39.77151	40.089478	43.33839	44.475998	48.146618	48.56408	52.157864	52.153156	54.621918	52.787666	48.985382	48.647686	45.17382	45.379623	43.579365	44.57007	44.1956	45.887302	48.280407	47.694317	46.767265	43.0333	41.231167	37.89375	38.611137	38.990032	35.90708	33.718613	35.2885	35.982525	35.18941	35.099747	35.555267	35.352325
E-24-B	45.56055	43.936077	40.200417	38.30961	34.818085	33.215237	30.049694	28.789303	29.209375	27.266315	28.69052	32.461994	33.509174	31.408287	32.81099	32.98846	34.655014	36.03589	33.52258	34.28939	32.96607	32.438103	31.695864	30.666	30.592909	27.029451	28.07993	29.742054	28.359777	31.96406	34.073727	36.25491	35.396084	38.39743	37.422173	39.64528	39.845043	38.326527	35.679817	37.523663	34.88196	31.460886	29.654041	31.204927	29.393194	26.108555	25.108473	24.243322	26.549437	28.765078	31.866049	34.01766	35.819088	37.466686	36.27057	39.205284	37.75274	39.662632	38.48215	35.147156	34.609844	32.132294	33.05271	30.18843	29.932281	27.120863	28.290022	27.312319	28.999378	30.200308	32.111916	35.793465	37.16408	36.684696	36.387524	32.68349	30.77033	29.557592	25.971981	26.613836	25.737385	26.16787	24.926971	27.59802	28.750277	30.033894	32.01705	34.211193	37.505104	40.719147	43.31759	45.430355	46.799118	48.01386	46.465343	46.94439	44.14485	43.669872	43.945564	46.259525	48.30811	48.464863	47.80471	45.17844	42.7707	39.830395	38.86973	35.820015	36.38576	34.53303	33.523	35.778633	38.612827	40.937508	38.86526	39.90249	40.228073	39.523163	40.286327	37.489536	39.41436	39.743214	36.061428	35.26468	37.59791	36.101368	32.537933	33.795986	35.945568	33.400856	30.744926	33.24542	34.41604	30.93198	31.77806	28.703108	27.296963	23.896399	22.72757	19.697355	18.960896	20.450153	19.641748	22.482409	25.461393	29.229742	31.553213	34.924503	37.17836	39.672527	37.34827	37.203346	34.75755	31.753498	31.69236	28.482693	27.313385	24.209085	23.595259	22.740955	23.690674	27.235312	26.8741	27.130743	30.84126	30.616222	30.612835	28.070475	28.741505	29.131334	25.93639	24.130222	25.921803	24.874609	21.128258	21.902851	23.961935	21.358896	18.807018	21.651016	22.523481	19.038395	19.119972	22.587587	21.705038	19.081264	21.93756	21.26563	23.972977	24.8067	26.570345	30.241201	31.30155	32.69525	30.582005	27.559685	25.29052	22.57324	20.974113	19.17763	18.721634	21.552197	22.24617	24.096224	27.731813	28.837786	30.786581	30.286118	27.169128	26.750544	24.865942	22.802908	20.83642	22.128365	22.242424	23.011255	20.289465	23.191008	27.0201	27.97762	30.093126	30.726326	31.412615	32.38307	29.732718	32.729687	34.884624	32.580746	35.467697	35.444195	34.82118	38.22954	40.1803	41.666714	41.519302	39.89063	44.43693	48.01836	48.759586	50.739136	48.31108	45.43873	47.731586	48.486637	44.89394	43.760525	42.60286	44.292473	46.677063	48.41881	48.83446	51.41573	54.499054	53.71059	54.164883	51.112915	52.280895	50.585297	52.73812	54.086155	56.40922	55.019978	56.403057	57.723316	59.158634	59.515675	58.217453	56.05521	52.285503	50.031635	47.01665	43.67989	42.11722	40.936474	40.900707	43.250465	43.434784	46.61414	47.5885	51.21963	51.470577	55.049107	54.89504	57.4272	55.745113	51.93651	51.757442	48.35491	48.720974	47.046116	48.078487	47.81286	49.495167	51.808304	51.159325	50.103012	46.350243	44.543724	41.22146	42.08777	42.515316	39.35069	37.23771	38.93175	39.618572	38.69771	38.644142	39.190895	38.96455
R-25-B	44.913998	43.558712	39.861507	38.260765	34.690575	33.046856	29.704504	28.393774	28.32406	26.277119	27.224598	30.912376	32.350548	30.53991	32.27132	32.68555	34.07724	35.48701	32.865658	33.41088	32.252823	31.45358	30.798721	29.527002	29.52118	26.073933	26.880198	28.126217	26.758257	30.285892	32.613087	34.891518	34.416565	37.633255	37.02414	39.498047	39.85637	38.24712	35.830826	37.968113	35.52355	32.08175	30.481094	31.677559	29.535076	26.50217	25.72244	24.401484	26.622517	29.211767	32.01961	33.99396	35.419918	36.77554	35.219017	37.910736	36.16038	37.99435	36.994602	33.785767	33.63741	31.25553	32.55755	29.83275	29.45832	26.541267	27.717535	26.504576	28.207352	29.053684	31.019238	34.688396	35.91873	35.078224	34.51286	30.799772	28.677916	27.706495	24.015453	24.79073	24.414927	25.263597	24.564116	27.524305	29.068748	30.606447	32.871414	34.73855	37.949516	40.961864	43.781223	45.832153	47.48758	48.675987	47.392994	47.939754	45.19851	45.02392	45.23379	47.29998	49.389168	49.26154	48.464863	45.633076	43.046127	40.101006	39.495728	36.68048	37.52301	36.005947	35.19758	37.719353	40.621975	42.765495	40.430424	41.422306	41.42814	40.596832	41.023712	38.039547	39.937912	40.619164	36.99411	35.97362	38.513634	37.347374	33.704334	34.80101	37.250374	34.99027	32.154606	34.578217	36.109035	32.80178	33.81173	30.65751	29.600742	26.379566	25.434292	22.688128	21.760303	22.775576	21.870333	24.46287	27.302814	31.073652	33.52163	36.739994	38.924587	41.617283	39.544132	39.439465	37.215645	34.151516	33.77047	30.53495	28.957634	25.857534	24.71286	23.83752	24.194946	27.905838	27.618181	27.350708	31.154015	31.02872	30.566067	27.78675	28.67546	29.525415	26.327757	24.405878	26.637115	25.903065	22.127535	22.981129	25.489758	23.135885	20.608028	23.629005	24.869017	21.605553	21.701496	25.339361	24.733143	22.283289	25.101229	24.065256	26.449827	26.866652	28.314035	31.96797	32.633526	33.812973	31.367264	28.453396	26.425732	23.9058	22.844336	21.361988	21.404366	24.15226	24.972794	27.154863	30.723133	31.563467	33.460915	32.62361	29.384066	28.534758	26.381338	24.10051	21.629284	22.303968	21.87781	23.0104	20.799625	24.06201	27.83454	29.058428	31.46508	32.460415	33.44518	34.756584	32.325123	35.470474	37.406345	34.8504	37.54579	37.32517	36.891785	40.41297	42.50825	44.223427	44.215424	42.488316	46.246838	49.777153	50.65272	52.442	49.829914	47.104958	49.425606	49.913322	46.243366	45.198444	43.815998	45.620792	48.2044	49.77316	49.96735	52.644825	55.624786	54.60994	55.029797	51.907837	52.895073	51.2326	53.201603	54.298557	56.465317	54.86702	56.05619	57.251656	58.856388	59.390007	58.272346	56.29393	52.530437	50.50162	47.451218	44.219494	42.843624	41.461636	41.136986	43.234386	43.2365	46.505585	47.398415	51.059616	51.430817	54.909145	54.59222	56.951435	55.2639	51.48171	51.21979	47.843746	48.259495	46.68655	48.001637	47.674698	49.08624	51.407837	50.49308	49.335285	45.618557	43.560883	40.13282	41.06738	41.822273	38.66198	36.41338	38.30997	39.318943	38.43985	38.753113	39.50554	39.632866
I-26-B	42.82808	41.57685	37.828613	36.383488	32.723953	30.758314	27.30343	25.64456	25.531631	23.2165	24.304932	27.9684	29.341808	27.33044	29.17372	29.827604	31.429127	33.13861	30.78005	31.662401	30.857546	30.409697	30.200907	29.319769	29.79692	26.544704	27.784605	28.827328	26.984592	30.321646	32.346416	34.942524	34.529087	37.672382	36.99751	39.623184	39.658215	37.729816	35.146706	37.124966	34.49405	30.892473	29.675858	31.084255	28.694399	25.56358	25.302052	24.304144	26.945023	29.36425	32.109257	34.385765	35.78312	37.338875	35.765594	38.370865	36.75026	38.890816	38.21313	34.887978	34.89463	32.22376	33.35208	30.375181	29.53148	26.321884	26.976627	25.333935	26.570772	27.155792	28.751677	32.500496	33.464516	32.750507	32.49217	28.869257	27.10871	26.45164	22.706846	22.925465	22.54914	23.023062	22.324518	25.477165	26.812132	28.689716	30.768145	32.439472	35.7817	38.722237	41.491592	43.74911	45.427525	46.372242	45.080315	45.418785	42.554886	42.42849	42.413994	44.375114	46.62896	46.46171	45.81385	42.911026	40.42913	37.523895	36.962383	34.23563	35.348995	33.90175	33.442474	35.966118	39.07823	40.973602	38.5548	39.253475	39.07081	37.9692	38.248913	35.14188	36.83479	37.581547	34.038494	32.78581	35.271946	34.285717	30.576008	31.45532	33.98641	31.904055	28.915066	31.213112	32.93336	29.752058	30.961744	27.85785	27.15313	24.07473	23.573898	21.181717	20.488325	21.038908	19.664812	21.861565	24.749315	28.527592	31.229992	34.42144	36.361378	39.23909	37.300404	37.470573	35.497284	32.60812	31.911184	28.506498	26.788393	23.969002	22.599895	21.284178	21.472612	25.192684	24.592066	24.18758	27.999973	27.659119	27.082949	24.194014	24.959335	25.920774	22.822256	20.740866	23.038418	22.521593	18.741179	19.516861	22.246235	20.137033	17.595684	20.705904	22.232286	19.248684	19.393276	23.144766	22.86481	20.748825	23.57255	22.178656	24.215033	24.207502	25.587433	29.130474	29.655567	30.578766	27.983994	25.239454	23.16741	20.915825	20.141937	19.150955	19.771818	22.722157	24.080149	26.465185	30.049328	30.517807	32.04623	31.03711	27.595387	26.568214	24.061035	22.051441	19.444136	20.129133	19.356827	20.11989	18.002707	21.411268	25.13234	26.723942	29.02616	30.321268	31.253687	32.778397	30.424583	33.57429	35.207237	32.468533	35.104504	34.97008	34.866306	38.489624	40.839043	42.608616	42.498775	40.520542	43.626247	47.174236	48.266087	50.04409	47.31216	44.744404	47.243977	47.63645	43.929874	43.144794	41.867626	43.922153	46.45839	47.805847	48.095146	50.941147	53.78239	52.82054	53.468407	50.477234	51.62201	50.208233	52.296055	53.327663	55.62639	54.13932	55.16851	56.564213	58.3184	58.68582	57.722515	55.641132	51.932323	49.862984	46.64744	43.552666	41.958347	40.31712	40.167625	42.12156	42.394573	45.79703	46.97175	50.695408	51.328697	54.825386	54.71722	56.96828	55.05189	51.285484	50.753338	47.260235	47.382404	45.562706	46.81008	46.20172	47.59227	50.12651	49.292023	48.38814	44.723286	42.57552	39.055676	39.657284	40.46107	37.50708	35.000957	36.62677	37.780678	37.249428	37.49769	37.978188	38.054264
K-27-B	45.880577	44.551395	40.764973	39.225994	35.578697	33.486588	30.076092	28.220293	28.297047	25.789267	27.1023	30.712135	31.965336	29.6621	31.491598	32.24848	34.148365	36.028927	33.85646	34.9597	34.18811	33.912933	33.71313	32.91684	33.33119	29.998018	31.227709	32.42829	30.663897	34.044643	36.041737	38.599377	38.060867	41.134853	40.30372	42.79916	42.76355	40.876274	38.14727	39.92543	37.126995	33.504414	32.20377	33.8848	31.67592	28.369081	28.004158	27.287539	29.9504	32.173862	35.108177	37.457645	39.05077	40.706116	39.265087	41.963707	40.38763	42.474297	41.663643	38.34025	38.184097	35.558926	36.58006	33.580345	32.84991	29.69658	30.340874	28.749073	29.875547	30.503376	31.912266	35.69359	36.542248	35.973667	35.90503	32.338226	30.727257	30.138521	26.402008	26.443937	25.975351	26.15465	25.20669	28.274452	29.247274	31.10223	32.86402	34.690666	38.16722	41.209522	43.7922	46.20561	47.68193	48.51005	46.989395	47.116558	44.09268	43.6898	43.518093	45.641098	48.03038	48.103195	47.70689	44.913837	42.650642	39.780876	38.97815	36.113693	37.151093	35.40729	34.93207	37.156017	40.301132	42.280766	40.103275	40.670998	40.690807	39.49905	39.96934	36.912025	38.40092	38.88357	35.377804	34.059536	36.227406	35.103527	31.382208	32.07107	34.310402	32.09814	29.045788	31.100065	32.588516	29.271767	30.704273	27.874706	27.058716	23.747402	23.405289	20.741371	20.670486	21.661684	19.967136	22.105131	25.346462	29.158295	31.966705	35.35643	37.149944	39.949905	37.760574	38.124096	36.003223	33.313828	32.852783	29.34626	28.04004	25.392805	24.44323	22.832403	23.45347	27.031721	26.038782	25.960346	29.697596	28.951378	28.579884	25.647356	25.878078	26.698498	23.865759	21.44823	23.242556	22.925861	19.115463	19.229311	21.770975	19.855902	16.82035	19.446253	21.145935	18.104734	17.571917	21.301458	21.30381	18.77987	21.21929	19.664896	21.732342	21.996325	23.199017	26.891382	27.464176	28.794836	26.459738	23.390728	21.51908	18.816021	17.895212	16.407793	16.807915	19.471169	20.608713	23.140383	26.643677	27.083506	28.782253	27.71094	24.369934	23.35366	21.104588	18.862827	16.415535	17.331114	17.136309	18.035898	15.603323	18.783361	22.570871	23.782288	26.16695	27.232355	28.295504	29.78083	27.528395	30.807217	32.587433	29.883522	32.442455	32.114044	31.761738	35.335793	37.549713	39.38585	39.452538	37.650185	44.275078	47.92462	49.05933	51.078686	48.459217	45.851185	48.461967	49.084938	45.43141	44.727043	43.72942	45.79672	48.117992	49.52443	50.07049	52.907463	55.7794	55.03392	55.798965	52.9052	54.22846	52.847103	55.08339	56.26494	58.67764	57.31941	58.4278	59.907383	61.59347	61.855522	60.806114	58.606236	54.896973	52.679768	49.466408	46.31602	44.561127	43.012646	43.08495	45.16464	45.57997	48.951466	50.189583	53.902336	54.4726	58.024986	57.98879	60.329563	58.42069	54.639534	54.139828	50.62622	50.696037	48.787056	49.87254	49.228256	50.75268	53.33768	52.641834	51.825233	48.152424	46.08751	42.58931	43.097656	43.787605	40.876095	38.370995	39.83369	40.876297	40.40782	40.43651	40.7158	40.527035
E-28-B	48.104374	46.918804	43.177162	41.760044	38.098312	36.102524	32.616497	30.836754	30.576654	28.04681	28.93346	32.46065	34.06498	32.025005	34.08477	34.95428	36.608757	38.414955	36.074387	36.890907	36.08329	35.46106	35.103333	33.939304	34.129673	30.77772	31.571442	32.589443	31.126972	34.534237	36.851852	39.298138	38.999123	42.25337	41.698345	44.25636	44.50375	42.739735	40.23554	42.264275	39.665825	36.106373	34.716885	36.10226	33.836796	30.715868	30.196177	29.061687	31.434795	33.957775	36.768272	38.833565	40.216396	41.558548	39.890404	42.45906	40.585674	42.405037	41.519203	38.39028	38.403	36.050972	37.423904	34.67722	34.153786	31.104214	32.021526	30.483372	31.823309	32.301655	33.88052	37.622993	38.444775	37.539925	37.14313	33.54634	31.627579	31.129635	27.340673	27.698519	27.635326	28.256493	27.675833	30.853971	32.142235	34.00599	35.99689	37.72526	41.109	44.063465	46.793736	49.095703	50.724163	51.629143	50.25059	50.47927	47.51781	47.237392	47.08827	49.121956	51.49735	51.44101	50.935074	48.04811	45.65129	42.76601	42.150425	39.379158	40.458374	38.840626	38.309513	40.642406	43.727867	45.74646	43.492287	44.154022	44.096558	42.92835	43.2709	40.143982	41.656693	42.30844	38.818115	37.42544	39.688354	38.692616	34.949127	35.564938	37.903908	35.789154	32.67392	34.644573	36.23628	32.96726	34.474255	31.651224	30.860321	27.545004	27.126312	24.367128	24.168724	25.241552	23.696278	25.873905	29.063215	32.874123	35.65415	39.002167	40.838615	43.65796	41.503136	41.79386	39.640472	36.85987	36.425407	32.969643	31.56013	28.795094	27.695452	26.239159	26.610865	30.278635	29.406797	29.067877	32.852394	32.18307	31.541801	28.449295	28.766727	29.888544	27.095188	24.579859	26.555357	26.4444	22.64048	22.685623	25.380747	23.597366	20.516075	23.036558	24.864843	21.843222	21.114464	24.810856	24.887554	22.173628	24.412973	22.80578	24.813158	25.103027	25.966331	29.704138	30.006216	31.450134	29.031647	25.88249	24.397024	21.608494	20.967173	19.286287	19.58576	21.820452	22.52418	25.202076	28.54582	29.010725	30.990028	29.723064	26.52524	25.254251	23.176228	20.473837	17.756819	18.040295	17.766552	19.394604	17.414959	20.653362	24.339043	25.358503	28.103577	29.186821	30.615421	32.22576	30.194519	33.608963	35.446774	32.69266	35.048695	34.393135	33.88068	37.422634	39.506504	41.531994	41.878242	40.256275	47.99557	51.626118	52.755836	54.713413	52.055122	49.45985	52.02612	52.570847	48.89357	48.135395	46.991856	49.01105	51.445442	52.865616	53.268585	56.08344	58.965733	58.082672	58.73017	55.737057	56.88791	55.400448	57.47431	58.54416	60.794907	59.248306	60.31591	61.60801	63.323837	63.788773	62.767403	60.733925	56.99791	54.931515	51.785084	48.618706	47.07941	45.551662	45.372356	47.374393	47.540974	50.898445	51.93305	55.62855	56.122177	59.600574	59.336517	61.628647	59.851917	56.08151	55.67943	52.248898	52.505177	50.78638	52.084507	51.53433	52.893406	55.385685	54.472614	53.46203	49.790157	47.59529	44.06826	44.77855	45.67744	42.67405	40.195473	41.91465	43.107243	42.50441	42.78875	43.31578	43.347847
R-29-B	45.955143	45.019997	41.309868	40.188343	36.464733	34.30238	30.686403	28.727352	28.093287	25.394234	25.977613	29.375603	31.215517	29.318993	31.647915	32.793697	34.330746	36.287357	34.03627	34.868225	34.374878	33.772213	33.727596	32.645935	33.160946	30.041275	30.93639	31.558758	29.834375	33.030895	35.279987	37.953747	37.94008	41.261105	40.90868	43.701202	43.86304	41.8701	39.447155	41.570568	39.02836	35.40629	34.36761	35.61481	33.024864	30.060932	29.958885	28.722765	31.243732	33.88173	36.44339	38.55308	39.667767	40.935028	39.041424	41.382843	39.418564	41.3745	40.818287	37.71306	38.06529	35.60663	37.097595	34.31073	33.4446	30.202381	30.821568	28.920088	29.995066	30.079004	31.470825	35.19762	35.769295	34.686394	34.275146	30.766562	28.936499	28.799484	24.978178	25.100193	25.398352	26.097948	25.91219	29.322332	30.758858	32.936394	35.012707	36.394394	39.746197	42.494858	45.338547	47.68036	49.517242	50.280754	49.10361	49.28882	46.338444	46.31552	46.028217	47.81	50.267227	49.973408	49.43045	46.37689	43.913292	41.06732	40.73799	38.206383	39.602425	38.281654	38.061874	40.58248	43.79697	45.55056	43.06943	43.56145	43.17657	41.80512	41.825832	38.533737	39.927887	40.87385	37.49193	35.85198	38.240658	37.584473	33.795967	34.210075	36.807938	35.011635	31.745562	33.615753	35.56512	32.531586	34.18926	31.325756	30.95318	27.89471	27.79526	25.441128	25.131374	25.643524	23.897959	25.711172	28.73679	32.498543	35.439484	38.621487	40.295265	43.327847	41.452583	41.877193	40.02411	37.279995	36.459995	32.948635	31.18228	28.574974	27.018726	25.390728	25.252625	28.969633	28.037832	27.251316	31.0448	30.378672	29.345602	26.07638	26.524864	28.035297	25.318157	22.719343	25.055424	25.252588	21.521488	21.655962	24.733746	23.239658	20.3197	23.024364	25.15396	22.46075	21.931213	25.73501	26.058674	23.740763	26.057985	24.12901	25.733175	25.465351	26.131987	29.715494	29.671003	30.713612	27.95006	25.080055	23.710978	21.35431	21.265411	20.212385	21.173613	23.553112	24.7224	27.60437	30.931692	31.039366	32.69055	31.16634	27.771246	26.156141	23.642536	21.095263	17.972359	17.767073	16.689672	18.291313	16.865797	20.445402	23.990995	25.515306	28.322115	29.8708	31.389154	33.32398	31.444715	34.881836	36.36423	33.36526	35.579445	34.91988	34.799587	38.46345	40.819332	42.97546	43.279755	41.403866	47.437828	51.010548	52.328728	54.113453	51.269165	48.870518	51.52079	51.8095	48.075813	47.50582	46.247852	48.460358	51.009922	52.187096	52.46646	55.42275	58.14776	57.12649	57.861683	54.898247	55.99779	54.673855	56.674965	57.52941	59.736897	58.11654	58.956676	60.274025	62.184628	62.671688	61.866386	59.907562	56.221394	54.29592	51.047558	48.04557	46.524826	44.728752	44.44611	46.18416	46.375504	49.84791	50.98313	54.717377	55.443844	58.852554	58.60664	60.70993	58.798145	55.07032	54.455513	50.992016	51.11225	49.334213	50.78038	50.038746	51.192	53.792603	52.74832	51.81831	48.2219	45.822903	42.200367	42.763733	43.903893	41.042698	38.35465	40.04773	41.52743	41.14553	41.641758	42.16325	42.416153
V-30-B	46.379147	45.4093	41.64819	40.517273	36.776196	34.348755	30.747011	28.464304	28.028173	25.077435	26.010086	29.347616	30.952478	28.679377	30.990133	32.309162	34.217533	36.459454	34.528797	35.756363	35.469753	35.256023	35.471188	34.741894	35.499226	32.416634	33.638092	34.3493	32.372086	35.50237	37.482876	40.304596	40.154537	43.335682	42.76545	45.523735	45.404408	43.252876	40.59733	42.442047	39.656216	35.93961	35.06459	36.656296	34.086655	30.92851	31.045511	30.245516	33.045784	35.398327	38.082134	40.458347	41.74914	43.270332	41.530827	43.939014	42.16699	44.315315	43.837456	40.612583	40.86532	38.216137	39.447178	36.453285	35.388794	32.02622	32.321297	30.249838	30.96382	30.99545	32.0152	35.79361	36.152576	35.344658	35.329147	31.937534	30.504204	30.524223	26.733177	26.368954	26.463503	26.640907	26.190786	29.584541	30.587046	32.911797	34.618217	36.006363	39.52055	42.306053	44.95149	47.527306	49.200447	49.732414	48.370537	48.27509	45.14686	44.944088	44.416573	46.25389	48.8921	48.764614	48.501987	45.51436	43.29804	40.514713	40.008278	37.43028	38.91177	37.42204	37.400303	39.694386	43.03938	44.69049	42.34538	42.56593	42.223186	40.639286	40.727386	37.42981	38.550945	39.318428	36.029068	34.227467	36.332436	35.678516	31.873178	32.023495	34.441334	32.67407	29.299631	30.90901	32.802547	29.785498	31.704557	29.088213	28.8778	25.815638	26.112255	23.877497	24.09411	24.57399	22.370747	23.844849	27.080782	30.818726	33.95645	37.22893	38.641167	41.710815	39.761223	40.482445	38.702526	36.22274	35.371014	31.724037	30.171818	27.884264	26.511606	24.442833	24.531317	28.095613	26.703962	26.108824	29.808453	28.719097	27.813848	24.500055	24.452776	25.882261	23.447994	20.53726	22.50787	22.98658	19.298332	18.895859	21.955788	20.804688	17.613976	19.985876	22.409473	19.958912	19.04185	22.82276	23.557732	21.298313	23.324997	21.064497	22.37424	21.94439	22.428116	26.003237	25.896435	27.01904	24.334322	21.365406	20.100466	17.660097	17.742744	16.80366	18.102207	20.39889	21.84925	24.913454	28.159286	27.969948	29.412537	27.74534	24.278023	22.54621	19.914019	17.462996	14.321387	14.30563	13.335761	14.677373	13.076958	16.653393	20.21781	21.799736	24.55444	26.183374	27.71658	29.769146	28.016996	31.49935	32.83865	29.75037	31.872055	31.178732	31.157051	34.85286	37.310112	39.515648	39.826874	37.876427	45.609207	49.246517	50.716557	52.65809	49.836594	47.510838	50.334747	50.73475	47.034885	46.678463	45.69734	48.056957	50.407494	51.49307	52.023586	55.06255	57.722225	56.90677	57.86835	55.069164	56.409122	55.265255	57.46326	58.41093	60.80198	59.377148	60.19979	61.72594	63.65588	63.93141	63.14032	61.007626	57.360146	55.27965	51.93628	48.976715	47.189884	45.321007	45.336834	47.102287	47.590374	51.10656	52.47858	56.2377	57.073326	60.546864	60.517277	62.640316	60.582973	56.852478	56.09865	52.54358	52.430088	50.4186	51.661423	50.728455	52.003235	54.766888	53.919903	53.23334	49.66285	47.31946	43.684647	43.959892	44.982178	42.285244	39.473286	40.842422	42.273552	42.144833	42.39353	42.579407	42.577785
E-31-B	50.112343	49.09686	45.331074	44.115414	40.39105	38.034702	34.460213	32.228798	31.83023	28.88586	29.774586	33.07942	34.740723	32.46335	34.777714	36.080822	38.00742	40.21029	38.218945	39.364285	38.945995	38.598045	38.61198	37.68321	38.181267	34.964584	35.9222	36.736427	35.037086	38.28263	40.456776	43.127613	42.95613	46.191425	45.634285	48.296448	48.33215	46.34239	43.713825	45.584362	42.81269	39.13658	38.043293	39.6394	37.22308	34.025425	33.86134	32.98145	35.59767	37.998505	40.790066	43.035206	44.390503	45.813175	44.079395	46.538273	44.64988	46.58543	45.900303	42.77077	42.93386	40.480618	41.81737	38.954212	38.162292	34.9335	35.484825	33.59514	34.49595	34.620907	35.74576	39.520317	39.917965	39.043358	38.91748	35.497368	33.90864	33.863445	30.050705	29.898592	30.03748	30.329304	29.82756	33.158993	34.14528	36.33883	38.018597	39.55331	43.082195	45.940804	48.548687	51.112324	52.70738	53.285656	51.829792	51.716125	48.55261	48.200195	47.669273	49.619476	52.274986	52.27019	52.070194	49.143127	46.971436	44.181084	43.569374	40.894554	42.242035	40.584393	40.402832	42.559925	45.83703	47.645813	45.44758	45.729965	45.556553	44.028767	44.250923	41.006805	42.100372	42.733395	39.436127	37.671898	39.63484	38.862602	35.07704	35.185104	37.41041	35.525837	32.173332	33.648445	35.33609	32.215614	34.207146	31.751244	31.337412	28.087254	28.276777	25.726818	26.169353	27.088717	24.939013	26.563717	29.96167	33.718185	36.809696	40.201927	41.6361	44.593502	42.448692	43.162804	41.188232	38.733223	38.145264	34.5105	33.212013	30.859594	29.74973	27.740002	28.068613	31.603775	30.168245	29.74639	33.421062	32.222897	31.416626	28.103283	27.837982	29.201754	26.892878	23.879887	25.555775	26.092932	22.41873	21.682465	24.521156	23.41827	19.981506	21.942709	24.358425	21.792273	20.374908	24.019577	24.840569	22.151266	23.794704	21.55023	22.953289	22.904264	23.114283	26.811035	26.671047	28.245989	25.828814	22.565195	21.670002	18.803335	18.775915	17.203264	18.051878	19.778675	20.638971	23.82176	26.878424	26.773434	28.596966	26.834509	23.620934	21.827745	19.669725	16.686073	13.6233015	13.401185	13.132903	15.165858	13.560628	16.775951	20.282278	21.262552	24.294891	25.621552	27.461128	29.458832	27.890177	31.50613	33.074543	30.078941	32.044125	31.009987	30.59581	34.1813	36.37278	38.70471	39.325294	37.68852	48.54889	52.23664	53.652115	55.73129	53.011105	50.603874	53.418915	53.97286	50.30655	49.884216	48.98477	51.25121	53.52948	54.738716	55.347496	58.319275	61.05654	60.309776	61.22583	58.400723	59.74186	58.49255	60.693375	61.721943	64.09026	62.640347	63.55583	65.005936	66.85703	67.19281	66.303055	64.18253	60.497498	58.383698	55.10976	52.05326	50.307682	48.5846	48.59123	50.466496	50.867256	54.327515	55.57988	59.31718	60.002697	63.488495	63.357105	65.5599	63.62389	59.87305	59.26109	55.749825	55.766773	53.84248	55.08396	54.25748	55.5726	58.26929	57.40523	56.616707	53.01102	50.699482	47.08637	47.4922	48.49717	45.708195	42.985275	44.44587	45.808834	45.54652	45.769077	46.013535	45.942627
E-32-B	50.23369	49.455532	45.75565	44.781017	41.03005	38.696476	35.02381	32.81211	31.985443	29.007113	29.406384	32.557766	34.592663	32.63827	35.225212	36.70622	38.346325	40.526173	38.440178	39.3521	39.05326	38.45199	38.5032	37.355717	37.85893	34.777687	35.478905	35.945187	34.336826	37.45894	39.810658	42.499905	42.654102	46.039402	45.79642	48.622807	48.824142	46.81175	44.40601	46.51833	43.941113	40.290047	39.30697	40.598186	37.979115	35.012337	34.944668	33.71178	36.188614	38.857716	41.415413	43.470116	44.52059	45.669575	43.658417	45.885876	43.74591	45.552376	45.002632	42.044544	42.515465	40.209488	41.851326	39.160023	38.33656	35.102604	35.698116	33.686573	34.619255	34.451252	35.624027	39.330647	39.603184	38.382378	37.984108	34.612137	32.844433	33.03808	29.223192	29.200779	29.804085	30.470139	30.430653	33.926918	35.24418	37.574654	39.499477	40.787567	44.20669	46.88757	49.679127	52.149506	53.981846	54.57177	53.352863	53.334064	50.25432	50.159306	49.619255	51.35994	54.010918	53.7579	53.412342	50.32592	47.991604	45.20768	44.900436	42.42437	43.95029	42.56415	42.47844	44.854782	48.145477	49.851627	47.450066	47.75165	47.341507	45.76175	45.71581	42.3465	43.444805	44.379456	41.134743	39.23172	41.3823	40.873768	37.059303	37.08134	39.551872	37.89625	34.45855	35.90249	37.866352	34.906994	36.944027	34.394604	34.180843	31.06705	31.27573	28.857595	29.01926	29.689022	27.623686	29.17711	32.407307	36.14787	39.2659	42.523903	43.956593	47.0382	45.089096	45.764244	43.92099	41.36418	40.581177	36.969364	35.366848	32.957153	31.488035	29.570171	29.45524	33.086468	31.791191	30.948673	34.658684	33.604084	32.405174	28.934805	28.901672	30.663122	28.361792	25.346394	27.40236	28.137217	24.505342	23.947136	27.071152	26.083721	22.808628	24.947067	27.486254	25.026539	23.798155	27.496788	28.339071	25.783117	27.511732	25.19415	26.428816	26.101234	26.096357	29.679565	29.19854	30.531338	27.844313	24.78809	24.14026	21.578325	21.96023	20.688908	21.763401	23.431927	24.285261	27.537327	30.51224	30.302252	32.10044	30.148664	26.9448	24.8746	22.590117	19.53723	16.171993	15.15955	14.182883	16.673504	15.837848	19.2228	22.484474	23.674984	26.905027	28.510107	30.564726	32.774662	31.377596	35.028297	36.438023	33.31171	35.100647	33.915375	33.649437	37.25457	39.505917	41.99015	42.72226	41.047504	50.925156	54.553337	56.038395	57.94496	55.089417	52.78479	55.58288	55.91971	52.200035	51.80581	50.698105	53.01449	55.46637	56.565098	56.966766	59.988586	62.6549	61.705627	62.556454	59.65877	60.821156	59.569107	61.593113	62.41332	64.62284	62.984257	63.745487	65.05657	67.031654	67.540436	66.79136	64.84823	61.173588	59.26077	55.98987	53.012856	51.454384	49.60922	49.357327	51.030666	51.245087	54.74563	55.889633	59.626278	60.37889	63.76246	63.466606	65.52252	63.617825	59.90711	59.25734	55.802418	55.89423	54.096214	55.58165	54.73916	55.81335	58.48039	57.377316	56.477577	52.92276	50.415985	46.74968	47.239986	48.52233	45.741913	42.951797	44.59783	46.212097	45.94995	46.4819	46.927917	47.154926
K-33-B	48.769073	48.153675	44.46848	43.705765	39.929546	37.340034	33.622913	31.115658	30.13845	26.920233	27.2874	30.251184	32.30203	30.249	33.005695	34.787067	36.547024	38.990818	37.184105	38.340977	38.39153	38.049736	38.475975	37.616882	38.490726	35.603153	36.587845	36.85725	34.912384	37.831078	39.941353	42.86723	43.120018	46.44356	46.197647	49.151733	49.11548	46.85523	44.374043	46.37208	43.702682	39.977192	39.335583	40.727287	37.918316	34.967106	35.30467	34.270206	36.999146	39.557625	42.011967	44.25603	45.23495	46.49743	44.446095	46.55952	44.503216	46.53525	46.265762	43.24266	43.86699	41.361877	42.9009	40.056274	38.882133	35.465317	35.658573	33.318027	33.84004	33.364864	34.160088	37.850296	37.803223	36.634716	36.48375	33.28351	31.855412	32.40038	28.629652	28.134247	28.859972	29.256023	29.34273	32.94308	34.096115	36.706573	38.459618	39.49188	42.954388	45.489414	48.226524	50.850838	52.725998	53.07296	51.897926	51.682728	48.525673	48.51662	47.73881	49.3125	52.114788	51.784756	51.579815	48.427967	46.207485	43.510086	43.309875	41.001892	42.792667	41.534023	41.781555	44.146896	47.581905	49.0307	46.558247	46.581074	45.960777	44.12135	43.87777	40.410885	41.24765	42.290936	39.21176	37.046043	39.102234	38.85884	35.04341	34.753983	37.290466	35.91482	32.34348	33.53418	35.721054	32.990425	35.262848	32.855133	33.039295	30.154491	30.79013	28.746267	29.091234	29.358501	26.956327	28.046469	31.217697	34.857353	38.164867	41.322533	42.47725	45.711937	43.940456	44.871662	43.29792	40.929356	39.862366	36.171997	34.45355	32.358364	30.696032	28.447613	28.09881	31.616817	30.03292	28.978971	32.581696	31.28936	29.873142	26.284044	26.038736	28.049425	26.03263	22.820852	24.89508	26.03792	22.58349	21.784437	25.1158	24.570467	21.359764	23.380953	26.245192	24.206526	22.955498	26.635456	27.845781	25.649675	27.274391	24.606722	25.361526	24.516499	24.242878	27.63058	26.823729	27.84724	24.94335	22.114573	21.678654	19.497755	20.43507	19.754568	21.463974	23.183311	24.539597	27.961622	30.87072	30.247477	31.640274	29.451174	26.087862	23.72114	21.045076	18.263817	14.631885	13.252935	11.494514	13.834801	13.548048	17.124006	20.181973	21.842878	25.042412	27.069584	29.164608	31.668873	30.46447	34.105694	35.14247	31.808525	33.418747	32.236412	32.36066	36.0528	38.572952	41.153942	41.826965	39.909237	49.285145	52.885662	54.588814	56.44782	53.482594	51.377197	54.321095	54.533188	50.811977	50.679874	49.65608	52.18406	54.59158	55.456562	55.91388	59.073566	61.577564	60.654163	61.700237	58.93269	60.199352	59.176964	61.26345	61.98644	64.27375	62.711216	63.299362	64.758606	66.87794	67.2654	66.67958	64.68413	61.078613	59.174152	55.783688	52.958443	51.258183	49.190025	49.047516	50.54567	50.96016	54.554268	55.91401	59.68251	60.665855	64.03488	63.893913	65.82683	63.735928	60.062214	59.175896	55.649807	55.497395	53.51773	54.974262	53.88202	54.881527	57.71666	56.650314	55.965984	52.493988	49.892323	46.17032	46.371857	47.741577	45.178726	42.183224	43.59873	45.374794	45.423744	45.949173	46.186882	46.4168
E-34-B	50.22915	49.474735	45.7387	44.84019	41.0816	38.364643	34.724762	32.059704	31.40952	28.099287	28.879787	31.849888	33.587654	31.180378	33.77954	35.564762	37.663113	40.25503	38.656403	40.105793	40.170662	40.109657	40.592304	39.954933	40.874187	37.9002	39.091476	39.596497	37.56097	40.544563	42.49439	45.444595	45.470554	48.67089	48.172916	51.00997	50.793415	48.503914	45.80891	47.555107	44.676064	40.90722	40.2492	41.95507	39.29127	36.132	36.465366	35.785187	38.666397	40.975574	43.623367	46.054546	47.278152	48.768818	46.921852	49.193115	47.31651	49.44952	49.098087	45.95562	46.36566	43.746426	45.048233	42.053944	40.867207	37.4276	37.510345	35.195213	35.572746	35.239433	35.84601	39.58004	39.489094	38.622658	38.782604	35.62271	34.44062	34.918056	31.164005	30.43896	30.841501	30.826475	30.543839	34.024773	34.783524	37.367825	38.79084	39.968803	43.563747	46.210175	48.732334	51.524403	53.174133	53.3899	51.97878	51.546593	48.24377	47.972454	47.045914	48.767975	51.684147	51.599293	51.64935	48.63327	46.653263	43.99821	43.531662	41.09384	42.815804	41.302204	41.584785	43.676807	47.153492	48.61929	46.361904	46.22817	45.781075	43.854965	43.804504	40.41831	41.069607	41.828815	38.801197	36.61206	38.350605	37.970264	34.186058	33.739906	35.981003	34.51369	30.93172	31.892002	33.859108	31.073267	33.52462	31.39384	31.558352	28.602922	29.461569	27.394453	28.22313	28.672024	26.001038	26.920925	30.29938	33.901516	37.288708	40.571056	41.55822	44.720734	42.778053	43.90947	42.28574	40.142406	39.209602	35.45349	34.067562	32.183662	30.855833	28.35096	28.387762	31.738043	29.818298	29.118355	32.609623	30.966743	29.84117	26.330328	25.587238	27.337175	25.574444	22.165667	23.705036	24.983738	21.606445	20.258383	23.354586	23.055428	19.586044	21.111994	24.123146	22.244942	20.514565	24.043442	25.576256	23.30581	24.531162	21.657488	22.203981	21.415085	20.916082	24.35087	23.561455	24.894625	22.247532	19.157606	18.91456	16.441486	17.42513	16.593046	18.39289	19.809414	21.210236	24.759968	27.518288	26.691769	28.01802	25.722576	22.395334	19.950186	17.356686	14.475901	10.848073	9.621541	8.393128	10.764266	10.168282	13.572837	16.689022	18.137827	21.369741	23.30747	25.47757	28.012936	26.95018	30.642572	31.669916	28.338364	29.854073	28.562637	28.601572	32.276653	34.77769	37.396	38.1421	36.28024	48.18365	51.852226	53.605858	55.66928	52.81103	50.694138	53.743164	54.15677	50.499126	50.469044	49.725407	52.287693	54.477196	55.36471	56.081593	59.24456	61.75613	61.063004	62.256805	59.613613	61.095272	60.149384	62.423416	63.312183	65.765144	64.38958	65.06232	66.67817	68.73025	68.93914	68.27198	66.105034	62.508205	60.42113	56.998016	54.13777	52.22153	50.208645	50.34223	51.973633	52.608864	56.19097	57.694527	61.46999	62.441853	65.895	65.91753	67.94913	65.79803	62.09915	61.19374	57.605507	57.32858	55.189873	56.42275	55.261776	56.44748	59.365063	58.512466	57.984093	54.495102	52.023907	48.329395	48.37552	49.54647	47.044777	44.04412	45.223904	46.83607	46.98468	47.229084	47.20803	47.14506
G-35-B	53.24473	52.344177	48.580185	47.489635	43.749	41.18339	37.586884	35.08542	34.600235	31.41226	32.268024	35.352535	37.054874	34.640232	37.112705	38.709072	40.809784	43.260635	41.506474	42.840073	42.64914	42.441757	42.64025	41.80548	42.422108	39.26293	40.238804	40.94909	39.18984	42.351498	44.483734	47.24792	47.15845	50.391903	49.8432	52.542156	52.486366	50.399338	47.707657	49.47747	46.60778	42.884335	41.92931	43.651867	41.19005	37.952827	37.93556	37.189808	39.891644	42.226505	45.025974	47.339863	48.689312	50.12817	48.35266	50.746517	48.81389	50.754898	50.141304	47.04878	47.28531	44.832787	46.17995	43.289993	42.409756	39.118023	39.509525	37.456047	38.118996	38.031147	38.869476	42.632214	42.73909	41.86853	41.89716	38.621838	37.22401	37.463116	33.663334	33.24358	33.531364	33.641396	33.19013	36.57243	37.34729	39.708107	41.158363	42.58575	46.193066	48.985645	51.483166	54.21521	55.758923	56.113995	54.584206	54.217884	50.91606	50.470974	49.65994	51.56561	54.418427	54.48628	54.530407	51.607327	49.624256	46.919083	46.287674	43.676533	45.165703	43.446903	43.464333	45.44435	48.8132	50.5091	48.40595	48.43576	48.22828	46.468315	46.63761	43.34982	44.116886	44.693924	41.570137	39.560143	41.23517	40.608063	36.845024	36.55388	38.605515	36.89142	33.417015	34.437977	36.113953	33.13362	35.488194	33.398907	33.212383	30.020248	30.605274	28.164518	29.085838	30.008804	27.516838	28.762188	32.28303	35.946045	39.2074	42.62944	43.76424	46.76372	44.58783	45.60012	43.713123	41.516613	40.903667	37.187798	36.05203	33.989212	32.955776	30.625381	30.978968	34.36349	32.544216	32.1132	35.645546	34.047997	33.154896	29.737062	28.971651	30.480173	28.626116	25.289677	26.605652	27.646399	24.182121	22.788326	25.579937	25.045893	21.408302	22.732756	25.519053	23.353416	21.32804	24.740887	26.133715	23.425354	24.427006	21.76525	22.628796	22.411615	21.922983	25.512903	24.946812	26.765408	24.49458	21.119526	20.943272	17.997461	18.50514	16.917458	18.038164	19.011526	19.745401	23.280443	25.918476	25.343555	27.125559	24.910809	21.871355	19.595104	17.622646	14.259943	11.009002	10.007562	10.082055	12.810159	11.778696	14.605828	17.738045	18.407032	21.777113	23.203156	25.519562	27.815968	26.770388	30.52986	31.91356	28.79344	30.309132	28.81343	28.352312	31.882	34.044018	36.675182	37.647545	36.132572	50.421234	54.141323	55.745335	57.944023	55.2228	52.94491	55.922905	56.52535	52.896767	52.69952	52.001102	54.403828	56.541008	57.629974	58.405132	61.45792	64.10432	63.476646	64.56721	61.860867	63.330357	62.218994	64.501755	65.521065	67.95787	66.56769	67.401245	68.93407	70.8546	71.12046	70.295944	68.124275	64.46979	62.319984	58.98663	55.984856	54.118744	52.31006	52.436806	54.249485	54.78008	58.28555	59.646297	63.398903	64.17011	67.65859	67.58485	69.74593	67.74007	64.00246	63.289894	59.74406	59.63696	57.603897	58.805855	57.8212	59.10993	61.9216	61.08535	60.420906	56.860325	54.482014	50.828114	51.064022	52.137035	49.477966	46.626663	47.933353	49.39039	49.321556	49.498203	49.569126	49.411507
I-36-B	52.303272	51.166367	47.36271	46.034107	42.3467	39.82518	36.354713	33.9208	33.844444	30.78168	32.065792	35.31	36.655983	34.00871	36.170788	37.52132	39.823956	42.220078	40.511066	42.001118	41.65877	41.64831	41.77935	41.12708	41.720203	38.46308	39.65838	40.675415	38.851967	42.11161	44.081936	46.800716	46.41238	49.495255	48.67004	51.204716	51.01344	48.972317	46.109535	47.668858	44.66069	40.951508	39.88491	41.844902	39.59035	36.187378	36.066364	35.622654	38.410877	40.495815	43.474678	45.933727	47.542503	49.21521	47.699535	50.29474	48.602657	50.656273	49.92349	46.683857	46.643265	44.067173	45.13307	42.112232	41.272064	38.020584	38.39324	36.494106	37.168724	37.383068	38.23637	42.033573	42.320084	41.759945	41.988403	38.656155	37.37585	37.345303	33.57594	33.1097	32.965145	32.787975	31.924126	35.108276	35.617317	37.7973	39.054096	40.71837	44.383827	47.335785	49.674965	52.442112	53.771915	54.163567	52.437473	52.040573	48.70654	48.041874	47.30614	49.412327	52.211414	52.495342	52.618496	49.856487	47.991035	45.276398	44.371536	41.579628	42.863323	40.915665	40.806763	42.602413	45.92297	47.72569	45.803627	45.865574	45.887543	44.236313	44.66814	41.528778	42.361526	42.66224	39.469707	37.662334	39.21172	38.30104	34.588955	34.47339	36.309082	34.341656	31.004776	32.150696	33.53981	30.382534	32.599968	30.544611	30.117418	26.807016	27.306665	24.752037	25.875511	27.019047	24.529285	25.88554	29.508123	33.1683	36.345978	39.86671	41.057133	43.913704	41.56841	42.554222	40.538116	38.40572	37.98306	34.2893	33.423546	31.388948	30.690592	28.363487	29.122227	32.401268	30.549652	30.523214	34.01243	32.38566	31.895432	28.693933	27.838758	28.907087	26.969099	23.761667	24.754396	25.47485	21.986372	20.558432	23.014853	22.264301	18.547386	19.760027	22.322765	20.004898	17.876438	21.248323	22.524004	19.69924	20.702612	18.17998	19.3296	19.463678	19.379042	23.118553	23.047972	25.059572	23.064133	19.522806	18.893253	15.635997	15.539735	13.582882	14.403025	15.596208	16.41569	19.835676	22.678911	22.305868	24.109362	22.208347	19.082142	17.246407	15.365528	12.190372	9.42967	9.819198	10.706959	12.502343	10.3798895	13.002537	16.501225	17.00337	20.02067	21.099588	23.037518	25.028805	23.656597	27.356201	28.952108	25.995985	27.825027	26.626154	26.024527	29.56078	31.68447	34.07248	34.821968	33.298283	47.68473	51.440643	52.931396	55.258785	52.674603	50.28065	53.227905	54.020226	50.44847	50.17856	49.635216	51.953007	53.94915	55.16009	56.088352	59.066757	61.78791	61.322998	62.43308	59.77869	61.379597	60.248695	62.667294	63.872646	66.43187	65.20516	66.19089	67.828926	69.61931	69.74088	68.780136	66.464355	62.807613	60.4917	57.17939	54.111134	52.106873	50.432533	50.76916	52.765076	53.435955	56.88142	58.315178	62.05169	62.747337	66.31542	66.38215	68.67472	66.65668	62.8926	62.232952	58.655304	58.504387	56.387306	57.372463	56.43859	57.94533	60.748985	60.12549	59.538002	55.93632	53.75574	50.173862	50.369305	51.175045	48.495625	45.746616	46.91279	48.116444	48.009354	47.916603	47.83896	47.429222
P-37-B	53.427113	52.09942	48.288925	46.725636	43.090683	40.827602	37.440876	35.304737	35.419056	32.603653	33.958515	37.379017	38.66347	36.091293	38.053722	39.086018	41.292423	43.427197	41.48185	42.77639	42.094643	41.90093	41.685905	40.83459	41.09219	37.663837	38.665653	39.94078	38.404213	41.837166	43.955994	46.440193	45.88455	48.962574	48.068542	50.428352	50.41964	48.628113	45.80674	47.412506	44.4747	40.862514	39.45406	41.36581	39.355957	35.925407	35.39943	34.861244	37.41673	39.512936	42.61962	44.930126	46.670578	48.299004	46.90505	49.643837	47.958694	49.83596	48.82532	45.620255	45.35503	42.938297	44.00149	41.102104	40.598022	37.548733	38.270767	36.714886	37.74626	38.2879	39.467957	43.269264	43.869057	43.31817	43.371307	39.894085	38.36291	37.98395	34.21366	34.126423	33.795483	33.797344	32.75813	35.783726	36.394653	38.260567	39.638332	41.575592	45.186615	48.289394	50.64442	53.25824	54.50444	55.13714	53.344784	53.141666	49.89848	49.12569	48.65055	50.936405	53.558445	53.943066	53.933308	51.268604	49.315197	46.527836	45.485554	42.52099	43.50425	41.408783	40.944874	42.707817	45.851635	47.923428	46.113354	46.46122	46.726738	45.3619	46.020107	43.013683	44.11303	44.279182	40.932575	39.427505	41.06196	39.863094	36.192787	36.42702	38.176037	35.91749	32.781822	34.215008	35.342674	31.974615	33.86931	31.675062	30.797752	27.282604	27.279623	24.32986	25.269255	26.874895	24.796022	26.641449	30.266636	33.982018	36.912148	40.514908	41.994736	44.653336	42.122406	42.82341	40.52101	38.21678	38.124306	34.55296	33.854565	31.529419	31.090147	29.123022	30.149351	33.486134	31.941893	32.154392	35.71254	34.345047	34.09434	31.04677	30.435768	31.236334	29.015036	26.076061	27.068815	27.319891	23.720734	22.63824	24.807514	23.555342	19.91398	21.26287	23.323437	20.558964	18.57504	21.85668	22.60086	19.394865	20.541042	18.603104	20.389822	21.170347	21.519318	25.344782	25.706755	27.927095	26.170149	22.557117	21.616001	18.161411	17.357048	14.801118	14.645524	15.823157	15.938328	18.980595	21.945707	22.195728	24.464949	23.008085	20.152905	18.886992	17.553602	14.403273	12.332882	13.174572	14.467003	16.186285	13.739616	16.01045	19.540724	19.592035	22.41268	22.943863	24.654682	26.174196	24.50612	28.09845	30.131256	27.51116	29.583609	28.509775	27.489685	30.855892	32.64185	34.810844	35.538357	34.28929	48.74398	52.508713	53.748722	56.126904	53.68399	51.08259	53.860085	54.80114	51.25558	50.712044	50.11255	52.195732	54.20219	55.661407	56.556637	59.375458	62.260506	61.801216	62.722656	59.96171	61.48561	60.135902	62.51901	63.854916	66.36322	65.10811	66.286835	67.810165	69.43207	69.63019	68.4874	66.19137	62.479744	60.122887	56.939007	53.72377	51.828747	50.403145	50.683826	52.875744	53.392822	56.724903	57.973495	61.66423	62.12554	65.71719	65.67832	68.11198	66.26634	62.472797	62.04401	58.53461	58.59554	56.631504	57.590958	56.90217	58.519623	61.159393	60.55193	59.78907	56.11462	54.073593	50.571636	51.012634	51.678425	48.810238	46.27993	47.617283	48.61621	48.217625	48.070904	48.15571	47.693874
P-38-B	50.530975	49.056076	45.249374	43.532463	39.9458	37.851116	34.55237	32.64508	32.966114	30.398386	31.913616	35.485134	36.599033	34.06757	35.794758	36.534138	38.673138	40.60829	38.540524	39.765896	38.891388	38.695744	38.352737	37.540302	37.737366	34.263885	35.37373	36.826927	35.280933	38.769405	40.812634	43.22181	42.499115	45.500175	44.494076	46.772594	46.75385	45.02975	42.19055	43.779236	40.862698	37.29487	35.76903	37.68088	35.777203	32.324165	31.675611	31.181585	33.725487	35.75274	38.90981	41.243454	43.079117	44.79801	43.53851	46.381218	44.842484	46.78211	45.714268	42.42575	42.014328	39.527283	40.450233	37.506294	37.04886	34.06024	34.854256	33.46959	34.641754	35.432316	36.78624	40.573498	41.418915	40.987553	41.025356	37.47434	35.900444	35.244656	31.528933	31.578255	30.974874	30.972828	29.747992	32.632095	33.284996	34.961124	36.426735	38.502903	42.060097	45.242718	47.61447	50.11616	51.331837	52.12376	50.335693	50.302498	47.16129	46.40559	46.155334	48.511177	50.967026	51.350906	51.18911	48.576263	46.535133	43.700542	42.595665	39.548496	40.36878	38.262913	37.626106	39.46867	42.533474	44.70191	42.868332	43.401993	43.747604	42.583126	43.346653	40.430546	41.77497	41.9066	38.435688	37.177044	38.978394	37.609154	33.963005	34.541534	36.357178	33.929413	30.950111	32.750977	33.82108	30.34108	31.897264	29.433266	28.326979	24.765257	24.414753	21.361187	21.950748	23.612492	21.824415	23.998617	27.521772	31.282984	34.046688	37.63479	39.34621	41.933395	39.403187	39.872	37.488373	35.006588	34.969902	31.475414	30.730145	28.20868	27.828772	26.11861	27.261759	30.63475	29.376728	29.72654	33.33074	32.257446	32.193638	29.3316	29.055376	29.614466	27.071344	24.465462	25.61136	25.385551	21.688154	21.13466	23.203598	21.453007	18.03875	19.868692	21.518541	18.412445	17.010017	20.435036	20.628778	17.483433	19.25573	17.758623	20.013407	20.92404	21.918726	25.75473	26.502817	28.478466	26.652826	23.189167	21.634838	18.328636	17.031864	14.597546	14.209482	16.185339	16.591995	19.178488	22.519262	23.144337	25.290127	24.276854	21.27034	20.459784	18.90953	16.282507	14.389993	15.714417	16.639517	17.786753	14.971276	17.467037	21.211103	21.602463	24.048239	24.544605	25.758049	27.00195	24.863743	28.250452	30.388157	27.903519	30.36787	29.762527	28.869839	32.266098	34.122475	35.982033	36.326782	34.91916	46.256958	49.992058	51.067688	53.375443	50.966553	48.25378	50.900467	51.844284	48.293777	47.575603	46.875465	48.84095	50.907707	52.47347	53.289604	56.032204	58.990265	58.492157	59.304356	56.486053	57.963547	56.52876	58.89915	60.29185	62.795345	61.56206	62.83229	64.345055	65.88518	66.07118	64.854645	62.54455	58.821396	56.438442	53.296978	50.03759	48.173405	46.84024	47.114895	49.39719	49.886803	53.165672	54.38137	58.05255	58.45086	62.06259	62.050537	64.542305	62.722866	58.92099	58.55803	55.06238	55.172348	53.24516	54.152027	53.575943	55.276794	57.838085	57.290157	56.488487	52.786144	50.864506	47.429207	47.949207	48.47164	45.53325	43.130272	44.500744	45.346077	44.818897	44.60694	44.75021	44.267075
Q-39-B	52.654682	50.975018	47.16623	45.226463	41.737694	39.721607	36.593437	34.76799	35.42574	32.9702	34.767456	38.372036	39.227444	36.525978	38.000496	38.55173	40.861652	42.73885	40.73608	42.06612	41.037548	40.97184	40.50135	39.78026	39.842022	36.28135	37.443256	39.18498	37.73243	41.293903	43.254128	45.533474	44.550148	47.404415	46.159935	48.209965	48.134823	46.548466	43.588047	44.95852	41.94232	38.457844	36.742313	38.87142	37.27582	33.70522	32.83317	32.620502	35.104877	36.86383	40.205723	42.583313	44.678097	46.546856	45.542557	48.55322	47.184216	49.09747	47.83829	44.51088	43.810078	41.346527	42.04464	39.087944	38.807896	35.970448	36.83904	35.68327	36.901657	37.95079	39.307	43.07516	44.038647	43.833405	44.00486	40.452156	38.952297	38.10439	34.461967	34.51967	33.621273	33.40801	31.843346	34.471153	34.84153	36.269115	37.490788	39.822784	43.400867	46.72381	48.895103	51.417206	52.375874	53.19739	51.182743	51.086845	47.9145	46.867558	46.66628	49.24243	51.65163	52.306446	52.27686	49.86741	47.99558	45.18839	43.791477	40.572273	41.125294	38.728134	37.896732	39.428883	42.3681	44.707348	43.171246	43.74581	44.402912	43.36719	44.432266	41.71286	43.051918	42.85688	39.38546	38.32973	39.88875	38.229664	34.714886	35.390038	36.85356	34.183807	31.416895	33.18577	33.840134	30.228243	31.657837	29.406977	27.96115	24.270136	23.753798	20.449942	21.41627	23.57226	21.89831	24.187496	27.787382	31.447443	34.044117	37.739193	39.47187	41.81453	39.02813	39.474266	36.870792	34.526703	34.85853	31.462856	31.173489	28.72547	28.84476	27.198814	28.805935	31.968716	30.65819	31.437813	34.902107	33.735115	34.04886	31.409311	30.921816	31.093592	28.649233	26.162334	26.835657	26.397379	22.858707	22.115065	23.640043	21.80036	18.396683	19.738235	21.006374	17.815807	16.093498	19.110243	19.14469	15.648518	17.056406	15.974737	18.576786	20.131348	21.311516	25.128063	26.273943	28.60674	27.251413	23.671217	22.05855	18.51116	16.639023	13.601904	12.280734	13.907688	13.723331	15.966769	19.30459	20.322727	22.750885	22.115862	19.431057	19.175268	18.246912	15.782726	14.744619	16.694942	18.353819	19.218485	16.034042	17.824003	21.444815	21.274548	23.409342	23.319338	24.291979	25.087433	22.806215	26.070303	28.553186	26.418783	28.994665	28.466326	27.179598	30.366428	31.920425	33.569515	33.904808	32.763348	46.20905	49.97064	50.90693	53.41113	51.215584	48.38019	50.978905	52.192787	48.75323	47.953613	47.475895	49.298134	51.152786	52.88531	53.902905	56.522045	59.567062	59.27862	60.096535	57.34492	58.95193	57.464516	59.95926	61.56302	64.16208	63.082565	64.52634	66.0973	67.47476	67.54939	66.16523	63.732597	60.01345	57.46548	54.40016	51.05694	49.08648	47.96789	48.447624	50.931236	51.51608	54.686794	55.910145	59.529274	59.781635	63.452385	63.524544	66.1633	64.39994	60.588245	60.339806	56.85824	56.980072	55.022526	55.717594	55.230053	57.134544	59.65064	59.293446	58.529793	54.804897	53.08307	49.746048	50.26723	50.549713	47.5915	45.331764	46.589176	47.17722	46.575966	46.09846	46.11303	45.351036
Q-40-B	52.351315	50.762524	46.938347	45.13048	41.611652	39.32088	36.168312	34.031334	34.692963	32.013245	33.936543	37.405113	38.16277	35.24895	36.788776	37.581635	40.12729	42.28258	40.576298	42.205803	41.476006	41.69825	41.560593	41.116344	41.5029	38.068935	39.493153	41.089893	39.339165	42.770405	44.53073	47.03039	46.10007	48.900257	47.604202	49.753754	49.427124	47.60543	44.51025	45.710804	42.5328	38.94936	37.53894	39.863804	38.12282	34.487186	33.989555	34.03759	36.800167	38.42256	41.72584	44.321503	46.403133	48.41211	47.388382	50.334717	49.03626	51.150852	50.10996	46.70388	46.120827	43.466408	44.062183	40.934303	40.33864	37.312042	37.81122	36.361977	37.201313	38.03395	39.032684	42.814457	43.50464	43.428734	43.877872	40.45864	39.268337	38.689964	35.050785	34.69197	33.81726	33.272858	31.68746	34.38394	34.46912	36.144802	37.085697	39.262386	42.947865	46.198494	48.24286	50.97509	51.88463	52.438076	50.35419	49.985294	46.66475	45.56003	45.072773	47.590775	50.196186	50.9041	51.114124	48.70233	47.027573	44.304314	42.880146	39.736294	40.49784	38.08602	37.578205	38.978313	42.09059	44.205322	42.697327	42.94341	43.495964	42.183556	43.174103	40.399807	41.436012	41.188156	37.86711	36.577095	37.89647	36.371323	32.85072	33.191048	34.540947	32.02163	29.114737	30.558867	31.248987	27.739086	29.50555	27.527323	26.40882	22.821095	22.88025	19.905901	21.39497	23.241684	21.033945	22.80906	26.536827	30.126263	32.969707	36.66989	38.071003	40.529396	37.791306	38.593704	36.203808	34.14907	34.27508	30.73924	30.509455	28.442827	28.530283	26.445091	28.042511	31.055376	29.32761	30.118076	33.457317	31.922865	32.225994	29.545065	28.658237	28.845583	26.738361	24.00714	24.36631	24.288364	20.897186	19.619436	21.13127	19.773058	16.142662	17.034956	18.73092	15.946976	13.677073	16.712086	17.420916	14.097486	15.073435	13.304167	15.443537	16.74257	17.649033	21.482174	22.506691	24.899704	23.62184	19.987724	18.544058	14.905877	13.213695	10.171754	9.376463	10.951044	11.4152155	14.22681	17.511736	17.924932	20.007244	19.038385	16.10024	15.596152	14.465039	12.079069	11.17188	13.505165	15.3883295	15.882566	12.534205	14.079501	17.681091	17.56031	19.651749	19.721247	20.770218	21.83474	19.733574	23.165077	25.39446	23.03219	25.480402	24.878601	23.784819	27.107689	28.903116	30.704405	31.059446	29.725348	44.606903	48.400635	49.564877	52.142876	49.894215	47.220047	50.015186	51.21832	47.794792	47.277843	47.00135	49.038715	50.763073	52.297142	53.481842	56.23478	59.14305	58.97232	60.026592	57.43401	59.21688	57.960327	60.578686	62.150963	64.874565	63.91352	65.23041	66.975975	68.465965	68.38599	67.12126	64.58826	60.926273	58.326084	55.13588	51.910965	49.737072	48.429775	49.097263	51.471443	52.29811	55.558514	57.013756	60.6722	61.12645	64.81254	65.05781	67.616325	65.673485	61.879234	61.418568	57.850384	57.727295	55.561867	56.168755	55.43755	57.338078	60.032085	59.765144	59.227066	55.559196	53.77852	50.386272	50.624954	50.933487	48.169193	45.719944	46.719368	47.402355	47.10205	46.534676	46.278442	45.41221
Q-41-B	48.573273	47.028973	43.203415	41.464916	37.915718	35.582508	32.39352	30.24172	30.88627	28.236702	30.198978	33.698006	34.41249	31.526344	33.05025	33.82805	36.334393	38.49505	36.80071	38.46381	37.81761	38.115288	38.117844	37.804176	38.383266	35.051052	36.663696	38.162052	36.210213	39.55274	41.181507	43.792133	42.901306	45.68074	44.405476	46.660473	46.233906	44.275993	41.174637	42.40014	39.221058	35.579903	34.338062	36.635044	34.73826	31.125692	30.850636	30.923735	33.841667	35.473053	38.682552	41.37394	43.37432	45.435925	44.375443	47.26608	46.034325	48.30317	47.436405	43.965675	43.485306	40.680843	41.228672	38.00055	37.185146	34.043823	34.3609	32.778133	33.501686	34.280037	35.231693	39.01251	39.699287	39.65749	40.158234	36.760513	35.663944	35.111027	31.504398	31.025759	30.101463	29.489069	27.927643	30.681196	30.81583	32.60415	33.62497	35.69084	39.373947	42.573822	44.695694	47.42232	48.441975	48.98689	47.01463	46.704086	43.417873	42.487602	42.032597	44.44514	47.030518	47.58817	47.6943	45.194134	43.429863	40.686775	39.375072	36.298565	37.18816	34.93857	34.557278	36.162502	39.371815	41.360573	39.65434	39.881676	40.25714	38.903687	39.759968	36.907837	38.017986	37.925594	34.558804	33.239273	34.755543	33.32976	29.729488	30.158102	31.758965	29.314447	26.32956	27.989717	28.93917	25.459208	27.155697	24.896107	23.948553	20.440191	20.560078	17.803663	18.98502	20.418562	18.114834	19.871664	23.540165	27.22045	30.151617	33.781483	35.223404	37.83875	35.28803	36.062737	33.838062	31.665524	31.506737	27.898283	27.3643	25.265656	25.088213	22.95142	24.37416	27.473982	25.811995	26.466133	29.878529	28.476118	28.700066	26.014975	25.357525	25.589771	23.285683	20.642134	21.303102	21.102633	17.561417	16.636175	18.447094	16.892467	13.325907	14.877819	16.656296	13.7674675	12.114132	15.622176	16.17321	13.286518	15.0241	13.168056	15.260492	16.014662	17.282019	21.077787	22.080252	23.964125	22.298115	18.900446	16.999863	13.7118025	12.113859	9.88021	9.954036	12.547092	13.9143305	16.541492	20.01872	20.285698	21.869257	20.924814	17.623983	17.006899	15.120724	13.212005	11.771574	13.98424	15.022276	15.108196	11.732357	13.957552	17.75444	18.424137	20.377913	20.953335	21.75216	22.99194	20.685919	24.000286	25.928574	23.373247	26.00507	25.746355	25.164148	28.657146	30.793056	32.511303	32.544098	30.821909	41.938915	45.709015	46.924923	49.348785	46.963306	44.341396	47.14724	48.175148	44.678764	44.193203	43.78358	45.9129	47.763294	49.193256	50.26174	53.0912	55.946102	55.665085	56.733322	54.12451	55.871555	54.684494	57.27425	58.75082	61.469753	60.49134	61.718796	63.501583	65.07265	64.976974	63.808968	61.29292	57.64885	55.103043	51.845554	48.693287	46.511654	45.06314	45.695705	47.970413	48.835857	52.15448	53.68811	57.3742	57.95818	61.627758	61.926865	64.40422	62.36798	58.587376	58.012615	54.411858	54.203743	51.988766	52.634335	51.827248	53.6722	56.41123	56.123665	55.64078	51.99722	50.17346	46.760033	46.921318	47.263023	44.5542	42.037918	42.99786	43.74953	43.53601	43.02488	42.75981	41.99145
R-42-B	45.971447	44.257545	40.441277	38.546894	35.08459	32.798225	29.785511	27.741745	28.767323	26.347784	28.669046	32.211475	32.554237	29.54761	30.7167	31.225037	33.856087	35.93485	34.340084	36.159317	35.45434	36.004665	36.060272	36.033443	36.7308	33.465626	35.387363	37.04789	34.9324	38.21406	39.56407	42.17512	41.058628	43.63714	42.131134	44.276627	43.640205	41.643745	38.402573	39.404896	36.113182	32.495537	31.292397	33.798492	32.037327	28.339916	28.143026	28.583256	31.645638	32.975338	36.2407	39.112366	41.275135	43.56932	42.73739	45.72112	44.767296	47.211773	46.385124	42.797264	42.156082	39.178703	39.413815	36.042694	35.110317	31.990625	32.128407	30.629225	31.240597	32.242466	33.132915	36.861885	37.684704	37.949398	38.66138	35.31259	34.425697	33.687267	30.239758	29.628681	28.30295	27.363401	25.442774	27.94035	27.802713	29.442904	30.275387	32.481594	36.17314	39.456318	41.443954	44.18258	45.054653	45.616558	43.538383	43.23297	39.963455	38.93464	38.58308	41.104538	43.600697	44.266754	44.38359	42.006607	40.322628	37.593964	36.09641	32.919113	33.670303	31.308535	30.889353	32.4136	35.62078	37.616074	35.979065	36.217	36.707756	35.45057	36.477238	33.76565	34.974976	34.705544	31.28505	30.189146	31.683636	30.043283	26.51355	27.204767	28.713865	26.080824	23.283976	25.221073	26.003265	22.419727	23.828331	21.429895	20.302794	16.757786	16.783302	14.088137	15.318565	16.697784	14.372286	16.242165	19.904316	23.577848	26.427713	30.08047	31.598988	34.143623	31.559431	32.28031	30.046835	27.88618	27.739988	24.14385	23.729021	21.695715	21.75141	19.634594	21.386372	24.318085	22.712938	23.71689	27.024117	25.727354	26.320095	23.965551	23.41548	23.195747	20.748419	18.49061	18.964258	18.251335	14.775351	14.2234335	15.646228	13.637466	10.309123	12.193984	13.470067	10.305409	9.284547	12.896386	12.992986	10.422259	12.821041	11.383254	13.796953	14.608363	16.619528	20.223988	21.688013	23.276314	21.71909	18.624298	16.071764	13.155746	10.940504	9.205184	9.220311	12.622873	14.515979	16.55118	20.198317	20.619102	21.8049	21.314426	17.958794	17.86538	15.851338	14.809255	13.854506	16.45456	17.275984	16.611776	13.067346	15.061523	18.74568	19.697138	21.05291	21.566177	21.73447	22.66161	19.941738	22.911615	24.803785	22.431519	25.419048	25.72043	25.365162	28.812492	31.05178	32.420815	32.00887	30.062967	38.350143	42.114223	43.243298	45.679333	43.352016	40.665787	43.43349	44.52823	41.063465	40.534615	40.20352	42.300743	44.076744	45.544525	46.68688	49.48342	52.356087	52.165062	53.265823	50.7187	52.56689	51.42732	54.118515	55.69594	58.515686	57.689796	58.9817	60.88226	62.385788	62.140495	60.925488	58.29637	54.68888	52.036175	48.77075	45.636414	43.319324	41.912544	42.734955	45.090538	46.12196	49.394943	51.049927	54.710766	55.31913	59.02532	59.4966	62.01641	59.910896	56.14529	55.534718	51.909664	51.591873	49.274582	49.73106	48.91538	50.91061	53.658062	53.558834	53.199375	49.573746	47.918453	44.59681	44.650944	44.76504	42.12195	39.684494	40.4549	41.003685	40.831825	40.094944	39.663086	38.708195
L-43-B	42.313564	40.684353	36.861305	35.081238	31.556864	29.22107	26.120121	24.064476	25.010546	22.631966	24.948347	28.532698	28.877043	25.956787	27.146927	27.649738	30.180998	32.257484	30.63305	32.45024	31.850449	32.442432	32.662804	32.749855	33.667717	30.545229	32.637753	34.131744	31.806517	34.965878	36.193333	38.930496	37.91002	40.49442	39.069702	41.367355	40.657436	38.5023	35.295197	36.388794	33.135525	29.442001	28.459484	30.861443	28.86283	25.228638	25.327633	25.719198	28.938662	30.33746	33.443604	36.383305	38.394104	40.693893	39.773144	42.65653	41.73657	44.32308	43.703793	40.082424	39.604004	36.495045	36.731346	33.28403	32.09401	28.83598	28.766033	27.082129	27.569641	28.475742	29.33943	33.07689	33.898033	34.14842	34.872505	31.540367	30.730387	30.036268	26.627213	25.896515	24.5509	23.581287	21.745012	24.369965	24.380823	26.2	27.216387	29.245115	32.92436	36.127647	38.265255	40.97543	42.03605	42.606773	40.713406	40.514046	37.308704	36.554672	36.255844	38.604202	41.06606	41.495354	41.44303	38.91874	37.073097	34.30365	33.007347	29.942165	30.888933	28.7977	28.545582	30.39162	33.702297	35.527687	33.59786	33.836536	34.057476	32.751274	33.5554	30.71166	32.040398	32.036667	28.554857	27.402994	29.21113	27.754498	24.120634	24.929424	26.820755	24.354267	21.469454	23.67547	24.842731	21.402168	22.691002	19.92024	19.086473	15.7907505	15.866586	13.63648	14.21067	14.858545	12.495244	14.323725	17.78996	21.56795	24.50915	28.01816	29.602749	32.356888	30.065138	30.716871	28.7261	26.393131	25.842388	22.186089	21.262491	19.13919	18.713194	16.553753	17.95997	21.085924	19.630655	20.357027	23.809637	22.75044	23.161766	20.77498	20.625456	20.540884	17.78035	15.694346	16.723063	15.840057	12.14689	12.320964	14.226291	11.967122	9.036978	11.919985	13.223738	10.212315	10.343098	14.078349	13.972981	12.245865	15.12907	13.722648	15.764778	15.88489	17.993162	21.372107	22.638859	23.632725	21.646038	18.952227	16.127953	13.886882	12.181037	11.548257	12.325699	15.903549	18.129189	20.11786	23.748426	24.020744	24.88779	24.313208	20.79929	20.470297	17.963488	17.151913	15.714696	17.884554	17.911442	17.066029	13.91588	16.421234	20.050379	21.624949	22.957603	23.933779	24.034405	25.169088	22.464024	25.279856	26.818525	24.295815	27.283964	27.781103	27.860733	31.39748	33.879555	35.240242	34.642666	32.415504	36.573154	40.281555	41.47339	43.680904	41.167576	38.5624	41.324677	42.161983	38.596287	38.095825	37.54288	39.753124	41.727528	43.058228	44.00842	46.901554	49.706722	49.337284	50.429096	47.834667	49.59714	48.52287	51.14211	52.571815	55.353104	54.462547	55.632195	57.542873	59.157806	58.93629	57.84947	55.276516	51.682888	49.13225	45.790585	42.745724	40.46573	38.870148	39.58944	41.798687	42.83062	46.18358	47.89994	51.596516	52.35536	56.02623	56.517128	58.925247	56.72852	52.97989	52.242695	48.588196	48.197796	45.850773	46.405632	45.50793	47.398296	50.19146	50.018715	49.69021	46.089653	44.34789	40.985085	40.975616	41.176487	38.58157	36.05052	36.821865	37.498093	37.415703	36.809258	36.42024	35.651264
I-44-B	39.85485	38.106255	34.30319	32.44282	29.013357	26.601112	23.706377	21.633705	23.009325	20.834385	23.580572	27.083633	26.963495	23.849617	24.649372	24.956541	27.718441	29.825287	28.468355	30.582125	30.082495	31.074705	31.516848	32.028515	33.205307	30.280342	32.742798	34.289097	31.720106	34.69319	35.532112	38.332882	37.13672	39.467743	37.817574	40.038506	39.011135	36.716705	33.341717	34.123707	30.709076	27.019495	26.280317	28.952042	27.028303	23.346237	23.762041	24.655659	28.08478	29.09201	32.16315	35.33896	37.460594	40.014217	39.309948	42.210804	41.59642	44.402386	43.92446	40.212635	39.64876	36.34414	36.237347	32.63446	31.19025	27.92418	27.473024	25.751354	25.9031	26.920774	27.52436	31.167664	31.997978	32.63207	33.69632	30.52778	30.098434	29.35364	26.197786	25.14072	23.402658	21.910677	19.689898	22.019386	21.571892	23.36856	24.03975	26.10949	29.840145	33.078796	35.02802	37.84212	38.749317	39.214554	37.20544	36.9013	33.652702	32.813168	32.501442	34.912186	37.365284	37.89575	37.93823	35.521755	33.832653	31.116407	29.632982	26.512787	27.445585	25.275373	25.185843	26.933142	30.335573	32.02097	30.128496	30.21619	30.46166	29.11568	30.034166	27.297157	28.611311	28.430172	24.943666	23.922369	25.65176	24.049908	20.465448	21.44928	23.264954	20.695185	17.948063	20.389818	21.47267	18.030714	19.098928	16.196693	15.428057	12.287206	12.627018	10.997689	11.677898	11.731157	8.967086	10.5394945	14.0157	17.782581	20.789469	24.290564	25.808802	28.589037	26.353308	27.10455	25.276258	23.081356	22.341248	18.622839	17.746311	15.932839	15.669807	13.250239	15.008962	17.84356	16.24848	17.37883	20.643124	19.568369	20.394363	18.418932	18.273483	17.659275	14.850559	13.235696	13.95475	12.526588	8.990662	9.687237	11.134675	8.4301605	6.117287	9.517567	10.307172	7.5086837	8.80164	12.239659	11.887221	11.157368	14.310019	13.189915	15.016312	14.868376	17.46105	20.431303	21.99303	22.571756	20.708433	18.49172	15.188862	13.6410885	11.749545	11.997159	13.0095	16.805674	19.454844	21.043955	24.603453	24.79391	25.169083	24.86298	21.367659	21.34851	18.740736	18.68743	17.652918	20.04281	19.932856	18.428354	15.356458	17.4835	20.799896	22.63096	23.409666	24.419304	24.007767	24.95961	22.081137	24.499836	25.78826	23.407541	26.56854	27.552412	27.955933	31.413868	34.03475	35.12505	34.143547	31.661999	32.772377	36.479214	37.69493	39.907185	37.396717	34.811398	37.623512	38.48142	34.93838	34.53067	34.120487	36.41389	38.278385	39.53335	40.6064	43.537453	46.287003	46.03692	47.264076	44.80189	46.729614	45.81683	48.573704	50.06812	52.98856	52.29511	53.457104	55.550026	57.150642	56.72242	55.65685	52.946693	49.42986	46.774044	43.37725	40.431625	37.94004	36.28501	37.270947	39.48143	40.785362	44.11877	46.052193	49.722206	50.60033	54.2896	55.015984	57.40935	55.075478	51.370537	50.50185	46.80548	46.19538	43.664066	43.99615	42.975063	44.99751	47.871006	47.919426	47.816174	44.282574	42.68804	39.41753	39.166218	39.152187	36.73937	34.217163	34.661003	35.177177	35.290947	34.425728	33.738544	32.749672
Y-45-B	36.064587	34.350006	30.54164	28.755222	25.285282	22.83398	19.907335	17.879473	19.345434	17.376436	20.25649	23.783234	23.505022	20.47957	21.126621	21.288517	23.971128	26.031677	24.676563	26.845064	26.447508	27.582777	28.230993	28.97066	30.413553	27.716223	30.414137	31.81187	29.01354	31.788923	32.39185	35.298645	34.142677	36.395645	34.77278	37.10633	35.943897	33.477325	30.114468	30.92143	27.53235	23.783243	23.341606	25.9374	23.800333	20.207895	21.029224	21.997452	25.586954	26.546303	29.41134	32.681087	34.667217	37.27204	36.551586	39.349716	38.858753	41.83008	41.57214	37.836628	37.39665	33.953503	33.75496	30.07848	28.333344	24.969439	24.206034	22.315443	22.25649	23.248905	23.790758	27.407883	28.296377	29.029856	30.175907	27.07023	26.813913	26.053034	23.063908	21.827791	19.905045	18.219711	15.930661	18.28588	17.898891	19.869154	20.70159	22.599184	26.316513	29.493002	31.57879	34.355896	35.43441	35.926792	34.102463	33.937595	30.786812	30.247112	30.050467	32.28375	34.646343	34.934093	34.771057	32.226143	30.363916	27.598738	26.293814	23.276047	24.395184	22.54024	22.641762	24.743359	28.221167	29.70214	27.497007	27.60204	27.56258	26.209486	26.916725	24.077404	25.593803	25.678762	22.107676	21.128902	23.246925	21.807085	18.178364	19.430727	21.65464	19.285124	16.616848	19.419428	20.851774	17.703249	18.447443	15.152919	14.729168	12.181008	12.48621	11.673838	11.443123	10.386712	7.86581	9.215933	12.100857	15.872033	18.874262	22.130486	23.75394	26.718193	24.852526	25.471506	23.953396	21.598204	20.382696	16.689062	15.165064	13.297757	12.412236	9.92539	11.3237095	14.365282	13.051368	13.962411	17.367943	16.712446	17.465546	15.669479	16.147964	15.511434	12.255233	11.272172	12.642338	10.746895	7.258877	9.377933	11.039033	8.14271	7.344567	11.148616	11.621573	9.4994	11.686063	14.712572	14.103465	14.11547	17.396692	16.45503	17.989927	17.401808	19.982542	22.609203	24.012066	24.02922	21.894953	20.197636	16.803787	15.988532	14.570909	15.415924	16.677797	20.468943	23.215805	24.72673	28.261015	28.40794	28.583078	28.274176	24.74729	24.619963	21.784456	21.878866	20.596533	22.656576	22.013508	20.41452	17.778875	20.119143	23.262392	25.475124	26.185968	27.473017	26.97736	28.009897	25.166595	27.37244	28.378685	25.98989	29.10889	30.27839	30.99421	34.453823	37.21439	38.24485	37.089127	34.4189	30.914982	34.520363	35.757607	37.69978	35.014225	32.508537	35.27492	35.856903	32.220543	31.820374	31.167751	33.566883	35.633884	36.748928	37.616165	40.633793	43.314632	42.888725	44.104176	41.604897	43.45928	42.62583	45.325108	46.688107	49.58874	48.867416	49.920677	52.050037	53.742504	53.303135	52.356686	49.681976	46.195385	43.626316	40.156258	37.321762	34.8433	32.995735	33.920494	35.988403	37.339294	40.735584	42.761684	46.450897	47.487152	51.13835	51.925476	54.21086	51.774395	48.10064	47.095936	43.372234	42.657467	40.0708	40.453487	39.346226	41.299767	44.219013	44.24309	44.205147	40.709732	39.08063	35.80671	35.45383	35.45759	33.124413	30.534296	30.911144	31.498608	31.726328	30.935564	30.244883	29.414478
S-46-B	34.242687	32.44985	28.69996	26.905443	23.590624	20.965843	18.358097	16.215519	18.18783	16.459484	19.784283	23.03709	22.185507	18.912165	19.068974	19.082424	22.117105	24.302168	23.421103	26.00014	25.847204	27.486393	28.461748	29.685137	31.424498	29.023392	32.028084	33.399223	30.38934	32.882664	33.05086	36.018147	34.738075	36.686268	34.860744	37.10356	35.56851	32.92776	29.41481	29.80919	26.255201	22.568476	22.557064	25.429842	23.388487	19.879848	21.157858	22.67914	26.396666	26.897371	29.62504	33.10348	35.14832	37.978092	37.466766	40.211994	40.02316	43.18875	43.107483	39.33888	38.85815	35.271873	34.743713	30.974298	28.952755	25.642025	24.397549	22.433403	21.851782	22.836329	22.913094	26.337229	27.10642	28.299675	29.886595	27.080647	27.330282	26.64411	24.02043	22.362143	20.135616	17.80144	15.16441	17.056417	15.936408	17.96939	18.202171	20.02594	23.818695	26.972866	28.777336	31.74843	32.636173	32.89742	30.92612	30.533583	27.271736	26.633377	26.305597	28.577087	31.01125	31.419489	31.451834	29.022213	27.422424	24.76499	23.23521	20.20497	21.427633	19.517344	20.012083	21.937176	25.562962	26.75083	24.590729	24.362844	24.27357	22.737116	23.53012	20.784077	22.161829	22.026667	18.491066	17.568838	19.535578	17.985096	14.379257	15.770869	17.926636	15.530624	13.003205	16.043295	17.446676	14.465064	14.98597	11.586565	11.587543	9.692023	10.671503	11.0734625	11.081464	9.011541	5.9917984	5.9904413	8.622754	12.299631	15.526096	18.707306	20.08976	23.169199	21.457563	22.33931	21.176613	19.154203	17.561941	13.799353	12.276786	11.203416	10.470028	7.3061247	9.164003	11.548413	9.767683	11.313493	14.340537	13.524082	14.862383	13.69753	14.055214	12.685712	9.522213	9.376805	10.1689	7.4996285	4.7476635	7.757121	8.59095	5.5703573	6.6583505	10.111006	10.014885	8.97914	11.840339	14.127666	13.537072	14.579298	17.662449	16.883896	17.97063	17.049004	19.829113	21.909609	23.478035	23.048197	21.106188	19.987818	16.378098	16.329798	14.990062	16.529236	17.999609	21.726397	24.763287	26.00884	29.366367	29.342688	29.047821	28.902514	25.46643	25.537188	22.678942	23.38702	22.455225	24.64983	23.957087	21.844158	19.372816	21.283861	24.024992	26.405375	26.619816	27.947056	27.044212	27.95085	25.106499	26.902096	27.55911	25.322504	28.459396	30.029848	31.073774	34.40814	37.287174	38.09681	36.626648	33.73131	27.184446	30.79338	32.153763	34.10642	31.385384	28.977776	31.877531	32.455322	28.846619	28.679459	28.264324	30.842861	32.733162	33.66915	34.7261	37.83036	40.385986	40.128273	41.572983	39.286995	41.368435	40.79639	43.65974	45.066624	48.130463	47.653526	48.648308	51.00182	52.703762	52.01191	51.131992	48.306427	44.945625	42.276493	38.741905	36.08952	33.348858	31.387043	32.6557	34.6511	36.35744	39.720634	42.02043	45.65485	46.861656	50.50088	51.56129	53.789783	51.18745	47.596203	46.40556	42.652164	41.64037	38.81891	38.933304	37.614285	39.687756	42.731018	43.014458	43.28444	39.916428	38.437668	35.288208	34.588142	34.37624	32.346313	29.74307	29.655205	30.097248	30.655266	29.564486	28.443132	27.337776
G-47-B	37.41826	35.429504	31.727974	29.68787	26.544321	24.103836	21.754393	19.790068	21.943089	20.264912	23.60299	26.824743	25.902542	22.549187	22.558285	22.44067	25.574415	27.648392	26.806313	29.369139	28.989826	30.61322	31.332449	32.477306	33.94934	31.350327	34.267815	35.93114	33.121933	35.79061	36.042023	38.837105	37.33336	39.20405	37.17168	39.16434	37.644844	35.21801	31.602201	31.777319	28.123966	24.571531	24.200972	27.322548	25.697285	22.044277	22.868303	24.597773	28.186474	28.48356	31.477425	34.9522	37.277496	40.203033	39.897266	42.824665	42.697147	45.759853	45.430065	41.635666	40.88322	37.371716	36.717094	32.966694	31.246275	28.120173	27.145601	25.515928	25.162968	26.401028	26.574907	29.938807	30.795645	32.079792	33.666565	30.830212	30.977718	30.12986	27.461311	26.005367	23.700642	21.432856	18.60919	20.180986	18.8027	20.367939	20.239147	22.44945	26.204021	29.505053	31.006157	33.985226	34.511112	34.79026	32.49185	31.962582	28.629364	27.497013	27.172129	29.791664	32.20818	33.03793	33.314697	31.19669	29.885721	27.321346	25.387428	22.132689	22.904041	20.458326	20.61591	21.994717	25.509968	26.985607	25.307005	25.107195	25.53874	24.174168	25.443243	23.038767	24.289024	23.611414	20.15976	19.515217	20.923239	18.891832	15.523824	16.910646	18.342396	15.435606	13.161176	16.042395	16.70223	13.232756	13.705641	10.599469	9.771848	6.9613676	8.024586	8.027288	9.136001	8.024543	4.343472	4.8691263	8.524991	12.201883	15.29228	18.843042	20.218689	22.947502	20.695425	21.663177	20.076275	18.260733	17.297646	13.51059	13.047197	12.092505	12.517705	9.757635	12.417881	14.284898	12.430848	14.590782	17.203327	16.080687	17.85589	16.859941	16.61043	14.863177	12.282251	11.855488	11.569581	8.953147	6.6495137	8.183766	7.8326464	4.094869	4.8345485	7.7884426	6.869258	5.307776	8.575939	10.594497	9.717657	10.90806	13.99338	13.56899	14.951948	14.587513	17.7742	19.91371	21.97785	22.004501	20.591734	19.178995	15.434185	14.965313	12.88	14.098027	15.107971	18.823406	21.804852	22.716547	26.023132	26.151428	25.841259	26.016382	22.752909	23.273348	20.787836	21.713566	21.333935	23.996496	23.89572	21.680904	18.771486	20.184935	22.917238	24.87347	24.809843	25.69346	24.498787	25.0309	21.96664	23.618412	24.542313	22.577911	25.93373	27.660118	28.442537	31.6433	34.347878	34.958576	33.396057	30.626152	27.100155	30.82701	32.040363	34.3494	31.929197	29.333265	32.227493	33.235203	29.788738	29.531342	29.490969	31.868322	33.433586	34.607925	35.98257	38.923084	41.594303	41.634026	43.09473	40.90094	43.144	42.49307	45.499397	47.15862	50.313377	49.990696	51.185787	53.567116	55.082634	54.29649	53.219425	50.27008	46.907074	44.049946	40.622643	37.847145	34.9964	33.34193	34.834896	37.08352	38.84161	42.062366	44.31889	47.890892	48.901154	52.604443	53.713444	56.109055	53.60095	49.994087	48.966488	45.250202	44.306347	41.50262	41.398262	40.2159	42.499565	45.45694	45.91973	46.184032	42.792324	41.512497	38.469704	37.84922	37.41806	35.332485	32.92769	32.798473	32.951576	33.358574	31.988934	30.759	29.29249
K-48-B	37.932297	35.788456	32.05839	29.77243	26.6112	24.56429	22.183735	20.682533	22.803913	21.369316	24.508951	27.982534	27.27605	24.21815	24.232029	23.790344	26.572298	28.256721	26.931993	29.100342	28.259485	29.525589	29.799202	30.638523	31.749598	28.9123	31.664783	33.5761	31.02337	33.92196	34.404064	36.985077	35.344578	37.302937	35.248558	37.135826	35.885674	33.724514	30.170834	30.567812	27.021824	23.493057	22.576681	25.591955	24.153202	20.37602	20.636227	22.170893	25.594608	26.02031	29.220995	32.55931	35.01005	37.874138	37.626286	40.71137	40.533596	43.436573	42.85454	39.062546	38.12585	34.7241	34.11183	30.430557	29.047838	26.05939	25.551445	24.299984	24.513504	26.124203	26.844683	30.267012	31.516182	32.603607	33.8227	30.744463	30.470152	29.245592	26.481236	25.544626	23.138721	21.314842	18.421642	19.963326	19.059694	20.2063	20.579191	23.143885	26.779533	30.24886	31.94809	34.634068	35.212982	35.89585	33.66639	33.53649	30.428244	29.342295	29.45236	32.160397	34.27874	35.061127	35.008602	32.910355	31.312527	28.610508	26.700296	23.286785	23.666489	21.15741	20.668411	22.255482	25.52578	27.445454	25.758276	26.11991	26.784685	25.890919	27.301792	25.001259	26.696404	26.097841	22.468065	22.193518	23.906384	21.715752	18.471014	20.257767	21.748898	18.712803	16.741743	19.784399	20.29053	16.772259	16.820353	13.58015	11.9513445	8.777782	8.09064	6.6334033	6.7336082	6.6906013	4.408357	7.286314	10.422865	14.143694	16.642242	20.23079	22.187292	24.635118	22.216822	22.573273	20.496225	18.118801	17.651272	14.059307	13.5815525	11.606164	12.242643	10.428545	13.203132	15.500211	14.49839	16.512552	19.3821	18.849798	20.472996	19.369217	19.614746	18.129759	15.153375	14.781827	15.086234	12.447709	9.806617	11.5698805	11.627407	7.9278436	7.7506557	10.767942	9.678563	6.8359866	9.859191	12.170627	10.418112	10.669742	14.298813	14.420256	16.603273	16.916117	20.135212	22.652754	24.78168	25.176382	23.730667	21.926865	18.30124	17.196487	14.772615	15.077347	15.344329	19.177467	21.671152	22.424583	25.9501	26.575182	26.774296	27.133492	23.938236	24.587734	22.333944	22.740086	22.210653	24.870163	24.932034	23.212454	20.07551	21.778772	24.868366	26.538855	26.796438	27.423485	26.389849	26.730648	23.470686	25.246841	26.658756	24.85522	28.329405	29.883007	30.249718	33.436157	35.892773	36.47244	35.023785	32.539642	29.265694	32.927135	33.777714	36.025642	33.73426	30.879475	33.470203	34.551174	31.094946	30.379251	30.057404	32.102577	33.850197	35.36527	36.534348	39.28542	42.18671	42.089825	43.230026	40.796856	42.836643	41.849445	44.746338	46.49501	49.53462	49.071117	50.46181	52.652107	54.02609	53.414566	52.15517	49.2841	45.801117	42.947002	39.63826	36.63143	33.986774	32.598213	33.87797	36.355244	37.822006	40.97082	42.964348	46.538155	47.29352	51.038704	51.964592	54.50331	52.187626	48.510254	47.745094	44.085136	43.447544	40.877167	40.872646	40.021194	42.354717	45.10244	45.46442	45.43815	41.919636	40.71224	37.69532	37.447758	36.96188	34.562077	32.380127	32.618816	32.62231	32.59066	31.29303	30.432798	29.064781
Q-49-B	41.240284	39.14524	35.389744	33.110157	29.883007	27.905354	25.349037	23.813715	25.614723	23.924915	26.789974	30.377554	30.035498	27.031467	27.38757	27.144463	29.813864	31.500906	29.954475	31.890963	30.904934	31.82108	31.820835	32.259686	33.0496	29.940454	32.350574	34.34997	32.0702	35.21449	36.067486	38.545044	36.9689	39.135605	37.20219	39.07263	38.12163	36.160675	32.71802	33.339127	29.909805	26.410667	25.142647	27.98234	26.597492	22.796524	22.597284	23.723782	26.92521	27.651003	31.003717	34.13121	36.599545	39.281178	38.920307	42.07484	41.653736	44.335545	43.5243	39.785976	38.803	35.591484	35.231857	31.682034	30.642365	27.705814	27.632349	26.495653	27.06451	28.64292	29.600157	33.136436	34.38725	35.18275	36.13898	32.885914	32.26947	31.036686	28.010101	27.37647	25.254482	23.852676	21.221174	23.026167	22.473469	23.586523	24.190102	26.789534	30.393389	33.872086	35.659336	38.27252	38.884396	39.651554	37.426537	37.327404	34.220837	33.06574	33.145905	35.88926	38.041126	38.860943	38.81954	36.701256	35.052105	32.32067	30.4763	27.063583	27.37239	24.807076	24.089045	25.575893	28.68792	30.824171	29.272823	29.761925	30.540945	29.693045	31.106102	28.759293	30.390602	29.816542	26.219849	25.809591	27.434021	25.289223	22.006332	23.530542	24.921764	21.875933	19.728043	22.448309	22.863907	19.188656	19.581636	16.665476	14.87721	11.324019	10.45712	7.757828	8.377742	9.746084	7.9565067	10.7377825	14.072877	17.729517	20.14908	23.807764	25.7552	28.069721	25.441181	25.759668	23.396694	21.00542	20.966282	17.496162	17.258959	15.066266	15.71964	14.088835	16.603483	19.15831	18.105993	19.84847	22.893976	22.185408	23.529987	22.013237	22.034008	20.914576	18.045033	17.02772	17.358816	15.279623	12.241194	13.172531	13.568826	10.260568	8.675912	11.335444	10.764452	7.1416235	8.904964	11.727642	10.094628	8.958659	12.642448	12.716739	15.425321	16.28708	19.34469	22.29758	24.412321	25.352001	23.982557	21.646317	18.271059	16.4058	13.690787	13.08726	12.8035755	16.614296	18.74138	19.609064	23.268055	24.107634	24.759657	25.08021	21.924597	22.588047	20.594355	20.54855	20.042109	22.797173	23.243742	21.91347	18.509302	20.232533	23.570278	24.85085	25.40574	25.785109	25.023594	25.33374	22.0611	24.1701	25.979343	24.14835	27.607512	28.817846	28.773985	31.98711	34.246338	34.96625	33.810852	31.609858	32.707787	36.40186	37.19955	39.565914	37.37472	34.465717	37.01291	38.213768	34.79899	33.99242	33.666523	35.571922	37.303185	38.956795	40.12089	42.780373	45.763256	45.66118	46.68708	44.167984	46.111507	44.948833	47.7691	49.548332	52.495747	51.907444	53.37774	55.417492	56.738514	56.279186	54.92659	52.133694	48.57659	45.749866	42.5294	39.383835	36.9006	35.669506	36.77465	39.336983	40.575813	43.701786	45.484486	49.06614	49.638615	53.396397	54.126564	56.747753	54.589104	50.859703	50.27244	46.65519	46.237755	43.83189	43.9581	43.25656	45.54183	48.200172	48.42401	48.19634	44.599293	43.319748	40.239292	40.224407	39.86446	37.275574	35.12626	35.642197	35.715298	35.466743	34.31885	33.696465	32.425106
M-50-B	40.425926	38.42424	34.64732	32.430935	29.090145	27.284704	24.52363	23.188316	24.655462	23.021667	25.537207	29.272705	29.277683	26.594376	27.178123	26.918926	29.216507	30.718197	28.783728	30.348263	29.184608	29.70206	29.479412	29.574053	30.184671	26.945948	29.144665	31.099182	28.958487	32.231983	33.353874	35.777405	34.339687	36.725006	35.01805	37.02263	36.36614	34.49207	31.2446	32.270576	29.06187	25.524565	24.065397	26.528616	24.962168	21.232079	20.809559	21.396294	24.477327	25.627054	28.941902	31.87414	34.17942	36.644985	36.08458	39.213554	38.586872	41.147747	40.281548	36.58746	35.706596	32.58807	32.500034	29.04403	28.13824	25.170969	25.414932	24.337982	25.283348	26.875532	28.209534	31.813951	33.223557	33.690285	34.281246	30.854824	29.875523	28.52363	25.361166	25.10215	23.156763	22.263025	19.926903	21.995445	22.070465	23.20161	24.399431	26.910818	30.411453	33.844944	35.963734	38.367012	39.273716	40.265377	38.316162	38.520206	35.579727	34.751392	35.017673	37.586872	39.619503	40.1435	39.777603	37.464172	35.469	32.621265	31.095657	27.781666	28.157171	25.908781	25.040117	26.965134	29.98931	32.19188	30.344397	31.120071	31.697283	30.980576	32.154064	29.652534	31.54068	31.343029	27.642317	27.203592	29.24586	27.318113	23.935656	25.556879	27.35234	24.495922	22.238361	25.081926	25.85536	22.307941	22.674936	19.500572	17.86434	14.529015	13.331199	10.66162	10.049283	11.235657	10.172373	13.19596	16.179945	19.91271	22.213839	25.702818	27.898596	30.301884	27.887928	27.898588	25.54802	22.771458	22.615162	19.259792	18.453022	15.69675	15.757483	14.580013	16.53366	19.566217	18.995914	20.210289	23.56428	23.257072	24.172195	22.397251	22.910126	22.2495	19.033028	17.980707	19.061657	17.10184	13.739212	15.104481	16.206713	12.946423	11.307681	14.424216	14.289002	10.795341	12.306291	15.395062	13.86111	12.399151	16.00462	15.897181	18.612244	19.322147	22.062674	25.21468	26.992186	27.885687	26.142738	23.706865	20.521517	18.545391	16.240799	15.439753	15.221395	18.933615	20.741314	21.884272	25.634018	26.588894	27.580757	27.676739	24.439579	24.75358	22.623758	22.02056	20.947042	23.273792	23.418047	22.595284	19.38798	21.664597	25.227114	26.60837	27.623869	28.196152	27.821218	28.361362	25.213825	27.552795	29.408913	27.408352	30.745312	31.677158	31.569954	34.88853	37.1286	38.042534	37.095448	34.981064	35.078644	38.692024	39.4183	41.548347	39.234608	36.315792	38.71624	39.68698	36.17232	35.1798	34.45121	36.275642	38.325848	40.019028	40.843166	43.485516	46.52206	46.124924	46.92287	44.1814	45.84393	44.49163	47.095154	48.729797	51.490086	50.646194	52.096973	53.93206	55.295963	55.079887	53.74795	51.14162	47.498272	44.847584	41.658783	38.435593	36.239452	34.993027	35.7182	38.235775	39.154167	42.324886	43.886765	47.5116	48.015602	51.740524	52.234505	54.830524	52.780647	49.00949	48.524292	44.943077	44.752052	42.554546	42.964783	42.415665	44.53426	47.084476	47.049255	46.567814	42.89773	41.479076	38.32201	38.580936	38.415424	35.6149	33.486164	34.378082	34.60635	34.11609	33.301502	33.082493	32.1834
N-51-B	42.619926	40.50017	36.7757	34.38465	31.144737	29.691034	27.0356	26.05332	27.48667	26.053383	28.37025	32.170174	32.305603	29.830275	30.377058	29.91491	31.974125	33.172863	30.954218	32.170063	30.630861	30.79738	30.109802	29.84005	29.970488	26.502777	28.35687	30.592468	28.872387	32.352493	33.739628	35.85433	34.289574	36.72191	35.014267	36.82232	36.47936	34.95849	31.85317	33.022472	30.001368	26.654568	24.705185	26.973045	25.726667	22.071047	20.99226	21.28422	23.949415	25.21453	28.683365	31.34498	33.769142	36.101883	35.6286	38.896812	38.200687	40.49854	39.29768	35.67514	34.556107	31.67713	31.66762	28.415066	28.009926	25.34302	26.137667	25.517685	26.959064	28.815367	30.533007	34.082355	35.75254	36.074467	36.366226	32.818977	31.484102	29.834064	26.670815	26.922707	25.00043	24.519575	22.241014	24.13854	24.482578	25.215216	26.629183	29.351276	32.683125	36.188007	38.347584	40.51641	41.37556	42.63693	40.689686	41.121693	38.335262	37.44184	37.95997	40.63454	42.472313	43.051304	42.532707	40.31424	38.21757	35.339024	33.773872	30.38446	30.429956	28.10285	26.786835	28.661997	31.386465	33.90733	32.2054	33.334133	34.151203	33.757812	35.091206	32.74094	34.8293	34.56934	30.821787	30.623482	32.7011	30.612453	27.352306	29.151695	30.83676	27.838316	25.773129	28.661348	29.220589	25.593485	25.754381	22.628792	20.590143	17.164879	15.356108	12.150268	11.190035	13.221583	12.977606	16.350103	19.148832	22.751736	24.67025	28.14178	30.603323	32.735516	30.160452	29.822922	27.143211	24.172585	24.488884	21.428947	20.852507	17.777729	18.12676	17.552282	19.556288	22.566732	22.36273	23.611269	26.949831	26.862862	27.798475	26.044863	26.676414	26.035707	22.771881	21.768389	22.863829	20.852974	17.541607	18.831371	19.799786	16.490355	14.796603	17.608458	17.244446	13.54747	14.717177	17.577677	15.673782	13.6405	17.137667	17.505981	20.63663	21.865738	24.57788	27.874012	29.754139	30.962109	29.353674	26.687296	23.650005	21.317636	18.800564	17.343287	16.398767	19.833748	20.987478	21.858973	25.624414	27.048264	28.484592	28.791323	25.787842	26.291183	24.547308	23.587936	22.588514	24.89785	25.342857	24.941996	21.63702	23.870785	27.536575	28.533014	29.704185	29.949366	29.659245	29.955685	26.732296	29.07039	31.301596	29.525415	32.901478	33.70492	33.20741	36.407063	38.350025	39.191586	38.360863	36.557564	37.753597	41.319145	41.77854	43.928837	41.786503	38.696457	40.868027	41.970566	38.528774	37.232056	36.40466	37.914112	39.988144	41.951706	42.686287	45.11605	48.313404	47.883305	48.428623	45.55323	47.06081	45.428173	47.927086	49.668495	52.31034	51.377132	53.023735	54.66901	55.854782	55.786304	54.26307	51.735622	48.028698	45.384094	42.37926	38.984264	37.005474	36.080555	36.64294	39.349823	39.9973	43.018696	44.29517	47.855972	48.06497	51.794907	52.10237	54.8442	53.02662	49.22858	49.034363	45.56447	45.67339	43.721474	44.17424	43.93371	46.098923	48.426228	48.333866	47.60014	43.86578	42.56187	39.49764	40.09124	39.854645	36.83128	34.972267	36.142277	36.202263	35.33221	34.556316	34.62592	33.759396
D-52-B	44.446884	42.50734	38.782463	36.5598	33.223587	31.790468	28.920921	27.899614	28.891659	27.28021	29.18327	33.0112	33.569206	31.294317	32.205475	31.96887	33.803844	35.007214	32.57239	33.50059	31.945242	31.70745	30.858135	30.146439	30.042448	26.444628	27.850458	29.941324	28.489714	32.10185	33.884483	35.94093	34.639256	37.342518	35.954475	37.893154	37.886353	36.466827	33.60284	35.12252	32.32282	28.986536	26.96595	28.85017	27.429312	23.950724	22.722923	22.389975	24.7797	26.523102	29.879225	32.235775	34.42387	36.419136	35.654964	38.8311	37.78624	39.8417	38.539543	35.051865	34.10357	31.46497	31.889675	28.860569	28.673111	26.018778	27.145428	26.493404	28.189442	29.8427	31.75863	35.366577	36.986073	36.926403	36.885223	33.223576	31.538177	29.977444	26.619904	27.18341	25.697933	25.719067	23.894104	26.109707	26.892105	27.780733	29.518835	32.06165	35.34322	38.745403	41.11865	43.20316	44.280575	45.595955	43.82647	44.341324	41.584583	40.863052	41.337093	43.881725	45.766853	46.171467	45.54757	43.166763	40.89846	37.97556	36.667873	33.403404	33.604393	31.473707	30.187197	32.230774	34.92842	37.440388	35.603035	36.782135	37.43576	36.982117	38.101215	35.579945	37.654293	37.642197	33.898235	33.487904	35.69935	33.830017	30.444994	32.05222	33.929153	31.088223	28.785908	31.527573	32.31467	28.713848	29.144373	26.038063	24.19916	20.750486	19.126013	15.903811	14.998463	16.909262	16.535181	19.74518	22.614798	26.28642	28.313208	31.73953	34.17483	36.41051	33.90953	33.57473	30.924355	27.892662	28.143448	25.080147	24.269686	21.096344	21.046001	20.467794	22.011837	25.291088	25.098919	25.917837	29.44665	29.350876	29.88343	27.776619	28.460077	28.268373	24.990921	23.63268	25.051039	23.436735	19.88972	20.952318	22.398716	19.360518	17.221365	20.032015	20.19453	16.512754	17.097824	20.227705	18.723455	16.252916	19.428331	19.424286	22.492529	23.684937	25.993288	29.51478	31.077335	32.45611	30.656387	27.758528	25.061493	22.448174	20.247604	18.45485	17.527758	20.651196	21.420858	22.658522	26.391275	27.81882	29.61812	29.630507	26.627686	26.789492	25.081972	23.551945	22.171427	24.086035	24.492844	24.671717	21.54704	24.060722	27.848833	28.726515	30.345196	30.665174	30.819662	31.345837	28.34191	30.986654	33.293804	31.335121	34.52015	34.929977	34.266327	37.53417	39.40072	40.506187	40.009083	38.366955	41.379665	44.944317	45.462486	47.541576	45.312702	42.27388	44.442112	45.42161	41.92669	40.623062	39.616592	41.125557	43.349903	45.285873	45.851044	48.292812	51.484444	50.882904	51.31693	48.32235	49.633957	47.892082	50.206825	51.804157	54.271862	53.109238	54.698277	56.14636	57.390602	57.553547	56.072624	53.72903	49.972557	47.50305	44.54412	41.12288	39.39376	38.44129	38.68719	41.29158	41.655518	44.708946	45.769135	49.34677	49.487114	53.155075	53.202724	55.898964	54.208755	50.39361	50.29234	46.880108	47.190517	45.429115	46.152363	45.988018	47.95595	50.216724	49.86267	48.91293	45.14538	43.652187	40.49531	41.305805	41.339264	38.182415	36.28292	37.765438	38.05652	37.05497	36.612606	36.978157	36.410557
E-53-B	43.47784	41.425934	37.79597	35.43205	32.23688	31.21272	28.528273	27.989676	29.035965	27.85582	29.63018	33.47426	34.00339	32.032753	32.73446	32.147552	33.65076	34.447853	31.73906	32.305573	30.387468	29.870855	28.629961	27.695967	27.241884	23.550875	24.7888	27.131304	25.96936	29.662464	31.528479	33.301403	31.851757	34.524708	33.134354	34.931396	35.155117	34.00167	31.3107	32.990185	30.432936	27.300241	24.956776	26.55192	25.360247	22.060986	20.370699	19.748564	21.778904	23.618849	26.988218	29.123508	31.353178	33.266018	32.613255	35.886734	34.9018	36.825146	35.3271	31.86457	30.718895	28.198162	28.605698	25.72338	25.872284	23.505892	25.04211	24.843634	26.960894	28.925331	31.212706	34.674286	36.627914	36.52285	36.234364	32.53223	30.610733	28.666569	25.497894	26.5224	24.893078	25.237005	23.424704	25.35759	26.442543	26.940922	28.97659	31.622238	34.661697	38.069645	40.535027	42.32388	43.442955	45.05248	43.41214	44.250614	41.739304	41.137447	41.94184	44.475063	46.083572	46.39781	45.491024	43.164284	40.713673	37.764854	36.51902	33.268852	33.216385	31.217726	29.604546	31.812534	34.246014	36.913803	35.027744	36.56876	37.288513	37.179203	38.343792	35.972954	38.360058	38.412964	34.61058	34.50919	36.937035	34.9856	31.743404	33.68566	35.642822	32.76169	30.711765	33.711346	34.468952	30.924667	30.97561	27.683569	25.652575	22.399935	20.290264	17.172901	15.484033	17.375593	17.787203	21.25472	23.681707	27.201645	28.83832	32.07683	34.822033	36.891483	34.484016	33.737762	31.00414	27.701698	28.082546	25.343473	24.40918	20.924788	20.870821	20.974018	22.419016	25.647633	26.021214	26.813896	30.284437	30.654215	31.228926	29.342304	30.443321	30.174511	26.693052	25.75509	27.386099	25.450294	22.048948	23.603468	24.950035	21.664633	20.005365	23.000387	22.799614	19.132425	20.19855	23.12624	21.196472	18.990957	22.331999	22.704643	25.876093	27.109938	29.57727	33.019043	34.663284	35.907032	34.057526	31.292116	28.473269	26.029068	23.791658	22.113617	21.076544	24.212196	24.845173	25.7924	29.498953	31.165047	33.007042	33.207726	30.280134	30.559168	28.87274	27.375616	25.957355	27.76963	28.024403	28.262852	25.231392	27.82426	31.610468	32.543217	34.127274	34.417995	34.464855	34.853992	31.734951	34.207863	36.57481	34.757343	38.036606	38.579685	37.9051	41.116447	42.913887	43.878986	43.264603	41.65413	42.083782	45.520683	45.78747	47.694824	45.533344	42.390682	44.286884	45.20941	41.752277	40.15065	38.891495	40.13232	42.505585	44.60904	44.939774	47.20675	50.49868	49.747402	49.909885	46.767384	47.861916	45.891975	48.049828	49.66448	51.99129	50.72887	52.44926	53.728832	54.841988	55.139084	53.54434	51.307735	47.51842	45.121506	42.314346	38.804962	37.323524	36.58796	36.619923	39.32229	39.43192	42.350716	43.174934	46.688477	46.634453	50.278385	50.189262	52.960648	51.43431	47.619564	47.72785	44.422558	44.97322	43.439476	44.22352	44.335686	46.31032	48.34863	47.93807	46.77724	42.9838	41.622227	38.59795	39.69692	39.63151	36.30804	34.69684	36.41346	36.534145	35.193523	34.83031	35.499855	35.06894
K-54-B	39.68171	37.64666	33.99999	31.679699	28.445393	27.391094	24.711746	24.24954	25.371666	24.368383	26.23168	30.066711	30.448532	28.53866	29.107437	28.411573	29.861437	30.625769	27.937601	28.584045	26.741467	26.399582	25.372883	24.722584	24.625727	21.071991	22.760962	24.989103	23.422087	26.99165	28.590822	30.571384	29.11479	31.733496	30.292892	32.25458	32.248928	30.84482	28.057446	29.728352	27.097998	23.838284	21.723011	23.364534	21.933924	18.565523	17.210526	16.726252	19.163157	20.960236	24.254618	26.652521	28.826252	30.91743	30.253925	33.48428	32.658775	34.880512	33.674255	30.070963	29.062553	26.223335	26.464834	23.319695	23.04301	20.426783	21.644358	21.27425	23.249939	25.245161	27.486605	30.933575	32.920628	32.933903	32.766453	29.109589	27.367199	25.39314	22.30694	23.158625	21.314726	21.512783	19.617714	21.535486	22.673342	23.250557	25.390882	27.929695	30.961674	34.327286	36.8576	38.65678	39.878998	41.458214	39.926006	40.809315	38.345646	37.926636	38.761963	41.16875	42.740513	42.90991	41.910767	39.516064	36.993717	34.035328	32.893272	29.722431	29.795595	27.996908	26.543783	28.990618	31.540102	34.020576	31.910488	33.409428	33.928513	33.787457	34.81699	32.410713	34.882362	35.074734	31.268866	31.199717	33.796234	31.952719	28.730913	30.786303	32.925514	30.177563	28.179825	31.330214	32.272705	28.888357	28.806839	25.330954	23.516445	20.545855	18.519167	15.90152	13.737227	14.920117	15.453503	18.828531	20.954582	24.438179	26.084072	29.171707	31.934937	34.138676	31.979023	31.220507	28.737381	25.357185	25.3662	22.607664	21.294853	17.752447	17.354404	17.590784	18.828772	22.087473	22.677038	23.358538	26.807734	27.410482	27.964327	26.239817	27.625126	27.31382	23.70947	23.102396	24.946218	22.828773	19.558586	21.58439	22.988724	19.62259	18.43353	21.757607	21.481123	18.038168	19.677204	22.634037	20.677633	19.068417	22.6735	22.924728	25.85278	26.679369	29.270975	32.530106	34.127735	34.975975	32.9566	30.506193	27.492079	25.479765	23.41773	22.326103	21.78375	25.237122	26.393805	27.421438	31.18593	32.58991	34.05574	34.19401	31.066729	31.254534	29.212673	28.033041	26.48885	28.266489	28.121624	28.024967	25.135057	27.865248	31.584951	32.923958	34.355125	34.936024	34.829803	35.351368	32.197994	34.564724	36.63604	34.708546	38.025654	38.787174	38.474663	41.777992	43.82957	44.766556	43.942394	42.040565	39.281715	42.656994	42.989468	44.727467	42.434216	39.377796	41.287594	42.016884	38.49862	36.95494	35.56551	36.93291	39.431385	41.39149	41.617657	43.98993	47.204784	46.357533	46.579704	43.44308	44.54547	42.69871	44.874573	46.39353	48.7705	47.53079	49.13926	50.52782	51.75696	51.976997	50.50787	48.23808	44.46636	42.091816	39.154205	35.73379	34.171272	33.22527	33.271465	35.872795	36.101864	39.129112	40.128002	43.707165	43.864956	47.520767	47.56945	50.24377	48.54062	44.725456	44.64012	41.247074	41.629337	39.96743	40.755527	40.738335	42.686306	44.820293	44.432957	43.393887	39.614468	38.213577	35.14901	36.103214	36.030506	32.781227	31.069473	32.69066	32.85934	31.651329	31.30163	31.911444	31.562366
T-55-B	37.479584	35.719772	32.057953	30.060856	26.66738	25.472944	22.530184	21.967424	22.642439	21.55468	23.075974	26.904331	27.575933	25.902275	26.758265	26.287766	27.503065	28.351717	25.56089	26.081879	24.470673	23.964552	23.175928	22.433544	22.636126	19.209743	20.93417	22.707672	20.866112	24.367144	26.05942	28.309673	27.232212	30.079662	28.980894	31.314106	31.339033	29.677004	27.049294	29.020267	26.526613	23.138597	21.426138	22.7252	20.74162	17.573513	16.738314	15.776207	18.39389	20.617783	23.554775	25.922003	27.680029	29.5815	28.529099	31.525105	30.477236	32.81422	31.925161	28.331833	27.775581	24.835377	25.40003	22.227545	21.563946	18.60456	19.631308	18.820545	20.7319	22.377186	24.653482	28.164913	30.021881	29.76245	29.436855	25.731789	23.882538	22.102367	18.84501	19.70733	18.181517	18.704853	17.301842	19.649366	21.230913	22.222029	24.685776	26.80697	29.809053	32.961956	35.745926	37.543526	39.099342	40.591236	39.34836	40.261684	37.829056	37.76707	38.48564	40.598846	42.247646	42.091743	40.964863	38.31895	35.604088	32.623634	31.87912	28.976141	29.451706	28.076824	26.987549	29.7679	32.473423	34.644447	32.186104	33.542805	33.630535	33.27784	33.8976	31.245562	33.685856	34.280846	30.52883	30.186502	33.034626	31.577656	28.2448	30.12707	32.62863	30.218723	28.002752	31.096045	32.46661	29.296024	29.41615	25.838167	24.523726	21.804901	20.214424	18.069683	15.873913	16.231163	16.429934	19.383398	21.35247	24.851192	26.72184	29.615507	32.23759	34.727924	32.908802	32.283688	30.162619	26.789873	26.281712	23.43403	21.546894	18.090229	16.881285	16.983692	17.454037	20.978159	21.638298	21.718864	25.311714	26.047363	26.136866	24.207499	25.890284	26.000273	22.330233	21.682682	24.024752	22.179865	18.865728	21.085573	22.985252	19.880592	18.744507	22.33723	22.495605	19.334377	21.004917	24.213476	22.646318	21.261778	24.851488	24.625387	27.196228	27.526398	29.871367	33.09406	34.33699	34.88858	32.523922	30.247562	27.357006	25.615623	24.053265	23.361807	23.398188	26.906994	28.343481	29.761236	33.53401	34.609024	35.935665	35.734703	32.40321	32.191906	29.798016	28.536009	26.568398	27.936958	27.284521	27.282782	24.778635	27.840658	31.523314	33.214264	34.834137	35.811348	35.920128	36.801006	33.8292	36.349022	38.13632	35.91485	39.077477	39.72384	39.686516	43.14191	45.41735	46.568512	45.818497	43.728497	39.65738	42.97839	43.517868	45.031414	42.493187	39.64305	41.63535	42.027958	38.40253	37.032257	35.4054	36.993553	39.715103	41.40615	41.406693	43.948887	47.008892	45.922028	46.180523	42.999706	43.959694	42.233803	44.25912	45.48666	47.757748	46.33428	47.690907	49.03625	50.501827	50.84011	49.61352	47.489635	43.729733	41.576202	38.51873	35.254093	33.811836	32.522907	32.303665	34.592194	34.727814	37.93168	38.965122	42.6263	43.023483	46.599155	46.568104	49.03196	47.217983	43.413326	43.13124	39.69203	40.014763	38.353104	39.42234	39.242706	40.9183	43.148262	42.517773	41.459366	37.69939	36.00243	32.764103	33.686405	33.94941	30.730324	28.76647	30.5354	31.087849	30.027943	30.059412	30.81501	30.857332
A-56-B	34.945595	33.36271	29.629023	27.881699	24.326311	22.740873	19.570507	18.638613	19.18778	17.880026	19.504118	23.346992	23.98993	22.202496	23.193792	22.965326	24.317232	25.484116	22.911207	23.765623	22.609188	22.458984	22.26375	21.948961	22.78304	19.710602	21.839052	23.184717	20.800594	24.00193	25.377878	28.02665	27.155798	29.963451	28.918013	31.50235	31.19361	29.11975	26.376587	28.251322	25.604288	22.005379	20.88552	22.313583	19.882124	16.689238	16.700329	16.03405	19.121332	21.210432	23.898104	26.540428	28.103767	30.118692	28.93454	31.71951	30.734241	33.3704	32.90483	29.271654	29.035643	25.85266	26.341866	22.976555	21.682907	18.339325	18.646633	17.173578	18.506193	19.779764	21.695747	25.332676	26.916918	26.72809	26.672985	23.035393	21.542513	20.135754	16.791836	17.034475	15.521303	15.693189	14.38004	17.117998	18.636019	20.146517	22.539251	24.33137	27.475157	30.50489	33.334385	35.34053	37.030605	38.26391	37.10468	37.83981	35.301643	35.412186	35.903347	37.82711	39.64302	39.33827	38.293346	35.490013	32.79351	29.82523	29.248991	26.50517	27.38635	26.22912	25.6163	28.51971	31.484148	33.30431	30.639803	31.667091	31.423515	30.749664	31.096552	28.239714	30.521616	31.317959	27.633589	27.019003	29.945961	28.767017	25.342346	27.037466	29.752861	27.610075	25.23289	28.25444	29.92511	26.962246	27.254488	23.656616	22.829119	20.387589	19.330261	17.748156	15.737821	15.283633	14.969339	17.3954	19.264261	22.761312	24.929234	27.718012	30.082743	32.844856	31.279434	30.94295	29.192558	25.993628	24.986784	21.951962	19.690676	16.54062	14.756649	14.385911	14.377468	18.062904	18.526197	18.275482	21.954683	22.626034	22.497036	20.484413	22.277956	22.550554	18.874992	18.260012	20.855309	19.16189	15.91134	18.33155	20.49003	17.633646	16.725996	20.480114	20.902224	18.144709	19.986944	23.25895	22.037859	21.095316	24.659365	24.06676	26.224213	26.059744	28.304544	31.343094	32.389744	32.58817	30.0344	28.047867	25.13848	23.815474	22.619463	22.502487	23.121798	26.749903	28.642345	30.277666	34.02531	34.72606	35.706768	35.30298	31.805122	31.381006	28.662098	27.656254	25.555859	26.807032	25.77456	25.465876	23.211748	26.359514	29.895002	31.95326	33.481167	34.783447	34.87232	35.99145	33.14345	35.65527	37.09356	34.679176	37.739532	38.455383	38.77095	42.31349	44.837532	46.069202	45.244198	42.90176	37.49534	40.811802	41.611073	43.032692	40.296734	37.65444	39.839535	40.02677	36.32209	35.252407	33.64265	35.55437	38.305588	39.694508	39.71186	42.47661	45.354717	44.24084	44.734608	41.66931	42.74295	41.308525	43.404327	44.473835	46.841003	45.475544	46.59183	48.12072	49.803635	50.013237	49.017136	46.841072	43.15074	41.031136	37.77646	34.715916	33.085083	31.41564	31.3027	33.335365	33.72959	37.116932	38.44885	42.18238	42.91632	46.467667	46.617718	48.897766	46.831886	43.063007	42.44893	38.889404	38.89072	36.976997	38.060944	37.541855	39.114697	41.589664	40.967567	40.16289	36.47032	34.593967	31.21395	31.774721	32.18688	29.199371	26.881401	28.404343	29.22666	28.588955	28.666977	29.173557	29.285728
A-57-B	32.225574	30.512457	26.857023	24.974327	21.538103	20.395079	17.477158	17.230528	17.953968	17.3901	18.940388	22.702627	23.128073	21.739826	22.318398	21.57696	22.513329	23.1785	20.315704	20.843212	19.324112	19.043848	18.633253	18.38593	19.235727	16.23627	18.65849	20.132229	17.641926	20.798185	21.985828	24.544218	23.496977	26.218613	25.111141	27.698864	27.403402	25.36524	22.700212	24.7259	22.264572	18.772993	17.575844	18.715824	16.249763	13.204009	13.175494	12.306833	15.45508	17.581669	20.1469	22.807348	24.34954	26.450066	25.382473	28.230059	27.466063	30.22718	29.812029	26.105581	25.790169	22.462345	22.764666	19.318325	17.910425	14.5700655	14.952416	13.779856	15.498159	17.22519	19.549656	22.997396	25.003471	24.90618	24.706272	21.078543	19.50605	17.585842	14.579058	15.211319	13.223252	13.64017	12.239394	14.57514	16.507576	17.625334	20.406212	22.205635	25.062397	28.062723	31.008446	32.721684	34.502293	35.99904	35.025326	36.093605	33.842804	34.157787	34.98503	36.82452	38.329353	37.877457	36.51633	33.7604	30.863457	27.882519	27.4245	24.772165	25.46078	24.587269	23.783339	26.937862	29.681887	31.498127	28.685518	30.015461	29.723175	29.3867	29.713226	27.045074	29.675674	30.574392	26.890125	26.652826	29.811035	28.598938	25.427988	27.49431	30.272064	28.175867	26.164568	29.424868	31.054636	28.26704	28.12196	24.391157	23.485424	21.429876	20.035362	18.81692	16.172132	15.345942	15.81773	18.271584	19.458624	22.632174	24.354355	26.808355	29.431122	32.05024	30.722563	30.014732	28.366241	24.976343	23.887493	21.245356	18.7108	15.369255	13.348697	13.897109	13.605263	17.070501	18.313187	18.021835	21.466982	22.767523	22.744375	21.201447	23.485971	23.56043	19.78306	19.856895	22.535206	20.465942	17.65553	20.566975	22.442242	19.436632	19.177795	22.959108	22.959412	20.357975	22.655725	25.657623	24.084223	23.488329	27.190018	26.919537	29.12813	28.972677	31.406582	34.27788	35.43978	35.42934	32.892338	31.147617	28.09811	27.033813	25.761236	25.794947	26.315134	30.020409	31.915668	33.307766	37.067432	37.90807	38.813564	38.595882	35.13598	34.86564	32.149223	31.305626	29.281118	30.558208	29.438206	29.02404	26.825045	29.92177	33.391132	35.526806	36.90774	38.19042	38.08911	39.070526	36.10097	38.402763	39.816093	37.544155	40.700184	41.627384	42.015675	45.507313	48.03072	49.100918	48.0888	45.692722	36.820137	39.949623	40.536827	41.706074	38.994175	36.322224	38.240105	38.272335	34.602608	33.29337	31.38116	33.10612	36.04902	37.497894	37.23977	39.893173	42.80743	41.51035	41.79329	38.606014	39.49193	37.935246	39.9077	40.93933	43.225227	41.79843	42.971752	44.436886	46.071465	46.33377	45.309387	43.192867	39.48557	37.438004	34.229527	31.157377	29.69432	28.07144	27.76804	29.825657	30.078068	33.42706	34.68176	38.408604	39.119114	42.663425	42.80531	45.09475	43.04565	39.271004	38.708008	35.170776	35.265858	33.459324	34.589993	34.244545	35.827873	38.163403	37.524593	36.614365	32.890823	31.124695	27.836277	28.572319	28.851492	25.73654	23.62764	25.316343	25.983017	25.101809	25.262537	26.024147	26.332903
D-58-B	33.70892	31.635752	27.993216	25.677383	22.437677	21.483526	18.941498	18.856203	20.225086	19.80199	21.82318	25.567713	25.582188	23.892973	24.057333	22.981647	24.225765	24.764402	22.056616	22.776869	20.954824	20.947315	20.250284	20.18991	20.71036	17.548903	20.037468	22.079857	19.874802	23.102955	24.118301	26.362112	24.816109	27.232014	25.658161	27.826197	27.418451	25.629244	22.69668	24.33751	21.635723	18.214705	16.503042	18.167223	16.361057	12.911156	12.225054	12.096473	15.22563	16.799612	19.86699	22.687958	24.766651	27.173315	26.59505	29.73738	29.288502	31.975676	31.236317	27.47187	26.630566	23.327246	23.176908	19.656816	18.633387	15.681112	16.270452	15.723827	17.493649	19.713535	21.951601	25.281889	27.457253	27.74753	27.781263	24.259846	22.872313	20.718216	17.992643	18.581125	16.17455	16.07574	13.921721	15.592018	16.897562	17.448404	19.869621	22.237656	25.154942	28.448065	31.096497	32.81819	34.210133	35.82406	34.513054	35.573017	33.29144	33.22279	34.223156	36.398926	37.79531	37.701553	36.460407	33.994514	31.309969	28.341286	27.386984	24.38055	24.580332	23.218767	21.979277	24.86752	27.489391	29.644253	27.150808	28.674795	28.861277	28.794394	29.610128	27.237568	29.95804	30.39065	26.606548	26.739603	29.657652	27.982185	24.93472	27.28441	29.69426	27.211586	25.477528	28.889107	30.075415	27.073318	26.625465	22.908003	21.469906	19.232117	17.335632	15.850844	12.946318	12.626955	13.642507	16.615196	17.859987	21.044487	22.49446	25.1559	28.00543	30.337448	28.679132	27.778444	25.77245	22.28452	21.658081	19.089355	17.058016	13.441509	12.314583	13.175745	13.913897	17.076078	18.330542	18.82213	22.0949	23.305605	23.882946	22.638422	24.625967	24.159891	20.394833	20.612696	22.765566	20.275074	17.523478	20.398981	21.726805	18.346193	18.211317	21.83561	21.310251	18.48108	20.97188	23.703358	21.690704	21.099098	24.888824	25.088055	27.59548	27.848549	30.59667	33.46054	35.00557	35.213524	33.00822	31.146172	27.889128	26.643112	24.876469	24.663279	24.732603	28.465528	30.217058	31.224358	34.97882	36.088123	37.029724	37.156773	33.857635	33.984604	31.539864	30.862495	29.237759	30.93964	30.258575	29.669708	27.074738	29.873682	33.38264	35.251907	36.3941	37.331528	36.954517	37.585354	34.408787	36.50747	38.138824	36.156647	39.49807	40.617996	40.811123	44.16513	46.518353	47.345753	46.188557	43.91074	35.39656	38.585518	38.937767	40.323742	37.855064	34.936462	36.761463	37.142925	33.56188	32.033882	30.352163	31.848953	34.585354	36.336525	36.318375	38.80649	41.906902	40.868248	41.120586	37.971405	39.040565	37.359123	39.534805	40.90836	43.34811	42.154297	43.615974	45.167057	46.540855	46.63526	45.342587	43.02904	39.29849	36.970913	33.856724	30.591902	28.93661	27.678541	27.725681	30.178484	30.588585	33.75201	35.017357	38.67122	39.145313	42.80358	43.08424	45.611168	43.646866	39.851685	39.48216	35.97328	36.099167	34.25428	35.024902	34.854103	36.7864	39.02608	38.704678	37.850224	34.103256	32.71357	29.649187	30.392008	30.222015	27.085308	25.297075	26.758316	26.915741	25.866077	25.515219	26.070381	25.886417
Y-59-B	32.880287	30.882387	27.1292	24.948235	21.561262	20.052227	17.337013	16.668198	18.242683	17.467794	19.913961	23.652647	23.44391	21.330566	21.50872	20.676947	22.408993	23.433193	21.16697	22.49636	21.200638	21.77012	21.706594	22.14652	23.195927	20.338247	23.082201	24.824759	22.240746	25.201973	25.90069	28.466558	27.035694	29.31903	27.66976	29.931726	29.114305	26.962719	23.785751	25.068129	22.023207	18.364	17.255249	19.386408	17.347637	13.725039	13.923833	14.473313	17.956839	19.15214	22.086872	25.199436	27.236382	29.805544	29.214722	32.204693	31.84114	34.73731	34.277157	30.499428	29.836735	26.394806	26.115986	22.464693	20.971428	17.777216	17.596132	16.418331	17.384514	19.2583	20.90005	24.375162	26.188124	26.738071	27.239347	23.854517	22.973465	21.2716	18.496223	18.294682	15.819696	14.954053	12.4852705	14.427574	15.142462	16.237844	18.207811	20.4674	23.722805	27.036589	29.543869	31.642176	32.962204	34.219555	32.7559	33.462147	30.912823	30.761728	31.448994	33.624886	35.289654	35.27004	34.312428	31.788364	29.309795	26.356827	25.286682	22.23194	22.762554	21.288406	20.523933	23.30814	26.289913	28.177574	25.660702	26.740866	26.792229	26.334557	27.09954	24.558825	27.025274	27.395678	23.612103	23.495716	26.300716	24.68878	21.487604	23.673378	26.106615	23.682055	21.785496	25.142328	26.431702	23.473711	23.206135	19.495369	18.367458	16.202894	14.830526	13.758993	11.295582	10.308411	10.585979	13.217998	14.643347	18.004568	19.884336	22.689444	25.246809	27.827644	26.194324	25.712496	23.934565	20.716564	19.728558	16.759802	14.619726	11.3399935	9.9978075	9.993774	10.914272	14.223899	14.977364	15.601932	18.964056	19.849089	20.532732	19.276539	21.058796	20.465685	16.728125	16.935831	18.979198	16.470976	13.734542	16.703114	18.022703	14.724275	14.785914	18.464565	18.044298	15.506914	18.157345	20.87797	19.145735	18.930782	22.668716	22.60883	24.806126	24.75392	27.50513	30.202908	31.717361	31.736824	29.53596	27.860407	24.521648	23.556377	21.91708	22.126444	22.580246	26.39881	28.530844	29.650795	33.359432	34.162357	34.78761	34.817158	31.432442	31.505655	28.895508	28.533073	27.002335	28.805767	28.042881	27.077627	24.52066	27.198341	30.559975	32.61393	33.562748	34.646416	34.16136	34.89826	31.794216	33.846226	35.22409	33.145943	36.4382	37.662537	38.095676	41.47616	43.995564	44.839985	43.600716	41.13865	32.671646	35.974174	36.601128	38.10052	35.50911	32.71571	34.84195	35.22454	31.573347	30.398823	28.987612	30.845552	33.425816	34.937782	35.17859	37.895046	40.85405	39.98888	40.590347	37.652504	39.017014	37.672935	40.06524	41.42402	44.067154	43.06923	44.363853	46.177322	47.69243	47.55051	46.41039	43.93577	40.29465	37.864166	34.563156	31.475878	29.455591	27.897474	28.308304	30.613855	31.446756	34.73918	36.368015	40.05701	40.808918	44.47427	45.008614	47.423542	45.223583	41.47401	40.804855	37.17898	36.923145	34.739506	35.344116	34.79254	36.762486	39.28856	39.127502	38.623234	34.961918	33.496395	30.343855	30.617874	30.463154	27.637918	25.511534	26.516481	26.810373	26.281153	25.723707	25.773657	25.355602
K-60-B	29.339106	27.497684	23.736378	21.782242	18.27432	16.73862	13.873091	13.416953	14.83325	14.448332	16.746761	20.427588	20.191103	18.42403	18.537964	17.591026	18.981146	19.897064	17.4954	18.769598	17.645061	18.30024	18.59309	19.296818	20.808527	18.338589	21.351086	22.71426	19.767815	22.41803	22.84955	25.647518	24.41755	26.698097	25.229418	27.767654	26.828157	24.383104	21.314272	22.790216	19.89523	16.157482	15.606418	17.382656	14.80193	11.454925	12.478623	12.850204	16.526518	17.825415	20.297304	23.462505	25.15197	27.684362	26.9264	29.693277	29.386972	32.49279	32.39285	28.631132	28.279858	24.690435	24.43117	20.733786	18.721462	15.273266	14.5637455	12.940464	13.66052	15.435658	17.125662	20.595512	22.475903	23.00171	23.49642	20.159317	19.429308	17.743294	15.157418	14.7626	12.084579	11.179658	8.83382	11.043086	12.316522	13.746723	16.178165	17.970007	21.08883	24.1918	26.96409	28.96991	30.618946	31.875393	30.756454	31.62186	29.244602	29.540636	30.273928	32.110645	33.68638	33.296135	32.084496	29.358124	26.625338	23.646427	23.000782	20.274942	21.144575	20.28028	19.86308	23.036926	26.023853	27.54636	24.648378	25.684057	25.2676	24.754362	25.099583	22.4281	25.041468	25.846647	22.151201	21.9851	25.143047	23.912762	20.814169	23.02071	25.802027	23.789923	21.960499	25.333784	26.975328	24.410168	24.076048	20.317364	19.70318	18.140491	17.088415	16.693651	14.116173	12.300604	12.653215	14.566218	15.272593	18.26785	20.061357	22.393097	24.87821	27.627245	26.496273	25.976915	24.668596	21.481926	19.943733	17.215103	14.384326	11.358934	8.885128	9.275721	8.92615	12.349582	13.676333	13.62463	16.946346	18.364477	18.691742	17.615784	19.986782	19.627077	15.836317	16.530249	19.03564	16.615892	14.310004	17.663502	19.195017	16.248104	16.781343	20.506567	20.241331	18.191261	20.967981	23.630663	22.096964	22.23044	25.90447	25.650164	27.530445	27.072565	29.67547	32.173717	33.446896	33.069958	30.633698	29.312517	26.046282	25.520418	24.292084	24.915	25.743532	29.56795	31.885584	33.143623	36.825893	37.442513	37.89544	37.771236	34.29157	34.151985	31.30311	31.014948	29.257128	30.76942	29.582106	28.56726	26.38857	29.217306	32.4361	34.799763	35.76467	37.13938	36.699318	37.630066	34.64365	36.66076	37.76378	35.56013	38.73764	39.9965	40.704494	44.140236	46.825165	47.731396	46.440987	43.807903	32.244625	35.36323	36.082123	37.233166	34.436974	31.858978	33.926903	33.909527	30.19754	29.11215	27.36385	29.369997	32.21064	33.459507	33.38711	36.220654	39.02351	37.88654	38.474285	35.48987	36.69684	35.477238	37.726974	38.823273	41.390366	40.280125	41.360985	43.18717	44.89135	44.79365	43.871197	41.501717	37.90064	35.665096	32.25577	29.361546	27.444748	25.545294	25.73387	27.739529	28.559671	31.995802	33.725258	37.465843	38.473022	42.060284	42.616787	44.836964	42.493286	38.779915	37.893215	34.21877	33.837025	31.604086	32.39891	31.701397	33.473717	36.081314	35.780914	35.32448	31.700542	30.06543	26.822243	26.988346	27.002388	24.249964	21.931803	22.969383	23.520742	23.15463	22.885601	23.05	23.03585
I-61-B	30.563486	29.098883	25.298124	23.799225	20.118303	18.018284	14.684358	13.313375	14.062822	12.742051	14.907584	18.712774	18.909298	16.889894	17.713142	17.566633	19.190058	20.728971	18.591455	20.079378	19.555674	20.174679	20.853815	21.399704	23.090927	20.664692	23.42138	24.367981	21.32915	23.932438	24.580091	27.638586	26.846092	29.349678	28.201311	30.958271	30.06856	27.467697	24.524832	26.070223	23.203938	19.428019	19.220459	20.895401	18.046743	14.930887	16.180103	16.234812	19.814617	21.39764	23.70643	26.748417	28.16053	30.454504	29.338995	31.875498	31.232569	34.298412	34.36501	30.690928	30.688702	27.187868	27.30799	23.715855	21.611032	17.986933	17.13646	14.897496	15.154009	16.06484	17.307013	21.01762	22.321865	22.548721	23.106728	19.73452	19.0702	18.069529	15.049125	14.158344	12.226545	11.34011	9.7646265	12.827464	14.027311	16.20597	18.382198	19.717487	23.015205	25.893398	28.70273	30.971994	32.763474	33.668217	32.601105	33.136604	30.523048	30.880959	31.165468	32.836006	34.773315	34.285606	33.313236	30.36988	27.7259	24.790674	24.374237	21.852573	23.232576	22.433693	22.489958	25.535534	28.760994	30.052351	27.129093	27.730804	27.045181	26.02014	26.040083	23.001438	25.171818	26.199635	22.612694	21.80014	24.88934	24.037426	20.62986	22.261906	25.2511	23.495785	21.14304	24.189995	26.194643	23.660276	23.91967	20.297943	20.162794	18.438843	18.046055	17.564901	15.679223	13.91987	13.211842	14.647452	15.913221	19.145203	21.522778	23.989695	26.0363	29.088974	27.979395	27.9375	26.787884	23.875143	22.147425	19.059938	16.240662	13.70929	11.071087	10.161245	9.27302	13.063626	13.476978	12.825285	16.517845	17.349495	17.12418	15.371898	17.554026	17.752901	14.010155	14.013219	16.886393	15.097362	12.390759	15.440374	17.601368	15.096774	15.115866	18.910572	19.33563	17.417013	19.755903	22.742334	21.79542	21.755184	25.239563	24.43632	26.008911	25.207857	27.465267	30.029678	30.959671	30.528135	27.852047	26.5036	23.453289	22.971502	22.173012	22.974852	24.235996	27.979666	30.45087	32.10155	35.748814	36.05015	36.460606	35.98411	32.377865	31.879984	28.827904	28.424831	26.408855	27.656347	26.216509	25.252954	23.330408	26.332005	29.508366	32.04136	33.197044	34.837456	34.671085	35.93429	33.185905	35.45249	36.380924	33.882458	36.856323	37.870613	38.706833	42.258556	45.077984	46.242603	45.15478	42.455505	33.353302	36.581577	37.6531	38.883186	35.91956	33.559227	35.923595	35.819588	32.051216	31.354898	29.77013	32.076843	34.83629	35.818478	35.85571	38.877506	41.502598	40.3857	41.194717	38.33014	39.596825	38.585884	40.816772	41.73439	44.278576	43.10311	43.946224	45.78914	47.691647	47.628952	46.90356	44.598904	41.05069	38.925503	35.438217	32.697613	30.75826	28.620173	28.774736	30.490904	31.351263	34.906082	36.702568	40.472244	41.647797	45.162727	45.664112	47.725727	45.307106	41.62848	40.56838	36.870636	36.366177	34.057808	35.011784	34.03614	35.57068	38.36175	37.89927	37.533875	33.983173	32.0341	28.596823	28.559568	28.971834	26.40194	23.705599	24.68605	25.706182	25.697382	25.665686	25.70704	25.812334
L-62-B	28.383224	27.317034	23.572355	22.594215	18.826387	16.517736	12.883168	11.279812	11.156174	9.691357	11.358282	15.194281	15.752783	14.127528	15.3847885	15.625649	16.855429	18.567062	16.436735	17.853048	17.855343	18.42797	19.607447	20.235498	22.36097	20.374449	23.116894	23.482222	20.168673	22.383629	22.915167	26.253399	25.90939	28.498064	27.725082	30.780262	29.875097	27.028364	24.357752	26.116701	23.51902	19.825369	20.172121	21.390701	18.096107	15.548035	17.370308	17.074078	20.550583	22.329456	24.120779	27.03292	27.971104	30.041285	28.603025	30.775362	29.999983	33.17495	33.637768	30.084852	30.529522	27.028418	27.371521	23.90171	21.411926	17.647257	16.352125	13.47516	13.231749	13.368232	14.404022	18.191956	19.21293	19.133835	19.634935	16.282948	15.772702	15.259725	12.22418	10.79803	9.343454	8.653827	8.228331	11.8758135	13.612832	16.292887	18.69715	19.319513	22.415064	24.882921	27.933792	30.158472	32.3171	33.078354	32.396507	32.956608	30.463762	31.262335	31.413717	32.665363	34.63396	33.74537	32.625896	29.424671	26.592075	23.716398	23.873453	21.850634	23.694696	23.47888	23.950531	27.194607	30.426102	31.343187	28.147848	28.565544	27.381538	26.136679	25.605944	22.347534	24.40564	25.961828	22.6083	21.476683	24.801712	24.503265	21.17047	22.513214	25.837234	24.59912	22.167593	24.999182	27.41288	25.275476	25.689426	22.175463	22.5637	21.238441	21.189798	21.053463	19.219017	17.111244	16.30167	17.1483	18.017906	20.920162	23.33292	25.405867	27.201752	30.436337	29.755623	29.822739	29.07819	26.292244	24.169388	21.244343	18.046236	15.936074	12.709748	11.795364	9.658759	13.27661	13.801329	12.1189575	15.73435	16.805973	15.838724	13.935582	16.63093	17.425007	13.871235	14.004402	17.376125	16.080519	13.786744	16.799297	19.286564	17.331059	17.499216	21.189573	21.941593	20.417217	22.636414	25.631363	24.989147	25.089838	28.44457	27.359312	28.600277	27.405224	29.360094	31.762712	32.326077	31.552309	28.601076	27.565014	24.764978	24.654663	24.368845	25.4862	27.111433	30.770067	33.365925	35.237118	38.8358	38.909534	39.20459	38.482685	34.795956	33.99336	30.726566	30.301443	28.008797	28.842743	26.94153	26.038404	24.62337	27.776678	30.766293	33.57808	34.841446	36.80232	36.803577	38.334503	35.79014	38.11187	38.77561	36.092884	38.86361	39.78013	40.86163	44.476734	47.450455	48.764797	47.733963	44.906048	34.323257	37.38771	38.649574	39.586353	36.41402	34.35473	36.73426	36.242367	32.45422	31.98012	30.168556	32.659023	35.58786	36.23809	36.01479	39.165115	41.55896	40.193165	41.04269	38.19608	39.295216	38.465816	40.505253	41.08447	43.494804	42.1634	42.69504	44.50688	46.658604	46.689117	46.251495	44.117157	40.65314	38.79604	35.240395	32.765076	30.985382	28.507292	28.390173	29.660532	30.455616	34.136642	35.9884	39.77298	41.22	44.59353	45.048847	46.84761	44.306793	40.70682	39.401203	35.701355	35.069378	32.750378	33.98591	32.78701	33.9702	36.87035	36.1611	35.845806	32.402077	30.138128	26.554163	26.352695	27.17495	24.789087	21.772089	22.803703	24.329973	24.612186	25.020935	25.174694	25.74363
G-63-B	29.877449	29.242268	25.611927	25.089563	21.330812	18.913528	15.154821	13.238816	12.037866	9.876067	10.446501	14.196062	15.635077	14.324959	16.412073	17.36635	18.321978	20.27201	18.209213	19.365036	19.739717	19.929787	21.231215	21.47949	23.610525	21.71855	24.056442	23.944717	20.702131	22.812954	23.674257	27.131319	27.288345	30.13345	29.791727	33.047977	32.367397	29.512302	27.135052	29.140234	26.77004	23.167543	23.590015	24.488789	21.03253	18.797075	20.550863	19.76999	22.993444	25.143757	26.723188	29.36453	29.946127	31.648178	29.806797	31.689426	30.511223	33.544502	34.170673	30.79453	31.634052	28.322128	29.118584	25.87437	23.424835	19.652292	18.501884	15.393674	15.110518	14.432901	15.294679	19.045006	19.566988	18.843204	19.020063	15.645352	14.892797	15.107068	11.735787	10.190046	10.133042	10.270375	11.039063	14.836363	16.789772	19.670076	22.095394	22.348444	25.317984	27.472582	30.630108	32.847275	35.220005	35.828262	35.351463	35.813053	33.304535	34.266804	34.17648	35.192093	37.319958	36.234127	35.15582	31.784576	28.927181	26.154266	26.66631	24.942034	27.049374	27.001497	27.645359	30.878496	34.147884	34.952984	31.706198	31.968424	30.570738	29.090229	28.234629	24.794594	26.53073	28.377699	25.230972	23.671127	26.940716	27.030746	23.617485	24.471766	27.93307	26.99018	24.24969	26.712523	29.411802	27.37907	28.210403	24.864223	25.509869	24.071827	24.286207	23.95956	22.399473	20.499401	19.333712	20.019135	21.166035	24.107489	26.734158	28.797743	30.355835	33.719944	33.105484	33.364292	32.68955	29.985167	27.821737	24.81178	21.641138	19.665506	16.440517	15.238355	12.916665	16.39718	16.506054	14.294626	17.852577	18.567574	16.900198	14.390073	16.94666	18.51404	15.307685	14.762242	18.421436	17.880339	15.451107	17.910164	20.894438	19.396595	19.058664	22.641207	23.943521	22.458504	24.201632	27.429066	27.187275	27.012548	30.185265	28.705814	29.739887	28.321533	29.845312	32.32649	32.46802	31.671314	28.452417	27.381498	24.984673	24.85009	25.037285	26.15072	28.038998	31.515358	34.07525	36.291855	39.84249	39.711735	40.08943	39.026886	35.275394	34.08132	30.686531	29.97333	27.315462	27.65646	25.392605	24.82572	23.867786	27.255447	30.179314	33.104008	34.686237	36.899704	37.270065	39.117508	36.828743	39.397556	39.961437	37.03226	39.561363	40.152756	41.287746	44.992783	48.03432	49.61971	48.840096	46.024197	37.34719	40.402832	41.857204	42.746723	39.466957	37.590736	40.06442	39.429817	35.64303	35.353542	33.511703	36.098446	39.062813	39.545166	39.23779	42.453693	44.711365	43.227196	44.10164	41.266697	42.23285	41.46448	43.333736	43.678005	45.92382	44.40038	44.711983	46.387367	48.711838	48.918587	48.663822	46.717476	43.289757	41.649067	38.108486	35.748413	34.152092	31.556295	31.186804	32.17497	32.77507	36.50276	38.24175	42.019882	43.552223	46.805515	47.074398	48.6982	46.17981	42.62947	41.250885	37.611816	37.031166	34.833977	36.35772	35.061905	35.90958	38.830143	37.823242	37.423206	34.064217	31.481	27.768051	27.593094	28.883425	26.582502	23.38175	24.609274	26.569462	26.95278	27.752262	28.07159	28.92638
G-64-B	31.419147	30.9509	27.330631	27.006039	23.253954	20.393698	16.621521	13.968855	12.6559725	9.562351	10.332022	13.816985	15.308054	13.430993	15.9979315	17.64344	19.102541	21.62809	20.143011	21.768513	22.574978	23.11591	24.697996	25.138216	27.374107	25.519693	27.859056	27.700977	24.450027	26.448315	27.204523	30.7364	30.944504	33.70743	33.307472	36.543724	35.679996	32.699833	30.19143	31.937754	29.371586	25.704512	26.332394	27.533813	24.118216	21.751616	23.65876	23.208138	26.555891	28.528002	30.190931	32.957905	33.604584	35.375477	33.55304	35.36976	34.18701	37.227234	37.91971	34.57426	35.44238	32.129406	32.881035	29.59013	27.084986	23.302486	21.943037	18.707388	17.934015	16.897137	17.004206	20.70117	20.606657	20.012611	20.638226	17.625715	17.394848	18.170172	14.981749	12.878385	13.072572	12.528739	13.154291	16.92083	18.254288	21.463818	23.39002	23.473421	26.634941	28.697237	31.648226	34.180897	36.453907	36.689106	36.08529	36.149128	33.39121	34.253212	33.744545	34.689068	37.142197	36.128643	35.41029	32.00079	29.436989	26.78144	27.238771	25.59067	27.982098	27.822842	28.822807	31.822783	35.29039	35.908993	32.76119	32.610027	31.119167	29.221535	28.250095	24.643847	25.874235	27.710176	24.739418	22.691833	25.687473	26.039606	22.49742	22.797197	26.268496	25.571922	22.513727	24.571812	27.489594	25.599382	26.884329	23.812662	24.867281	23.480244	24.259413	24.08045	23.093756	21.137018	19.320744	19.465233	20.874763	23.815321	26.816145	28.965103	30.10347	33.638393	33.019783	33.709385	33.1875	30.795204	28.511642	25.27975	22.27387	20.753126	17.668066	15.687568	13.443218	16.743282	15.995052	13.62164	17.153402	17.13091	15.1302395	12.05682	14.122542	16.158451	13.33376	12.118869	15.859739	16.015177	13.63794	15.558529	18.857067	17.968393	17.419973	20.73155	22.505201	21.406414	22.797596	26.016123	26.286291	26.201925	29.071949	27.199625	27.808292	26.027004	27.223707	29.562983	29.415934	28.462914	25.11559	24.199305	22.036743	22.166477	22.805746	24.25441	26.554676	29.869516	32.6378	35.063896	38.475086	38.006508	38.176125	36.87299	33.090824	31.66159	28.12168	27.5496	24.848776	25.03342	22.55496	21.765568	21.130707	24.457188	27.152306	30.263145	31.821089	34.261036	34.740078	36.81958	34.780792	37.408947	37.713486	34.61316	36.919384	37.39893	38.736244	42.462063	45.630222	47.351524	46.65681	43.74972	36.904285	40.04174	41.7907	42.8169	39.467133	37.77073	40.51484	39.91401	36.13663	36.205853	34.67057	37.50305	40.262764	40.545692	40.494	43.854618	45.96968	44.668175	45.829056	43.197525	44.38891	43.861664	45.878223	46.226376	48.596943	47.21795	47.410698	49.244274	51.64897	51.702812	51.54385	49.49842	46.146484	44.430363	40.80883	38.552727	36.72952	34.014988	33.91067	34.812836	35.67975	39.435894	41.37037	45.13831	46.79961	50.049004	50.45179	52.01577	49.384315	45.881832	44.34527	40.672558	39.859837	37.46479	38.854584	37.288708	38.12783	41.234512	40.33731	40.18997	36.942604	34.325462	30.615334	30.094933	31.420792	29.405191	26.039927	26.883352	28.93571	29.683592	30.313011	30.263327	30.904623
V-66-B	34.877205	33.876102	30.113466	29.168285	25.475122	22.507376	19.02634	16.201715	16.333317	13.3487835	15.5236435	18.893118	19.400146	16.491526	18.304205	19.611847	22.05307	24.706594	23.538473	25.695215	26.10482	27.08258	28.341682	28.974375	30.887268	28.556446	31.076246	31.651499	28.575497	30.998892	31.70512	35.022755	34.607933	37.16269	36.158817	39.00696	37.927334	35.099182	32.0855	33.302467	30.211744	26.400278	26.637527	28.646255	25.764086	22.68778	24.19559	24.488462	28.077436	29.582586	31.889627	34.979992	36.298393	38.502426	37.166695	39.4609	38.554623	41.57535	41.81906	38.26069	38.532448	35.127728	35.463303	31.921185	29.730574	26.03732	24.877613	22.13534	21.52084	21.346407	21.376991	25.096571	25.213533	25.372295	26.4726	23.511927	23.42897	23.624098	20.449995	18.594707	17.75008	16.342186	15.398966	18.666634	18.899105	21.816393	22.992916	23.834272	27.447212	30.03242	32.47657	35.3525	37.010548	37.135513	35.85158	35.533947	32.380817	32.501637	31.819685	33.350437	36.0279	35.697083	35.499252	32.453785	30.401415	27.726301	27.28825	25.000246	27.02142	26.00117	26.844124	29.3046	32.928513	33.824085	31.157328	30.842081	29.953619	27.994753	27.74128	24.33018	25.353422	26.333614	23.14636	21.186703	23.580149	23.275982	19.483555	19.746782	22.7001	21.401037	18.108496	20.178797	22.670103	20.259375	21.804749	18.858566	19.679092	17.841417	18.948982	18.59944	18.402353	16.818996	14.232443	14.292711	16.561464	19.894714	23.239506	25.972038	27.014227	30.449087	29.24456	30.240248	29.377674	27.227629	25.326082	21.712744	19.432503	18.062828	15.905162	13.081047	12.374576	15.639875	13.907107	12.949407	16.599535	15.613289	14.778208	11.791111	12.44213	13.515996	10.570489	8.401923	11.370679	11.342165	8.089814	9.545043	12.892733	11.87477	10.78556	14.112313	16.029917	14.905677	16.095	19.326199	19.8061	19.738178	22.449032	20.512964	21.115736	19.46878	20.961039	23.4387	23.734976	23.15838	20.161133	18.849024	16.207556	16.053925	16.276287	17.79237	20.116728	23.502855	26.44858	28.732376	32.095154	31.60059	31.641872	30.52424	26.768942	25.656883	22.223036	22.005661	19.813457	20.792292	19.009617	17.59183	16.136717	19.130198	21.994318	24.903957	26.131657	28.277298	28.466648	30.331913	28.150568	30.726643	31.147955	28.148325	30.65099	31.30308	32.507782	36.187218	39.290615	40.855698	40.064552	37.195503	33.891903	37.340794	39.081192	40.655556	37.553413	35.59118	38.558964	38.543247	34.81175	34.905872	33.97647	36.78515	39.106174	39.655327	40.207474	43.517937	45.826283	45.052654	46.421413	43.954967	45.600765	45.05481	47.491283	48.330574	51.03643	50.033848	50.58249	52.646885	54.765247	54.5101	54.019596	51.61058	48.206497	46.03175	42.41036	39.905846	37.639946	35.24329	35.758648	37.189716	38.425236	42.067333	44.15238	47.9142	49.345303	52.810333	53.451733	55.34688	52.744225	49.15183	47.789776	44.04313	43.16554	40.558975	41.412853	39.91221	41.295704	44.436924	44.0309	44.054546	40.703552	38.514183	34.963467	34.368004	35.084705	33.009853	29.887234	30.343239	31.75965	32.441296	32.318905	31.774624	31.60943
L-67-B	37.449745	36.161644	32.351788	31.02617	27.377176	24.668642	21.330074	18.850601	19.408365	16.73331	19.012527	22.503609	22.910173	19.988064	21.476936	22.383709	24.885786	27.280846	25.894629	27.92043	27.879662	28.709318	29.535929	29.958735	31.48418	28.805992	31.199305	32.161526	29.35361	32.106876	33.02421	36.124035	35.444164	38.020897	36.82742	39.469105	38.522987	35.946873	32.822052	33.992775	30.801039	26.990572	26.730045	28.933796	26.380878	23.01418	23.978092	24.331377	27.838516	29.309807	31.963934	35.03242	36.645744	38.91542	37.74832	40.302315	39.39883	42.270325	42.170513	38.557682	38.525257	35.201805	35.48604	31.940483	30.123213	26.561407	25.83551	23.516533	23.383194	23.716787	24.138014	27.887238	28.342264	28.559532	29.498457	26.353489	25.944347	25.722168	22.41418	21.055138	19.934008	18.697573	17.282978	20.304895	20.433891	22.907404	24.034767	25.415033	29.096428	31.97706	34.305084	37.12454	38.537582	38.85744	37.30889	37.047176	33.855015	33.6106	33.096573	34.988384	37.582394	37.57083	37.425655	34.590305	32.61187	29.874485	29.05066	26.393728	27.97255	26.489155	26.890287	29.144852	32.686375	33.962414	31.56275	31.478674	31.045471	29.353678	29.560976	26.373934	27.559383	28.110546	24.748459	23.142653	25.31616	24.490286	20.702135	21.242718	23.784227	21.949074	18.76568	20.976389	22.954624	20.058796	21.512135	18.53453	18.70962	16.2578	17.016785	16.029991	16.05487	15.174904	12.539891	13.31312	16.180767	19.81712	23.06908	26.16596	27.460108	30.659056	29.007015	29.867857	28.5551	26.294113	24.881887	21.176416	19.379313	17.645086	16.141294	13.494331	13.779285	17.08991	15.456892	15.32323	18.945862	17.932175	17.72152	15.038397	15.309074	15.784741	12.824772	10.664991	12.753673	12.244709	8.483256	9.518606	12.46921	10.79125	8.881476	12.391256	14.157204	12.326784	13.305643	16.794958	17.067112	16.526524	19.355438	17.576786	18.65959	17.571852	19.358425	22.215916	22.90652	22.917423	20.26516	18.369057	15.522474	14.574191	14.100391	15.00587	16.917042	20.421104	23.178087	25.360909	28.82743	28.591022	28.89745	27.973372	24.261766	23.419466	20.242228	19.837465	17.86193	19.303839	18.143482	16.881805	14.705341	17.631765	20.858248	23.343872	24.61177	26.364014	26.501266	28.116589	25.714878	28.382866	29.200764	26.34696	29.071548	29.697994	30.51652	34.172253	37.07548	38.56109	37.81637	35.15175	34.46386	38.04401	39.56645	41.401814	38.52053	36.27523	39.175465	39.506058	35.815372	35.657635	34.87069	37.452923	39.653053	40.526566	41.241676	44.39814	46.922443	46.30939	47.568024	45.036846	46.73855	45.974266	48.498028	49.58426	52.333473	51.377525	52.185936	54.197155	56.11328	55.866478	55.130318	52.643414	49.149963	46.81046	43.283684	40.54497	38.254715	36.169342	36.777523	38.5452	39.708305	43.249393	45.197727	48.94917	50.115242	53.677876	54.26734	56.37695	53.92758	50.259132	49.146065	45.420887	44.73795	42.22494	42.951763	41.69831	43.30752	46.313175	46.010223	45.88973	42.420265	40.41722	36.933083	36.58416	37.071575	34.762524	31.878674	32.46949	33.56472	33.923935	33.58801	33.101475	32.67673
H-68-B	40.238102	38.9114	35.120384	33.75568	30.188725	27.35485	24.165745	21.499956	22.230568	19.411922	21.834955	25.112192	25.359934	22.156416	23.592848	24.655472	27.470484	30.052006	28.955442	31.2055	31.249443	32.256702	33.119316	33.62541	35.115326	32.37904	34.765648	35.834446	33.07491	35.857285	36.74382	39.82569	39.05641	41.5587	40.22978	42.757793	41.70798	39.147255	35.89662	36.82854	33.484814	29.701561	29.424454	31.886047	29.519266	26.046066	26.9382	27.550938	31.066448	32.348576	35.142223	38.284904	40.056324	42.421005	41.360138	43.977642	43.113987	45.96621	45.787827	42.161133	42.016434	38.707706	38.900635	35.32727	33.584904	30.07863	29.33179	27.066992	26.801853	27.125706	27.296497	30.989069	31.25614	31.635088	32.786636	29.7689	29.526144	29.41075	26.134691	24.64167	23.51517	22.038986	20.456089	23.277098	22.955778	25.379515	26.054659	27.523005	31.293911	34.20669	36.26042	39.264336	40.433815	40.54649	38.752144	38.179104	34.799862	34.236626	33.452255	35.485416	38.271446	38.538372	38.744476	36.0641	34.41567	31.791742	30.708672	27.977766	29.507772	27.72397	28.213018	30.065462	33.657024	34.92438	32.817078	32.480072	32.234985	30.373327	30.766253	27.677664	28.502174	28.717472	25.506529	23.766272	25.432354	24.502392	20.744097	20.902136	23.030064	21.10867	17.777525	19.56106	21.30963	18.276932	20.166668	17.633102	17.869375	15.239834	16.509398	15.467869	16.387154	15.863765	12.682137	13.032555	16.345211	19.910713	23.34339	26.615822	27.596441	30.729553	28.846382	30.051344	28.689032	26.78063	25.556122	21.753752	20.49688	19.163858	18.20386	15.2129345	16.023249	18.910751	16.702759	17.011368	20.325333	18.68692	18.759836	16.124138	15.488806	15.725123	13.38487	10.691287	11.770532	11.740413	8.084977	7.607072	10.455966	9.339769	6.4319644	9.393118	11.765316	10.191849	10.356646	13.901458	14.812272	14.199968	16.561443	14.35581	15.1220455	13.917641	15.614078	18.567345	19.331648	19.611635	17.180368	15.00538	12.097976	10.869486	10.357596	11.458263	13.735613	17.11362	20.101393	22.392187	25.714607	25.219925	25.358551	24.338573	20.610842	19.77069	16.583694	16.445183	14.808721	16.6549	15.91087	14.215953	11.67184	14.240763	17.4405	19.834864	20.936357	22.63396	22.733055	24.402872	22.10554	24.855663	25.612104	22.676136	25.353071	25.933184	26.752144	30.411844	33.346066	34.87344	34.184875	31.516134	34.31673	37.99742	39.642292	41.742405	38.9777	36.765926	39.830074	40.39334	36.799458	36.825813	36.40831	39.0408	40.955406	41.81508	42.840996	46.001396	48.492855	48.140236	49.577488	47.21204	49.12611	48.46396	51.145664	52.3609	55.234173	54.43814	55.28583	57.408943	59.278244	58.892498	58.10909	55.496975	52.04003	49.562447	46.03431	43.296383	40.82411	38.807198	39.668507	41.512215	42.852932	46.35333	48.398968	52.125732	53.274456	56.875404	57.5709	59.736153	57.26065	53.59971	52.474445	48.733948	47.95234	45.32841	45.870758	44.534786	46.258644	49.32987	49.185562	49.200943	45.76337	43.841484	40.398193	39.912327	40.292946	38.090706	35.21023	35.586487	36.577324	37.055702	36.493923	35.752357	35.039368
L-69-B	43.82009	42.488583	38.683254	37.260387	33.673546	30.940973	27.703426	25.11602	25.69375	22.798021	24.955946	28.252901	28.769772	25.662893	27.266174	28.379478	31.107687	33.634434	32.37529	34.44447	34.33052	35.081524	35.69961	35.896973	37.10696	34.155792	36.2518	37.400208	34.894283	37.87282	39.058693	42.031815	41.291996	43.939617	42.67493	45.15964	44.32542	41.93326	38.733646	39.784702	36.482346	32.717026	32.141357	34.55025	32.286922	28.754606	29.27816	29.667032	33.008095	34.464672	37.401127	40.395782	42.212337	44.447002	43.318844	45.99917	44.942764	47.59456	47.21374	43.64541	43.451263	40.312805	40.691147	37.22672	35.77292	32.3378	31.940355	29.82777	29.864721	30.233215	30.611229	34.351265	34.648655	34.814304	35.74239	32.60877	32.074238	31.932222	28.477346	27.28279	26.365583	25.224817	23.7519	26.634193	26.476849	28.75834	29.525558	31.144108	34.905914	37.879917	39.94895	42.906822	44.038357	44.224792	42.36719	41.802128	38.407337	37.7036	36.920383	39.052147	41.85057	42.22142	42.469776	39.831196	38.18839	35.549324	34.417736	31.606758	32.98318	31.034172	31.29036	33.018677	36.520916	37.99871	36.043213	35.816166	35.754368	33.975975	34.482742	31.439678	32.236023	32.35479	29.159437	27.444696	28.955465	27.934216	24.225363	24.28399	26.170818	24.14165	20.837372	22.354483	23.84413	20.672947	22.714725	20.430304	20.338326	17.348356	18.388664	16.708141	17.930035	18.141142	15.106912	15.864811	19.411018	23.00771	26.349308	29.769688	30.798063	33.784008	31.655249	32.829285	31.193584	29.268133	28.400051	24.614878	23.655346	22.116642	21.424814	18.642397	19.630266	22.58322	20.442461	20.804043	24.11936	22.407068	22.426086	19.656239	18.79469	19.1864	17.07838	14.176548	14.957742	15.19491	11.674646	10.528777	13.028838	12.063164	8.516521	10.60013	13.171601	11.182669	10.183844	13.933376	15.100696	13.60924	15.582158	13.083291	14.067317	13.3415	14.650182	18.069796	18.74932	19.712713	17.48066	14.636224	12.241346	9.933529	9.265517	9.314207	11.424273	14.540181	17.23484	19.86151	23.176765	22.697731	23.234331	22.018272	18.299927	17.282799	14.289383	13.5098505	11.722862	13.718062	13.504141	12.3147545	9.280734	12.000564	15.57979	17.521168	19.052246	20.544756	21.04591	22.785849	20.614622	23.720516	24.790798	21.804031	24.371168	24.515863	24.92434	28.621857	31.379045	33.10757	32.761055	30.37408	37.437122	41.167686	42.747677	44.99687	42.34735	40.047626	43.0877	43.812107	40.256294	40.18861	39.823124	42.335987	44.20043	45.20689	46.285797	49.36857	51.949715	51.64029	53.003075	50.580612	52.459667	51.657204	54.31578	55.59418	58.420334	57.552067	58.486603	60.503376	62.31274	62.028103	61.149094	58.572094	55.052544	52.560383	49.099117	46.23371	43.84431	41.978603	42.761127	44.71556	45.904644	49.374588	51.264603	54.994976	55.985584	59.608562	60.162815	62.410194	60.06271	56.357624	55.384594	51.677135	51.06718	48.563038	49.167168	47.960274	49.687176	52.683155	52.461964	52.32537	48.823887	46.8759	43.402897	43.10588	43.54252	41.18996	38.37075	38.94313	39.925735	40.219128	39.70856	39.110962	38.390945
V-70-B	46.596966	45.1016	41.30723	39.702477	36.22074	33.529385	30.479607	27.939556	28.823263	26.021267	28.391514	31.633085	31.919916	28.648449	30.015436	31.002172	33.92825	36.4417	35.303726	37.493008	37.273277	38.14683	38.66293	38.921406	40.006783	36.95602	39.063812	40.442265	38.032932	41.09517	42.245766	45.118793	44.17648	46.715527	45.24855	47.543167	46.644543	44.357563	41.032944	41.85758	38.43462	34.739094	34.01109	36.65524	34.67047	31.018042	31.344902	31.993414	35.292706	36.52177	39.636967	42.682888	44.727432	47.088104	46.155407	48.976227	48.02753	50.64493	50.098984	46.49748	46.078857	42.964485	43.181366	39.69935	38.40223	35.086227	34.762695	32.844067	32.910725	33.480236	33.819122	37.51799	37.860928	38.224384	39.28104	36.17609	35.701504	35.435345	32.02651	30.857954	29.737976	28.42097	26.652523	29.27269	28.782335	30.837284	31.277914	33.127697	36.92204	40.010162	41.830162	44.858143	45.708736	45.845863	43.728977	43.002872	39.52376	38.468815	37.623077	39.98046	42.80585	43.495506	43.975323	41.56072	40.16845	37.597164	36.151478	33.18619	34.32496	32.043163	32.17734	33.51375	36.940018	38.539597	36.924194	36.63443	36.888477	35.159565	35.976444	33.146156	33.813473	33.538506	30.417248	28.848953	29.952812	28.646452	25.102276	25.109293	26.485605	24.21765	21.095766	22.373394	23.341389	20.001839	22.118166	20.248764	19.867075	16.689083	17.82323	15.932226	17.85867	18.586897	15.47745	16.188704	19.927868	23.380287	26.633043	30.19955	31.11901	33.872044	31.445457	32.748966	30.928484	29.261223	28.749212	25.013466	24.627892	23.284443	23.171974	20.382143	21.90877	24.54757	22.234829	23.102304	26.165203	24.214499	24.658123	22.163425	20.876451	20.816885	19.054323	16.251673	16.17886	16.340117	13.202023	11.417217	13.010523	12.216806	8.405583	9.27639	11.760462	9.799397	7.662608	11.246664	12.806905	10.941973	12.31605	9.560892	10.660911	10.522025	11.9937725	15.62816	16.757763	18.31796	16.733564	13.546756	11.175637	8.115508	6.441762	5.601005	7.648303	10.753907	13.596667	16.181694	19.432964	18.920202	19.457144	18.389786	14.725252	14.096954	11.482984	10.982906	10.154487	13.017732	13.812595	12.365275	8.712779	10.38442	13.943741	15.278605	16.493748	17.48582	17.78416	19.27	16.989243	20.164543	21.47815	18.638243	21.329563	21.49861	21.605862	25.23219	27.852396	29.48517	29.152077	26.903435	37.48336	41.27062	42.79253	45.300854	42.86756	40.4898	43.555378	44.577717	41.150566	41.089855	41.03203	43.45256	45.049473	46.174404	47.520817	50.511322	53.142727	53.08602	54.517727	52.204483	54.252476	53.446743	56.249535	57.723816	60.659782	59.95203	61.02447	63.116432	64.79568	64.38858	63.37399	60.667637	57.16097	54.504036	51.095814	48.167698	45.64126	43.955784	44.966972	47.094784	48.4029	51.783424	53.70623	57.394917	58.275303	61.954987	62.59877	64.969154	62.653946	58.940357	58.047665	54.344425	53.718307	51.16194	51.55655	50.3918	52.30315	55.28334	55.246864	55.17331	51.662163	49.879498	46.487366	46.164753	46.397682	44.05421	41.346455	41.786182	42.54464	42.809757	42.038517	41.271427	40.250652
L-71-B	50.30498	48.807976	45.003746	43.361336	39.867786	37.240147	34.153748	31.651485	32.42527	29.560518	31.755688	34.9997	35.470737	32.258926	33.7477	34.783768	37.657295	40.14419	38.900997	40.96825	40.643597	41.334972	41.67347	41.70312	42.567905	39.371597	41.234444	42.671303	40.479294	43.673355	45.046062	47.823044	46.903477	49.542244	48.12472	50.370426	49.640278	47.492283	44.21346	45.117455	41.733856	38.067844	37.12843	39.723522	37.828762	34.155056	34.214775	34.69868	37.834618	39.178883	42.387154	45.301727	47.379063	49.62999	48.654934	51.517128	50.421448	52.862915	52.147068	48.613396	48.14766	45.194	45.551594	42.17895	41.11727	37.87839	37.81023	36.005444	36.274673	36.865044	37.33583	41.067295	41.420837	41.63417	42.536835	39.35911	38.68512	38.409107	34.890423	33.925865	32.958515	31.86282	30.17844	32.84259	32.462025	34.42643	34.92475	36.86641	40.650856	43.77726	45.60085	48.5987	49.412857	49.596027	47.42765	46.69633	43.208675	42.044636	41.19093	43.613052	46.447166	47.222378	47.74689	45.36934	43.991535	41.41439	39.936016	36.924576	37.956703	35.56627	35.53702	36.75755	40.086636	41.83586	40.356777	40.140434	40.530746	38.859943	39.753597	36.95779	37.591408	37.249264	34.158855	32.600693	33.585922	32.235294	28.754253	28.676695	29.86961	27.5711	24.517393	25.565218	26.32352	22.98728	25.169016	23.544779	22.959244	19.660366	20.588955	18.318632	20.401127	21.623877	18.725645	19.645947	23.422712	26.829351	29.975409	33.606483	34.53834	37.15328	34.559002	35.83773	33.82769	32.189537	31.958544	28.288761	28.113506	26.656864	26.705317	24.056644	25.646408	28.328993	26.05688	26.923527	29.993338	27.992783	28.37865	25.788425	24.375242	24.439384	22.818417	19.89791	19.724781	20.061794	17.012428	15.0239935	16.420275	15.780581	11.999045	12.225473	14.552997	12.559692	9.732943	12.810788	14.503247	11.932962	12.519724	9.6774435	10.879282	11.438804	12.2463	16.08671	17.091043	19.317184	18.08139	14.501051	12.916294	9.261114	7.6901526	5.1464734	6.29584	8.465109	10.7365265	13.807144	16.936262	16.416346	17.4856	16.19172	12.682544	11.916824	9.9182415	8.509816	7.9842577	11.150871	12.877558	12.093337	8.317413	9.461997	13.089724	13.564055	15.19792	15.755321	16.535122	18.009876	15.992558	19.484821	21.13813	18.38176	20.828169	20.474054	20.022884	23.59554	25.935114	27.777086	27.859951	26.000385	40.76987	44.57234	46.0398	48.666145	46.340954	43.91077	46.948864	48.102505	44.722397	44.599453	44.594894	46.918346	48.457466	49.69145	51.08874	54.010853	56.705017	56.695473	58.07473	55.728786	57.75575	56.845287	59.632496	61.1619	64.06314	63.306927	64.450325	66.46107	68.08683	67.754196	66.65959	63.978203	60.42873	57.75786	54.410355	51.389606	48.927692	47.365208	48.322784	50.5327	51.729336	55.078648	56.879635	60.56286	61.312046	65.00483	65.538086	67.97616	65.768295	62.025215	61.256157	57.58382	57.088745	54.623188	55.057945	53.989388	55.905582	58.829453	58.739765	58.55387	54.997887	53.1996	49.78961	49.603333	49.876713	47.427673	44.766235	45.342537	46.095306	46.228905	45.49187	44.825188	43.794857
A-72-B	52.395157	50.6836	46.88211	44.986343	41.583065	39.167385	36.22534	33.967037	34.997856	32.34877	34.672333	38.03058	38.37333	35.16166	36.41328	37.155323	40.02877	42.31357	40.951088	42.93526	42.32683	42.95962	43.02482	42.972	43.57214	40.23126	42.00416	43.72296	41.74197	45.076637	46.50721	49.08558	47.94545	50.512142	48.936428	50.962093	50.31049	48.38395	45.070232	45.88643	42.496613	38.941647	37.691658	40.36993	38.785748	35.041073	34.736507	35.305737	38.272205	39.483974	42.862076	45.711517	47.997417	50.296978	49.516277	52.543556	51.528046	53.85439	52.88757	49.35403	48.621536	45.76997	46.016335	42.707703	41.93179	38.8869	39.069862	37.585014	38.1036	39.01152	39.69405	43.413467	44.013226	44.318806	45.158566	41.88818	41.077732	40.512375	37.014183	36.298176	35.1083	34.053978	32.121292	34.557507	34.11166	35.73696	36.181885	38.427204	42.172646	45.45706	47.17808	50.0834	50.702667	51.049263	48.71814	48.0716	44.635975	43.23605	42.577232	45.229786	47.914642	48.90674	49.4232	47.22793	45.891922	43.294277	41.580338	38.379402	39.06442	36.419926	36.05057	37.053337	40.187172	42.202534	40.980316	40.965862	41.693024	40.28542	41.488697	38.901787	39.69769	39.091125	35.925808	34.689644	35.583237	33.890026	30.552174	30.760832	31.668278	29.055967	26.317589	27.513138	27.811178	24.297285	26.144388	24.598747	23.47762	19.978897	20.442942	17.742529	19.987928	21.829792	19.31182	20.64133	24.417044	27.760847	30.613073	34.344566	35.46756	37.786304	34.9169	36.00153	33.673817	32.03041	32.246742	28.735687	28.955013	27.360254	27.860195	25.514744	27.505304	30.101141	28.036015	29.263208	32.28183	30.42974	31.144629	28.777836	27.456003	27.174553	25.44011	22.814325	22.431007	22.32357	19.359285	17.605865	18.416143	17.36567	13.809764	13.777884	15.317799	12.965099	10.017392	12.543365	13.721415	10.498618	10.739857	8.669094	10.794585	12.53913	13.74126	17.472961	19.008453	21.598593	20.875345	17.304228	15.661496	11.973578	9.576633	6.021772	4.586551	6.461822	7.855555	10.614276	13.98609	14.131897	15.766563	15.0782585	12.033824	12.2018795	11.326333	9.991007	10.449488	13.75822	16.039442	15.497384	11.773093	12.238423	15.537221	15.202305	16.508106	16.184923	16.645876	17.403112	15.0558815	18.414827	20.679523	18.463833	21.121548	20.86888	19.79201	23.079792	24.967894	26.532228	26.610275	25.137066	41.629166	45.43857	46.660194	49.43598	47.337856	44.713604	47.60964	49.01743	45.73165	45.392746	45.48689	47.577168	48.991146	50.47244	51.96682	54.714848	57.553215	57.669712	58.937946	56.570206	58.622	57.55332	60.386444	62.107693	65.02853	64.33809	65.686356	67.65832	69.099205	68.75262	67.46161	64.726395	61.149017	58.36519	55.138096	51.986847	49.533466	48.24076	49.27327	51.705162	52.85649	56.07949	57.773235	61.400665	61.93484	65.671776	66.18817	68.785034	66.70757	62.9428	62.36921	58.74585	58.384197	55.99747	56.30743	55.434612	57.519787	60.318634	60.334507	60.06139	56.451813	54.834846	51.520473	51.486954	51.56164	48.98841	46.531975	47.1628	47.66303	47.579067	46.675346	46.043	44.832855
L-73-B	55.990433	54.34047	50.539246	48.70012	45.28331	42.801353	39.822617	37.457314	38.370766	35.582268	37.795063	41.065502	41.519417	38.284992	39.67217	40.578568	43.491	45.8754	44.564064	46.562134	46.014523	46.605686	46.67224	46.533985	47.08203	43.704178	45.345703	47.023247	45.12384	48.48551	50.019646	52.59738	51.524742	54.15086	52.62565	54.655388	54.056335	52.151814	48.853127	49.679337	46.287846	42.73616	41.474052	44.145084	42.559856	38.821037	38.479782	38.9829	41.89102	43.158234	46.550724	49.345894	51.616554	53.84856	53.00908	56.01632	54.89441	57.1324	56.117245	52.63996	51.9362	49.174324	49.51988	46.26931	45.562912	42.523296	42.758347	41.237324	41.747208	42.54936	43.173183	46.905052	47.379578	47.60559	48.43007	45.17934	44.342705	43.89982	40.342464	39.618023	38.58976	37.586887	35.757477	38.260178	37.80195	39.482468	39.867535	42.069267	45.83114	49.083427	50.760643	53.722412	54.310123	54.569057	52.19426	51.425457	47.932785	46.45306	45.648907	48.290344	51.06826	52.12715	52.779152	50.602882	49.36018	46.805202	45.08938	41.924305	42.64576	39.96278	39.63765	40.50898	43.619373	45.62022	44.503574	44.39315	45.144337	43.64808	44.839268	42.246826	42.866104	42.216656	39.168934	37.810104	38.512085	36.896637	33.617413	33.57572	34.316452	31.818071	29.063492	29.90133	30.104944	26.7309	28.79268	27.579641	26.559956	23.162483	23.78101	21.13453	23.558514	25.482134	22.924582	24.065817	27.83483	31.063253	33.93384	37.655785	38.611755	40.87846	37.957996	39.181843	36.85779	35.385372	35.686016	32.206944	32.552315	31.068369	31.600967	29.175581	31.121344	33.673466	31.45713	32.62903	35.583687	33.53267	34.158203	31.69979	30.114151	29.96468	28.509964	25.689386	25.124105	25.361124	22.554127	20.422571	21.17801	20.55514	16.987223	16.41606	18.12786	16.192467	12.878005	14.80879	16.394009	13.221371	12.486753	10.29793	11.727839	13.5889435	13.954587	17.551777	18.82115	21.86869	21.483335	17.775642	16.868736	13.076089	11.208906	7.5841823	6.1184893	5.449093	5.6450915	9.196075	11.975387	11.763583	13.843393	12.747024	10.105814	10.098154	10.170053	8.3046	9.513544	12.74977	15.735676	15.538741	12.160016	11.839778	14.675796	13.470951	14.974025	14.197842	15.165603	15.979598	14.221431	17.7763	20.116695	17.973454	20.165985	19.350323	17.798685	20.94896	22.57126	24.409399	24.968014	23.863623	44.527977	48.33452	49.62423	52.498943	50.459328	47.89641	50.84683	52.326237	49.095417	48.84614	49.05394	51.161167	52.479195	53.938595	55.525322	58.273106	61.084076	61.274925	62.597412	60.27498	62.365757	61.31492	64.165306	65.89746	68.82371	68.13101	69.470146	71.43471	72.8839	72.54743	71.2528	68.51587	64.93756	62.144672	58.9256	55.767742	53.307377	52.026073	53.06903	55.49371	56.63948	59.868107	61.545372	65.17403	65.685585	69.421974	69.90286	72.507744	70.45408	66.68396	66.12423	62.503765	62.152912	59.767048	60.08984	59.189533	61.25334	64.07565	64.069626	63.793785	60.184372	58.520245	55.174038	55.13461	55.272903	52.70755	50.209385	50.847126	51.40357	51.346992	50.461864	49.810806	48.58076
